IBGE;IBGE7;UF;UF_num;Região;Região_label;Municipio_com_UF;Município;Pop_total_2022;Porte_pop_2022;Porte_pop_2022_label;Área_2022
110001;1100015;RO;11;1;Região Norte;Alta Floresta D'Oeste (RO);Alta Floresta D´oeste;21494;2;Pequeno II;7067,127
110002;1100023;RO;11;1;Região Norte;Ariquemes (RO);Ariquemes;96833;3;Médio;4426,571
110003;1100031;RO;11;1;Região Norte;Cabixi (RO);Cabixi;5351;1;Pequeno I;1314,352
110004;1100049;RO;11;1;Região Norte;Cacoal (RO);Cacoal;86887;3;Médio;3793
110005;1100056;RO;11;1;Região Norte;Cerejeiras (RO);Cerejeiras;15890;1;Pequeno I;2783,3
110006;1100064;RO;11;1;Região Norte;Colorado do Oeste (RO);Colorado do Oeste;15663;1;Pequeno I;1451,06
110007;1100072;RO;11;1;Região Norte;Corumbiara (RO);Corumbiara;7519;1;Pequeno I;3060,321
110008;1100080;RO;11;1;Região Norte;Costa Marques (RO);Costa Marques;12627;1;Pequeno I;4987,177
110009;1100098;RO;11;1;Região Norte;Espigão D'Oeste (RO);Espigão D´oeste;29414;2;Pequeno II;4518,038
110010;1100106;RO;11;1;Região Norte;Guajará-Mirim (RO);Guajará-mirim;39387;2;Pequeno II;24856,877
110011;1100114;RO;11;1;Região Norte;Jaru (RO);Jaru;50591;3;Médio;2944,128
110012;1100122;RO;11;1;Região Norte;Ji-Paraná (RO);Ji-paraná;124333;4;Grande;6896,649
110013;1100130;RO;11;1;Região Norte;Machadinho D'Oeste (RO);Machadinho D´oeste;30707;2;Pequeno II;8509,27
110014;1100148;RO;11;1;Região Norte;Nova Brasilândia D'Oeste (RO);Nova Brasilândia D´oeste;15679;1;Pequeno I;1703,008
110015;1100155;RO;11;1;Região Norte;Ouro Preto do Oeste (RO);Ouro Preto do Oeste;35044;2;Pequeno II;1969,85
110018;1100189;RO;11;1;Região Norte;Pimenta Bueno (RO);Pimenta Bueno;35079;2;Pequeno II;6241,016
110020;1100205;RO;11;1;Região Norte;Porto Velho (RO);Porto Velho;460434;4;Grande;34090,953
110025;1100254;RO;11;1;Região Norte;Presidente Médici (RO);Presidente Médici;19327;1;Pequeno I;1758,465
110026;1100262;RO;11;1;Região Norte;Rio Crespo (RO);Rio Crespo;3471;1;Pequeno I;1717,64
110028;1100288;RO;11;1;Região Norte;Rolim de Moura (RO);Rolim de Moura;56406;3;Médio;1457,811
110029;1100296;RO;11;1;Região Norte;Santa Luzia D'Oeste (RO);Santa Luzia D´oeste;7419;1;Pequeno I;1197,796
110030;1100304;RO;11;1;Região Norte;Vilhena (RO);Vilhena;95832;3;Médio;11699,15
110032;1100320;RO;11;1;Região Norte;São Miguel do Guaporé (RO);São Miguel do Guaporé;21635;2;Pequeno II;7460,117
110033;1100338;RO;11;1;Região Norte;Nova Mamoré (RO);Nova Mamoré;25444;2;Pequeno II;10070,49
110034;1100346;RO;11;1;Região Norte;Alvorada D'Oeste (RO);Alvorada D´oeste;13117;1;Pequeno I;3029,189
110037;1100379;RO;11;1;Região Norte;Alto Alegre dos Parecis (RO);Alto Alegre Dos Parecis;11479;1;Pequeno I;3958,273
110040;1100403;RO;11;1;Região Norte;Alto Paraíso (RO);Alto Paraíso;16320;1;Pequeno I;2651,822
110045;1100452;RO;11;1;Região Norte;Buritis (RO);Buritis;27992;2;Pequeno II;3265,809
110050;1100502;RO;11;1;Região Norte;Novo Horizonte do Oeste (RO);Novo Horizonte do Oeste;7667;1;Pequeno I;843,446
110060;1100601;RO;11;1;Região Norte;Cacaulândia (RO);Cacaulândia;4150;1;Pequeno I;1961,778
110070;1100700;RO;11;1;Região Norte;Campo Novo de Rondônia (RO);Campo Novo de Rondônia;8844;1;Pequeno I;3442,005
110080;1100809;RO;11;1;Região Norte;Candeias do Jamari (RO);Candeias do Jamari;22310;2;Pequeno II;6843,868
110090;1100908;RO;11;1;Região Norte;Castanheiras (RO);Castanheiras;3233;1;Pequeno I;892,841
110092;1100924;RO;11;1;Região Norte;Chupinguaia (RO);Chupinguaia;9324;1;Pequeno I;5126,723
110094;1100940;RO;11;1;Região Norte;Cujubim (RO);Cujubim;14863;1;Pequeno I;3863,946
110100;1101005;RO;11;1;Região Norte;Governador Jorge Teixeira (RO);Governador Jorge Teixeira;8001;1;Pequeno I;5067,384
110110;1101104;RO;11;1;Região Norte;Itapuã do Oeste (RO);Itapuã do Oeste;8548;1;Pequeno I;4081,58
110120;1101203;RO;11;1;Região Norte;Ministro Andreazza (RO);Ministro Andreazza;6466;1;Pequeno I;798,083
110130;1101302;RO;11;1;Região Norte;Mirante da Serra (RO);Mirante da Serra;9235;1;Pequeno I;1191,875
110140;1101401;RO;11;1;Região Norte;Monte Negro (RO);Monte Negro;11548;1;Pequeno I;1931,378
110143;1101435;RO;11;1;Região Norte;Nova União (RO);Nova União;6200;1;Pequeno I;807,125
110145;1101450;RO;11;1;Região Norte;Parecis (RO);Parecis;4125;1;Pequeno I;2548,683
110146;1101468;RO;11;1;Região Norte;Pimenteiras do Oeste (RO);Pimenteiras do Oeste;2156;1;Pequeno I;6014,733
110147;1101476;RO;11;1;Região Norte;Primavera de Rondônia (RO);Primavera de Rondônia;3076;1;Pequeno I;605,692
110148;1101484;RO;11;1;Região Norte;São Felipe D'Oeste (RO);São Felipe D´oeste;5258;1;Pequeno I;541,647
110149;1101492;RO;11;1;Região Norte;São Francisco do Guaporé (RO);São Francisco do Guaporé;16286;1;Pequeno I;10948,593
110150;1101500;RO;11;1;Região Norte;Seringueiras (RO);Seringueiras;11171;1;Pequeno I;3773,505
110155;1101559;RO;11;1;Região Norte;Teixeirópolis (RO);Teixeirópolis;4256;1;Pequeno I;459,978
110160;1101609;RO;11;1;Região Norte;Theobroma (RO);Theobroma;8113;1;Pequeno I;2197,413
110170;1101708;RO;11;1;Região Norte;Urupá (RO);Urupá;10725;1;Pequeno I;831,857
110175;1101757;RO;11;1;Região Norte;Vale do Anari (RO);Vale do Anari;7788;1;Pequeno I;3135,106
110180;1101807;RO;11;1;Região Norte;Vale do Paraíso (RO);Vale do Paraíso;6479;1;Pequeno I;965,676
120001;1200013;AC;12;1;Região Norte;Acrelândia (AC);Acrelândia;14021;1;Pequeno I;1811,613
120005;1200054;AC;12;1;Região Norte;Assis Brasil (AC);Assis Brasil;8100;1;Pequeno I;4979,073
120010;1200104;AC;12;1;Região Norte;Brasiléia (AC);Brasiléia;26000;2;Pequeno II;3928,174
120013;1200138;AC;12;1;Região Norte;Bujari (AC);Bujari;12917;1;Pequeno I;3034,869
120017;1200179;AC;12;1;Região Norte;Capixaba (AC);Capixaba;10392;1;Pequeno I;1705,824
120020;1200203;AC;12;1;Região Norte;Cruzeiro do Sul (AC);Cruzeiro do Sul;91888;3;Médio;8783,47
120025;1200252;AC;12;1;Região Norte;Epitaciolândia (AC);Epitaciolândia;18757;1;Pequeno I;1652,674
120030;1200302;AC;12;1;Região Norte;Feijó (AC);Feijó;35426;2;Pequeno II;27976,873
120032;1200328;AC;12;1;Região Norte;Jordão (AC);Jordão;9222;1;Pequeno I;5357,227
120033;1200336;AC;12;1;Região Norte;Mâncio Lima (AC);Mâncio Lima;19294;1;Pequeno I;5451,617
120034;1200344;AC;12;1;Região Norte;Manoel Urbano (AC);Manoel Urbano;11996;1;Pequeno I;10630,6
120035;1200351;AC;12;1;Região Norte;Marechal Thaumaturgo (AC);Marechal Thaumaturgo;17093;1;Pequeno I;8190,953
120038;1200385;AC;12;1;Região Norte;Plácido de Castro (AC);Plácido de Castro;16560;1;Pequeno I;1952,555
120039;1200393;AC;12;1;Região Norte;Porto Walter (AC);Porto Walter;10735;1;Pequeno I;6446,385
120040;1200401;AC;12;1;Região Norte;Rio Branco (AC);Rio Branco;364756;4;Grande;8835,154
120042;1200427;AC;12;1;Região Norte;Rodrigues Alves (AC);Rodrigues Alves;14938;1;Pequeno I;3076,342
120043;1200435;AC;12;1;Região Norte;Santa Rosa do Purus (AC);Santa Rosa do Purus;6723;1;Pequeno I;6155,858
120045;1200450;AC;12;1;Região Norte;Senador Guiomard (AC);Senador Guiomard;21454;2;Pequeno II;2320,169
120050;1200500;AC;12;1;Região Norte;Sena Madureira (AC);Sena Madureira;41343;2;Pequeno II;23759,512
120060;1200609;AC;12;1;Região Norte;Tarauacá (AC);Tarauacá;43467;2;Pequeno II;20169,484
120070;1200708;AC;12;1;Região Norte;Xapuri (AC);Xapuri;18243;1;Pequeno I;5350,586
120080;1200807;AC;12;1;Região Norte;Porto Acre (AC);Porto Acre;16693;1;Pequeno I;2604,417
130002;1300029;AM;13;1;Região Norte;Alvarães (AM);Alvarães;15866;1;Pequeno I;5923,461
130006;1300060;AM;13;1;Região Norte;Amaturá (AM);Amaturá;10819;1;Pequeno I;4754,109
130008;1300086;AM;13;1;Região Norte;Anamã (AM);Anamã;9962;1;Pequeno I;2446,121
130010;1300102;AM;13;1;Região Norte;Anori (AM);Anori;17194;1;Pequeno I;6036,38
130014;1300144;AM;13;1;Região Norte;Apuí (AM);Apuí;20647;2;Pequeno II;54240,547
130020;1300201;AM;13;1;Região Norte;Atalaia do Norte (AM);Atalaia do Norte;15314;1;Pequeno I;76507,62
130030;1300300;AM;13;1;Região Norte;Autazes (AM);Autazes;41564;2;Pequeno II;7652,852
130040;1300409;AM;13;1;Região Norte;Barcelos (AM);Barcelos;18834;1;Pequeno I;122461,086
130050;1300508;AM;13;1;Região Norte;Barreirinha (AM);Barreirinha;31051;2;Pequeno II;5751,765
130060;1300607;AM;13;1;Região Norte;Benjamin Constant (AM);Benjamin Constant;37648;2;Pequeno II;8705,441
130063;1300631;AM;13;1;Região Norte;Beruri (AM);Beruri;20718;2;Pequeno II;17472,78
130068;1300680;AM;13;1;Região Norte;Boa Vista do Ramos (AM);Boa Vista do Ramos;23785;2;Pequeno II;2589,407
130070;1300706;AM;13;1;Região Norte;Boca do Acre (AM);Boca do Acre;35447;2;Pequeno II;21938,582
130080;1300805;AM;13;1;Região Norte;Borba (AM);Borba;33080;2;Pequeno II;44236,184
130083;1300839;AM;13;1;Região Norte;Caapiranga (AM);Caapiranga;13469;1;Pequeno I;9455,539
130090;1300904;AM;13;1;Região Norte;Canutama (AM);Canutama;16869;1;Pequeno I;33642,73
130100;1301001;AM;13;1;Região Norte;Carauari (AM);Carauari;28742;2;Pequeno II;25778,658
130110;1301100;AM;13;1;Região Norte;Careiro (AM);Careiro;30792;2;Pequeno II;6096,212
130115;1301159;AM;13;1;Região Norte;Careiro da Várzea (AM);Careiro da Várzea;19637;1;Pequeno I;2627,474
130120;1301209;AM;13;1;Região Norte;Coari (AM);Coari;70616;3;Médio;57970,77
130130;1301308;AM;13;1;Região Norte;Codajás (AM);Codajás;23549;2;Pequeno II;18700,713
130140;1301407;AM;13;1;Região Norte;Eirunepé (AM);Eirunepé;33170;2;Pequeno II;14966,242
130150;1301506;AM;13;1;Região Norte;Envira (AM);Envira;17186;1;Pequeno I;7505,794
130160;1301605;AM;13;1;Região Norte;Fonte Boa (AM);Fonte Boa;25871;2;Pequeno II;12155,427
130165;1301654;AM;13;1;Região Norte;Guajará (AM);Guajará;13815;1;Pequeno I;7583,534
130170;1301704;AM;13;1;Região Norte;Humaitá (AM);Humaitá;57473;3;Médio;33111,13
130180;1301803;AM;13;1;Região Norte;Ipixuna (AM);Ipixuna;24311;2;Pequeno II;12109,779
130185;1301852;AM;13;1;Região Norte;Iranduba (AM);Iranduba;61163;3;Médio;2216,817
130190;1301902;AM;13;1;Região Norte;Itacoatiara (AM);Itacoatiara;103598;4;Grande;8891,906
130195;1301951;AM;13;1;Região Norte;Itamarati (AM);Itamarati;10937;1;Pequeno I;25260,43
130200;1302009;AM;13;1;Região Norte;Itapiranga (AM);Itapiranga;10162;1;Pequeno I;4335,075
130210;1302108;AM;13;1;Região Norte;Japurá (AM);Japurá;8858;1;Pequeno I;55827,203
130220;1302207;AM;13;1;Região Norte;Juruá (AM);Juruá;10742;1;Pequeno I;19442,549
130230;1302306;AM;13;1;Região Norte;Jutaí (AM);Jutaí;25172;2;Pequeno II;69457,414
130240;1302405;AM;13;1;Região Norte;Lábrea (AM);Lábrea;45448;2;Pequeno II;68262,68
130250;1302504;AM;13;1;Região Norte;Manacapuru (AM);Manacapuru;101883;4;Grande;7336,579
130255;1302553;AM;13;1;Região Norte;Manaquiri (AM);Manaquiri;17107;1;Pequeno I;3973,258
130260;1302603;AM;13;1;Região Norte;Manaus (AM);Manaus;2063689;5;Metrópole;11401,092
130270;1302702;AM;13;1;Região Norte;Manicoré (AM);Manicoré;53914;3;Médio;48315,04
130280;1302801;AM;13;1;Região Norte;Maraã (AM);Maraã;15529;1;Pequeno I;16830,826
130290;1302900;AM;13;1;Região Norte;Maués (AM);Maués;61204;3;Médio;39991,066
130300;1303007;AM;13;1;Região Norte;Nhamundá (AM);Nhamundá;20136;2;Pequeno II;14107,04
130310;1303106;AM;13;1;Região Norte;Nova Olinda do Norte (AM);Nova Olinda do Norte;27062;2;Pequeno II;5578,132
130320;1303205;AM;13;1;Região Norte;Novo Airão (AM);Novo Airão;15761;1;Pequeno I;37776,77
130330;1303304;AM;13;1;Região Norte;Novo Aripuanã (AM);Novo Aripuanã;23818;2;Pequeno II;41179,656
130340;1303403;AM;13;1;Região Norte;Parintins (AM);Parintins;96372;3;Médio;5956,047
130350;1303502;AM;13;1;Região Norte;Pauini (AM);Pauini;19373;1;Pequeno I;41624,664
130353;1303536;AM;13;1;Região Norte;Presidente Figueiredo (AM);Presidente Figueiredo;30668;2;Pequeno II;25459,1
130356;1303569;AM;13;1;Região Norte;Rio Preto da Eva (AM);Rio Preto da Eva;24936;2;Pequeno II;5815,622
130360;1303601;AM;13;1;Região Norte;Santa Isabel do Rio Negro (AM);Santa Isabel do Rio Negro;14164;1;Pequeno I;62800,08
130370;1303700;AM;13;1;Região Norte;Santo Antônio do Içá (AM);Santo Antônio do Içá;28211;2;Pequeno II;12366,214
130380;1303809;AM;13;1;Região Norte;São Gabriel da Cachoeira (AM);São Gabriel da Cachoeira;51795;3;Médio;109192,56
130390;1303908;AM;13;1;Região Norte;São Paulo de Olivença (AM);São Paulo de Olivença;32967;2;Pequeno II;19658,502
130395;1303957;AM;13;1;Região Norte;São Sebastião do Uatumã (AM);São Sebastião do Uatumã;11670;1;Pequeno I;10647,463
130400;1304005;AM;13;1;Região Norte;Silves (AM);Silves;11559;1;Pequeno I;3723,382
130406;1304062;AM;13;1;Região Norte;Tabatinga (AM);Tabatinga;66764;3;Médio;3260,103
130410;1304104;AM;13;1;Região Norte;Tapauá (AM);Tapauá;19599;1;Pequeno I;84946,03
130420;1304203;AM;13;1;Região Norte;Tefé (AM);Tefé;73669;3;Médio;23692,223
130423;1304237;AM;13;1;Região Norte;Tonantins (AM);Tonantins;19247;1;Pequeno I;6446,894
130426;1304260;AM;13;1;Região Norte;Uarini (AM);Uarini;14431;1;Pequeno I;10274,677
130430;1304302;AM;13;1;Região Norte;Urucará (AM);Urucará;18631;1;Pequeno I;27901,963
130440;1304401;AM;13;1;Região Norte;Urucurituba (AM);Urucurituba;23945;2;Pequeno II;2886,494
140002;1400027;RR;14;1;Região Norte;Amajari (RR);Amajari;13927;1;Pequeno I;28473,45
140005;1400050;RR;14;1;Região Norte;Alto Alegre (RR);Alto Alegre;21096;2;Pequeno II;25454,297
140010;1400100;RR;14;1;Região Norte;Boa Vista (RR);Boa Vista;413486;4;Grande;5687,037
140015;1400159;RR;14;1;Região Norte;Bonfim (RR);Bonfim;13923;1;Pequeno I;8079,914
140017;1400175;RR;14;1;Região Norte;Cantá (RR);Cantá;18682;1;Pequeno I;7664,831
140020;1400209;RR;14;1;Região Norte;Caracaraí (RR);Caracaraí;20957;2;Pequeno II;47379,902
140023;1400233;RR;14;1;Região Norte;Caroebe (RR);Caroebe;10656;1;Pequeno I;12065,896
140028;1400282;RR;14;1;Região Norte;Iracema (RR);Iracema;10023;1;Pequeno I;14011,695
140030;1400308;RR;14;1;Região Norte;Mucajaí (RR);Mucajaí;18095;1;Pequeno I;12337,851
140040;1400407;RR;14;1;Região Norte;Normandia (RR);Normandia;13986;1;Pequeno I;6959,868
140045;1400456;RR;14;1;Região Norte;Pacaraima (RR);Pacaraima;19305;1;Pequeno I;8025,045
140047;1400472;RR;14;1;Região Norte;Rorainópolis (RR);Rorainópolis;32647;2;Pequeno II;33579,74
140050;1400506;RR;14;1;Região Norte;São João da Baliza (RR);São João da Baliza;8858;1;Pequeno I;4284,505
140060;1400605;RR;14;1;Região Norte;São Luiz (RR);São Luiz;7315;1;Pequeno I;1526,898
140070;1400704;RR;14;1;Região Norte;Uiramutã (RR);Uiramutã;13751;1;Pequeno I;8113,598
150010;1500107;PA;15;1;Região Norte;Abaetetuba (PA);Abaetetuba;158188;4;Grande;1610,654
150013;1500131;PA;15;1;Região Norte;Abel Figueiredo (PA);Abel Figueiredo;6136;1;Pequeno I;614,131
150020;1500206;PA;15;1;Região Norte;Acará (PA);Acará;59023;3;Médio;4344,384
150030;1500305;PA;15;1;Região Norte;Afuá (PA);Afuá;37765;2;Pequeno II;8338,438
150034;1500347;PA;15;1;Região Norte;Água Azul do Norte (PA);Água Azul do Norte;18080;1;Pequeno I;7113,955
150040;1500404;PA;15;1;Região Norte;Alenquer (PA);Alenquer;69377;3;Médio;23645,451
150050;1500503;PA;15;1;Região Norte;Almeirim (PA);Almeirim;34280;2;Pequeno II;72954,8
150060;1500602;PA;15;1;Região Norte;Altamira (PA);Altamira;126279;4;Grande;159533,31
150070;1500701;PA;15;1;Região Norte;Anajás (PA);Anajás;28011;2;Pequeno II;6913,64
150080;1500800;PA;15;1;Região Norte;Ananindeua (PA);Ananindeua;478778;4;Grande;190,581
150085;1500859;PA;15;1;Região Norte;Anapu (PA);Anapu;31850;2;Pequeno II;11895,27
150090;1500909;PA;15;1;Região Norte;Augusto Corrêa (PA);Augusto Corrêa;44573;2;Pequeno II;1099,619
150095;1500958;PA;15;1;Região Norte;Aurora do Pará (PA);Aurora do Pará;23774;2;Pequeno II;1811,84
150100;1501006;PA;15;1;Região Norte;Aveiro (PA);Aveiro;18290;1;Pequeno I;17074,053
150110;1501105;PA;15;1;Região Norte;Bagre (PA);Bagre;31892;2;Pequeno II;4397,321
150120;1501204;PA;15;1;Região Norte;Baião (PA);Baião;51641;3;Médio;3759,834
150125;1501253;PA;15;1;Região Norte;Bannach (PA);Bannach;4031;1;Pequeno I;2956,649
150130;1501303;PA;15;1;Região Norte;Barcarena (PA);Barcarena;126650;4;Grande;1310,338
150140;1501402;PA;15;1;Região Norte;Belém (PA);Belém;1303403;5;Metrópole;1059,466
150145;1501451;PA;15;1;Região Norte;Belterra (PA);Belterra;18099;1;Pequeno I;4398,418
150150;1501501;PA;15;1;Região Norte;Benevides (PA);Benevides;63567;3;Médio;187,826
150157;1501576;PA;15;1;Região Norte;Bom Jesus do Tocantins (PA);Bom Jesus do Tocantins;18005;1;Pequeno I;2816,604
150160;1501600;PA;15;1;Região Norte;Bonito (PA);Bonito;12622;1;Pequeno I;586,976
150170;1501709;PA;15;1;Região Norte;Bragança (PA);Bragança;123082;4;Grande;2124,734
150172;1501725;PA;15;1;Região Norte;Brasil Novo (PA);Brasil Novo;24718;2;Pequeno II;6362,575
150175;1501758;PA;15;1;Região Norte;Brejo Grande do Araguaia (PA);Brejo Grande do Araguaia;6783;1;Pequeno I;1288,477
150178;1501782;PA;15;1;Região Norte;Breu Branco (PA);Breu Branco;45712;2;Pequeno II;3941,904
150180;1501808;PA;15;1;Região Norte;Breves (PA);Breves;106968;4;Grande;9566,572
150190;1501907;PA;15;1;Região Norte;Bujaru (PA);Bujaru;24383;2;Pequeno II;994,691
150195;1501956;PA;15;1;Região Norte;Cachoeira do Piriá (PA);Cachoeira do Piriá;19630;1;Pequeno I;2419,6
150200;1502004;PA;15;1;Região Norte;Cachoeira do Arari (PA);Cachoeira do Arari;23981;2;Pequeno II;3100,261
150210;1502103;PA;15;1;Região Norte;Cametá (PA);Cametá;134184;4;Grande;3081,367
150215;1502152;PA;15;1;Região Norte;Canaã dos Carajás (PA);Canaã Dos Carajás;77079;3;Médio;3146,821
150220;1502202;PA;15;1;Região Norte;Capanema (PA);Capanema;70394;3;Médio;621,483
150230;1502301;PA;15;1;Região Norte;Capitão Poço (PA);Capitão Poço;56506;3;Médio;2901,026
150240;1502400;PA;15;1;Região Norte;Castanhal (PA);Castanhal;192256;4;Grande;1029,3
150250;1502509;PA;15;1;Região Norte;Chaves (PA);Chaves;20757;2;Pequeno II;12534,995
150260;1502608;PA;15;1;Região Norte;Colares (PA);Colares;12868;1;Pequeno I;384,068
150270;1502707;PA;15;1;Região Norte;Conceição do Araguaia (PA);Conceição do Araguaia;44617;2;Pequeno II;5829,482
150275;1502756;PA;15;1;Região Norte;Concórdia do Pará (PA);Concórdia do Pará;26881;2;Pequeno II;700,59
150276;1502764;PA;15;1;Região Norte;Cumaru do Norte (PA);Cumaru do Norte;14036;1;Pequeno I;17085,002
150277;1502772;PA;15;1;Região Norte;Curionópolis (PA);Curionópolis;19950;1;Pequeno I;2369,096
150280;1502806;PA;15;1;Região Norte;Curralinho (PA);Curralinho;33903;2;Pequeno II;3617,252
150285;1502855;PA;15;1;Região Norte;Curuá (PA);Curuá;14117;1;Pequeno I;1431,134
150290;1502905;PA;15;1;Região Norte;Curuçá (PA);Curuçá;41262;2;Pequeno II;676,322
150293;1502939;PA;15;1;Região Norte;Dom Eliseu (PA);Dom Eliseu;58484;3;Médio;5268,809
150295;1502954;PA;15;1;Região Norte;Eldorado do Carajás (PA);Eldorado Dos Carajás;28192;2;Pequeno II;2956,691
150300;1503002;PA;15;1;Região Norte;Faro (PA);Faro;8728;1;Pequeno I;11771,669
150304;1503044;PA;15;1;Região Norte;Floresta do Araguaia (PA);Floresta do Araguaia;17898;1;Pequeno I;3444,285
150307;1503077;PA;15;1;Região Norte;Garrafão do Norte (PA);Garrafão do Norte;24703;2;Pequeno II;1608,014
150309;1503093;PA;15;1;Região Norte;Goianésia do Pará (PA);Goianésia do Pará;26362;2;Pequeno II;7023,948
150310;1503101;PA;15;1;Região Norte;Gurupá (PA);Gurupá;31786;2;Pequeno II;8570,286
150320;1503200;PA;15;1;Região Norte;Igarapé-Açu (PA);Igarapé-açu;35797;2;Pequeno II;785,983
150330;1503309;PA;15;1;Região Norte;Igarapé-Miri (PA);Igarapé-miri;64831;3;Médio;1996,79
150340;1503408;PA;15;1;Região Norte;Inhangapi (PA);Inhangapi;10325;1;Pequeno I;472,605
150345;1503457;PA;15;1;Região Norte;Ipixuna do Pará (PA);Ipixuna do Pará;30329;2;Pequeno II;5215,555
150350;1503507;PA;15;1;Região Norte;Irituia (PA);Irituia;30955;2;Pequeno II;1385,209
150360;1503606;PA;15;1;Região Norte;Itaituba (PA);Itaituba;123314;4;Grande;62042,473
150370;1503705;PA;15;1;Região Norte;Itupiranga (PA);Itupiranga;49754;2;Pequeno II;7880,109
150375;1503754;PA;15;1;Região Norte;Jacareacanga (PA);Jacareacanga;24042;2;Pequeno II;53304,562
150380;1503804;PA;15;1;Região Norte;Jacundá (PA);Jacundá;37707;2;Pequeno II;2008,315
150390;1503903;PA;15;1;Região Norte;Juruti (PA);Juruti;50881;3;Médio;8305,454
150400;1504000;PA;15;1;Região Norte;Limoeiro do Ajuru (PA);Limoeiro do Ajuru;29569;2;Pequeno II;1490,186
150405;1504059;PA;15;1;Região Norte;Mãe do Rio (PA);Mãe do Rio;34353;2;Pequeno II;469,341
150410;1504109;PA;15;1;Região Norte;Magalhães Barata (PA);Magalhães Barata;8115;1;Pequeno I;323,984
150420;1504208;PA;15;1;Região Norte;Marabá (PA);Marabá;266533;4;Grande;15128,058
150430;1504307;PA;15;1;Região Norte;Maracanã (PA);Maracanã;25971;2;Pequeno II;807,628
150440;1504406;PA;15;1;Região Norte;Marapanim (PA);Marapanim;26573;2;Pequeno II;804,625
150442;1504422;PA;15;1;Região Norte;Marituba (PA);Marituba;111785;4;Grande;103,214
150445;1504455;PA;15;1;Região Norte;Medicilândia (PA);Medicilândia;27094;2;Pequeno II;8272,629
150450;1504505;PA;15;1;Região Norte;Melgaço (PA);Melgaço;27881;2;Pequeno II;6774,065
150460;1504604;PA;15;1;Região Norte;Mocajuba (PA);Mocajuba;27198;2;Pequeno II;871,171
150470;1504703;PA;15;1;Região Norte;Moju (PA);Moju;84094;3;Médio;9094,139
150475;1504752;PA;15;1;Região Norte;Mojuí dos Campos (PA);Mojuí dos Campos;23501;2;Pequeno II;4988,236
150480;1504802;PA;15;1;Região Norte;Monte Alegre (PA);Monte Alegre;60012;3;Médio;18152,559
150490;1504901;PA;15;1;Região Norte;Muaná (PA);Muaná;45368;2;Pequeno II;3763,337
150495;1504950;PA;15;1;Região Norte;Nova Esperança do Piriá (PA);Nova Esperança do Piriá;20478;2;Pequeno II;2808,195
150497;1504976;PA;15;1;Região Norte;Nova Ipixuna (PA);Nova Ipixuna;13955;1;Pequeno I;1564,184
150500;1505007;PA;15;1;Região Norte;Nova Timboteua (PA);Nova Timboteua;12806;1;Pequeno I;489,853
150503;1505031;PA;15;1;Região Norte;Novo Progresso (PA);Novo Progresso;33638;2;Pequeno II;38162,004
150506;1505064;PA;15;1;Região Norte;Novo Repartimento (PA);Novo Repartimento;60732;3;Médio;15398,723
150510;1505106;PA;15;1;Região Norte;Óbidos (PA);Óbidos;52229;3;Médio;28011,041
150520;1505205;PA;15;1;Região Norte;Oeiras do Pará (PA);Oeiras do Pará;33844;2;Pequeno II;3852,291
150530;1505304;PA;15;1;Região Norte;Oriximiná (PA);Oriximiná;68294;3;Médio;107613,836
150540;1505403;PA;15;1;Região Norte;Ourém (PA);Ourém;17855;1;Pequeno I;561,71
150543;1505437;PA;15;1;Região Norte;Ourilândia do Norte (PA);Ourilândia do Norte;32467;2;Pequeno II;14410,567
150548;1505486;PA;15;1;Região Norte;Pacajá (PA);Pacajá;41097;2;Pequeno II;11832,323
150549;1505494;PA;15;1;Região Norte;Palestina do Pará (PA);Palestina do Pará;6885;1;Pequeno I;984,362
150550;1505502;PA;15;1;Região Norte;Paragominas (PA);Paragominas;105550;4;Grande;19342,564
150553;1505536;PA;15;1;Região Norte;Parauapebas (PA);Parauapebas;267836;4;Grande;6885,794
150555;1505551;PA;15;1;Região Norte;Pau D'Arco (PA);Pau D´arco;6931;1;Pequeno I;1671,419
150560;1505601;PA;15;1;Região Norte;Peixe-Boi (PA);Peixe-boi;8285;1;Pequeno I;450,224
150563;1505635;PA;15;1;Região Norte;Piçarra (PA);Piçarra;12832;1;Pequeno I;3312,708
150565;1505650;PA;15;1;Região Norte;Placas (PA);Placas;18668;1;Pequeno I;7173,194
150570;1505700;PA;15;1;Região Norte;Ponta de Pedras (PA);Ponta de Pedras;24984;2;Pequeno II;3363,749
150580;1505809;PA;15;1;Região Norte;Portel (PA);Portel;62503;3;Médio;25384,96
150590;1505908;PA;15;1;Região Norte;Porto de Moz (PA);Porto de Moz;40597;2;Pequeno II;17423,018
150600;1506005;PA;15;1;Região Norte;Prainha (PA);Prainha;35577;2;Pequeno II;14786,953
150610;1506104;PA;15;1;Região Norte;Primavera (PA);Primavera;10851;1;Pequeno I;258,6
150611;1506112;PA;15;1;Região Norte;Quatipuru (PA);Quatipuru;11524;1;Pequeno I;302,939
150613;1506138;PA;15;1;Região Norte;Redenção (PA);Redenção;85597;3;Médio;3823,809
150616;1506161;PA;15;1;Região Norte;Rio Maria (PA);Rio Maria;18384;1;Pequeno I;4114,627
150618;1506187;PA;15;1;Região Norte;Rondon do Pará (PA);Rondon do Pará;53143;3;Médio;8246,394
150619;1506195;PA;15;1;Região Norte;Rurópolis (PA);Rurópolis;35769;2;Pequeno II;7021,321
150620;1506203;PA;15;1;Região Norte;Salinópolis (PA);Salinópolis;44772;2;Pequeno II;226,12
150630;1506302;PA;15;1;Região Norte;Salvaterra (PA);Salvaterra;24129;2;Pequeno II;918,563
150635;1506351;PA;15;1;Região Norte;Santa Bárbara do Pará (PA);Santa Bárbara do Pará;21087;2;Pequeno II;278,154
150640;1506401;PA;15;1;Região Norte;Santa Cruz do Arari (PA);Santa Cruz do Arari;7445;1;Pequeno I;1076,652
150650;1506500;PA;15;1;Região Norte;Santa Izabel do Pará (PA);Santa Isabel do Pará;73019;3;Médio;717,662
150655;1506559;PA;15;1;Região Norte;Santa Luzia do Pará (PA);Santa Luzia do Pará;20370;2;Pequeno II;1346,502
150658;1506583;PA;15;1;Região Norte;Santa Maria das Barreiras (PA);Santa Maria Das Barreiras;16548;1;Pequeno I;10330,214
150660;1506609;PA;15;1;Região Norte;Santa Maria do Pará (PA);Santa Maria do Pará;24624;2;Pequeno II;457,724
150670;1506708;PA;15;1;Região Norte;Santana do Araguaia (PA);Santana do Araguaia;32413;2;Pequeno II;11591,441
150680;1506807;PA;15;1;Região Norte;Santarém (PA);Santarém;331942;4;Grande;17898,389
150690;1506906;PA;15;1;Região Norte;Santarém Novo (PA);Santarém Novo;6116;1;Pequeno I;229,51
150700;1507003;PA;15;1;Região Norte;Santo Antônio do Tauá (PA);Santo Antônio do Tauá;27461;2;Pequeno II;537,618
150710;1507102;PA;15;1;Região Norte;São Caetano de Odivelas (PA);São Caetano de Odivelas;16666;1;Pequeno I;464,166
150715;1507151;PA;15;1;Região Norte;São Domingos do Araguaia (PA);São Domingos do Araguaia;21092;2;Pequeno II;1392,464
150720;1507201;PA;15;1;Região Norte;São Domingos do Capim (PA);São Domingos do Capim;30599;2;Pequeno II;1686,765
150730;1507300;PA;15;1;Região Norte;São Félix do Xingu (PA);São Félix do Xingu;65418;3;Médio;84212,91
150740;1507409;PA;15;1;Região Norte;São Francisco do Pará (PA);São Francisco do Pará;14894;1;Pequeno I;479,441
150745;1507458;PA;15;1;Região Norte;São Geraldo do Araguaia (PA);São Geraldo do Araguaia;24255;2;Pequeno II;3168,384
150746;1507466;PA;15;1;Região Norte;São João da Ponta (PA);São João da Ponta;4430;1;Pequeno I;195,918
150747;1507474;PA;15;1;Região Norte;São João de Pirabas (PA);São João de Pirabas;20689;2;Pequeno II;668,434
150750;1507508;PA;15;1;Região Norte;São João do Araguaia (PA);São João do Araguaia;13664;1;Pequeno I;1279,889
150760;1507607;PA;15;1;Região Norte;São Miguel do Guamá (PA);São Miguel do Guamá;52894;3;Médio;1094,564
150770;1507706;PA;15;1;Região Norte;São Sebastião da Boa Vista (PA);São Sebastião da Boa Vista;25643;2;Pequeno II;1632,251
150775;1507755;PA;15;1;Região Norte;Sapucaia (PA);Sapucaia;5847;1;Pequeno I;1298,19
150780;1507805;PA;15;1;Região Norte;Senador José Porfírio (PA);Senador José Porfírio;22576;2;Pequeno II;14419,916
150790;1507904;PA;15;1;Região Norte;Soure (PA);Soure;24204;2;Pequeno II;2857,349
150795;1507953;PA;15;1;Região Norte;Tailândia (PA);Tailândia;72493;3;Médio;4430,477
150796;1507961;PA;15;1;Região Norte;Terra Alta (PA);Terra Alta;10400;1;Pequeno I;204,97
150797;1507979;PA;15;1;Região Norte;Terra Santa (PA);Terra Santa;18782;1;Pequeno I;1895,883
150800;1508001;PA;15;1;Região Norte;Tomé-Açu (PA);Tomé-açu;67585;3;Médio;5145,361
150803;1508035;PA;15;1;Região Norte;Tracuateua (PA);Tracuateua;28595;2;Pequeno II;868,025
150805;1508050;PA;15;1;Região Norte;Trairão (PA);Trairão;15242;1;Pequeno I;11991,085
150808;1508084;PA;15;1;Região Norte;Tucumã (PA);Tucumã;39550;2;Pequeno II;2512,594
150810;1508100;PA;15;1;Região Norte;Tucuruí (PA);Tucuruí;91306;3;Médio;2084,289
150812;1508126;PA;15;1;Região Norte;Ulianópolis (PA);Ulianópolis;37972;2;Pequeno II;5088,468
150815;1508159;PA;15;1;Região Norte;Uruará (PA);Uruará;43558;2;Pequeno II;10791,406
150820;1508209;PA;15;1;Região Norte;Vigia (PA);Vigia;50832;3;Médio;401,589
150830;1508308;PA;15;1;Região Norte;Viseu (PA);Viseu;58692;3;Médio;4972,897
150835;1508357;PA;15;1;Região Norte;Vitória do Xingu (PA);Vitória do Xingu;15607;1;Pequeno I;3089,537
150840;1508407;PA;15;1;Região Norte;Xinguara (PA);Xinguara;52893;3;Médio;3779,348
160005;1600055;AP;16;1;Região Norte;Serra do Navio (AP);Serra do Navio;4673;1;Pequeno I;7713,046
160010;1600105;AP;16;1;Região Norte;Amapá (AP);Amapá;7943;1;Pequeno I;8454,847
160015;1600154;AP;16;1;Região Norte;Pedra Branca do Amapari (AP);Pedra Branca do Amapari;12847;1;Pequeno I;9622,29
160020;1600204;AP;16;1;Região Norte;Calçoene (AP);Calçoene;10612;1;Pequeno I;14117,297
160021;1600212;AP;16;1;Região Norte;Cutias (AP);Cutias;4461;1;Pequeno I;2179,114
160023;1600238;AP;16;1;Região Norte;Ferreira Gomes (AP);Ferreira Gomes;6666;1;Pequeno I;4973,855
160025;1600253;AP;16;1;Região Norte;Itaubal (AP);Itaubal;5599;1;Pequeno I;1622,867
160027;1600279;AP;16;1;Região Norte;Laranjal do Jari (AP);Laranjal do Jari;35114;2;Pequeno II;30782,998
160030;1600303;AP;16;1;Região Norte;Macapá (AP);Macapá;442933;4;Grande;6563,849
160040;1600402;AP;16;1;Região Norte;Mazagão (AP);Mazagão;21924;2;Pequeno II;13294,778
160050;1600501;AP;16;1;Região Norte;Oiapoque (AP);Oiapoque;27482;2;Pequeno II;23034,393
160053;1600535;AP;16;1;Região Norte;Porto Grande (AP);Porto Grande;17848;1;Pequeno I;4428,013
160055;1600550;AP;16;1;Região Norte;Pracuúba (AP);Pracuúba;3803;1;Pequeno I;4948,508
160060;1600600;AP;16;1;Região Norte;Santana (AP);Santana;107618;4;Grande;1541,224
160070;1600709;AP;16;1;Região Norte;Tartarugalzinho (AP);Tartarugalzinho;12945;1;Pequeno I;6684,705
160080;1600808;AP;16;1;Região Norte;Vitória do Jari (AP);Vitória do Jari;11291;1;Pequeno I;2508,979
170025;1700251;TO;17;1;Região Norte;Abreulândia (TO);Abreulândia;2576;1;Pequeno I;1906,295
170030;1700301;TO;17;1;Região Norte;Aguiarnópolis (TO);Aguiarnópolis;4497;1;Pequeno I;236,792
170035;1700350;TO;17;1;Região Norte;Aliança do Tocantins (TO);Aliança do Tocantins;5147;1;Pequeno I;1580,999
170040;1700400;TO;17;1;Região Norte;Almas (TO);Almas;6499;1;Pequeno I;4007,152
170070;1700707;TO;17;1;Região Norte;Alvorada (TO);Alvorada;8802;1;Pequeno I;1207,201
170100;1701002;TO;17;1;Região Norte;Ananás (TO);Ananás;10325;1;Pequeno I;1581,058
170105;1701051;TO;17;1;Região Norte;Angico (TO);Angico;2876;1;Pequeno I;447,549
170110;1701101;TO;17;1;Região Norte;Aparecida do Rio Negro (TO);Aparecida do Rio Negro;4856;1;Pequeno I;1159,034
170130;1701309;TO;17;1;Região Norte;Aragominas (TO);Aragominas;5290;1;Pequeno I;1168,213
170190;1701903;TO;17;1;Região Norte;Araguacema (TO);Araguacema;5927;1;Pequeno I;2774,505
170200;1702000;TO;17;1;Região Norte;Araguaçu (TO);Araguaçu;8133;1;Pequeno I;5155,223
170210;1702109;TO;17;1;Região Norte;Araguaína (TO);Araguaína;171301;4;Grande;4004,646
170215;1702158;TO;17;1;Região Norte;Araguanã (TO);Araguanã;4310;1;Pequeno I;834,834
170220;1702208;TO;17;1;Região Norte;Araguatins (TO);Araguatins;31918;2;Pequeno II;2633,278
170230;1702307;TO;17;1;Região Norte;Arapoema (TO);Arapoema;5550;1;Pequeno I;1558,138
170240;1702406;TO;17;1;Região Norte;Arraias (TO);Arraias;10287;1;Pequeno I;5803,085
170255;1702554;TO;17;1;Região Norte;Augustinópolis (TO);Augustinópolis;17484;1;Pequeno I;388,81
170270;1702703;TO;17;1;Região Norte;Aurora do Tocantins (TO);Aurora do Tocantins;3342;1;Pequeno I;696,194
170290;1702901;TO;17;1;Região Norte;Axixá do Tocantins (TO);Axixá do Tocantins;10262;1;Pequeno I;153,539
170300;1703008;TO;17;1;Região Norte;Babaçulândia (TO);Babaçulândia;7880;1;Pequeno I;1790,297
170305;1703057;TO;17;1;Região Norte;Bandeirantes do Tocantins (TO);Bandeirantes do Tocantins;3407;1;Pequeno I;1540,541
170307;1703073;TO;17;1;Região Norte;Barra do Ouro (TO);Barra do Ouro;4476;1;Pequeno I;1105,84
170310;1703107;TO;17;1;Região Norte;Barrolândia (TO);Barrolândia;4846;1;Pequeno I;697,759
170320;1703206;TO;17;1;Região Norte;Bernardo Sayão (TO);Bernardo Sayão;4229;1;Pequeno I;924,045
170330;1703305;TO;17;1;Região Norte;Bom Jesus do Tocantins (TO);Bom Jesus do Tocantins;4038;1;Pequeno I;1326,947
170360;1703602;TO;17;1;Região Norte;Brasilândia do Tocantins (TO);Brasilândia do Tocantins;1974;1;Pequeno I;645,908
170370;1703701;TO;17;1;Região Norte;Brejinho de Nazaré (TO);Brejinho de Nazaré;4725;1;Pequeno I;1722,59
170380;1703800;TO;17;1;Região Norte;Buriti do Tocantins (TO);Buriti do Tocantins;10307;1;Pequeno I;252,73
170382;1703826;TO;17;1;Região Norte;Cachoeirinha (TO);Cachoeirinha;1961;1;Pequeno I;351,535
170384;1703842;TO;17;1;Região Norte;Campos Lindos (TO);Campos Lindos;8653;1;Pequeno I;3234,445
170386;1703867;TO;17;1;Região Norte;Cariri do Tocantins (TO);Cariri do Tocantins;4007;1;Pequeno I;1126,291
170388;1703883;TO;17;1;Região Norte;Carmolândia (TO);Carmolândia;2201;1;Pequeno I;339,366
170389;1703891;TO;17;1;Região Norte;Carrasco Bonito (TO);Carrasco Bonito;3318;1;Pequeno I;190,352
170390;1703909;TO;17;1;Região Norte;Caseara (TO);Caseara;4847;1;Pequeno I;1680,014
170410;1704105;TO;17;1;Região Norte;Centenário (TO);Centenário;2131;1;Pequeno I;1953,134
170460;1704600;TO;17;1;Região Norte;Chapada de Areia (TO);Chapada de Areia;1501;1;Pequeno I;658,564
170510;1705102;TO;17;1;Região Norte;Chapada da Natividade (TO);Chapada da Natividade;3117;1;Pequeno I;1640,833
170550;1705508;TO;17;1;Região Norte;Colinas do Tocantins (TO);Colinas do Tocantins;34233;2;Pequeno II;842,488
170555;1705557;TO;17;1;Região Norte;Combinado (TO);Combinado;4756;1;Pequeno I;208,791
170560;1705607;TO;17;1;Região Norte;Conceição do Tocantins (TO);Conceição do Tocantins;3887;1;Pequeno I;2530,647
170600;1706001;TO;17;1;Região Norte;Couto Magalhães (TO);Couto de Magalhães;5331;1;Pequeno I;1584,196
170610;1706100;TO;17;1;Região Norte;Cristalândia (TO);Cristalândia;6371;1;Pequeno I;1850,75
170625;1706258;TO;17;1;Região Norte;Crixás do Tocantins (TO);Crixás do Tocantins;1470;1;Pequeno I;983,766
170650;1706506;TO;17;1;Região Norte;Darcinópolis (TO);Darcinópolis;5827;1;Pequeno I;1641,77
170700;1707009;TO;17;1;Região Norte;Dianópolis (TO);Dianópolis;17739;1;Pequeno I;3318,094
170710;1707108;TO;17;1;Região Norte;Divinópolis do Tocantins (TO);Divinópolis do Tocantins;7024;1;Pequeno I;2358,282
170720;1707207;TO;17;1;Região Norte;Dois Irmãos do Tocantins (TO);Dois Irmãos do Tocantins;6327;1;Pequeno I;3747,645
170730;1707306;TO;17;1;Região Norte;Dueré (TO);Dueré;4248;1;Pequeno I;3420,657
170740;1707405;TO;17;1;Região Norte;Esperantina (TO);Esperantina;7530;1;Pequeno I;506,175
170755;1707553;TO;17;1;Região Norte;Fátima (TO);Fátima;3467;1;Pequeno I;380,373
170765;1707652;TO;17;1;Região Norte;Figueirópolis (TO);Figueirópolis;5211;1;Pequeno I;1935,709
170770;1707702;TO;17;1;Região Norte;Filadélfia (TO);Filadélfia;7712;1;Pequeno I;1991,258
170820;1708205;TO;17;1;Região Norte;Formoso do Araguaia (TO);Formoso do Araguaia;18881;1;Pequeno I;13431,861
170825;1708254;TO;17;1;Região Norte;Tabocão (TO);Fortaleza do Tabocão;3455;1;Pequeno I;624,463
170830;1708304;TO;17;1;Região Norte;Goianorte (TO);Goianorte;4738;1;Pequeno I;1797,229
170900;1709005;TO;17;1;Região Norte;Goiatins (TO);Goiatins;12433;1;Pequeno I;6414,846
170930;1709302;TO;17;1;Região Norte;Guaraí (TO);Guaraí;24775;2;Pequeno II;2106,753
170950;1709500;TO;17;1;Região Norte;Gurupi (TO);Gurupi;85125;3;Médio;1844,164
170980;1709807;TO;17;1;Região Norte;Ipueiras (TO);Ipueiras;1590;1;Pequeno I;821,152
171050;1710508;TO;17;1;Região Norte;Itacajá (TO);Itacajá;6819;1;Pequeno I;3047,204
171070;1710706;TO;17;1;Região Norte;Itaguatins (TO);Itaguatins;5172;1;Pequeno I;730,163
171090;1710904;TO;17;1;Região Norte;Itapiratins (TO);Itapiratins;3577;1;Pequeno I;1246,349
171110;1711100;TO;17;1;Região Norte;Itaporã do Tocantins (TO);Itaporã do Tocantins;2404;1;Pequeno I;969,794
171150;1711506;TO;17;1;Região Norte;Jaú do Tocantins (TO);Jaú do Tocantins;3334;1;Pequeno I;2167,201
171180;1711803;TO;17;1;Região Norte;Juarina (TO);Juarina;2243;1;Pequeno I;483,452
171190;1711902;TO;17;1;Região Norte;Lagoa da Confusão (TO);Lagoa da Confusão;15288;1;Pequeno I;10563,181
171195;1711951;TO;17;1;Região Norte;Lagoa do Tocantins (TO);Lagoa do Tocantins;3516;1;Pequeno I;917,632
171200;1712009;TO;17;1;Região Norte;Lajeado (TO);Lajeado;3357;1;Pequeno I;318,292
171215;1712157;TO;17;1;Região Norte;Lavandeira (TO);Lavandeira;1626;1;Pequeno I;468,006
171240;1712405;TO;17;1;Região Norte;Lizarda (TO);Lizarda;2999;1;Pequeno I;5716,641
171245;1712454;TO;17;1;Região Norte;Luzinópolis (TO);Luzinópolis;2717;1;Pequeno I;281,543
171250;1712504;TO;17;1;Região Norte;Marianópolis do Tocantins (TO);Marianópolis do Tocantins;4615;1;Pequeno I;2089,575
171270;1712702;TO;17;1;Região Norte;Mateiros (TO);Mateiros;2748;1;Pequeno I;9589,273
171280;1712801;TO;17;1;Região Norte;Maurilândia do Tocantins (TO);Maurilândia do Tocantins;3095;1;Pequeno I;736,303
171320;1713205;TO;17;1;Região Norte;Miracema do Tocantins (TO);Miracema do Tocantins;18566;1;Pequeno I;2663,745
171330;1713304;TO;17;1;Região Norte;Miranorte (TO);Miranorte;12701;1;Pequeno I;1033,301
171360;1713601;TO;17;1;Região Norte;Monte do Carmo (TO);Monte do Carmo;5694;1;Pequeno I;3601,205
171370;1713700;TO;17;1;Região Norte;Monte Santo do Tocantins (TO);Monte Santo do Tocantins;2396;1;Pequeno I;1072,92
171380;1713809;TO;17;1;Região Norte;Palmeiras do Tocantins (TO);Palmeiras do Tocantins;4872;1;Pequeno I;743,407
171395;1713957;TO;17;1;Região Norte;Muricilândia (TO);Muricilândia;3367;1;Pequeno I;1194,368
171420;1714203;TO;17;1;Região Norte;Natividade (TO);Natividade;8754;1;Pequeno I;3241,672
171430;1714302;TO;17;1;Região Norte;Nazaré (TO);Nazaré;4521;1;Pequeno I;395,997
171488;1714880;TO;17;1;Região Norte;Nova Olinda (TO);Nova Olinda;10367;1;Pequeno I;1567,834
171500;1715002;TO;17;1;Região Norte;Nova Rosalândia (TO);Nova Rosalândia;3362;1;Pequeno I;514,791
171510;1715101;TO;17;1;Região Norte;Novo Acordo (TO);Novo Acordo;3969;1;Pequeno I;2678,262
171515;1715150;TO;17;1;Região Norte;Novo Alegre (TO);Novo Alegre;1846;1;Pequeno I;200,412
171525;1715259;TO;17;1;Região Norte;Novo Jardim (TO);Novo Jardim;2230;1;Pequeno I;1213,893
171550;1715507;TO;17;1;Região Norte;Oliveira de Fátima (TO);Oliveira de Fátima;1164;1;Pequeno I;209,292
171570;1715705;TO;17;1;Região Norte;Palmeirante (TO);Palmeirante;4798;1;Pequeno I;2638,465
171575;1715754;TO;17;1;Região Norte;Palmeirópolis (TO);Palmeirópolis;6975;1;Pequeno I;1708,981
171610;1716109;TO;17;1;Região Norte;Paraíso do Tocantins (TO);Paraíso do Tocantins;52360;3;Médio;1292,267
171620;1716208;TO;17;1;Região Norte;Paranã (TO);Paranã;10542;1;Pequeno I;11217,373
171630;1716307;TO;17;1;Região Norte;Pau D'Arco (TO);Pau D´arco;4043;1;Pequeno I;1375,551
171650;1716505;TO;17;1;Região Norte;Pedro Afonso (TO);Pedro Afonso;14055;1;Pequeno I;2019,556
171660;1716604;TO;17;1;Região Norte;Peixe (TO);Peixe;9317;1;Pequeno I;5303,612
171665;1716653;TO;17;1;Região Norte;Pequizeiro (TO);Pequizeiro;4921;1;Pequeno I;1206,118
171670;1716703;TO;17;1;Região Norte;Colméia (TO);Colméia;8941;1;Pequeno I;1161,03
171700;1717008;TO;17;1;Região Norte;Pindorama do Tocantins (TO);Pindorama do Tocantins;4478;1;Pequeno I;1560,551
171720;1717206;TO;17;1;Região Norte;Piraquê (TO);Piraquê;2282;1;Pequeno I;1363,412
171750;1717503;TO;17;1;Região Norte;Pium (TO);Pium;7128;1;Pequeno I;10003,549
171780;1717800;TO;17;1;Região Norte;Ponte Alta do Bom Jesus (TO);Ponte Alta do Bom Jesus;4220;1;Pequeno I;1718,791
171790;1717909;TO;17;1;Região Norte;Ponte Alta do Tocantins (TO);Ponte Alta do Tocantins;7586;1;Pequeno I;6542,838
171800;1718006;TO;17;1;Região Norte;Porto Alegre do Tocantins (TO);Porto Alegre do Tocantins;2866;1;Pequeno I;506,717
171820;1718204;TO;17;1;Região Norte;Porto Nacional (TO);Porto Nacional;64418;3;Médio;4434,68
171830;1718303;TO;17;1;Região Norte;Praia Norte (TO);Praia Norte;9044;1;Pequeno I;300,999
171840;1718402;TO;17;1;Região Norte;Presidente Kennedy (TO);Presidente Kennedy;3047;1;Pequeno I;771,716
171845;1718451;TO;17;1;Região Norte;Pugmil (TO);Pugmil;2193;1;Pequeno I;401,174
171850;1718501;TO;17;1;Região Norte;Recursolândia (TO);Recursolândia;3421;1;Pequeno I;2215,669
171855;1718550;TO;17;1;Região Norte;Riachinho (TO);Riachinho;3960;1;Pequeno I;512,156
171865;1718659;TO;17;1;Região Norte;Rio da Conceição (TO);Rio da Conceição;1768;1;Pequeno I;845,823
171870;1718709;TO;17;1;Região Norte;Rio dos Bois (TO);Rio Dos Bois;2738;1;Pequeno I;847,255
171875;1718758;TO;17;1;Região Norte;Rio Sono (TO);Rio Sono;4841;1;Pequeno I;6346,279
171880;1718808;TO;17;1;Região Norte;Sampaio (TO);Sampaio;4215;1;Pequeno I;222,435
171884;1718840;TO;17;1;Região Norte;Sandolândia (TO);Sandolândia;3723;1;Pequeno I;3535,135
171886;1718865;TO;17;1;Região Norte;Santa Fé do Araguaia (TO);Santa fé do Araguaia;7216;1;Pequeno I;1671,239
171888;1718881;TO;17;1;Região Norte;Santa Maria do Tocantins (TO);Santa Maria do Tocantins;2680;1;Pequeno I;1412,318
171889;1718899;TO;17;1;Região Norte;Santa Rita do Tocantins (TO);Santa Rita do Tocantins;2219;1;Pequeno I;3281,219
171890;1718907;TO;17;1;Região Norte;Santa Rosa do Tocantins (TO);Santa Rosa do Tocantins;4653;1;Pequeno I;1804,687
171900;1719004;TO;17;1;Região Norte;Santa Tereza do Tocantins (TO);Santa Tereza do Tocantins;2781;1;Pequeno I;539,511
172000;1720002;TO;17;1;Região Norte;Santa Terezinha do Tocantins (TO);Santa Terezinha do Tocantins;2406;1;Pequeno I;274,104
172010;1720101;TO;17;1;Região Norte;São Bento do Tocantins (TO);São Bento do Tocantins;5654;1;Pequeno I;1099,58
172015;1720150;TO;17;1;Região Norte;São Félix do Tocantins (TO);São Félix do Tocantins;1783;1;Pequeno I;1913,11
172020;1720200;TO;17;1;Região Norte;São Miguel do Tocantins (TO);São Miguel do Tocantins;13241;1;Pequeno I;406,957
172025;1720259;TO;17;1;Região Norte;São Salvador do Tocantins (TO);São Salvador do Tocantins;2385;1;Pequeno I;1424,753
172030;1720309;TO;17;1;Região Norte;São Sebastião do Tocantins (TO);São Sebastião do Tocantins;4100;1;Pequeno I;289,597
172049;1720499;TO;17;1;Região Norte;São Valério (TO);São Valério da Natividade;4422;1;Pequeno I;2520,465
172065;1720655;TO;17;1;Região Norte;Silvanópolis (TO);Silvanópolis;5108;1;Pequeno I;1258,771
172080;1720804;TO;17;1;Região Norte;Sítio Novo do Tocantins (TO);Sítio Novo do Tocantins;10830;1;Pequeno I;307,095
172085;1720853;TO;17;1;Região Norte;Sucupira (TO);Sucupira;1577;1;Pequeno I;1018,222
172090;1720903;TO;17;1;Região Norte;Taguatinga (TO);Taguatinga;14011;1;Pequeno I;2341,919
172093;1720937;TO;17;1;Região Norte;Taipas do Tocantins (TO);Taipas do Tocantins;2021;1;Pequeno I;1105,303
172097;1720978;TO;17;1;Região Norte;Talismã (TO);Talismã;2456;1;Pequeno I;2155,503
172100;1721000;TO;17;1;Região Norte;Palmas (TO);Palmas;302692;4;Grande;2227,329
172110;1721109;TO;17;1;Região Norte;Tocantínia (TO);Tocantínia;7459;1;Pequeno I;2609,775
172120;1721208;TO;17;1;Região Norte;Tocantinópolis (TO);Tocantinópolis;22615;2;Pequeno II;1083,6
172125;1721257;TO;17;1;Região Norte;Tupirama (TO);Tupirama;1909;1;Pequeno I;706,883
172130;1721307;TO;17;1;Região Norte;Tupiratins (TO);Tupiratins;1874;1;Pequeno I;889,126
172208;1722081;TO;17;1;Região Norte;Wanderlândia (TO);Wanderlândia;10522;1;Pequeno I;1365,431
172210;1722107;TO;17;1;Região Norte;Xambioá (TO);Xambioá;10517;1;Pequeno I;1190,489
210005;2100055;MA;21;2;Região Nordeste;Açailândia (MA);Açailândia;106550;4;Grande;5805,159
210010;2100105;MA;21;2;Região Nordeste;Afonso Cunha (MA);Afonso Cunha;6144;1;Pequeno I;371,338
210015;2100154;MA;21;2;Região Nordeste;Água Doce do Maranhão (MA);Água Doce do Maranhão;12142;1;Pequeno I;442,292
210020;2100204;MA;21;2;Região Nordeste;Alcântara (MA);Alcântara;18467;1;Pequeno I;1167,964
210030;2100303;MA;21;2;Região Nordeste;Aldeias Altas (MA);Aldeias Altas;23286;2;Pequeno II;1942,121
210040;2100402;MA;21;2;Região Nordeste;Altamira do Maranhão (MA);Altamira do Maranhão;6447;1;Pequeno I;524,374
210043;2100436;MA;21;2;Região Nordeste;Alto Alegre do Maranhão (MA);Alto Alegre do Maranhão;24048;2;Pequeno II;392,75
210047;2100477;MA;21;2;Região Nordeste;Alto Alegre do Pindaré (MA);Alto Alegre do Pindaré;25710;2;Pequeno II;1875,901
210050;2100501;MA;21;2;Região Nordeste;Alto Parnaíba (MA);Alto Parnaíba;11109;1;Pequeno I;11127,384
210055;2100550;MA;21;2;Região Nordeste;Amapá do Maranhão (MA);Amapá do Maranhão;7170;1;Pequeno I;502,402
210060;2100600;MA;21;2;Região Nordeste;Amarante do Maranhão (MA);Amarante do Maranhão;37085;2;Pequeno II;7439,615
210070;2100709;MA;21;2;Região Nordeste;Anajatuba (MA);Anajatuba;25322;2;Pequeno II;940,489
210080;2100808;MA;21;2;Região Nordeste;Anapurus (MA);Anapurus;13793;1;Pequeno I;608,903
210083;2100832;MA;21;2;Região Nordeste;Apicum-Açu (MA);Apicum-açu;17519;1;Pequeno I;341,12
210087;2100873;MA;21;2;Região Nordeste;Araguanã (MA);Araguanã;11181;1;Pequeno I;805,194
210090;2100907;MA;21;2;Região Nordeste;Araioses (MA);Araioses;39052;2;Pequeno II;1789,73
210095;2100956;MA;21;2;Região Nordeste;Arame (MA);Arame;25517;2;Pequeno II;2976,039
210100;2101004;MA;21;2;Região Nordeste;Arari (MA);Arari;29472;2;Pequeno II;1100,275
210110;2101103;MA;21;2;Região Nordeste;Axixá (MA);Axixá;11790;1;Pequeno I;160,462
210120;2101202;MA;21;2;Região Nordeste;Bacabal (MA);Bacabal;103711;4;Grande;1656,736
210125;2101251;MA;21;2;Região Nordeste;Bacabeira (MA);Bacabeira;16966;1;Pequeno I;542,962
210130;2101301;MA;21;2;Região Nordeste;Bacuri (MA);Bacuri;16290;1;Pequeno I;850,491
210135;2101350;MA;21;2;Região Nordeste;Bacurituba (MA);Bacurituba;5252;1;Pequeno I;413,651
210140;2101400;MA;21;2;Região Nordeste;Balsas (MA);Balsas;101767;4;Grande;13141,162
210150;2101509;MA;21;2;Região Nordeste;Barão de Grajaú (MA);Barão de Grajaú;18984;1;Pequeno I;2209,414
210160;2101608;MA;21;2;Região Nordeste;Barra do Corda (MA);Barra do Corda;84532;3;Médio;5187,673
210170;2101707;MA;21;2;Região Nordeste;Barreirinhas (MA);Barreirinhas;65589;3;Médio;3046,308
210173;2101731;MA;21;2;Região Nordeste;Belágua (MA);Belágua;8460;1;Pequeno I;569,606
210177;2101772;MA;21;2;Região Nordeste;Bela Vista do Maranhão (MA);Bela Vista do Maranhão;11750;1;Pequeno I;147,954
210180;2101806;MA;21;2;Região Nordeste;Benedito Leite (MA);Benedito Leite;5469;1;Pequeno I;1784,64
210190;2101905;MA;21;2;Região Nordeste;Bequimão (MA);Bequimão;19584;1;Pequeno I;790,222
210193;2101939;MA;21;2;Região Nordeste;Bernardo do Mearim (MA);Bernardo do Mearim;5840;1;Pequeno I;247,186
210197;2101970;MA;21;2;Região Nordeste;Boa Vista do Gurupi (MA);Boa Vista do Gurupi;7574;1;Pequeno I;400,35
210200;2102002;MA;21;2;Região Nordeste;Bom Jardim (MA);Bom Jardim;33100;2;Pequeno II;6588,38
210203;2102036;MA;21;2;Região Nordeste;Bom Jesus das Selvas (MA);Bom Jesus Das Selvas;28599;2;Pequeno II;2676,98
210207;2102077;MA;21;2;Região Nordeste;Bom Lugar (MA);Bom Lugar;12212;1;Pequeno I;445,171
210210;2102101;MA;21;2;Região Nordeste;Brejo (MA);Brejo;34120;2;Pequeno II;1073,258
210215;2102150;MA;21;2;Região Nordeste;Brejo de Areia (MA);Brejo de Areia;9218;1;Pequeno I;986,036
210220;2102200;MA;21;2;Região Nordeste;Buriti (MA);Buriti;29685;2;Pequeno II;1475,779
210230;2102309;MA;21;2;Região Nordeste;Buriti Bravo (MA);Buriti Bravo;22455;2;Pequeno II;1582,552
210232;2102325;MA;21;2;Região Nordeste;Buriticupu (MA);Buriticupu;55499;3;Médio;2544,857
210235;2102358;MA;21;2;Região Nordeste;Buritirana (MA);Buritirana;12918;1;Pequeno I;820,968
210237;2102374;MA;21;2;Região Nordeste;Cachoeira Grande (MA);Cachoeira Grande;9732;1;Pequeno I;707,236
210240;2102408;MA;21;2;Região Nordeste;Cajapió (MA);Cajapió;10121;1;Pequeno I;545,244
210250;2102507;MA;21;2;Região Nordeste;Cajari (MA);Cajari;16412;1;Pequeno I;662,066
210255;2102556;MA;21;2;Região Nordeste;Campestre do Maranhão (MA);Campestre do Maranhão;12301;1;Pequeno I;613,529
210260;2102606;MA;21;2;Região Nordeste;Cândido Mendes (MA);Cândido Mendes;19932;1;Pequeno I;1634,861
210270;2102705;MA;21;2;Região Nordeste;Cantanhede (MA);Cantanhede;24303;2;Pequeno II;773,01
210275;2102754;MA;21;2;Região Nordeste;Capinzal do Norte (MA);Capinzal do Norte;11374;1;Pequeno I;590,267
210280;2102804;MA;21;2;Região Nordeste;Carolina (MA);Carolina;24062;2;Pequeno II;6267,675
210290;2102903;MA;21;2;Região Nordeste;Carutapera (MA);Carutapera;24238;2;Pequeno II;1260,977
210300;2103000;MA;21;2;Região Nordeste;Caxias (MA);Caxias;156973;4;Grande;5201,927
210310;2103109;MA;21;2;Região Nordeste;Cedral (MA);Cedral;10208;1;Pequeno I;285,211
210312;2103125;MA;21;2;Região Nordeste;Central do Maranhão (MA);Central do Maranhão;7094;1;Pequeno I;319,538
210315;2103158;MA;21;2;Região Nordeste;Centro do Guilherme (MA);Centro do Guilherme;12342;1;Pequeno I;1167,848
210317;2103174;MA;21;2;Região Nordeste;Centro Novo do Maranhão (MA);Centro Novo do Maranhão;16267;1;Pequeno I;8401,003
210320;2103208;MA;21;2;Região Nordeste;Chapadinha (MA);Chapadinha;81386;3;Médio;3247,385
210325;2103257;MA;21;2;Região Nordeste;Cidelândia (MA);Cidelândia;12878;1;Pequeno I;1462,809
210330;2103307;MA;21;2;Região Nordeste;Codó (MA);Codó;114275;4;Grande;4361,606
210340;2103406;MA;21;2;Região Nordeste;Coelho Neto (MA);Coelho Neto;41658;2;Pequeno II;977,079
210350;2103505;MA;21;2;Região Nordeste;Colinas (MA);Colinas;40316;2;Pequeno II;1978,695
210355;2103554;MA;21;2;Região Nordeste;Conceição do Lago-Açu (MA);Conceição do Lago-açu;14915;1;Pequeno I;725,664
210360;2103604;MA;21;2;Região Nordeste;Coroatá (MA);Coroatá;59566;3;Médio;2263,692
210370;2103703;MA;21;2;Região Nordeste;Cururupu (MA);Cururupu;31558;2;Pequeno II;1257,608
210375;2103752;MA;21;2;Região Nordeste;Davinópolis (MA);Davinópolis;14404;1;Pequeno I;332,249
210380;2103802;MA;21;2;Região Nordeste;Dom Pedro (MA);Dom Pedro;23053;2;Pequeno II;358,493
210390;2103901;MA;21;2;Região Nordeste;Duque Bacelar (MA);Duque Bacelar;10223;1;Pequeno I;317,494
210400;2104008;MA;21;2;Região Nordeste;Esperantinópolis (MA);Esperantinópolis;18311;1;Pequeno I;452,411
210405;2104057;MA;21;2;Região Nordeste;Estreito (MA);Estreito;33294;2;Pequeno II;2720,266
210407;2104073;MA;21;2;Região Nordeste;Feira Nova do Maranhão (MA);Feira Nova do Maranhão;8048;1;Pequeno I;1625,822
210408;2104081;MA;21;2;Região Nordeste;Fernando Falcão (MA);Fernando Falcão;10873;1;Pequeno I;5086,589
210409;2104099;MA;21;2;Região Nordeste;Formosa da Serra Negra (MA);Formosa da Serra Negra;17719;1;Pequeno I;3690,61
210410;2104107;MA;21;2;Região Nordeste;Fortaleza dos Nogueiras (MA);Fortaleza Dos Nogueiras;12640;1;Pequeno I;1853,406
210420;2104206;MA;21;2;Região Nordeste;Fortuna (MA);Fortuna;16976;1;Pequeno I;834,83
210430;2104305;MA;21;2;Região Nordeste;Godofredo Viana (MA);Godofredo Viana;10186;1;Pequeno I;720,129
210440;2104404;MA;21;2;Região Nordeste;Gonçalves Dias (MA);Gonçalves Dias;17206;1;Pequeno I;883,588
210450;2104503;MA;21;2;Região Nordeste;Governador Archer (MA);Governador Archer;10231;1;Pequeno I;445,856
210455;2104552;MA;21;2;Região Nordeste;Governador Edison Lobão (MA);Governador Edison Lobão;18411;1;Pequeno I;615,957
210460;2104602;MA;21;2;Região Nordeste;Governador Eugênio Barros (MA);Governador Eugênio Barros;13930;1;Pequeno I;647,989
210462;2104628;MA;21;2;Região Nordeste;Governador Luiz Rocha (MA);Governador Luiz Rocha;7063;1;Pequeno I;401,587
210465;2104651;MA;21;2;Região Nordeste;Governador Newton Bello (MA);Governador Newton Bello;10713;1;Pequeno I;1144,146
210467;2104677;MA;21;2;Região Nordeste;Governador Nunes Freire (MA);Governador Nunes Freire;23128;2;Pequeno II;1037,13
210470;2104701;MA;21;2;Região Nordeste;Graça Aranha (MA);Graça Aranha;6023;1;Pequeno I;271,445
210480;2104800;MA;21;2;Região Nordeste;Grajaú (MA);Grajaú;73872;3;Médio;8861,717
210490;2104909;MA;21;2;Região Nordeste;Guimarães (MA);Guimarães;10290;1;Pequeno I;478,857
210500;2105005;MA;21;2;Região Nordeste;Humberto de Campos (MA);Humberto de Campos;25680;2;Pequeno II;1714,625
210510;2105104;MA;21;2;Região Nordeste;Icatu (MA);Icatu;24794;2;Pequeno II;1124,445
210515;2105153;MA;21;2;Região Nordeste;Igarapé do Meio (MA);Igarapé do Meio;13974;1;Pequeno I;368,685
210520;2105203;MA;21;2;Região Nordeste;Igarapé Grande (MA);Igarapé Grande;10231;1;Pequeno I;346,218
210530;2105302;MA;21;2;Região Nordeste;Imperatriz (MA);Imperatriz;273110;4;Grande;1369,039
210535;2105351;MA;21;2;Região Nordeste;Itaipava do Grajaú (MA);Itaipava do Grajaú;13828;1;Pequeno I;1244,398
210540;2105401;MA;21;2;Região Nordeste;Itapecuru Mirim (MA);Itapecuru Mirim;60440;3;Médio;1480,641
210542;2105427;MA;21;2;Região Nordeste;Itinga do Maranhão (MA);Itinga do Maranhão;22513;2;Pequeno II;3583,423
210545;2105450;MA;21;2;Região Nordeste;Jatobá (MA);Jatobá;7471;1;Pequeno I;591,616
210547;2105476;MA;21;2;Região Nordeste;Jenipapo dos Vieiras (MA);Jenipapo Dos Vieiras;17076;1;Pequeno I;1962,362
210550;2105500;MA;21;2;Região Nordeste;João Lisboa (MA);João Lisboa;24709;2;Pequeno II;1137,104
210560;2105609;MA;21;2;Região Nordeste;Joselândia (MA);Joselândia;14924;1;Pequeno I;703,081
210565;2105658;MA;21;2;Região Nordeste;Junco do Maranhão (MA);Junco do Maranhão;5146;1;Pequeno I;568,499
210570;2105708;MA;21;2;Região Nordeste;Lago da Pedra (MA);Lago da Pedra;44403;2;Pequeno II;1240,444
210580;2105807;MA;21;2;Região Nordeste;Lago do Junco (MA);Lago do Junco;9506;1;Pequeno I;328,525
210590;2105906;MA;21;2;Região Nordeste;Lago Verde (MA);Lago Verde;14769;1;Pequeno I;631,455
210592;2105922;MA;21;2;Região Nordeste;Lagoa do Mato (MA);Lagoa do Mato;10572;1;Pequeno I;1512,985
210594;2105948;MA;21;2;Região Nordeste;Lago dos Rodrigues (MA);Lago Dos Rodrigues;8758;1;Pequeno I;220,776
210596;2105963;MA;21;2;Região Nordeste;Lagoa Grande do Maranhão (MA);Lagoa Grande do Maranhão;11411;1;Pequeno I;744,199
210598;2105989;MA;21;2;Região Nordeste;Lajeado Novo (MA);Lajeado Novo;7057;1;Pequeno I;1063,619
210600;2106003;MA;21;2;Região Nordeste;Lima Campos (MA);Lima Campos;11297;1;Pequeno I;321,932
210610;2106102;MA;21;2;Região Nordeste;Loreto (MA);Loreto;11597;1;Pequeno I;3597,231
210620;2106201;MA;21;2;Região Nordeste;Luís Domingues (MA);Luís Domingues;7161;1;Pequeno I;472,296
210630;2106300;MA;21;2;Região Nordeste;Magalhães de Almeida (MA);Magalhães de Almeida;13807;1;Pequeno I;434,433
210632;2106326;MA;21;2;Região Nordeste;Maracaçumé (MA);Maracaçumé;21149;2;Pequeno II;635,758
210635;2106359;MA;21;2;Região Nordeste;Marajá do Sena (MA);Marajá do Sena;7027;1;Pequeno I;1402,593
210637;2106375;MA;21;2;Região Nordeste;Maranhãozinho (MA);Maranhãozinho;13761;1;Pequeno I;760,947
210640;2106409;MA;21;2;Região Nordeste;Mata Roma (MA);Mata Roma;17090;1;Pequeno I;548,548
210650;2106508;MA;21;2;Região Nordeste;Matinha (MA);Matinha;22034;2;Pequeno II;410,632
210660;2106607;MA;21;2;Região Nordeste;Matões (MA);Matões;32174;2;Pequeno II;2108,671
210663;2106631;MA;21;2;Região Nordeste;Matões do Norte (MA);Matões do Norte;17432;1;Pequeno I;794,454
210667;2106672;MA;21;2;Região Nordeste;Milagres do Maranhão (MA);Milagres do Maranhão;8818;1;Pequeno I;634,818
210670;2106706;MA;21;2;Região Nordeste;Mirador (MA);Mirador;21030;2;Pequeno II;8522,351
210675;2106755;MA;21;2;Região Nordeste;Miranda do Norte (MA);Miranda do Norte;23864;2;Pequeno II;341,107
210680;2106805;MA;21;2;Região Nordeste;Mirinzal (MA);Mirinzal;13978;1;Pequeno I;686,942
210690;2106904;MA;21;2;Região Nordeste;Monção (MA);Monção;27751;2;Pequeno II;1245,548
210700;2107001;MA;21;2;Região Nordeste;Montes Altos (MA);Montes Altos;9106;1;Pequeno I;1488,513
210710;2107100;MA;21;2;Região Nordeste;Morros (MA);Morros;18554;1;Pequeno I;1712,121
210720;2107209;MA;21;2;Região Nordeste;Nina Rodrigues (MA);Nina Rodrigues;14176;1;Pequeno I;570,938
210725;2107258;MA;21;2;Região Nordeste;Nova Colinas (MA);Nova Colinas;5021;1;Pequeno I;743,085
210730;2107308;MA;21;2;Região Nordeste;Nova Iorque (MA);Nova Iorque;4320;1;Pequeno I;978,34
210735;2107357;MA;21;2;Região Nordeste;Nova Olinda do Maranhão (MA);Nova Olinda do Maranhão;14314;1;Pequeno I;2452,615
210740;2107407;MA;21;2;Região Nordeste;Olho d'Água das Cunhãs (MA);Olho D´água Das Cunhãs;17919;1;Pequeno I;695,333
210745;2107456;MA;21;2;Região Nordeste;Olinda Nova do Maranhão (MA);Olinda Nova do Maranhão;13577;1;Pequeno I;199,879
210750;2107506;MA;21;2;Região Nordeste;Paço do Lumiar (MA);Paço do Lumiar;145643;4;Grande;127,193
210760;2107605;MA;21;2;Região Nordeste;Palmeirândia (MA);Palmeirândia;21059;2;Pequeno II;532,161
210770;2107704;MA;21;2;Região Nordeste;Paraibano (MA);Paraibano;18274;1;Pequeno I;530,517
210780;2107803;MA;21;2;Região Nordeste;Parnarama (MA);Parnarama;31250;2;Pequeno II;3245,525
210790;2107902;MA;21;2;Região Nordeste;Passagem Franca (MA);Passagem Franca;17220;1;Pequeno I;1358,327
210800;2108009;MA;21;2;Região Nordeste;Pastos Bons (MA);Pastos Bons;18802;1;Pequeno I;1635,181
210805;2108058;MA;21;2;Região Nordeste;Paulino Neves (MA);Paulino Neves;17056;1;Pequeno I;979,482
210810;2108108;MA;21;2;Região Nordeste;Paulo Ramos (MA);Paulo Ramos;20341;2;Pequeno II;1168,609
210820;2108207;MA;21;2;Região Nordeste;Pedreiras (MA);Pedreiras;37050;2;Pequeno II;262,066
210825;2108256;MA;21;2;Região Nordeste;Pedro do Rosário (MA);Pedro do Rosário;24320;2;Pequeno II;1753,867
210830;2108306;MA;21;2;Região Nordeste;Penalva (MA);Penalva;32511;2;Pequeno II;800,916
210840;2108405;MA;21;2;Região Nordeste;Peri Mirim (MA);Peri Mirim;11108;1;Pequeno I;397,994
210845;2108454;MA;21;2;Região Nordeste;Peritoró (MA);Peritoró;20479;2;Pequeno II;824,725
210850;2108504;MA;21;2;Região Nordeste;Pindaré-Mirim (MA);Pindaré-mirim;31429;2;Pequeno II;268,285
210860;2108603;MA;21;2;Região Nordeste;Pinheiro (MA);Pinheiro;84621;3;Médio;1512,969
210870;2108702;MA;21;2;Região Nordeste;Pio XII (MA);Pio Xii;21886;2;Pequeno II;545,14
210880;2108801;MA;21;2;Região Nordeste;Pirapemas (MA);Pirapemas;17714;1;Pequeno I;688,761
210890;2108900;MA;21;2;Região Nordeste;Poção de Pedras (MA);Poção de Pedras;17161;1;Pequeno I;990,415
210900;2109007;MA;21;2;Região Nordeste;Porto Franco (MA);Porto Franco;23903;2;Pequeno II;1420,51
210905;2109056;MA;21;2;Região Nordeste;Porto Rico do Maranhão (MA);Porto Rico do Maranhão;5954;1;Pequeno I;244,979
210910;2109106;MA;21;2;Região Nordeste;Presidente Dutra (MA);Presidente Dutra;45155;2;Pequeno II;771,574
210920;2109205;MA;21;2;Região Nordeste;Presidente Juscelino (MA);Presidente Juscelino;11356;1;Pequeno I;355,568
210923;2109239;MA;21;2;Região Nordeste;Presidente Médici (MA);Presidente Médici;4696;1;Pequeno I;437,687
210927;2109270;MA;21;2;Região Nordeste;Presidente Sarney (MA);Presidente Sarney;17511;1;Pequeno I;726,172
210930;2109304;MA;21;2;Região Nordeste;Presidente Vargas (MA);Presidente Vargas;10549;1;Pequeno I;460,004
210940;2109403;MA;21;2;Região Nordeste;Primeira Cruz (MA);Primeira Cruz;13614;1;Pequeno I;1337,161
210945;2109452;MA;21;2;Região Nordeste;Raposa (MA);Raposa;30839;2;Pequeno II;79,213
210950;2109502;MA;21;2;Região Nordeste;Riachão (MA);Riachão;22145;2;Pequeno II;6402,83
210955;2109551;MA;21;2;Região Nordeste;Ribamar Fiquene (MA);Ribamar Fiquene;7420;1;Pequeno I;733,458
210960;2109601;MA;21;2;Região Nordeste;Rosário (MA);Rosário;38475;2;Pequeno II;647,998
210970;2109700;MA;21;2;Região Nordeste;Sambaíba (MA);Sambaíba;5568;1;Pequeno I;2476,132
210975;2109759;MA;21;2;Região Nordeste;Santa Filomena do Maranhão (MA);Santa Filomena do Maranhão;6697;1;Pequeno I;623,213
210980;2109809;MA;21;2;Região Nordeste;Santa Helena (MA);Santa Helena;41561;2;Pequeno II;2191,168
210990;2109908;MA;21;2;Região Nordeste;Santa Inês (MA);Santa Inês;85014;3;Médio;786,689
211000;2110005;MA;21;2;Região Nordeste;Santa Luzia (MA);Santa Luzia;57635;3;Médio;4837,169
211003;2110039;MA;21;2;Região Nordeste;Santa Luzia do Paruá (MA);Santa Luzia do Paruá;24307;2;Pequeno II;1010,483
211010;2110104;MA;21;2;Região Nordeste;Santa Quitéria do Maranhão (MA);Santa Quitéria do Maranhão;23957;2;Pequeno II;1430,33
211020;2110203;MA;21;2;Região Nordeste;Santa Rita (MA);Santa Rita;37035;2;Pequeno II;756,797
211023;2110237;MA;21;2;Região Nordeste;Santana do Maranhão (MA);Santana do Maranhão;10567;1;Pequeno I;932,03
211027;2110278;MA;21;2;Região Nordeste;Santo Amaro do Maranhão (MA);Santo Amaro do Maranhão;13949;1;Pequeno I;1582,806
211030;2110302;MA;21;2;Região Nordeste;Santo Antônio dos Lopes (MA);Santo Antônio Dos Lopes;14304;1;Pequeno I;770,923
211040;2110401;MA;21;2;Região Nordeste;São Benedito do Rio Preto (MA);São Benedito do Rio Preto;18364;1;Pequeno I;931,485
211050;2110500;MA;21;2;Região Nordeste;São Bento (MA);São Bento;46395;2;Pequeno II;456,997
211060;2110609;MA;21;2;Região Nordeste;São Bernardo (MA);São Bernardo;26943;2;Pequeno II;1005,824
211065;2110658;MA;21;2;Região Nordeste;São Domingos do Azeitão (MA);São Domingos do Azeitão;7992;1;Pequeno I;961,249
211070;2110708;MA;21;2;Região Nordeste;São Domingos do Maranhão (MA);São Domingos do Maranhão;34034;2;Pequeno II;1151,978
211080;2110807;MA;21;2;Região Nordeste;São Félix de Balsas (MA);São Félix de Balsas;4402;1;Pequeno I;2032,599
211085;2110856;MA;21;2;Região Nordeste;São Francisco do Brejão (MA);São Francisco do Brejão;9051;1;Pequeno I;745,357
211090;2110906;MA;21;2;Região Nordeste;São Francisco do Maranhão (MA);São Francisco do Maranhão;12064;1;Pequeno I;2284,217
211100;2111003;MA;21;2;Região Nordeste;São João Batista (MA);São João Batista;18544;1;Pequeno I;649,956
211102;2111029;MA;21;2;Região Nordeste;São João do Carú (MA);São João do Carú;12251;1;Pequeno I;910,065
211105;2111052;MA;21;2;Região Nordeste;São João do Paraíso (MA);São João do Paraíso;9904;1;Pequeno I;2052,328
211107;2111078;MA;21;2;Região Nordeste;São João do Soter (MA);São João do Soter;16889;1;Pequeno I;1438,067
211110;2111102;MA;21;2;Região Nordeste;São João dos Patos (MA);São João Dos Patos;25020;2;Pequeno II;1483,255
211120;2111201;MA;21;2;Região Nordeste;São José de Ribamar (MA);São José de Ribamar;244579;4;Grande;180,363
211125;2111250;MA;21;2;Região Nordeste;São José dos Basílios (MA);São José Dos Basílios;6957;1;Pequeno I;353,72
211130;2111300;MA;21;2;Região Nordeste;São Luís (MA);São Luís;1037775;5;Metrópole;583,063
211140;2111409;MA;21;2;Região Nordeste;São Luís Gonzaga do Maranhão (MA);São Luís Gonzaga do Maranhão;17818;1;Pequeno I;909,164
211150;2111508;MA;21;2;Região Nordeste;São Mateus do Maranhão (MA);São Mateus do Maranhão;38829;2;Pequeno II;800,045
211153;2111532;MA;21;2;Região Nordeste;São Pedro da Água Branca (MA);São Pedro da Água Branca;14338;1;Pequeno I;720,461
211157;2111573;MA;21;2;Região Nordeste;São Pedro dos Crentes (MA);São Pedro Dos Crentes;5783;1;Pequeno I;979,915
211160;2111607;MA;21;2;Região Nordeste;São Raimundo das Mangabeiras (MA);São Raimundo Das Mangabeiras;18672;1;Pequeno I;3524,501
211163;2111631;MA;21;2;Região Nordeste;São Raimundo do Doca Bezerra (MA);São Raimundo do Doca Bezerra;5650;1;Pequeno I;419,55
211167;2111672;MA;21;2;Região Nordeste;São Roberto (MA);São Roberto;4544;1;Pequeno I;226,811
211170;2111706;MA;21;2;Região Nordeste;São Vicente Ferrer (MA);São Vicente Ferrer;19498;1;Pequeno I;393,928
211172;2111722;MA;21;2;Região Nordeste;Satubinha (MA);Satubinha;8784;1;Pequeno I;441,811
211174;2111748;MA;21;2;Região Nordeste;Senador Alexandre Costa (MA);Senador Alexandre Costa;10207;1;Pequeno I;426,437
211176;2111763;MA;21;2;Região Nordeste;Senador La Rocque (MA);Senador la Rocque;14700;1;Pequeno I;738,187
211178;2111789;MA;21;2;Região Nordeste;Serrano do Maranhão (MA);Serrano do Maranhão;10202;1;Pequeno I;1165,318
211180;2111805;MA;21;2;Região Nordeste;Sítio Novo (MA);Sítio Novo;17074;1;Pequeno I;3114,683
211190;2111904;MA;21;2;Região Nordeste;Sucupira do Norte (MA);Sucupira do Norte;10238;1;Pequeno I;1074,435
211195;2111953;MA;21;2;Região Nordeste;Sucupira do Riachão (MA);Sucupira do Riachão;4985;1;Pequeno I;862,226
211200;2112001;MA;21;2;Região Nordeste;Tasso Fragoso (MA);Tasso Fragoso;8862;1;Pequeno I;4369,159
211210;2112100;MA;21;2;Região Nordeste;Timbiras (MA);Timbiras;26484;2;Pequeno II;1486,584
211220;2112209;MA;21;2;Região Nordeste;Timon (MA);Timon;174465;4;Grande;1763,22
211223;2112233;MA;21;2;Região Nordeste;Trizidela do Vale (MA);Trizidela do Vale;22484;2;Pequeno II;291,61
211227;2112274;MA;21;2;Região Nordeste;Tufilândia (MA);Tufilândia;5507;1;Pequeno I;270,934
211230;2112308;MA;21;2;Região Nordeste;Tuntum (MA);Tuntum;36251;2;Pequeno II;3369,121
211240;2112407;MA;21;2;Região Nordeste;Turiaçu (MA);Turiaçu;37491;2;Pequeno II;2622,281
211245;2112456;MA;21;2;Região Nordeste;Turilândia (MA);Turilândia;31638;2;Pequeno II;1507,622
211250;2112506;MA;21;2;Região Nordeste;Tutóia (MA);Tutóia;53356;3;Médio;1566,08
211260;2112605;MA;21;2;Região Nordeste;Urbano Santos (MA);Urbano Santos;32812;2;Pequeno II;1707,621
211270;2112704;MA;21;2;Região Nordeste;Vargem Grande (MA);Vargem Grande;43261;2;Pequeno II;1958,702
211280;2112803;MA;21;2;Região Nordeste;Viana (MA);Viana;51442;3;Médio;1166,745
211285;2112852;MA;21;2;Região Nordeste;Vila Nova dos Martírios (MA);Vila Nova Dos Martírios;10362;1;Pequeno I;1190,008
211290;2112902;MA;21;2;Região Nordeste;Vitória do Mearim (MA);Vitória do Mearim;30805;2;Pequeno II;716,719
211300;2113009;MA;21;2;Região Nordeste;Vitorino Freire (MA);Vitorino Freire;30845;2;Pequeno II;1193,385
211400;2114007;MA;21;2;Região Nordeste;Zé Doca (MA);zé Doca;40801;2;Pequeno II;2140,109
220005;2200053;PI;22;2;Região Nordeste;Acauã (PI);Acauã;6420;1;Pequeno I;1280,838
220010;2200103;PI;22;2;Região Nordeste;Agricolândia (PI);Agricolândia;4940;1;Pequeno I;112,392
220020;2200202;PI;22;2;Região Nordeste;Água Branca (PI);Água Branca;17573;1;Pequeno I;96,843
220025;2200251;PI;22;2;Região Nordeste;Alagoinha do Piauí (PI);Alagoinha do Piauí;6819;1;Pequeno I;535,89
220027;2200277;PI;22;2;Região Nordeste;Alegrete do Piauí (PI);Alegrete do Piauí;4634;1;Pequeno I;243,732
220030;2200301;PI;22;2;Região Nordeste;Alto Longá (PI);Alto Longá;13479;1;Pequeno I;1743,331
220040;2200400;PI;22;2;Região Nordeste;Altos (PI);Altos;47453;2;Pequeno II;957,232
220045;2200459;PI;22;2;Região Nordeste;Alvorada do Gurguéia (PI);Alvorada do Gurguéia;5322;1;Pequeno I;2131,506
220050;2200509;PI;22;2;Região Nordeste;Amarante (PI);Amarante;17234;1;Pequeno I;1152,127
220060;2200608;PI;22;2;Região Nordeste;Angical do Piauí (PI);Angical do Piauí;6827;1;Pequeno I;222,008
220070;2200707;PI;22;2;Região Nordeste;Anísio de Abreu (PI);Anísio de Abreu;9407;1;Pequeno I;337,877
220080;2200806;PI;22;2;Região Nordeste;Antônio Almeida (PI);Antônio Almeida;3152;1;Pequeno I;644,8
220090;2200905;PI;22;2;Região Nordeste;Aroazes (PI);Aroazes;5369;1;Pequeno I;821,212
220095;2200954;PI;22;2;Região Nordeste;Aroeiras do Itaim (PI);Aroeiras do Itaim;2690;1;Pequeno I;316,235
220100;2201002;PI;22;2;Região Nordeste;Arraial (PI);Arraial;4520;1;Pequeno I;682,727
220105;2201051;PI;22;2;Região Nordeste;Assunção do Piauí (PI);Assunção do Piauí;7452;1;Pequeno I;1690,703
220110;2201101;PI;22;2;Região Nordeste;Avelino Lopes (PI);Avelino Lopes;10866;1;Pequeno I;1220,371
220115;2201150;PI;22;2;Região Nordeste;Baixa Grande do Ribeiro (PI);Baixa Grande do Ribeiro;13272;1;Pequeno I;7808,915
220117;2201176;PI;22;2;Região Nordeste;Barra D'Alcântara (PI);Barra D´alcântara;3995;1;Pequeno I;263,943
220120;2201200;PI;22;2;Região Nordeste;Barras (PI);Barras;47938;2;Pequeno II;1722,507
220130;2201309;PI;22;2;Região Nordeste;Barreiras do Piauí (PI);Barreiras do Piauí;3264;1;Pequeno I;2168,713
220140;2201408;PI;22;2;Região Nordeste;Barro Duro (PI);Barro Duro;6640;1;Pequeno I;159,436
220150;2201507;PI;22;2;Região Nordeste;Batalha (PI);Batalha;26300;2;Pequeno II;1589,01
220155;2201556;PI;22;2;Região Nordeste;Bela Vista do Piauí (PI);Bela Vista do Piauí;4091;1;Pequeno I;499,092
220157;2201572;PI;22;2;Região Nordeste;Belém do Piauí (PI);Belém do Piauí;3423;1;Pequeno I;243,234
220160;2201606;PI;22;2;Região Nordeste;Beneditinos (PI);Beneditinos;9929;1;Pequeno I;937,098
220170;2201705;PI;22;2;Região Nordeste;Bertolínia (PI);Bertolínia;5562;1;Pequeno I;1216,116
220173;2201739;PI;22;2;Região Nordeste;Betânia do Piauí (PI);Betânia do Piauí;6220;1;Pequeno I;579,576
220177;2201770;PI;22;2;Região Nordeste;Boa Hora (PI);Boa Hora;6902;1;Pequeno I;336,954
220180;2201804;PI;22;2;Região Nordeste;Bocaina (PI);Bocaina;4078;1;Pequeno I;261,651
220190;2201903;PI;22;2;Região Nordeste;Bom Jesus (PI);Bom Jesus;28796;2;Pequeno II;5471,024
220191;2201919;PI;22;2;Região Nordeste;Bom Princípio do Piauí (PI);Bom Princípio do Piauí;5636;1;Pequeno I;523,142
220192;2201929;PI;22;2;Região Nordeste;Bonfim do Piauí (PI);Bonfim do Piauí;5913;1;Pequeno I;289,149
220194;2201945;PI;22;2;Região Nordeste;Boqueirão do Piauí (PI);Boqueirão do Piauí;6545;1;Pequeno I;269,786
220196;2201960;PI;22;2;Região Nordeste;Brasileira (PI);Brasileira;8436;1;Pequeno I;880,836
220198;2201988;PI;22;2;Região Nordeste;Brejo do Piauí (PI);Brejo do Piauí;3904;1;Pequeno I;2267,327
220200;2202000;PI;22;2;Região Nordeste;Buriti dos Lopes (PI);Buriti Dos Lopes;19654;1;Pequeno I;690,54
220202;2202026;PI;22;2;Região Nordeste;Buriti dos Montes (PI);Buriti Dos Montes;7434;1;Pequeno I;2437,326
220205;2202059;PI;22;2;Região Nordeste;Cabeceiras do Piauí (PI);Cabeceiras do Piauí;10212;1;Pequeno I;608,747
220207;2202075;PI;22;2;Região Nordeste;Cajazeiras do Piauí (PI);Cajazeiras do Piauí;3108;1;Pequeno I;514,106
220208;2202083;PI;22;2;Região Nordeste;Cajueiro da Praia (PI);Cajueiro da Praia;7957;1;Pequeno I;271,165
220209;2202091;PI;22;2;Região Nordeste;Caldeirão Grande do Piauí (PI);Caldeirão Grande do Piauí;5503;1;Pequeno I;467,083
220210;2202109;PI;22;2;Região Nordeste;Campinas do Piauí (PI);Campinas do Piauí;4938;1;Pequeno I;783,842
220211;2202117;PI;22;2;Região Nordeste;Campo Alegre do Fidalgo (PI);Campo Alegre do Fidalgo;4616;1;Pequeno I;657,796
220213;2202133;PI;22;2;Região Nordeste;Campo Grande do Piauí (PI);Campo Grande do Piauí;6020;1;Pequeno I;311,682
220217;2202174;PI;22;2;Região Nordeste;Campo Largo do Piauí (PI);Campo Largo do Piauí;7419;1;Pequeno I;478,078
220220;2202208;PI;22;2;Região Nordeste;Campo Maior (PI);Campo Maior;45793;2;Pequeno II;1680,861
220225;2202251;PI;22;2;Região Nordeste;Canavieira (PI);Canavieira;3414;1;Pequeno I;2165,277
220230;2202307;PI;22;2;Região Nordeste;Canto do Buriti (PI);Canto do Buriti;19365;1;Pequeno I;4325,643
220240;2202406;PI;22;2;Região Nordeste;Capitão de Campos (PI);Capitão de Campos;11100;1;Pequeno I;571,658
220245;2202455;PI;22;2;Região Nordeste;Capitão Gervásio Oliveira (PI);Capitão Gervásio Oliveira;3974;1;Pequeno I;1132,995
220250;2202505;PI;22;2;Região Nordeste;Caracol (PI);Caracol;10318;1;Pequeno I;1610,959
220253;2202539;PI;22;2;Região Nordeste;Caraúbas do Piauí (PI);Caraúbas do Piauí;5630;1;Pequeno I;471,217
220255;2202554;PI;22;2;Região Nordeste;Caridade do Piauí (PI);Caridade do Piauí;5033;1;Pequeno I;498,793
220260;2202604;PI;22;2;Região Nordeste;Castelo do Piauí (PI);Castelo do Piauí;19288;1;Pequeno I;2378,847
220265;2202653;PI;22;2;Região Nordeste;Caxingó (PI);Caxingó;5496;1;Pequeno I;491,093
220270;2202703;PI;22;2;Região Nordeste;Cocal (PI);Cocal;28212;2;Pequeno II;1294,133
220271;2202711;PI;22;2;Região Nordeste;Cocal de Telha (PI);Cocal de Telha;4911;1;Pequeno I;310,291
220272;2202729;PI;22;2;Região Nordeste;Cocal dos Alves (PI);Cocal Dos Alves;6386;1;Pequeno I;324,856
220273;2202737;PI;22;2;Região Nordeste;Coivaras (PI);Coivaras;4117;1;Pequeno I;484,46
220275;2202752;PI;22;2;Região Nordeste;Colônia do Gurguéia (PI);Colônia do Gurguéia;6150;1;Pequeno I;429,591
220277;2202778;PI;22;2;Região Nordeste;Colônia do Piauí (PI);Colônia do Piauí;6994;1;Pequeno I;950,193
220280;2202802;PI;22;2;Região Nordeste;Conceição do Canindé (PI);Conceição do Canindé;4932;1;Pequeno I;824,729
220285;2202851;PI;22;2;Região Nordeste;Coronel José Dias (PI);Coronel José Dias;4250;1;Pequeno I;1926,103
220290;2202901;PI;22;2;Região Nordeste;Corrente (PI);Corrente;27278;2;Pequeno II;3048,747
220300;2203008;PI;22;2;Região Nordeste;Cristalândia do Piauí (PI);Cristalândia do Piauí;7356;1;Pequeno I;1202,896
220310;2203107;PI;22;2;Região Nordeste;Cristino Castro (PI);Cristino Castro;10503;1;Pequeno I;1845,698
220320;2203206;PI;22;2;Região Nordeste;Curimatá (PI);Curimatá;11270;1;Pequeno I;2344,949
220323;2203230;PI;22;2;Região Nordeste;Currais (PI);Currais;4854;1;Pequeno I;3156,657
220325;2203255;PI;22;2;Região Nordeste;Curralinhos (PI);Curralinhos;4413;1;Pequeno I;345,811
220327;2203271;PI;22;2;Região Nordeste;Curral Novo do Piauí (PI);Curral Novo do Piauí;5073;1;Pequeno I;755,251
220330;2203305;PI;22;2;Região Nordeste;Demerval Lobão (PI);Demerval Lobão;16352;1;Pequeno I;216,807
220335;2203354;PI;22;2;Região Nordeste;Dirceu Arcoverde (PI);Dirceu Arcoverde;7054;1;Pequeno I;1005,571
220340;2203404;PI;22;2;Região Nordeste;Dom Expedito Lopes (PI);Dom Expedito Lopes;6320;1;Pequeno I;218,808
220342;2203420;PI;22;2;Região Nordeste;Domingos Mourão (PI);Domingos Mourão;4075;1;Pequeno I;848,705
220345;2203453;PI;22;2;Região Nordeste;Dom Inocêncio (PI);Dom Inocêncio;9159;1;Pequeno I;3871,824
220350;2203503;PI;22;2;Região Nordeste;Elesbão Veloso (PI);Elesbão Veloso;13607;1;Pequeno I;1383,976
220360;2203602;PI;22;2;Região Nordeste;Eliseu Martins (PI);Eliseu Martins;4377;1;Pequeno I;1097,79
220370;2203701;PI;22;2;Região Nordeste;Esperantina (PI);Esperantina;40970;2;Pequeno II;908,748
220375;2203750;PI;22;2;Região Nordeste;Fartura do Piauí (PI);Fartura do Piauí;5284;1;Pequeno I;713,046
220380;2203800;PI;22;2;Região Nordeste;Flores do Piauí (PI);Flores do Piauí;4414;1;Pequeno I;946,719
220385;2203859;PI;22;2;Região Nordeste;Floresta do Piauí (PI);Floresta do Piauí;2333;1;Pequeno I;223,199
220390;2203909;PI;22;2;Região Nordeste;Floriano (PI);Floriano;62036;3;Médio;3407,979
220400;2204006;PI;22;2;Região Nordeste;Francinópolis (PI);Francinópolis;4505;1;Pequeno I;268,704
220410;2204105;PI;22;2;Região Nordeste;Francisco Ayres (PI);Francisco Ayres;4412;1;Pequeno I;656,475
220415;2204154;PI;22;2;Região Nordeste;Francisco Macedo (PI);Francisco Macedo;2929;1;Pequeno I;179,245
220420;2204204;PI;22;2;Região Nordeste;Francisco Santos (PI);Francisco Santos;8237;1;Pequeno I;492,191
220430;2204303;PI;22;2;Região Nordeste;Fronteiras (PI);Fronteiras;10259;1;Pequeno I;777,179
220435;2204352;PI;22;2;Região Nordeste;Geminiano (PI);Geminiano;5445;1;Pequeno I;440,606
220440;2204402;PI;22;2;Região Nordeste;Gilbués (PI);Gilbués;10892;1;Pequeno I;3495,692
220450;2204501;PI;22;2;Região Nordeste;Guadalupe (PI);Guadalupe;10270;1;Pequeno I;1026,538
220455;2204550;PI;22;2;Região Nordeste;Guaribas (PI);Guaribas;4276;1;Pequeno I;3118,231
220460;2204600;PI;22;2;Região Nordeste;Hugo Napoleão (PI);Hugo Napoleão;3518;1;Pequeno I;224,573
220465;2204659;PI;22;2;Região Nordeste;Ilha Grande (PI);Ilha Grande;9274;1;Pequeno I;129,696
220470;2204709;PI;22;2;Região Nordeste;Inhuma (PI);Inhuma;14958;1;Pequeno I;978,222
220480;2204808;PI;22;2;Região Nordeste;Ipiranga do Piauí (PI);Ipiranga do Piauí;9420;1;Pequeno I;529,417
220490;2204907;PI;22;2;Região Nordeste;Isaías Coelho (PI);Isaías Coelho;7774;1;Pequeno I;800,688
220500;2205003;PI;22;2;Região Nordeste;Itainópolis (PI);Itainópolis;10790;1;Pequeno I;827,62
220510;2205102;PI;22;2;Região Nordeste;Itaueira (PI);Itaueira;10323;1;Pequeno I;2554,179
220515;2205151;PI;22;2;Região Nordeste;Jacobina do Piauí (PI);Jacobina do Piauí;5613;1;Pequeno I;1333,796
220520;2205201;PI;22;2;Região Nordeste;Jaicós (PI);Jaicós;17527;1;Pequeno I;866,788
220525;2205250;PI;22;2;Região Nordeste;Jardim do Mulato (PI);Jardim do Mulato;4180;1;Pequeno I;510,226
220527;2205276;PI;22;2;Região Nordeste;Jatobá do Piauí (PI);Jatobá do Piauí;4494;1;Pequeno I;650,393
220530;2205300;PI;22;2;Região Nordeste;Jerumenha (PI);Jerumenha;4497;1;Pequeno I;1865,94
220535;2205359;PI;22;2;Região Nordeste;João Costa (PI);João Costa;2970;1;Pequeno I;1800,23
220540;2205409;PI;22;2;Região Nordeste;Joaquim Pires (PI);Joaquim Pires;13886;1;Pequeno I;740,561
220545;2205458;PI;22;2;Região Nordeste;Joca Marques (PI);Joca Marques;5394;1;Pequeno I;169,005
220550;2205508;PI;22;2;Região Nordeste;José de Freitas (PI);José de Freitas;42559;2;Pequeno II;1538,172
220551;2205516;PI;22;2;Região Nordeste;Juazeiro do Piauí (PI);Juazeiro do Piauí;5214;1;Pequeno I;935,404
220552;2205524;PI;22;2;Região Nordeste;Júlio Borges (PI);Júlio Borges;5388;1;Pequeno I;1283,916
220553;2205532;PI;22;2;Região Nordeste;Jurema (PI);Jurema;4425;1;Pequeno I;1271,881
220554;2205540;PI;22;2;Região Nordeste;Lagoinha do Piauí (PI);Lagoinha do Piauí;2939;1;Pequeno I;67,649
220555;2205557;PI;22;2;Região Nordeste;Lagoa Alegre (PI);Lagoa Alegre;8256;1;Pequeno I;394,205
220556;2205565;PI;22;2;Região Nordeste;Lagoa do Barro do Piauí (PI);Lagoa do Barro do Piauí;4995;1;Pequeno I;1331,025
220557;2205573;PI;22;2;Região Nordeste;Lagoa de São Francisco (PI);Lagoa de São Francisco;6331;1;Pequeno I;155,86
220558;2205581;PI;22;2;Região Nordeste;Lagoa do Piauí (PI);Lagoa do Piauí;4810;1;Pequeno I;427,841
220559;2205599;PI;22;2;Região Nordeste;Lagoa do Sítio (PI);Lagoa do Sítio;4520;1;Pequeno I;805,018
220560;2205607;PI;22;2;Região Nordeste;Landri Sales (PI);Landri Sales;5213;1;Pequeno I;1088,583
220570;2205706;PI;22;2;Região Nordeste;Luís Correia (PI);Luís Correia;30641;2;Pequeno II;1074,132
220580;2205805;PI;22;2;Região Nordeste;Luzilândia (PI);Luzilândia;25375;2;Pequeno II;705,599
220585;2205854;PI;22;2;Região Nordeste;Madeiro (PI);Madeiro;8032;1;Pequeno I;178,842
220590;2205904;PI;22;2;Região Nordeste;Manoel Emídio (PI);Manoel Emídio;5209;1;Pequeno I;1620,413
220595;2205953;PI;22;2;Região Nordeste;Marcolândia (PI);Marcolândia;8533;1;Pequeno I;136,785
220600;2206001;PI;22;2;Região Nordeste;Marcos Parente (PI);Marcos Parente;4724;1;Pequeno I;677,416
220605;2206050;PI;22;2;Região Nordeste;Massapê do Piauí (PI);Massapê do Piauí;5218;1;Pequeno I;530,169
220610;2206100;PI;22;2;Região Nordeste;Matias Olímpio (PI);Matias Olímpio;10641;1;Pequeno I;226,785
220620;2206209;PI;22;2;Região Nordeste;Miguel Alves (PI);Miguel Alves;32150;2;Pequeno II;1392,123
220630;2206308;PI;22;2;Região Nordeste;Miguel Leão (PI);Miguel Leão;1318;1;Pequeno I;93,412
220635;2206357;PI;22;2;Região Nordeste;Milton Brandão (PI);Milton Brandão;6542;1;Pequeno I;1309,128
220640;2206407;PI;22;2;Região Nordeste;Monsenhor Gil (PI);Monsenhor Gil;10255;1;Pequeno I;567,86
220650;2206506;PI;22;2;Região Nordeste;Monsenhor Hipólito (PI);Monsenhor Hipólito;7577;1;Pequeno I;401,568
220660;2206605;PI;22;2;Região Nordeste;Monte Alegre do Piauí (PI);Monte Alegre do Piauí;10660;1;Pequeno I;2417,382
220665;2206654;PI;22;2;Região Nordeste;Morro Cabeça no Tempo (PI);Morro Cabeça no Tempo;4377;1;Pequeno I;2207,658
220667;2206670;PI;22;2;Região Nordeste;Morro do Chapéu do Piauí (PI);Morro do Chapéu do Piauí;6425;1;Pequeno I;328,408
220669;2206696;PI;22;2;Região Nordeste;Murici dos Portelas (PI);Murici Dos Portelas;9797;1;Pequeno I;475,72
220670;2206704;PI;22;2;Região Nordeste;Nazaré do Piauí (PI);Nazaré do Piauí;6665;1;Pequeno I;1315,841
220672;2206720;PI;22;2;Região Nordeste;Nazária (PI);Nazária;10262;1;Pequeno I;362,376
220675;2206753;PI;22;2;Região Nordeste;Nossa Senhora de Nazaré (PI);Nossa Senhora de Nazaré;5228;1;Pequeno I;356,872
220680;2206803;PI;22;2;Região Nordeste;Nossa Senhora dos Remédios (PI);Nossa Senhora Dos Remédios;8525;1;Pequeno I;357,896
220690;2206902;PI;22;2;Região Nordeste;Novo Oriente do Piauí (PI);Novo Oriente do Piauí;6097;1;Pequeno I;525,906
220695;2206951;PI;22;2;Região Nordeste;Novo Santo Antônio (PI);Novo Santo Antônio;2827;1;Pequeno I;443,872
220700;2207009;PI;22;2;Região Nordeste;Oeiras (PI);Oeiras;38161;2;Pequeno II;2703,138
220710;2207108;PI;22;2;Região Nordeste;Olho D'Água do Piauí (PI);Olho D´água do Piauí;2637;1;Pequeno I;183,603
220720;2207207;PI;22;2;Região Nordeste;Padre Marcos (PI);Padre Marcos;6382;1;Pequeno I;278,696
220730;2207306;PI;22;2;Região Nordeste;Paes Landim (PI);Paes Landim;4088;1;Pequeno I;401,378
220735;2207355;PI;22;2;Região Nordeste;Pajeú do Piauí (PI);Pajeú do Piauí;3000;1;Pequeno I;986,961
220740;2207405;PI;22;2;Região Nordeste;Palmeira do Piauí (PI);Palmeira do Piauí;4952;1;Pequeno I;2024,02
220750;2207504;PI;22;2;Região Nordeste;Palmeirais (PI);Palmeirais;13264;1;Pequeno I;1493,764
220755;2207553;PI;22;2;Região Nordeste;Paquetá (PI);Paquetá;3813;1;Pequeno I;432,572
220760;2207603;PI;22;2;Região Nordeste;Parnaguá (PI);Parnaguá;10103;1;Pequeno I;3428,811
220770;2207702;PI;22;2;Região Nordeste;Parnaíba (PI);Parnaíba;162159;4;Grande;436,907
220775;2207751;PI;22;2;Região Nordeste;Passagem Franca do Piauí (PI);Passagem Franca do Piauí;4135;1;Pequeno I;643,226
220777;2207777;PI;22;2;Região Nordeste;Patos do Piauí (PI);Patos do Piauí;5425;1;Pequeno I;801,403
220779;2207793;PI;22;2;Região Nordeste;Pau D'Arco do Piauí (PI);Pau D´arco do Piauí;3880;1;Pequeno I;430,023
220780;2207801;PI;22;2;Região Nordeste;Paulistana (PI);Paulistana;21055;2;Pequeno II;1941,111
220785;2207850;PI;22;2;Região Nordeste;Pavussu (PI);Pavussu;3628;1;Pequeno I;1090,697
220790;2207900;PI;22;2;Região Nordeste;Pedro II (PI);Pedro ii;37894;2;Pequeno II;1544,413
220793;2207934;PI;22;2;Região Nordeste;Pedro Laurentino (PI);Pedro Laurentino;2458;1;Pequeno I;870,614
220795;2207959;PI;22;2;Região Nordeste;Nova Santa Rita (PI);Nova Santa Rita;4076;1;Pequeno I;909,734
220800;2208007;PI;22;2;Região Nordeste;Picos (PI);Picos;83090;3;Médio;577,284
220810;2208106;PI;22;2;Região Nordeste;Pimenteiras (PI);Pimenteiras;11341;1;Pequeno I;4562,58
220820;2208205;PI;22;2;Região Nordeste;Pio IX (PI);Pio ix;17613;1;Pequeno I;1948,142
220830;2208304;PI;22;2;Região Nordeste;Piracuruca (PI);Piracuruca;28846;2;Pequeno II;2368,935
220840;2208403;PI;22;2;Região Nordeste;Piripiri (PI);Piripiri;65538;3;Médio;1407,192
220850;2208502;PI;22;2;Região Nordeste;Porto (PI);Porto;12052;1;Pequeno I;253,113
220855;2208551;PI;22;2;Região Nordeste;Porto Alegre do Piauí (PI);Porto Alegre do Piauí;2364;1;Pequeno I;1168,044
220860;2208601;PI;22;2;Região Nordeste;Prata do Piauí (PI);Prata do Piauí;3042;1;Pequeno I;196,787
220865;2208650;PI;22;2;Região Nordeste;Queimada Nova (PI);Queimada Nova;8738;1;Pequeno I;1283,369
220870;2208700;PI;22;2;Região Nordeste;Redenção do Gurguéia (PI);Redenção do Gurguéia;8394;1;Pequeno I;2470,531
220880;2208809;PI;22;2;Região Nordeste;Regeneração (PI);Regeneração;17133;1;Pequeno I;1251,321
220885;2208858;PI;22;2;Região Nordeste;Riacho Frio (PI);Riacho Frio;4165;1;Pequeno I;2220,598
220887;2208874;PI;22;2;Região Nordeste;Ribeira do Piauí (PI);Ribeira do Piauí;4055;1;Pequeno I;1012,479
220890;2208908;PI;22;2;Região Nordeste;Ribeiro Gonçalves (PI);Ribeiro Gonçalves;6164;1;Pequeno I;3987,147
220900;2209005;PI;22;2;Região Nordeste;Rio Grande do Piauí (PI);Rio Grande do Piauí;5801;1;Pequeno I;635,953
220910;2209104;PI;22;2;Região Nordeste;Santa Cruz do Piauí (PI);Santa Cruz do Piauí;5831;1;Pequeno I;582,658
220915;2209153;PI;22;2;Região Nordeste;Santa Cruz dos Milagres (PI);Santa Cruz Dos Milagres;3435;1;Pequeno I;978,547
220920;2209203;PI;22;2;Região Nordeste;Santa Filomena (PI);Santa Filomena;6087;1;Pequeno I;5293,693
220930;2209302;PI;22;2;Região Nordeste;Santa Luz (PI);Santa Luz;5336;1;Pequeno I;1185,398
220935;2209351;PI;22;2;Região Nordeste;Santana do Piauí (PI);Santana do Piauí;4125;1;Pequeno I;112,189
220937;2209377;PI;22;2;Região Nordeste;Santa Rosa do Piauí (PI);Santa Rosa do Piauí;4650;1;Pequeno I;338,336
220940;2209401;PI;22;2;Região Nordeste;Santo Antônio de Lisboa (PI);Santo Antônio de Lisboa;5839;1;Pequeno I;385,286
220945;2209450;PI;22;2;Região Nordeste;Santo Antônio dos Milagres (PI);Santo Antônio Dos Milagres;2138;1;Pequeno I;33,64
220950;2209500;PI;22;2;Região Nordeste;Santo Inácio do Piauí (PI);Santo Inácio do Piauí;3646;1;Pequeno I;852,106
220955;2209559;PI;22;2;Região Nordeste;São Braz do Piauí (PI);São Braz do Piauí;4358;1;Pequeno I;656,042
220960;2209609;PI;22;2;Região Nordeste;São Félix do Piauí (PI);São Félix do Piauí;2842;1;Pequeno I;627,033
220965;2209658;PI;22;2;Região Nordeste;São Francisco de Assis do Piauí (PI);São Francisco de Assis do Piauí;5572;1;Pequeno I;1072,311
220970;2209708;PI;22;2;Região Nordeste;São Francisco do Piauí (PI);São Francisco do Piauí;5392;1;Pequeno I;1341,451
220975;2209757;PI;22;2;Região Nordeste;São Gonçalo do Gurguéia (PI);São Gonçalo do Gurguéia;2947;1;Pequeno I;1385,255
220980;2209807;PI;22;2;Região Nordeste;São Gonçalo do Piauí (PI);São Gonçalo do Piauí;4837;1;Pequeno I;150,495
220985;2209856;PI;22;2;Região Nordeste;São João da Canabrava (PI);São João da Canabrava;4242;1;Pequeno I;480,537
220987;2209872;PI;22;2;Região Nordeste;São João da Fronteira (PI);São João da Fronteira;5522;1;Pequeno I;817,111
220990;2209906;PI;22;2;Região Nordeste;São João da Serra (PI);São João da Serra;6114;1;Pequeno I;994,224
220995;2209955;PI;22;2;Região Nordeste;São João da Varjota (PI);São João da Varjota;4383;1;Pequeno I;394,456
220997;2209971;PI;22;2;Região Nordeste;São João do Arraial (PI);São João do Arraial;8186;1;Pequeno I;213,377
221000;2210003;PI;22;2;Região Nordeste;São João do Piauí (PI);São João do Piauí;21421;2;Pequeno II;1527,497
221005;2210052;PI;22;2;Região Nordeste;São José do Divino (PI);São José do Divino;4841;1;Pequeno I;319,367
221010;2210102;PI;22;2;Região Nordeste;São José do Peixe (PI);São José do Peixe;3297;1;Pequeno I;1287,174
221020;2210201;PI;22;2;Região Nordeste;São José do Piauí (PI);São José do Piauí;6597;1;Pequeno I;373,347
221030;2210300;PI;22;2;Região Nordeste;São Julião (PI);São Julião;6025;1;Pequeno I;291,089
221035;2210359;PI;22;2;Região Nordeste;São Lourenço do Piauí (PI);São Lourenço do Piauí;4410;1;Pequeno I;673,822
221037;2210375;PI;22;2;Região Nordeste;São Luis do Piauí (PI);São Luis do Piauí;2309;1;Pequeno I;217,924
221038;2210383;PI;22;2;Região Nordeste;São Miguel da Baixa Grande (PI);São Miguel da Baixa Grande;2269;1;Pequeno I;444,528
221039;2210391;PI;22;2;Região Nordeste;São Miguel do Fidalgo (PI);São Miguel do Fidalgo;2829;1;Pequeno I;813,444
221040;2210409;PI;22;2;Região Nordeste;São Miguel do Tapuio (PI);São Miguel do Tapuio;17554;1;Pequeno I;4988,973
221050;2210508;PI;22;2;Região Nordeste;São Pedro do Piauí (PI);São Pedro do Piauí;13755;1;Pequeno I;518,288
221060;2210607;PI;22;2;Região Nordeste;São Raimundo Nonato (PI);São Raimundo Nonato;38934;2;Pequeno II;2415,287
221062;2210623;PI;22;2;Região Nordeste;Sebastião Barros (PI);Sebastião Barros;3202;1;Pequeno I;893,488
221063;2210631;PI;22;2;Região Nordeste;Sebastião Leal (PI);Sebastião Leal;4446;1;Pequeno I;3148,857
221065;2210656;PI;22;2;Região Nordeste;Sigefredo Pacheco (PI);Sigefredo Pacheco;9460;1;Pequeno I;1031,101
221070;2210706;PI;22;2;Região Nordeste;Simões (PI);Simões;14350;1;Pequeno I;1076,055
221080;2210805;PI;22;2;Região Nordeste;Simplício Mendes (PI);Simplício Mendes;13870;1;Pequeno I;1360,028
221090;2210904;PI;22;2;Região Nordeste;Socorro do Piauí (PI);Socorro do Piauí;4141;1;Pequeno I;761,854
221093;2210938;PI;22;2;Região Nordeste;Sussuapara (PI);Sussuapara;6220;1;Pequeno I;205,194
221095;2210953;PI;22;2;Região Nordeste;Tamboril do Piauí (PI);Tamboril do Piauí;2949;1;Pequeno I;1587,296
221097;2210979;PI;22;2;Região Nordeste;Tanque do Piauí (PI);Tanque do Piauí;2316;1;Pequeno I;398,007
221100;2211001;PI;22;2;Região Nordeste;Teresina (PI);Teresina;866300;4;Grande;1391,293
221110;2211100;PI;22;2;Região Nordeste;União (PI);União;46119;2;Pequeno II;1170,742
221120;2211209;PI;22;2;Região Nordeste;Uruçuí (PI);Uruçuí;25203;2;Pequeno II;8413,016
221130;2211308;PI;22;2;Região Nordeste;Valença do Piauí (PI);Valença do Piauí;22279;2;Pequeno II;1333,722
221135;2211357;PI;22;2;Região Nordeste;Várzea Branca (PI);Várzea Branca;5055;1;Pequeno I;450,429
221140;2211407;PI;22;2;Região Nordeste;Várzea Grande (PI);Várzea Grande;4417;1;Pequeno I;236,453
221150;2211506;PI;22;2;Região Nordeste;Vera Mendes (PI);Vera Mendes;3185;1;Pequeno I;341,974
221160;2211605;PI;22;2;Região Nordeste;Vila Nova do Piauí (PI);Vila Nova do Piauí;2935;1;Pequeno I;221,627
221170;2211704;PI;22;2;Região Nordeste;Wall Ferraz (PI);Wall Ferraz;4059;1;Pequeno I;270,427
230010;2300101;CE;23;2;Região Nordeste;Abaiara (CE);Abaiara;10038;1;Pequeno I;180,833
230015;2300150;CE;23;2;Região Nordeste;Acarape (CE);Acarapé;14027;1;Pequeno I;130,002
230020;2300200;CE;23;2;Região Nordeste;Acaraú (CE);Acaraú;65264;3;Médio;842,471
230030;2300309;CE;23;2;Região Nordeste;Acopiara (CE);Acopiara;44962;2;Pequeno II;2254,279
230040;2300408;CE;23;2;Região Nordeste;Aiuaba (CE);Aiuaba;14076;1;Pequeno I;2438,563
230050;2300507;CE;23;2;Região Nordeste;Alcântaras (CE);Alcântaras;11369;1;Pequeno I;135,76
230060;2300606;CE;23;2;Região Nordeste;Altaneira (CE);Altaneira;6782;1;Pequeno I;72,675
230070;2300705;CE;23;2;Região Nordeste;Alto Santo (CE);Alto Santo;14155;1;Pequeno I;1147,208
230075;2300754;CE;23;2;Região Nordeste;Amontada (CE);Amontada;42156;2;Pequeno II;1175,044
230080;2300804;CE;23;2;Região Nordeste;Antonina do Norte (CE);Antonina do Norte;7245;1;Pequeno I;259,706
230090;2300903;CE;23;2;Região Nordeste;Apuiarés (CE);Apuiarés;12928;1;Pequeno I;543,98
230100;2301000;CE;23;2;Região Nordeste;Aquiraz (CE);Aquiraz;80645;3;Médio;480,236
230110;2301109;CE;23;2;Região Nordeste;Aracati (CE);Aracati;75113;3;Médio;1227,197
230120;2301208;CE;23;2;Região Nordeste;Aracoiaba (CE);Aracoiaba;25553;2;Pequeno II;643,988
230125;2301257;CE;23;2;Região Nordeste;Ararendá (CE);Ararendá;11096;1;Pequeno I;342,301
230130;2301307;CE;23;2;Região Nordeste;Araripe (CE);Araripe;19783;1;Pequeno I;1097,339
230140;2301406;CE;23;2;Região Nordeste;Aratuba (CE);Aratuba;11224;1;Pequeno I;119,758
230150;2301505;CE;23;2;Região Nordeste;Arneiroz (CE);Arneiroz;7429;1;Pequeno I;1068,437
230160;2301604;CE;23;2;Região Nordeste;Assaré (CE);Assaré;21697;2;Pequeno II;1155,124
230170;2301703;CE;23;2;Região Nordeste;Aurora (CE);Aurora;23714;2;Pequeno II;885,87
230180;2301802;CE;23;2;Região Nordeste;Baixio (CE);Baixio;5704;1;Pequeno I;145,556
230185;2301851;CE;23;2;Região Nordeste;Banabuiú (CE);Banabuiú;17195;1;Pequeno I;1080,986
230190;2301901;CE;23;2;Região Nordeste;Barbalha (CE);Barbalha;75033;3;Médio;608,158
230195;2301950;CE;23;2;Região Nordeste;Barreira (CE);Barreira;22392;2;Pequeno II;260,003
230200;2302008;CE;23;2;Região Nordeste;Barro (CE);Barro;19381;1;Pequeno I;711,346
230205;2302057;CE;23;2;Região Nordeste;Barroquinha (CE);Barroquinha;14567;1;Pequeno I;385,583
230210;2302107;CE;23;2;Região Nordeste;Baturité (CE);Baturité;35218;2;Pequeno II;314,075
230220;2302206;CE;23;2;Região Nordeste;Beberibe (CE);Beberibe;53114;3;Médio;1596,751
230230;2302305;CE;23;2;Região Nordeste;Bela Cruz (CE);Bela Cruz;32775;2;Pequeno II;842,106
230240;2302404;CE;23;2;Região Nordeste;Boa Viagem (CE);Boa Viagem;50411;3;Médio;2835,037
230250;2302503;CE;23;2;Região Nordeste;Brejo Santo (CE);Brejo Santo;51090;3;Médio;654,658
230260;2302602;CE;23;2;Região Nordeste;Camocim (CE);Camocim;62326;3;Médio;1120,452
230270;2302701;CE;23;2;Região Nordeste;Campos Sales (CE);Campos Sales;25135;2;Pequeno II;1082,582
230280;2302800;CE;23;2;Região Nordeste;Canindé (CE);Canindé;74174;3;Médio;3032,39
230290;2302909;CE;23;2;Região Nordeste;Capistrano (CE);Capistrano;17254;1;Pequeno I;226,549
230300;2303006;CE;23;2;Região Nordeste;Caridade (CE);Caridade;16377;1;Pequeno I;926,271
230310;2303105;CE;23;2;Região Nordeste;Cariré (CE);Cariré;17632;1;Pequeno I;755,597
230320;2303204;CE;23;2;Região Nordeste;Caririaçu (CE);Caririaçu;26320;2;Pequeno II;634,179
230330;2303303;CE;23;2;Região Nordeste;Cariús (CE);Cariús;17015;1;Pequeno I;1036,417
230340;2303402;CE;23;2;Região Nordeste;Carnaubal (CE);Carnaubal;17210;1;Pequeno I;363,22
230350;2303501;CE;23;2;Região Nordeste;Cascavel (CE);Cascavel;72720;3;Médio;838,115
230360;2303600;CE;23;2;Região Nordeste;Catarina (CE);Catarina;10243;1;Pequeno I;488,153
230365;2303659;CE;23;2;Região Nordeste;Catunda (CE);Catunda;10444;1;Pequeno I;784,022
230370;2303709;CE;23;2;Região Nordeste;Caucaia (CE);Caucaia;355679;4;Grande;1223,246
230380;2303808;CE;23;2;Região Nordeste;Cedro (CE);Cedro;22344;2;Pequeno II;729,97
230390;2303907;CE;23;2;Região Nordeste;Chaval (CE);Chaval;12462;1;Pequeno I;237,248
230393;2303931;CE;23;2;Região Nordeste;Choró (CE);Choró;12113;1;Pequeno I;815,268
230395;2303956;CE;23;2;Região Nordeste;Chorozinho (CE);Chorozinho;20163;2;Pequeno II;296,431
230400;2304004;CE;23;2;Região Nordeste;Coreaú (CE);Coreaú;20953;2;Pequeno II;750,332
230410;2304103;CE;23;2;Região Nordeste;Crateús (CE);Crateús;76390;3;Médio;2981,459
230420;2304202;CE;23;2;Região Nordeste;Crato (CE);Crato;131050;4;Grande;1138,15
230423;2304236;CE;23;2;Região Nordeste;Croatá (CE);Croatá;17481;1;Pequeno I;696,348
230425;2304251;CE;23;2;Região Nordeste;Cruz (CE);Cruz;29761;2;Pequeno II;335,921
230426;2304269;CE;23;2;Região Nordeste;Deputado Irapuan Pinheiro (CE);Deputado Irapuan Pinheiro;8932;1;Pequeno I;471,134
230427;2304277;CE;23;2;Região Nordeste;Ereré (CE);Ererê;6474;1;Pequeno I;362,906
230428;2304285;CE;23;2;Região Nordeste;Eusébio (CE);Eusébio;74170;3;Médio;78,818
230430;2304301;CE;23;2;Região Nordeste;Farias Brito (CE);Farias Brito;18217;1;Pequeno I;530,54
230435;2304350;CE;23;2;Região Nordeste;Forquilha (CE);Forquilha;24173;2;Pequeno II;568,778
230440;2304400;CE;23;2;Região Nordeste;Fortaleza (CE);Fortaleza;2428708;5;Metrópole;312,353
230445;2304459;CE;23;2;Região Nordeste;Fortim (CE);Fortim;17294;1;Pequeno I;285,024
230450;2304509;CE;23;2;Região Nordeste;Frecheirinha (CE);Frecheirinha;15657;1;Pequeno I;210,284
230460;2304608;CE;23;2;Região Nordeste;General Sampaio (CE);General Sampaio;6734;1;Pequeno I;230,371
230465;2304657;CE;23;2;Região Nordeste;Graça (CE);Graça;13801;1;Pequeno I;258,942
230470;2304707;CE;23;2;Região Nordeste;Granja (CE);Granja;53344;3;Médio;2663,174
230480;2304806;CE;23;2;Região Nordeste;Granjeiro (CE);Granjeiro;4841;1;Pequeno I;111,528
230490;2304905;CE;23;2;Região Nordeste;Groaíras (CE);Groaíras;10910;1;Pequeno I;155,681
230495;2304954;CE;23;2;Região Nordeste;Guaiúba (CE);Guaiúba;24325;2;Pequeno II;256,053
230500;2305001;CE;23;2;Região Nordeste;Guaraciaba do Norte (CE);Guaraciaba do Norte;42053;2;Pequeno II;624,606
230510;2305100;CE;23;2;Região Nordeste;Guaramiranga (CE);Guaramiranga;5654;1;Pequeno I;90,817
230520;2305209;CE;23;2;Região Nordeste;Hidrolândia (CE);Hidrolândia;17855;1;Pequeno I;926,592
230523;2305233;CE;23;2;Região Nordeste;Horizonte (CE);Horizonte;74755;3;Médio;160,557
230526;2305266;CE;23;2;Região Nordeste;Ibaretama (CE);Ibaretama;11956;1;Pequeno I;879,255
230530;2305308;CE;23;2;Região Nordeste;Ibiapina (CE);Ibiapina;23965;2;Pequeno II;414,092
230533;2305332;CE;23;2;Região Nordeste;Ibicuitinga (CE);Ibicuitinga;11611;1;Pequeno I;423,856
230535;2305357;CE;23;2;Região Nordeste;Icapuí (CE);Icapuí;21433;2;Pequeno II;421,44
230540;2305407;CE;23;2;Região Nordeste;Icó (CE);Icó;62642;3;Médio;1865,862
230550;2305506;CE;23;2;Região Nordeste;Iguatu (CE);Iguatu;98064;3;Médio;992,208
230560;2305605;CE;23;2;Região Nordeste;Independência (CE);Independência;24024;2;Pequeno II;3222,381
230565;2305654;CE;23;2;Região Nordeste;Ipaporanga (CE);Ipaporanga;11575;1;Pequeno I;704,773
230570;2305704;CE;23;2;Região Nordeste;Ipaumirim (CE);Ipaumirim;12083;1;Pequeno I;276,508
230580;2305803;CE;23;2;Região Nordeste;Ipu (CE);Ipu;41081;2;Pequeno II;626,049
230590;2305902;CE;23;2;Região Nordeste;Ipueiras (CE);Ipueiras;36798;2;Pequeno II;1483,258
230600;2306009;CE;23;2;Região Nordeste;Iracema (CE);Iracema;14001;1;Pequeno I;839,174
230610;2306108;CE;23;2;Região Nordeste;Irauçuba (CE);Irauçuba;23915;2;Pequeno II;1466,412
230620;2306207;CE;23;2;Região Nordeste;Itaiçaba (CE);Itaiçaba;7536;1;Pequeno I;213,604
230625;2306256;CE;23;2;Região Nordeste;Itaitinga (CE);Itaitinga;64650;3;Médio;153,686
230630;2306306;CE;23;2;Região Nordeste;Itapajé (CE);Itapagé;46426;2;Pequeno II;432,188
230640;2306405;CE;23;2;Região Nordeste;Itapipoca (CE);Itapipoca;131123;4;Grande;1600,358
230650;2306504;CE;23;2;Região Nordeste;Itapiúna (CE);Itapiúna;17841;1;Pequeno I;593,231
230655;2306553;CE;23;2;Região Nordeste;Itarema (CE);Itarema;42957;2;Pequeno II;714,833
230660;2306603;CE;23;2;Região Nordeste;Itatira (CE);Itatira;20424;2;Pequeno II;829,626
230670;2306702;CE;23;2;Região Nordeste;Jaguaretama (CE);Jaguaretama;17232;1;Pequeno I;1826,826
230680;2306801;CE;23;2;Região Nordeste;Jaguaribara (CE);Jaguaribara;10356;1;Pequeno I;622,963
230690;2306900;CE;23;2;Região Nordeste;Jaguaribe (CE);Jaguaribe;33726;2;Pequeno II;1877,062
230700;2307007;CE;23;2;Região Nordeste;Jaguaruana (CE);Jaguaruana;31701;2;Pequeno II;854,362
230710;2307106;CE;23;2;Região Nordeste;Jardim (CE);Jardim;27411;2;Pequeno II;544,98
230720;2307205;CE;23;2;Região Nordeste;Jati (CE);Jati;7861;1;Pequeno I;368,359
230725;2307254;CE;23;2;Região Nordeste;Jijoca de Jericoacoara (CE);Jijoca de Jericoacoara;25555;2;Pequeno II;209,029
230730;2307304;CE;23;2;Região Nordeste;Juazeiro do Norte (CE);Juazeiro do Norte;286120;4;Grande;258,788
230740;2307403;CE;23;2;Região Nordeste;Jucás (CE);Jucás;23922;2;Pequeno II;940,336
230750;2307502;CE;23;2;Região Nordeste;Lavras da Mangabeira (CE);Lavras da Mangabeira;30802;2;Pequeno II;945,263
230760;2307601;CE;23;2;Região Nordeste;Limoeiro do Norte (CE);Limoeiro do Norte;59560;3;Médio;744,525
230763;2307635;CE;23;2;Região Nordeste;Madalena (CE);Madalena;16896;1;Pequeno I;997,781
230765;2307650;CE;23;2;Região Nordeste;Maracanaú (CE);Maracanaú;234509;4;Grande;105,071
230770;2307700;CE;23;2;Região Nordeste;Maranguape (CE);Maranguape;105093;4;Grande;583,505
230780;2307809;CE;23;2;Região Nordeste;Marco (CE);Marco;25799;2;Pequeno II;573,61
230790;2307908;CE;23;2;Região Nordeste;Martinópole (CE);Martinópole;10846;1;Pequeno I;303,445
230800;2308005;CE;23;2;Região Nordeste;Massapê (CE);Massapê;37697;2;Pequeno II;567,78
230810;2308104;CE;23;2;Região Nordeste;Mauriti (CE);Mauriti;45561;2;Pequeno II;1079,011
230820;2308203;CE;23;2;Região Nordeste;Meruoca (CE);Meruoca;15157;1;Pequeno I;151,651
230830;2308302;CE;23;2;Região Nordeste;Milagres (CE);Milagres;25900;2;Pequeno II;579,097
230835;2308351;CE;23;2;Região Nordeste;Milhã (CE);Milhã;14123;1;Pequeno I;502,137
230837;2308377;CE;23;2;Região Nordeste;Miraíma (CE);Miraíma;14196;1;Pequeno I;708,678
230840;2308401;CE;23;2;Região Nordeste;Missão Velha (CE);Missão Velha;36822;2;Pequeno II;613,317
230850;2308500;CE;23;2;Região Nordeste;Mombaça (CE);Mombaça;37735;2;Pequeno II;2115,748
230860;2308609;CE;23;2;Região Nordeste;Monsenhor Tabosa (CE);Monsenhor Tabosa;17149;1;Pequeno I;892,538
230870;2308708;CE;23;2;Região Nordeste;Morada Nova (CE);Morada Nova;61443;3;Médio;2763,971
230880;2308807;CE;23;2;Região Nordeste;Moraújo (CE);Moraújo;8254;1;Pequeno I;414,446
230890;2308906;CE;23;2;Região Nordeste;Morrinhos (CE);Morrinhos;22753;2;Pequeno II;411,586
230900;2309003;CE;23;2;Região Nordeste;Mucambo (CE);Mucambo;13666;1;Pequeno I;192,19
230910;2309102;CE;23;2;Região Nordeste;Mulungu (CE);Mulungu;10569;1;Pequeno I;97,951
230920;2309201;CE;23;2;Região Nordeste;Nova Olinda (CE);Nova Olinda;15399;1;Pequeno I;282,584
230930;2309300;CE;23;2;Região Nordeste;Nova Russas (CE);Nova Russas;30699;2;Pequeno II;736,911
230940;2309409;CE;23;2;Região Nordeste;Novo Oriente (CE);Novo Oriente;27545;2;Pequeno II;947,44
230945;2309458;CE;23;2;Região Nordeste;Ocara (CE);Ocara;24493;2;Pequeno II;763,075
230950;2309508;CE;23;2;Região Nordeste;Orós (CE);Orós;19675;1;Pequeno I;577,526
230960;2309607;CE;23;2;Região Nordeste;Pacajus (CE);Pacajus;70983;3;Médio;250,304
230970;2309706;CE;23;2;Região Nordeste;Pacatuba (CE);Pacatuba;81524;3;Médio;133,236
230980;2309805;CE;23;2;Região Nordeste;Pacoti (CE);Pacoti;11186;1;Pequeno I;112,433
230990;2309904;CE;23;2;Região Nordeste;Pacujá (CE);Pacujá;6175;1;Pequeno I;88,355
231000;2310001;CE;23;2;Região Nordeste;Palhano (CE);Palhano;9346;1;Pequeno I;436,98
231010;2310100;CE;23;2;Região Nordeste;Palmácia (CE);Palmácia;10242;1;Pequeno I;128,896
231020;2310209;CE;23;2;Região Nordeste;Paracuru (CE);Paracuru;38980;2;Pequeno II;304,734
231025;2310258;CE;23;2;Região Nordeste;Paraipaba (CE);Paraipaba;32216;2;Pequeno II;289,231
231030;2310308;CE;23;2;Região Nordeste;Parambu (CE);Parambu;31445;2;Pequeno II;2313,868
231040;2310407;CE;23;2;Região Nordeste;Paramoti (CE);Paramoti;10384;1;Pequeno I;539,238
231050;2310506;CE;23;2;Região Nordeste;Pedra Branca (CE);Pedra Branca;40187;2;Pequeno II;1302,081
231060;2310605;CE;23;2;Região Nordeste;Penaforte (CE);Penaforte;8972;1;Pequeno I;150,536
231070;2310704;CE;23;2;Região Nordeste;Pentecoste (CE);Pentecoste;37813;2;Pequeno II;1379,836
231080;2310803;CE;23;2;Região Nordeste;Pereiro (CE);Pereiro;15274;1;Pequeno I;435,868
231085;2310852;CE;23;2;Região Nordeste;Pindoretama (CE);Pindoretama;23391;2;Pequeno II;74,033
231090;2310902;CE;23;2;Região Nordeste;Piquet Carneiro (CE);Piquet Carneiro;16616;1;Pequeno I;589,601
231095;2310951;CE;23;2;Região Nordeste;Pires Ferreira (CE);Pires Ferreira;10606;1;Pequeno I;244,464
231100;2311009;CE;23;2;Região Nordeste;Poranga (CE);Poranga;12065;1;Pequeno I;1310,771
231110;2311108;CE;23;2;Região Nordeste;Porteiras (CE);Porteiras;17050;1;Pequeno I;224,86
231120;2311207;CE;23;2;Região Nordeste;Potengi (CE);Potengi;8833;1;Pequeno I;343,264
231123;2311231;CE;23;2;Região Nordeste;Potiretama (CE);Potiretama;5974;1;Pequeno I;409,137
231126;2311264;CE;23;2;Região Nordeste;Quiterianópolis (CE);Quiterianópolis;20213;2;Pequeno II;1041,832
231130;2311306;CE;23;2;Região Nordeste;Quixadá (CE);Quixadá;84168;3;Médio;2020,586
231135;2311355;CE;23;2;Região Nordeste;Quixelô (CE);Quixelô;15910;1;Pequeno I;605,345
231140;2311405;CE;23;2;Região Nordeste;Quixeramobim (CE);Quixeramobim;82177;3;Médio;3324,987
231150;2311504;CE;23;2;Região Nordeste;Quixeré (CE);Quixeré;20874;2;Pequeno II;613,099
231160;2311603;CE;23;2;Região Nordeste;Redenção (CE);Redenção;27214;2;Pequeno II;247,989
231170;2311702;CE;23;2;Região Nordeste;Reriutaba (CE);Reriutaba;18606;1;Pequeno I;372,949
231180;2311801;CE;23;2;Região Nordeste;Russas (CE);Russas;72928;3;Médio;1611,091
231190;2311900;CE;23;2;Região Nordeste;Saboeiro (CE);Saboeiro;13854;1;Pequeno I;1381,274
231195;2311959;CE;23;2;Região Nordeste;Salitre (CE);Salitre;16633;1;Pequeno I;806,253
231200;2312007;CE;23;2;Região Nordeste;Santana do Acaraú (CE);Santana do Acaraú;30628;2;Pequeno II;972,573
231210;2312106;CE;23;2;Região Nordeste;Santana do Cariri (CE);Santana do Cariri;16954;1;Pequeno I;855,165
231220;2312205;CE;23;2;Região Nordeste;Santa Quitéria (CE);Santa Quitéria;40183;2;Pequeno II;4262,293
231230;2312304;CE;23;2;Região Nordeste;São Benedito (CE);São Benedito;47640;2;Pequeno II;350,847
231240;2312403;CE;23;2;Região Nordeste;São Gonçalo do Amarante (CE);São Gonçalo do Amarante;54143;3;Médio;842,635
231250;2312502;CE;23;2;Região Nordeste;São João do Jaguaribe (CE);São João do Jaguaribe;5855;1;Pequeno I;279,451
231260;2312601;CE;23;2;Região Nordeste;São Luís do Curu (CE);São Luís do Curu;10822;1;Pequeno I;122,865
231270;2312700;CE;23;2;Região Nordeste;Senador Pompeu (CE);Senador Pompeu;24266;2;Pequeno II;956,882
231280;2312809;CE;23;2;Região Nordeste;Senador Sá (CE);Senador sá;7262;1;Pequeno I;424,642
231290;2312908;CE;23;2;Região Nordeste;Sobral (CE);Sobral;203023;4;Grande;2068,474
231300;2313005;CE;23;2;Região Nordeste;Solonópole (CE);Solonópole;18179;1;Pequeno I;1535,855
231310;2313104;CE;23;2;Região Nordeste;Tabuleiro do Norte (CE);Tabuleiro do Norte;30652;2;Pequeno II;1047,637
231320;2313203;CE;23;2;Região Nordeste;Tamboril (CE);Tamboril;24815;2;Pequeno II;2014,543
231325;2313252;CE;23;2;Região Nordeste;Tarrafas (CE);Tarrafas;7529;1;Pequeno I;412,719
231330;2313302;CE;23;2;Região Nordeste;Tauá (CE);Tauá;61227;3;Médio;4010,618
231335;2313351;CE;23;2;Região Nordeste;Tejuçuoca (CE);Tejuçuoca;17154;1;Pequeno I;758,707
231340;2313401;CE;23;2;Região Nordeste;Tianguá (CE);Tianguá;81506;3;Médio;909,853
231350;2313500;CE;23;2;Região Nordeste;Trairi (CE);Trairi;58415;3;Médio;928,725
231355;2313559;CE;23;2;Região Nordeste;Tururu (CE);Tururu;15412;1;Pequeno I;201,27
231360;2313609;CE;23;2;Região Nordeste;Ubajara (CE);Ubajara;32767;2;Pequeno II;423,673
231370;2313708;CE;23;2;Região Nordeste;Umari (CE);Umari;6871;1;Pequeno I;263,183
231375;2313757;CE;23;2;Região Nordeste;Umirim (CE);Umirim;17470;1;Pequeno I;315,648
231380;2313807;CE;23;2;Região Nordeste;Uruburetama (CE);Uruburetama;20189;2;Pequeno II;99,4
231390;2313906;CE;23;2;Região Nordeste;Uruoca (CE);Uruoca;13746;1;Pequeno I;697,683
231395;2313955;CE;23;2;Região Nordeste;Varjota (CE);Varjota;18105;1;Pequeno I;179,239
231400;2314003;CE;23;2;Região Nordeste;Várzea Alegre (CE);Várzea Alegre;38984;2;Pequeno II;829,976
231410;2314102;CE;23;2;Região Nordeste;Viçosa do Ceará (CE);Viçosa do Ceará;59712;3;Médio;1310,91
240010;2400109;RN;24;2;Região Nordeste;Acari (RN);Acari;10597;1;Pequeno I;608,466
240020;2400208;RN;24;2;Região Nordeste;Açu (RN);Açu;56496;3;Médio;1303,442
240030;2400307;RN;24;2;Região Nordeste;Afonso Bezerra (RN);Afonso Bezerra;10839;1;Pequeno I;576,179
240040;2400406;RN;24;2;Região Nordeste;Água Nova (RN);Água Nova;2946;1;Pequeno I;50,684
240050;2400505;RN;24;2;Região Nordeste;Alexandria (RN);Alexandria;13640;1;Pequeno I;381,205
240060;2400604;RN;24;2;Região Nordeste;Almino Afonso (RN);Almino Afonso;4687;1;Pequeno I;128,038
240070;2400703;RN;24;2;Região Nordeste;Alto do Rodrigues (RN);Alto do Rodrigues;12484;1;Pequeno I;191,334
240080;2400802;RN;24;2;Região Nordeste;Angicos (RN);Angicos;11632;1;Pequeno I;741,582
240090;2400901;RN;24;2;Região Nordeste;Antônio Martins (RN);Antônio Martins;6577;1;Pequeno I;244,897
240100;2401008;RN;24;2;Região Nordeste;Apodi (RN);Apodi;36093;2;Pequeno II;1602,477
240110;2401107;RN;24;2;Região Nordeste;Areia Branca (RN);Areia Branca;24093;2;Pequeno II;342,749
240120;2401206;RN;24;2;Região Nordeste;Arês (RN);Arês;13251;1;Pequeno I;115,407
240130;2401305;RN;24;2;Região Nordeste;Campo Grande (RN);Augusto Severo;9730;1;Pequeno I;890,89
240140;2401404;RN;24;2;Região Nordeste;Baía Formosa (RN);Baía Formosa;8825;1;Pequeno I;247,484
240145;2401453;RN;24;2;Região Nordeste;Baraúna (RN);Baraúna;26913;2;Pequeno II;825,681
240150;2401503;RN;24;2;Região Nordeste;Barcelona (RN);Barcelona;3986;1;Pequeno I;152,626
240160;2401602;RN;24;2;Região Nordeste;Bento Fernandes (RN);Bento Fernandes;4807;1;Pequeno I;301,069
240165;2401651;RN;24;2;Região Nordeste;Bodó (RN);Bodó;2306;1;Pequeno I;253,519
240170;2401701;RN;24;2;Região Nordeste;Bom Jesus (RN);Bom Jesus;9952;1;Pequeno I;122,035
240180;2401800;RN;24;2;Região Nordeste;Brejinho (RN);Brejinho;12202;1;Pequeno I;61,559
240185;2401859;RN;24;2;Região Nordeste;Caiçara do Norte (RN);Caiçara do Norte;6293;1;Pequeno I;225,633
240190;2401909;RN;24;2;Região Nordeste;Caiçara do Rio do Vento (RN);Caiçara do Rio do Vento;3268;1;Pequeno I;261,194
240200;2402006;RN;24;2;Região Nordeste;Caicó (RN);Caicó;61146;3;Médio;1228,584
240210;2402105;RN;24;2;Região Nordeste;Campo Redondo (RN);Campo Redondo;10215;1;Pequeno I;213,727
240220;2402204;RN;24;2;Região Nordeste;Canguaretama (RN);Canguaretama;29668;2;Pequeno II;245,485
240230;2402303;RN;24;2;Região Nordeste;Caraúbas (RN);Caraúbas;19727;1;Pequeno I;1095,803
240240;2402402;RN;24;2;Região Nordeste;Carnaúba dos Dantas (RN);Carnaúba Dos Dantas;7992;1;Pequeno I;246,308
240250;2402501;RN;24;2;Região Nordeste;Carnaubais (RN);Carnaubais;9714;1;Pequeno I;517,737
240260;2402600;RN;24;2;Região Nordeste;Ceará-Mirim (RN);Ceará-mirim;79115;3;Médio;724,838
240270;2402709;RN;24;2;Região Nordeste;Cerro Corá (RN);Cerro Corá;11000;1;Pequeno I;393,573
240280;2402808;RN;24;2;Região Nordeste;Coronel Ezequiel (RN);Coronel Ezequiel;5117;1;Pequeno I;185,748
240290;2402907;RN;24;2;Região Nordeste;Coronel João Pessoa (RN);Coronel João Pessoa;4237;1;Pequeno I;117,139
240300;2403004;RN;24;2;Região Nordeste;Cruzeta (RN);Cruzeta;8005;1;Pequeno I;295,83
240310;2403103;RN;24;2;Região Nordeste;Currais Novos (RN);Currais Novos;41313;2;Pequeno II;864,349
240320;2403202;RN;24;2;Região Nordeste;Doutor Severiano (RN);Doutor Severiano;7044;1;Pequeno I;113,737
240325;2403251;RN;24;2;Região Nordeste;Parnamirim (RN);Parnamirim;252716;4;Grande;124,006
240330;2403301;RN;24;2;Região Nordeste;Encanto (RN);Encanto;6016;1;Pequeno I;125,749
240340;2403400;RN;24;2;Região Nordeste;Equador (RN);Equador;5360;1;Pequeno I;264,985
240350;2403509;RN;24;2;Região Nordeste;Espírito Santo (RN);Espírito Santo;10620;1;Pequeno I;135,838
240360;2403608;RN;24;2;Região Nordeste;Extremoz (RN);Extremoz;61635;3;Médio;140,639
240370;2403707;RN;24;2;Região Nordeste;Felipe Guerra (RN);Felipe Guerra;5944;1;Pequeno I;268,591
240375;2403756;RN;24;2;Região Nordeste;Fernando Pedroza (RN);Fernando Pedroza;2938;1;Pequeno I;322,628
240380;2403806;RN;24;2;Região Nordeste;Florânia (RN);Florânia;10196;1;Pequeno I;507,892
240390;2403905;RN;24;2;Região Nordeste;Francisco Dantas (RN);Francisco Dantas;2700;1;Pequeno I;181,558
240400;2404002;RN;24;2;Região Nordeste;Frutuoso Gomes (RN);Frutuoso Gomes;4122;1;Pequeno I;63,279
240410;2404101;RN;24;2;Região Nordeste;Galinhos (RN);Galinhos;2104;1;Pequeno I;340,769
240420;2404200;RN;24;2;Região Nordeste;Goianinha (RN);Goianinha;26741;2;Pequeno II;192,279
240430;2404309;RN;24;2;Região Nordeste;Governador Dix-Sept Rosado (RN);Governador Dix-sept Rosado;11938;1;Pequeno I;1129,55
240440;2404408;RN;24;2;Região Nordeste;Grossos (RN);Grossos;9924;1;Pequeno I;124,538
240450;2404507;RN;24;2;Região Nordeste;Guamaré (RN);Guamaré;15295;1;Pequeno I;258,307
240460;2404606;RN;24;2;Região Nordeste;Ielmo Marinho (RN);Ielmo Marinho;11615;1;Pequeno I;312,028
240470;2404705;RN;24;2;Região Nordeste;Ipanguaçu (RN);Ipanguaçu;14131;1;Pequeno I;374,245
240480;2404804;RN;24;2;Região Nordeste;Ipueira (RN);Ipueira;2035;1;Pequeno I;127,348
240485;2404853;RN;24;2;Região Nordeste;Itajá (RN);Itajá;7292;1;Pequeno I;203,624
240490;2404903;RN;24;2;Região Nordeste;Itaú (RN);Itaú;5320;1;Pequeno I;133,031
240500;2405009;RN;24;2;Região Nordeste;Jaçanã (RN);Jaçanã;7834;1;Pequeno I;54,561
240510;2405108;RN;24;2;Região Nordeste;Jandaíra (RN);Jandaíra;6562;1;Pequeno I;442,754
240520;2405207;RN;24;2;Região Nordeste;Janduís (RN);Janduís;4746;1;Pequeno I;303,448
240530;2405306;RN;24;2;Região Nordeste;Januário Cicco (RN);Januário Cicco;9051;1;Pequeno I;170,737
240540;2405405;RN;24;2;Região Nordeste;Japi (RN);Japi;5117;1;Pequeno I;188,99
240550;2405504;RN;24;2;Região Nordeste;Jardim de Angicos (RN);Jardim de Angicos;2437;1;Pequeno I;254,022
240560;2405603;RN;24;2;Região Nordeste;Jardim de Piranhas (RN);Jardim de Piranhas;13977;1;Pequeno I;330,53
240570;2405702;RN;24;2;Região Nordeste;Jardim do Seridó (RN);Jardim do Seridó;11655;1;Pequeno I;367,645
240580;2405801;RN;24;2;Região Nordeste;João Câmara (RN);João Câmara;33290;2;Pequeno II;714,961
240590;2405900;RN;24;2;Região Nordeste;João Dias (RN);João Dias;2076;1;Pequeno I;88,173
240600;2406007;RN;24;2;Região Nordeste;José da Penha (RN);José da Penha;5803;1;Pequeno I;117,635
240610;2406106;RN;24;2;Região Nordeste;Jucurutu (RN);Jucurutu;17793;1;Pequeno I;933,73
240615;2406155;RN;24;2;Região Nordeste;Jundiá (RN);Jundiá;3739;1;Pequeno I;44,641
240620;2406205;RN;24;2;Região Nordeste;Lagoa d'Anta (RN);Lagoa D´anta;6654;1;Pequeno I;105,652
240630;2406304;RN;24;2;Região Nordeste;Lagoa de Pedras (RN);Lagoa de Pedras;7338;1;Pequeno I;117,971
240640;2406403;RN;24;2;Região Nordeste;Lagoa de Velhos (RN);Lagoa de Velhos;2567;1;Pequeno I;111,607
240650;2406502;RN;24;2;Região Nordeste;Lagoa Nova (RN);Lagoa Nova;15573;1;Pequeno I;176,302
240660;2406601;RN;24;2;Região Nordeste;Lagoa Salgada (RN);Lagoa Salgada;8319;1;Pequeno I;79,128
240670;2406700;RN;24;2;Região Nordeste;Lajes (RN);Lajes;9866;1;Pequeno I;676,625
240680;2406809;RN;24;2;Região Nordeste;Lajes Pintadas (RN);Lajes Pintadas;4787;1;Pequeno I;130,211
240690;2406908;RN;24;2;Região Nordeste;Lucrécia (RN);Lucrécia;3490;1;Pequeno I;30,931
240700;2407005;RN;24;2;Região Nordeste;Luís Gomes (RN);Luís Gomes;9070;1;Pequeno I;166,638
240710;2407104;RN;24;2;Região Nordeste;Macaíba (RN);Macaíba;82249;3;Médio;510,092
240720;2407203;RN;24;2;Região Nordeste;Macau (RN);Macau;27369;2;Pequeno II;775,302
240725;2407252;RN;24;2;Região Nordeste;Major Sales (RN);Major Sales;3924;1;Pequeno I;31,971
240730;2407302;RN;24;2;Região Nordeste;Marcelino Vieira (RN);Marcelino Vieira;7896;1;Pequeno I;345,711
240740;2407401;RN;24;2;Região Nordeste;Martins (RN);Martins;8179;1;Pequeno I;169,464
240750;2407500;RN;24;2;Região Nordeste;Maxaranguape (RN);Maxaranguape;10255;1;Pequeno I;132,129
240760;2407609;RN;24;2;Região Nordeste;Messias Targino (RN);Messias Targino;4274;1;Pequeno I;142,608
240770;2407708;RN;24;2;Região Nordeste;Montanhas (RN);Montanhas;11444;1;Pequeno I;82,214
240780;2407807;RN;24;2;Região Nordeste;Monte Alegre (RN);Monte Alegre;23031;2;Pequeno II;211,259
240790;2407906;RN;24;2;Região Nordeste;Monte das Gameleiras (RN);Monte Das Gameleiras;2276;1;Pequeno I;71,946
240800;2408003;RN;24;2;Região Nordeste;Mossoró (RN);Mossoró;264577;4;Grande;2099,334
240810;2408102;RN;24;2;Região Nordeste;Natal (RN);Natal;751300;4;Grande;167,401
240820;2408201;RN;24;2;Região Nordeste;Nísia Floresta (RN);Nísia Floresta;31942;2;Pequeno II;307,719
240830;2408300;RN;24;2;Região Nordeste;Nova Cruz (RN);Nova Cruz;34269;2;Pequeno II;277,658
240840;2408409;RN;24;2;Região Nordeste;Olho d'Água do Borges (RN);Olho-d´água do Borges;3905;1;Pequeno I;141,17
240850;2408508;RN;24;2;Região Nordeste;Ouro Branco (RN);Ouro Branco;4913;1;Pequeno I;253,21
240860;2408607;RN;24;2;Região Nordeste;Paraná (RN);Paraná;3934;1;Pequeno I;81,39
240870;2408706;RN;24;2;Região Nordeste;Paraú (RN);Paraú;3579;1;Pequeno I;383,214
240880;2408805;RN;24;2;Região Nordeste;Parazinho (RN);Parazinho;4801;1;Pequeno I;231,007
240890;2408904;RN;24;2;Região Nordeste;Parelhas (RN);Parelhas;21499;2;Pequeno II;513,507
240895;2408953;RN;24;2;Região Nordeste;Rio do Fogo (RN);Rio do Fogo;10351;1;Pequeno I;151,097
240910;2409100;RN;24;2;Região Nordeste;Passa e Fica (RN);Passa e Fica;10896;1;Pequeno I;42,137
240920;2409209;RN;24;2;Região Nordeste;Passagem (RN);Passagem;3115;1;Pequeno I;41,215
240930;2409308;RN;24;2;Região Nordeste;Patu (RN);Patu;11007;1;Pequeno I;319,135
240933;2409332;RN;24;2;Região Nordeste;Santa Maria (RN);Santa Maria;4847;1;Pequeno I;219,57
240940;2409407;RN;24;2;Região Nordeste;Pau dos Ferros (RN);Pau Dos Ferros;30479;2;Pequeno II;259,959
240950;2409506;RN;24;2;Região Nordeste;Pedra Grande (RN);Pedra Grande;3618;1;Pequeno I;221,167
240960;2409605;RN;24;2;Região Nordeste;Pedra Preta (RN);Pedra Preta;2441;1;Pequeno I;294,985
240970;2409704;RN;24;2;Região Nordeste;Pedro Avelino (RN);Pedro Avelino;6242;1;Pequeno I;952,755
240980;2409803;RN;24;2;Região Nordeste;Pedro Velho (RN);Pedro Velho;13824;1;Pequeno I;192,708
240990;2409902;RN;24;2;Região Nordeste;Pendências (RN);Pendências;12278;1;Pequeno I;419,137
241000;2410009;RN;24;2;Região Nordeste;Pilões (RN);Pilões;2965;1;Pequeno I;82,69
241010;2410108;RN;24;2;Região Nordeste;Poço Branco (RN);Poço Branco;12390;1;Pequeno I;230,401
241020;2410207;RN;24;2;Região Nordeste;Portalegre (RN);Portalegre;7601;1;Pequeno I;110,054
241025;2410256;RN;24;2;Região Nordeste;Porto do Mangue (RN);Porto do Mangue;5228;1;Pequeno I;361,237
241030;2410306;RN;24;2;Região Nordeste;Serra Caiada (RN);Presidente Juscelino;10125;1;Pequeno I;217,539
241040;2410405;RN;24;2;Região Nordeste;Pureza (RN);Pureza;9362;1;Pequeno I;504,294
241050;2410504;RN;24;2;Região Nordeste;Rafael Fernandes (RN);Rafael Fernandes;5432;1;Pequeno I;78,231
241060;2410603;RN;24;2;Região Nordeste;Rafael Godeiro (RN);Rafael Godeiro;2934;1;Pequeno I;100,073
241070;2410702;RN;24;2;Região Nordeste;Riacho da Cruz (RN);Riacho da Cruz;2701;1;Pequeno I;127,223
241080;2410801;RN;24;2;Região Nordeste;Riacho de Santana (RN);Riacho de Santana;4127;1;Pequeno I;128,106
241090;2410900;RN;24;2;Região Nordeste;Riachuelo (RN);Riachuelo;7389;1;Pequeno I;262,887
241100;2411007;RN;24;2;Região Nordeste;Rodolfo Fernandes (RN);Rodolfo Fernandes;4242;1;Pequeno I;154,84
241105;2411056;RN;24;2;Região Nordeste;Tibau (RN);Tibau;5382;1;Pequeno I;169,365
241110;2411106;RN;24;2;Região Nordeste;Ruy Barbosa (RN);Ruy Barbosa;3206;1;Pequeno I;125,809
241120;2411205;RN;24;2;Região Nordeste;Santa Cruz (RN);Santa Cruz;37313;2;Pequeno II;624,356
241140;2411403;RN;24;2;Região Nordeste;Santana do Matos (RN);Santana do Matos;12456;1;Pequeno I;1422,268
241142;2411429;RN;24;2;Região Nordeste;Santana do Seridó (RN);Santana do Seridó;2696;1;Pequeno I;188,403
241150;2411502;RN;24;2;Região Nordeste;Santo Antônio (RN);Santo Antônio;22177;2;Pequeno II;301,082
241160;2411601;RN;24;2;Região Nordeste;São Bento do Norte (RN);São Bento do Norte;3304;1;Pequeno I;288,761
241170;2411700;RN;24;2;Região Nordeste;São Bento do Trairí (RN);São Bento do Trairí;3792;1;Pequeno I;190,818
241180;2411809;RN;24;2;Região Nordeste;São Fernando (RN);São Fernando;3492;1;Pequeno I;404,427
241190;2411908;RN;24;2;Região Nordeste;São Francisco do Oeste (RN);São Francisco do Oeste;4161;1;Pequeno I;75,588
241200;2412005;RN;24;2;Região Nordeste;São Gonçalo do Amarante (RN);São Gonçalo do Amarante;115838;4;Grande;249,8
241210;2412104;RN;24;2;Região Nordeste;São João do Sabugi (RN);São João do Sabugi;5956;1;Pequeno I;277,011
241220;2412203;RN;24;2;Região Nordeste;São José de Mipibu (RN);São José de Mipibu;47286;2;Pequeno II;289,987
241230;2412302;RN;24;2;Região Nordeste;São José do Campestre (RN);São José do Campestre;11121;1;Pequeno I;341,115
241240;2412401;RN;24;2;Região Nordeste;São José do Seridó (RN);São José do Seridó;4558;1;Pequeno I;174,505
241250;2412500;RN;24;2;Região Nordeste;São Miguel (RN);São Miguel;23537;2;Pequeno II;166,233
241255;2412559;RN;24;2;Região Nordeste;São Miguel do Gostoso (RN);São Miguel do Gostoso;10221;1;Pequeno I;431,444
241260;2412609;RN;24;2;Região Nordeste;São Paulo do Potengi (RN);São Paulo do Potengi;16786;1;Pequeno I;240,425
241270;2412708;RN;24;2;Região Nordeste;São Pedro (RN);São Pedro;5776;1;Pequeno I;195,237
241280;2412807;RN;24;2;Região Nordeste;São Rafael (RN);São Rafael;7711;1;Pequeno I;469,101
241290;2412906;RN;24;2;Região Nordeste;São Tomé (RN);São Tomé;9972;1;Pequeno I;862,585
241300;2413003;RN;24;2;Região Nordeste;São Vicente (RN);São Vicente;6310;1;Pequeno I;197,817
241310;2413102;RN;24;2;Região Nordeste;Senador Elói de Souza (RN);Senador Elói de Souza;5965;1;Pequeno I;152,376
241320;2413201;RN;24;2;Região Nordeste;Senador Georgino Avelino (RN);Senador Georgino Avelino;4065;1;Pequeno I;26,1
241330;2413300;RN;24;2;Região Nordeste;Serra de São Bento (RN);Serra de São Bento;5703;1;Pequeno I;96,628
241335;2413359;RN;24;2;Região Nordeste;Serra do Mel (RN);Serra do Mel;13091;1;Pequeno I;620,241
241340;2413409;RN;24;2;Região Nordeste;Serra Negra do Norte (RN);Serra Negra do Norte;7597;1;Pequeno I;562,396
241350;2413508;RN;24;2;Região Nordeste;Serrinha (RN);Serrinha;6436;1;Pequeno I;193,351
241355;2413557;RN;24;2;Região Nordeste;Serrinha dos Pintos (RN);Serrinha Dos Pintos;4659;1;Pequeno I;122,375
241360;2413607;RN;24;2;Região Nordeste;Severiano Melo (RN);Severiano Melo;5487;1;Pequeno I;157,85
241370;2413706;RN;24;2;Região Nordeste;Sítio Novo (RN);Sítio Novo;4654;1;Pequeno I;213,456
241380;2413805;RN;24;2;Região Nordeste;Taboleiro Grande (RN);Taboleiro Grande;2338;1;Pequeno I;124,093
241390;2413904;RN;24;2;Região Nordeste;Taipu (RN);Taipu;11422;1;Pequeno I;352,818
241400;2414001;RN;24;2;Região Nordeste;Tangará (RN);Tangará;13281;1;Pequeno I;339,484
241410;2414100;RN;24;2;Região Nordeste;Tenente Ananias (RN);Tenente Ananias;10262;1;Pequeno I;223,671
241415;2414159;RN;24;2;Região Nordeste;Tenente Laurentino Cruz (RN);Tenente Laurentino Cruz;5891;1;Pequeno I;68,556
241420;2414209;RN;24;2;Região Nordeste;Tibau do Sul (RN);Tibau do Sul;16929;1;Pequeno I;102,68
241430;2414308;RN;24;2;Região Nordeste;Timbaúba dos Batistas (RN);Timbaúba Dos Batistas;2348;1;Pequeno I;135,456
241440;2414407;RN;24;2;Região Nordeste;Touros (RN);Touros;33035;2;Pequeno II;753,961
241445;2414456;RN;24;2;Região Nordeste;Triunfo Potiguar (RN);Triunfo Potiguar;3376;1;Pequeno I;268,725
241450;2414506;RN;24;2;Região Nordeste;Umarizal (RN);Umarizal;10078;1;Pequeno I;213,584
241460;2414605;RN;24;2;Região Nordeste;Upanema (RN);Upanema;13577;1;Pequeno I;873,14
241470;2414704;RN;24;2;Região Nordeste;Várzea (RN);Várzea;5233;1;Pequeno I;72,684
241475;2414753;RN;24;2;Região Nordeste;Venha-Ver (RN);Venha-ver;3014;1;Pequeno I;71,621
241480;2414803;RN;24;2;Região Nordeste;Vera Cruz (RN);Vera Cruz;10735;1;Pequeno I;84,127
241490;2414902;RN;24;2;Região Nordeste;Viçosa (RN);Viçosa;1822;1;Pequeno I;37,905
241500;2415008;RN;24;2;Região Nordeste;Vila Flor (RN);Vila Flor;3174;1;Pequeno I;47,656
250010;2500106;PB;25;2;Região Nordeste;Água Branca (PB);Água Branca;9335;1;Pequeno I;241,662
250020;2500205;PB;25;2;Região Nordeste;Aguiar (PB);Aguiar;5003;1;Pequeno I;351,607
250030;2500304;PB;25;2;Região Nordeste;Alagoa Grande (PB);Alagoa Grande;26062;2;Pequeno II;322,071
250040;2500403;PB;25;2;Região Nordeste;Alagoa Nova (PB);Alagoa Nova;21013;2;Pequeno II;128,23
250050;2500502;PB;25;2;Região Nordeste;Alagoinha (PB);Alagoinha;13725;1;Pequeno I;111,361
250053;2500536;PB;25;2;Região Nordeste;Alcantil (PB);Alcantil;5578;1;Pequeno I;309,896
250057;2500577;PB;25;2;Região Nordeste;Algodão de Jandaíra (PB);Algodão de Jandaíra;2953;1;Pequeno I;222,74
250060;2500601;PB;25;2;Região Nordeste;Alhandra (PB);Alhandra;21730;2;Pequeno II;183,974
250070;2500700;PB;25;2;Região Nordeste;São João do Rio do Peixe (PB);São João do Rio do Peixe;17964;1;Pequeno I;476,238
250073;2500734;PB;25;2;Região Nordeste;Amparo (PB);Amparo;2234;1;Pequeno I;122,094
250077;2500775;PB;25;2;Região Nordeste;Aparecida (PB);Aparecida;7960;1;Pequeno I;291,478
250080;2500809;PB;25;2;Região Nordeste;Araçagi (PB);Araçagi;16646;1;Pequeno I;232,177
250090;2500908;PB;25;2;Região Nordeste;Arara (PB);Arara;12212;1;Pequeno I;91,306
250100;2501005;PB;25;2;Região Nordeste;Araruna (PB);Araruna;17189;1;Pequeno I;246,717
250110;2501104;PB;25;2;Região Nordeste;Areia (PB);Areia;22633;2;Pequeno II;269,13
250115;2501153;PB;25;2;Região Nordeste;Areia de Baraúnas (PB);Areia de Baraúnas;2005;1;Pequeno I;114,078
250120;2501203;PB;25;2;Região Nordeste;Areial (PB);Areial;7128;1;Pequeno I;35,81
250130;2501302;PB;25;2;Região Nordeste;Aroeiras (PB);Aroeiras;18705;1;Pequeno I;376,118
250135;2501351;PB;25;2;Região Nordeste;Assunção (PB);Assunção;4152;1;Pequeno I;132,139
250140;2501401;PB;25;2;Região Nordeste;Baía da Traição (PB);Baía da Traição;9224;1;Pequeno I;102,756
250150;2501500;PB;25;2;Região Nordeste;Bananeiras (PB);Bananeiras;23134;2;Pequeno II;255,641
250153;2501534;PB;25;2;Região Nordeste;Baraúna (PB);Baraúna;4762;1;Pequeno I;50,03
250157;2501575;PB;25;2;Região Nordeste;Barra de Santana (PB);Barra de Santana;8059;1;Pequeno I;375,177
250160;2501609;PB;25;2;Região Nordeste;Barra de Santa Rosa (PB);Barra de Santa Rosa;12904;1;Pequeno I;781,187
250170;2501708;PB;25;2;Região Nordeste;Barra de São Miguel (PB);Barra de São Miguel;5906;1;Pequeno I;609,697
250180;2501807;PB;25;2;Região Nordeste;Bayeux (PB);Bayeux;82742;3;Médio;27,705
250190;2501906;PB;25;2;Região Nordeste;Belém (PB);Belém;16401;1;Pequeno I;99,609
250200;2502003;PB;25;2;Região Nordeste;Belém do Brejo do Cruz (PB);Belém do Brejo do Cruz;6268;1;Pequeno I;601,549
250205;2502052;PB;25;2;Região Nordeste;Bernardino Batista (PB);Bernardino Batista;3504;1;Pequeno I;57,453
250210;2502102;PB;25;2;Região Nordeste;Boa Ventura (PB);Boa Ventura;5207;1;Pequeno I;168,664
250215;2502151;PB;25;2;Região Nordeste;Boa Vista (PB);Boa Vista;6377;1;Pequeno I;468,933
250220;2502201;PB;25;2;Região Nordeste;Bom Jesus (PB);Bom Jesus;2286;1;Pequeno I;47,367
250230;2502300;PB;25;2;Região Nordeste;Bom Sucesso (PB);Bom Sucesso;4661;1;Pequeno I;186,059
250240;2502409;PB;25;2;Região Nordeste;Bonito de Santa Fé (PB);Bonito de Santa fé;10252;1;Pequeno I;226,798
250250;2502508;PB;25;2;Região Nordeste;Boqueirão (PB);Boqueirão;17598;1;Pequeno I;373,077
250260;2502607;PB;25;2;Região Nordeste;Igaracy (PB);Igaracy;5648;1;Pequeno I;197,058
250270;2502706;PB;25;2;Região Nordeste;Borborema (PB);Borborema;4214;1;Pequeno I;26,107
250280;2502805;PB;25;2;Região Nordeste;Brejo do Cruz (PB);Brejo do Cruz;13613;1;Pequeno I;401,315
250290;2502904;PB;25;2;Região Nordeste;Brejo dos Santos (PB);Brejo Dos Santos;5742;1;Pequeno I;93,857
250300;2503001;PB;25;2;Região Nordeste;Caaporã (PB);Caaporã;21193;2;Pequeno II;151,018
250310;2503100;PB;25;2;Região Nordeste;Cabaceiras (PB);Cabaceiras;5335;1;Pequeno I;469,171
250320;2503209;PB;25;2;Região Nordeste;Cabedelo (PB);Cabedelo;66519;3;Médio;29,873
250330;2503308;PB;25;2;Região Nordeste;Cachoeira dos Índios (PB);Cachoeira Dos Índios;9151;1;Pequeno I;193,215
250340;2503407;PB;25;2;Região Nordeste;Cacimba de Areia (PB);Cacimba de Areia;3291;1;Pequeno I;213,018
250350;2503506;PB;25;2;Região Nordeste;Cacimba de Dentro (PB);Cacimba de Dentro;16064;1;Pequeno I;165,072
250355;2503555;PB;25;2;Região Nordeste;Cacimbas (PB);Cacimbas;7223;1;Pequeno I;124,068
250360;2503605;PB;25;2;Região Nordeste;Caiçara (PB);Caiçara;6602;1;Pequeno I;123,677
250370;2503704;PB;25;2;Região Nordeste;Cajazeiras (PB);Cajazeiras;63239;3;Médio;562,703
250375;2503753;PB;25;2;Região Nordeste;Cajazeirinhas (PB);Cajazeirinhas;2740;1;Pequeno I;282,693
250380;2503803;PB;25;2;Região Nordeste;Caldas Brandão (PB);Caldas Brandão;5753;1;Pequeno I;55,963
250390;2503902;PB;25;2;Região Nordeste;Camalaú (PB);Camalaú;6085;1;Pequeno I;541,841
250400;2504009;PB;25;2;Região Nordeste;Campina Grande (PB);Campina Grande;419379;4;Grande;591,658
250403;2504033;PB;25;2;Região Nordeste;Capim (PB);Capim;6970;1;Pequeno I;79,876
250407;2504074;PB;25;2;Região Nordeste;Caraúbas (PB);Caraúbas;3944;1;Pequeno I;486,622
250410;2504108;PB;25;2;Região Nordeste;Carrapateira (PB);Carrapateira;2312;1;Pequeno I;59,07
250415;2504157;PB;25;2;Região Nordeste;Casserengue (PB);Casserengue;6889;1;Pequeno I;202,761
250420;2504207;PB;25;2;Região Nordeste;Catingueira (PB);Catingueira;4491;1;Pequeno I;527,424
250430;2504306;PB;25;2;Região Nordeste;Catolé do Rocha (PB);Catolé do Rocha;30661;2;Pequeno II;551,765
250435;2504355;PB;25;2;Região Nordeste;Caturité (PB);Caturité;5254;1;Pequeno I;117,823
250440;2504405;PB;25;2;Região Nordeste;Conceição (PB);Conceição;18260;1;Pequeno I;580,65
250450;2504504;PB;25;2;Região Nordeste;Condado (PB);Condado;6451;1;Pequeno I;265,473
250460;2504603;PB;25;2;Região Nordeste;Conde (PB);Conde;27605;2;Pequeno II;171,267
250470;2504702;PB;25;2;Região Nordeste;Congo (PB);Congo;4933;1;Pequeno I;324,686
250480;2504801;PB;25;2;Região Nordeste;Coremas (PB);Coremas;14683;1;Pequeno I;372,012
250485;2504850;PB;25;2;Região Nordeste;Coxixola (PB);Coxixola;1824;1;Pequeno I;173,942
250490;2504900;PB;25;2;Região Nordeste;Cruz do Espírito Santo (PB);Cruz do Espírito Santo;17095;1;Pequeno I;192,512
250500;2505006;PB;25;2;Região Nordeste;Cubati (PB);Cubati;7580;1;Pequeno I;163,57
250510;2505105;PB;25;2;Região Nordeste;Cuité (PB);Cuité;19719;1;Pequeno I;733,818
250520;2505204;PB;25;2;Região Nordeste;Cuitegi (PB);Cuitegi;6730;1;Pequeno I;42,091
250523;2505238;PB;25;2;Região Nordeste;Cuité de Mamanguape (PB);Cuité de Mamanguape;6251;1;Pequeno I;107,68
250527;2505279;PB;25;2;Região Nordeste;Curral de Cima (PB);Curral de Cima;5254;1;Pequeno I;86,428
250530;2505303;PB;25;2;Região Nordeste;Curral Velho (PB);Curral Velho;2292;1;Pequeno I;217,624
250535;2505352;PB;25;2;Região Nordeste;Damião (PB);Damião;4982;1;Pequeno I;186,198
250540;2505402;PB;25;2;Região Nordeste;Desterro (PB);Desterro;8067;1;Pequeno I;182,018
250550;2505501;PB;25;2;Região Nordeste;Vista Serrana (PB);Vista Serrana;3641;1;Pequeno I;60,39
250560;2505600;PB;25;2;Região Nordeste;Diamante (PB);Diamante;6299;1;Pequeno I;271,791
250570;2505709;PB;25;2;Região Nordeste;Dona Inês (PB);Dona Inês;10380;1;Pequeno I;173,648
250580;2505808;PB;25;2;Região Nordeste;Duas Estradas (PB);Duas Estradas;3327;1;Pequeno I;27,012
250590;2505907;PB;25;2;Região Nordeste;Emas (PB);Emas;3011;1;Pequeno I;248,226
250600;2506004;PB;25;2;Região Nordeste;Esperança (PB);Esperança;31231;2;Pequeno II;157,851
250610;2506103;PB;25;2;Região Nordeste;Fagundes (PB);Fagundes;11049;1;Pequeno I;185,061
250620;2506202;PB;25;2;Região Nordeste;Frei Martinho (PB);Frei Martinho;2846;1;Pequeno I;238,658
250625;2506251;PB;25;2;Região Nordeste;Gado Bravo (PB);Gado Bravo;8179;1;Pequeno I;192,42
250630;2506301;PB;25;2;Região Nordeste;Guarabira (PB);Guarabira;57484;3;Médio;162,387
250640;2506400;PB;25;2;Região Nordeste;Gurinhém (PB);Gurinhém;13766;1;Pequeno I;340,408
250650;2506509;PB;25;2;Região Nordeste;Gurjão (PB);Gurjão;3242;1;Pequeno I;344,502
250660;2506608;PB;25;2;Região Nordeste;Ibiara (PB);Ibiara;5631;1;Pequeno I;240,357
250670;2506707;PB;25;2;Região Nordeste;Imaculada (PB);Imaculada;10392;1;Pequeno I;317,804
250680;2506806;PB;25;2;Região Nordeste;Ingá (PB);Ingá;17692;1;Pequeno I;262,179
250690;2506905;PB;25;2;Região Nordeste;Itabaiana (PB);Itabaiana;23182;2;Pequeno II;210,572
250700;2507002;PB;25;2;Região Nordeste;Itaporanga (PB);Itaporanga;23940;2;Pequeno II;460,21
250710;2507101;PB;25;2;Região Nordeste;Itapororoca (PB);Itapororoca;18382;1;Pequeno I;145,806
250720;2507200;PB;25;2;Região Nordeste;Itatuba (PB);Itatuba;10499;1;Pequeno I;251,749
250730;2507309;PB;25;2;Região Nordeste;Jacaraú (PB);Jacaraú;14477;1;Pequeno I;256,845
250740;2507408;PB;25;2;Região Nordeste;Jericó (PB);Jericó;7516;1;Pequeno I;177,356
250750;2507507;PB;25;2;Região Nordeste;João Pessoa (PB);João Pessoa;833932;4;Grande;210,044
250760;2507606;PB;25;2;Região Nordeste;Juarez Távora (PB);Juarez Távora;7796;1;Pequeno I;75,678
250770;2507705;PB;25;2;Região Nordeste;Juazeirinho (PB);Juazeirinho;17007;1;Pequeno I;474,606
250780;2507804;PB;25;2;Região Nordeste;Junco do Seridó (PB);Junco do Seridó;6793;1;Pequeno I;180,425
250790;2507903;PB;25;2;Região Nordeste;Juripiranga (PB);Juripiranga;10012;1;Pequeno I;78,706
250800;2508000;PB;25;2;Região Nordeste;Juru (PB);Juru;9234;1;Pequeno I;395,075
250810;2508109;PB;25;2;Região Nordeste;Lagoa (PB);Lagoa;4415;1;Pequeno I;176,649
250820;2508208;PB;25;2;Região Nordeste;Lagoa de Dentro (PB);Lagoa de Dentro;7819;1;Pequeno I;83,508
250830;2508307;PB;25;2;Região Nordeste;Lagoa Seca (PB);Lagoa Seca;27730;2;Pequeno II;108,219
250840;2508406;PB;25;2;Região Nordeste;Lastro (PB);Lastro;3162;1;Pequeno I;107,416
250850;2508505;PB;25;2;Região Nordeste;Livramento (PB);Livramento;6877;1;Pequeno I;266,948
250855;2508554;PB;25;2;Região Nordeste;Logradouro (PB);Logradouro;4797;1;Pequeno I;42,876
250860;2508604;PB;25;2;Região Nordeste;Lucena (PB);Lucena;12560;1;Pequeno I;93,8
250870;2508703;PB;25;2;Região Nordeste;Mãe d'Água (PB);Mãe D´água;3583;1;Pequeno I;228,676
250880;2508802;PB;25;2;Região Nordeste;Malta (PB);Malta;6046;1;Pequeno I;172,01
250890;2508901;PB;25;2;Região Nordeste;Mamanguape (PB);Mamanguape;44599;2;Pequeno II;337,434
250900;2509008;PB;25;2;Região Nordeste;Manaíra (PB);Manaíra;10434;1;Pequeno I;352,025
250905;2509057;PB;25;2;Região Nordeste;Marcação (PB);Marcação;8999;1;Pequeno I;122,665
250910;2509107;PB;25;2;Região Nordeste;Mari (PB);Mari;21512;2;Pequeno II;155,265
250915;2509156;PB;25;2;Região Nordeste;Marizópolis (PB);Marizópolis;6705;1;Pequeno I;69,952
250920;2509206;PB;25;2;Região Nordeste;Massaranduba (PB);Massaranduba;14139;1;Pequeno I;209,402
250930;2509305;PB;25;2;Região Nordeste;Mataraca (PB);Mataraca;8244;1;Pequeno I;182,439
250933;2509339;PB;25;2;Região Nordeste;Matinhas (PB);Matinhas;4571;1;Pequeno I;36,522
250937;2509370;PB;25;2;Região Nordeste;Mato Grosso (PB);Mato Grosso;2543;1;Pequeno I;85,275
250939;2509396;PB;25;2;Região Nordeste;Maturéia (PB);Maturéia;6433;1;Pequeno I;83,053
250940;2509404;PB;25;2;Região Nordeste;Mogeiro (PB);Mogeiro;13899;1;Pequeno I;214,093
250950;2509503;PB;25;2;Região Nordeste;Montadas (PB);Montadas;5812;1;Pequeno I;31,793
250960;2509602;PB;25;2;Região Nordeste;Monte Horebe (PB);Monte Horebe;4338;1;Pequeno I;116,854
250970;2509701;PB;25;2;Região Nordeste;Monteiro (PB);Monteiro;32277;2;Pequeno II;992,62
250980;2509800;PB;25;2;Região Nordeste;Mulungu (PB);Mulungu;8791;1;Pequeno I;187,259
250990;2509909;PB;25;2;Região Nordeste;Natuba (PB);Natuba;8945;1;Pequeno I;202,173
251000;2510006;PB;25;2;Região Nordeste;Nazarezinho (PB);Nazarezinho;7203;1;Pequeno I;193,203
251010;2510105;PB;25;2;Região Nordeste;Nova Floresta (PB);Nova Floresta;9724;1;Pequeno I;47,572
251020;2510204;PB;25;2;Região Nordeste;Nova Olinda (PB);Nova Olinda;5787;1;Pequeno I;81,516
251030;2510303;PB;25;2;Região Nordeste;Nova Palmeira (PB);Nova Palmeira;4259;1;Pequeno I;314,748
251040;2510402;PB;25;2;Região Nordeste;Olho d'Água (PB);Olho D´água;6060;1;Pequeno I;580,47
251050;2510501;PB;25;2;Região Nordeste;Olivedos (PB);Olivedos;3580;1;Pequeno I;314,625
251060;2510600;PB;25;2;Região Nordeste;Ouro Velho (PB);Ouro Velho;2918;1;Pequeno I;128,11
251065;2510659;PB;25;2;Região Nordeste;Parari (PB);Parari;1720;1;Pequeno I;207,814
251070;2510709;PB;25;2;Região Nordeste;Passagem (PB);Passagem;2463;1;Pequeno I;123,422
251080;2510808;PB;25;2;Região Nordeste;Patos (PB);Patos;103165;4;Grande;472,892
251090;2510907;PB;25;2;Região Nordeste;Paulista (PB);Paulista;11834;1;Pequeno I;577,379
251100;2511004;PB;25;2;Região Nordeste;Pedra Branca (PB);Pedra Branca;3739;1;Pequeno I;116,873
251110;2511103;PB;25;2;Região Nordeste;Pedra Lavrada (PB);Pedra Lavrada;6859;1;Pequeno I;335,615
251120;2511202;PB;25;2;Região Nordeste;Pedras de Fogo (PB);Pedras de Fogo;29662;2;Pequeno II;406,729
251130;2511301;PB;25;2;Região Nordeste;Piancó (PB);Piancó;16441;1;Pequeno I;576,986
251140;2511400;PB;25;2;Região Nordeste;Picuí (PB);Picuí;18333;1;Pequeno I;667,714
251150;2511509;PB;25;2;Região Nordeste;Pilar (PB);Pilar;12311;1;Pequeno I;103,306
251160;2511608;PB;25;2;Região Nordeste;Pilões (PB);Pilões;6815;1;Pequeno I;65,574
251170;2511707;PB;25;2;Região Nordeste;Pilõezinhos (PB);Pilõezinhos;5329;1;Pequeno I;40,908
251180;2511806;PB;25;2;Região Nordeste;Pirpirituba (PB);Pirpirituba;9340;1;Pequeno I;80,672
251190;2511905;PB;25;2;Região Nordeste;Pitimbu (PB);Pitimbu;16751;1;Pequeno I;135,801
251200;2512002;PB;25;2;Região Nordeste;Pocinhos (PB);Pocinhos;17469;1;Pequeno I;623,967
251203;2512036;PB;25;2;Região Nordeste;Poço Dantas (PB);Poço Dantas;3830;1;Pequeno I;97,758
251207;2512077;PB;25;2;Região Nordeste;Poço de José de Moura (PB);Poço de José de Moura;4006;1;Pequeno I;94,646
251210;2512101;PB;25;2;Região Nordeste;Pombal (PB);Pombal;32473;2;Pequeno II;894,099
251220;2512200;PB;25;2;Região Nordeste;Prata (PB);Prata;3915;1;Pequeno I;201,788
251230;2512309;PB;25;2;Região Nordeste;Princesa Isabel (PB);Princesa Isabel;21114;2;Pequeno II;368,569
251240;2512408;PB;25;2;Região Nordeste;Puxinanã (PB);Puxinanã;14277;1;Pequeno I;71,118
251250;2512507;PB;25;2;Região Nordeste;Queimadas (PB);Queimadas;47658;2;Pequeno II;402,748
251260;2512606;PB;25;2;Região Nordeste;Quixaba (PB);Quixabá;1743;1;Pequeno I;147,158
251270;2512705;PB;25;2;Região Nordeste;Remígio (PB);Remígio;17885;1;Pequeno I;183,459
251272;2512721;PB;25;2;Região Nordeste;Pedro Régis (PB);Pedro Régis;5766;1;Pequeno I;74,216
251274;2512747;PB;25;2;Região Nordeste;Riachão (PB);Riachão;2927;1;Pequeno I;85,291
251275;2512754;PB;25;2;Região Nordeste;Riachão do Bacamarte (PB);Riachão do Bacamarte;4690;1;Pequeno I;40,281
251276;2512762;PB;25;2;Região Nordeste;Riachão do Poço (PB);Riachão do Poço;4738;1;Pequeno I;40,46
251278;2512788;PB;25;2;Região Nordeste;Riacho de Santo Antônio (PB);Riacho de Santo Antônio;1955;1;Pequeno I;93,654
251280;2512804;PB;25;2;Região Nordeste;Riacho dos Cavalos (PB);Riacho Dos Cavalos;8493;1;Pequeno I;262,532
251290;2512903;PB;25;2;Região Nordeste;Rio Tinto (PB);Rio Tinto;24581;2;Pequeno II;465,24
251300;2513000;PB;25;2;Região Nordeste;Salgadinho (PB);Salgadinho;3355;1;Pequeno I;179,005
251310;2513109;PB;25;2;Região Nordeste;Salgado de São Félix (PB);Salgado de São Félix;11505;1;Pequeno I;204,079
251315;2513158;PB;25;2;Região Nordeste;Santa Cecília (PB);Santa Cecília;7670;1;Pequeno I;217,577
251320;2513208;PB;25;2;Região Nordeste;Santa Cruz (PB);Santa Cruz;5947;1;Pequeno I;217,677
251330;2513307;PB;25;2;Região Nordeste;Santa Helena (PB);Santa Helena;5865;1;Pequeno I;211,143
251335;2513356;PB;25;2;Região Nordeste;Santa Inês (PB);Santa Inês;3227;1;Pequeno I;327,635
251340;2513406;PB;25;2;Região Nordeste;Santa Luzia (PB);Santa Luzia;14959;1;Pequeno I;440,766
251350;2513505;PB;25;2;Região Nordeste;Santana de Mangueira (PB);Santana de Mangueira;5010;1;Pequeno I;405,164
251360;2513604;PB;25;2;Região Nordeste;Santana dos Garrotes (PB);Santana Dos Garrotes;6569;1;Pequeno I;361,484
251365;2513653;PB;25;2;Região Nordeste;Joca Claudino (PB);Santarém;2539;1;Pequeno I;71,799
251370;2513703;PB;25;2;Região Nordeste;Santa Rita (PB);Santa Rita;149910;4;Grande;718,576
251380;2513802;PB;25;2;Região Nordeste;Santa Teresinha (PB);Santa Teresinha;4402;1;Pequeno I;359,442
251385;2513851;PB;25;2;Região Nordeste;Santo André (PB);Santo André;2622;1;Pequeno I;197,791
251390;2513901;PB;25;2;Região Nordeste;São Bento (PB);São Bento;32235;2;Pequeno II;245,84
251392;2513927;PB;25;2;Região Nordeste;São Bentinho (PB);São Bentinho;4327;1;Pequeno I;199,635
251394;2513943;PB;25;2;Região Nordeste;São Domingos do Cariri (PB);São Domingos do Cariri;2585;1;Pequeno I;233,835
251396;2513968;PB;25;2;Região Nordeste;São Domingos (PB);São Domingos de Pombal;2595;1;Pequeno I;170,361
251398;2513984;PB;25;2;Região Nordeste;São Francisco (PB);São Francisco;3137;1;Pequeno I;90,724
251400;2514008;PB;25;2;Região Nordeste;São João do Cariri (PB);São João do Cariri;4226;1;Pequeno I;612,966
251410;2514107;PB;25;2;Região Nordeste;São João do Tigre (PB);São João do Tigre;4263;1;Pequeno I;812,617
251420;2514206;PB;25;2;Região Nordeste;São José da Lagoa Tapada (PB);São José da Lagoa Tapada;7126;1;Pequeno I;333,724
251430;2514305;PB;25;2;Região Nordeste;São José de Caiana (PB);São José de Caiana;5034;1;Pequeno I;183,273
251440;2514404;PB;25;2;Região Nordeste;São José de Espinharas (PB);São José de Espinharas;4083;1;Pequeno I;726,757
251445;2514453;PB;25;2;Região Nordeste;São José dos Ramos (PB);São José Dos Ramos;5891;1;Pequeno I;100,642
251450;2514503;PB;25;2;Região Nordeste;São José de Piranhas (PB);São José de Piranhas;19067;1;Pequeno I;686,918
251455;2514552;PB;25;2;Região Nordeste;São José de Princesa (PB);São José de Princesa;3416;1;Pequeno I;158,052
251460;2514602;PB;25;2;Região Nordeste;São José do Bonfim (PB);São José do Bonfim;3242;1;Pequeno I;153,629
251465;2514651;PB;25;2;Região Nordeste;São José do Brejo do Cruz (PB);São José do Brejo do Cruz;1699;1;Pequeno I;253,787
251470;2514701;PB;25;2;Região Nordeste;São José do Sabugi (PB);São José do Sabugi;4138;1;Pequeno I;213,555
251480;2514800;PB;25;2;Região Nordeste;São José dos Cordeiros (PB);São José Dos Cordeiros;3411;1;Pequeno I;376,661
251490;2514909;PB;25;2;Região Nordeste;São Mamede (PB);São Mamede;7470;1;Pequeno I;533,446
251500;2515005;PB;25;2;Região Nordeste;São Miguel de Taipu (PB);São Miguel de Taipu;7066;1;Pequeno I;92,413
251510;2515104;PB;25;2;Região Nordeste;São Sebastião de Lagoa de Roça (PB);São Sebastião de Lagoa de Roça;11040;1;Pequeno I;46,372
251520;2515203;PB;25;2;Região Nordeste;São Sebastião do Umbuzeiro (PB);São Sebastião do Umbuzeiro;3279;1;Pequeno I;464,327
251530;2515302;PB;25;2;Região Nordeste;Sapé (PB);Sapé;51306;3;Médio;313,678
251540;2515401;PB;25;2;Região Nordeste;São Vicente do Seridó (PB);Seridó;10291;1;Pequeno I;262,751
251550;2515500;PB;25;2;Região Nordeste;Serra Branca (PB);Serra Branca;13614;1;Pequeno I;698,102
251560;2515609;PB;25;2;Região Nordeste;Serra da Raiz (PB);Serra da Raiz;3094;1;Pequeno I;31,679
251570;2515708;PB;25;2;Região Nordeste;Serra Grande (PB);Serra Grande;2942;1;Pequeno I;64,352
251580;2515807;PB;25;2;Região Nordeste;Serra Redonda (PB);Serra Redonda;6828;1;Pequeno I;55,197
251590;2515906;PB;25;2;Região Nordeste;Serraria (PB);Serraria;4885;1;Pequeno I;65,062
251593;2515930;PB;25;2;Região Nordeste;Sertãozinho (PB);Sertãozinho;5054;1;Pequeno I;32,455
251597;2515971;PB;25;2;Região Nordeste;Sobrado (PB);Sobrado;8236;1;Pequeno I;61,953
251600;2516003;PB;25;2;Região Nordeste;Solânea (PB);Solânea;26774;2;Pequeno II;233,043
251610;2516102;PB;25;2;Região Nordeste;Soledade (PB);Soledade;13968;1;Pequeno I;578,178
251615;2516151;PB;25;2;Região Nordeste;Sossêgo (PB);Sossêgo;3345;1;Pequeno I;147,264
251620;2516201;PB;25;2;Região Nordeste;Sousa (PB);Sousa;67259;3;Médio;728,492
251630;2516300;PB;25;2;Região Nordeste;Sumé (PB);Sumé;17166;1;Pequeno I;833,315
251640;2516409;PB;25;2;Região Nordeste;Tacima (PB);Campo de Santana;8010;1;Pequeno I;245,236
251650;2516508;PB;25;2;Região Nordeste;Taperoá (PB);Taperoá;14068;1;Pequeno I;628,365
251660;2516607;PB;25;2;Região Nordeste;Tavares (PB);Tavares;14101;1;Pequeno I;239,507
251670;2516706;PB;25;2;Região Nordeste;Teixeira (PB);Teixeira;14631;1;Pequeno I;155,452
251675;2516755;PB;25;2;Região Nordeste;Tenório (PB);Tenório;2966;1;Pequeno I;87,452
251680;2516805;PB;25;2;Região Nordeste;Triunfo (PB);Triunfo;9892;1;Pequeno I;224,336
251690;2516904;PB;25;2;Região Nordeste;Uiraúna (PB);Uiraúna;14930;1;Pequeno I;293,182
251700;2517001;PB;25;2;Região Nordeste;Umbuzeiro (PB);Umbuzeiro;9124;1;Pequeno I;185,578
251710;2517100;PB;25;2;Região Nordeste;Várzea (PB);Várzea;2668;1;Pequeno I;191,282
251720;2517209;PB;25;2;Região Nordeste;Vieirópolis (PB);Vieirópolis;4864;1;Pequeno I;147,098
251740;2517407;PB;25;2;Região Nordeste;Zabelê (PB);Zabelê;2228;1;Pequeno I;106,811
260005;2600054;PE;26;2;Região Nordeste;Abreu e Lima (PE);Abreu e Lima;98462;3;Médio;126,384
260010;2600104;PE;26;2;Região Nordeste;Afogados da Ingazeira (PE);Afogados da Ingazeira;40241;2;Pequeno II;377,696
260020;2600203;PE;26;2;Região Nordeste;Afrânio (PE);Afrânio;18674;1;Pequeno I;1490,594
260030;2600302;PE;26;2;Região Nordeste;Agrestina (PE);Agrestina;23779;2;Pequeno II;200,369
260040;2600401;PE;26;2;Região Nordeste;Água Preta (PE);Água Preta;26461;2;Pequeno II;531,935
260050;2600500;PE;26;2;Região Nordeste;Águas Belas (PE);Águas Belas;41548;2;Pequeno II;885,988
260060;2600609;PE;26;2;Região Nordeste;Alagoinha (PE);Alagoinha;13542;1;Pequeno I;214,267
260070;2600708;PE;26;2;Região Nordeste;Aliança (PE);Aliança;35741;2;Pequeno II;272,773
260080;2600807;PE;26;2;Região Nordeste;Altinho (PE);Altinho;20674;2;Pequeno II;450,178
260090;2600906;PE;26;2;Região Nordeste;Amaraji (PE);Amaraji;18205;1;Pequeno I;233,239
260100;2601003;PE;26;2;Região Nordeste;Angelim (PE);Angelim;10241;1;Pequeno I;118,088
260105;2601052;PE;26;2;Região Nordeste;Araçoiaba (PE);Araçoiaba;19243;1;Pequeno I;96,36
260110;2601102;PE;26;2;Região Nordeste;Araripina (PE);Araripina;85088;3;Médio;2037,394
260120;2601201;PE;26;2;Região Nordeste;Arcoverde (PE);Arcoverde;77742;3;Médio;343,923
260130;2601300;PE;26;2;Região Nordeste;Barra de Guabiraba (PE);Barra de Guabiraba;12263;1;Pequeno I;118,639
260140;2601409;PE;26;2;Região Nordeste;Barreiros (PE);Barreiros;40121;2;Pequeno II;233,433
260150;2601508;PE;26;2;Região Nordeste;Belém de Maria (PE);Belém de Maria;10378;1;Pequeno I;73,145
260160;2601607;PE;26;2;Região Nordeste;Belém do São Francisco (PE);Belém de São Francisco;18301;1;Pequeno I;1830,797
260170;2601706;PE;26;2;Região Nordeste;Belo Jardim (PE);Belo Jardim;79507;3;Médio;647,445
260180;2601805;PE;26;2;Região Nordeste;Betânia (PE);Betânia;11232;1;Pequeno I;1244,074
260190;2601904;PE;26;2;Região Nordeste;Bezerros (PE);Bezerros;61694;3;Médio;492,632
260200;2602001;PE;26;2;Região Nordeste;Bodocó (PE);Bodocó;34478;2;Pequeno II;1621,786
260210;2602100;PE;26;2;Região Nordeste;Bom Conselho (PE);Bom Conselho;44294;2;Pequeno II;792,185
260220;2602209;PE;26;2;Região Nordeste;Bom Jardim (PE);Bom Jardim;37629;2;Pequeno II;224,108
260230;2602308;PE;26;2;Região Nordeste;Bonito (PE);Bonito;37474;2;Pequeno II;393,191
260240;2602407;PE;26;2;Região Nordeste;Brejão (PE);Brejão;9079;1;Pequeno I;159,786
260250;2602506;PE;26;2;Região Nordeste;Brejinho (PE);Brejinho;7720;1;Pequeno I;106,039
260260;2602605;PE;26;2;Região Nordeste;Brejo da Madre de Deus (PE);Brejo da Madre de Deus;48648;2;Pequeno II;762,346
260270;2602704;PE;26;2;Região Nordeste;Buenos Aires (PE);Buenos Aires;12808;1;Pequeno I;93,187
260280;2602803;PE;26;2;Região Nordeste;Buíque (PE);Buíque;52097;3;Médio;1336,544
260290;2602902;PE;26;2;Região Nordeste;Cabo de Santo Agostinho (PE);Cabo de Santo Agostinho;203440;4;Grande;445,386
260300;2603009;PE;26;2;Região Nordeste;Cabrobó (PE);Cabrobó;30294;2;Pequeno II;1658,616
260310;2603108;PE;26;2;Região Nordeste;Cachoeirinha (PE);Cachoeirinha;19899;1;Pequeno I;179,262
260320;2603207;PE;26;2;Região Nordeste;Caetés (PE);Caetés;28827;2;Pequeno II;294,946
260330;2603306;PE;26;2;Região Nordeste;Calçado (PE);Calçado;11093;1;Pequeno I;121,945
260340;2603405;PE;26;2;Região Nordeste;Calumbi (PE);Calumbi;5228;1;Pequeno I;179,314
260345;2603454;PE;26;2;Região Nordeste;Camaragibe (PE);Camaragibe;147771;4;Grande;51,321
260350;2603504;PE;26;2;Região Nordeste;Camocim de São Félix (PE);Camocim de São Félix;17419;1;Pequeno I;72,01
260360;2603603;PE;26;2;Região Nordeste;Camutanga (PE);Camutanga;7750;1;Pequeno I;39,116
260370;2603702;PE;26;2;Região Nordeste;Canhotinho (PE);Canhotinho;24329;2;Pequeno II;423,168
260380;2603801;PE;26;2;Região Nordeste;Capoeiras (PE);Capoeiras;18338;1;Pequeno I;337,13
260390;2603900;PE;26;2;Região Nordeste;Carnaíba (PE);Carnaíba;18644;1;Pequeno I;427,802
260392;2603926;PE;26;2;Região Nordeste;Carnaubeira da Penha (PE);Carnaubeira da Penha;12239;1;Pequeno I;1004,667
260400;2604007;PE;26;2;Região Nordeste;Carpina (PE);Carpina;79293;3;Médio;147,017
260410;2604106;PE;26;2;Região Nordeste;Caruaru (PE);Caruaru;378048;4;Grande;923,15
260415;2604155;PE;26;2;Região Nordeste;Casinhas (PE);Casinhas;12967;1;Pequeno I;115,868
260420;2604205;PE;26;2;Região Nordeste;Catende (PE);Catende;32156;2;Pequeno II;208,594
260430;2604304;PE;26;2;Região Nordeste;Cedro (PE);Cedro;10518;1;Pequeno I;148,746
260440;2604403;PE;26;2;Região Nordeste;Chã de Alegria (PE);Chã de Alegria;12984;1;Pequeno I;49,327
260450;2604502;PE;26;2;Região Nordeste;Chã Grande (PE);Chã Grande;20546;2;Pequeno II;84,787
260460;2604601;PE;26;2;Região Nordeste;Condado (PE);Condado;24587;2;Pequeno II;89,645
260470;2604700;PE;26;2;Região Nordeste;Correntes (PE);Correntes;17131;1;Pequeno I;317,793
260480;2604809;PE;26;2;Região Nordeste;Cortês (PE);Cortês;10198;1;Pequeno I;102,852
260490;2604908;PE;26;2;Região Nordeste;Cumaru (PE);Cumaru;15920;1;Pequeno I;292,231
260500;2605004;PE;26;2;Região Nordeste;Cupira (PE);Cupira;23518;2;Pequeno II;95,155
260510;2605103;PE;26;2;Região Nordeste;Custódia (PE);Custódia;37699;2;Pequeno II;1404,126
260515;2605152;PE;26;2;Região Nordeste;Dormentes (PE);Dormentes;17188;1;Pequeno I;1539,052
260520;2605202;PE;26;2;Região Nordeste;Escada (PE);Escada;59891;3;Médio;342,584
260530;2605301;PE;26;2;Região Nordeste;Exu (PE);Exu;31843;2;Pequeno II;1336,786
260540;2605400;PE;26;2;Região Nordeste;Feira Nova (PE);Feira Nova;21427;2;Pequeno II;107,726
260545;2605459;PE;26;2;Região Nordeste;Fernando de Noronha (PE);Fernando de Noronha;3167;1;Pequeno I;18,609
260550;2605509;PE;26;2;Região Nordeste;Ferreiros (PE);Ferreiros;15026;1;Pequeno I;92,516
260560;2605608;PE;26;2;Região Nordeste;Flores (PE);Flores;20347;2;Pequeno II;995,558
260570;2605707;PE;26;2;Região Nordeste;Floresta (PE);Floresta;30137;2;Pequeno II;3604,948
260580;2605806;PE;26;2;Região Nordeste;Frei Miguelinho (PE);Frei Miguelinho;13636;1;Pequeno I;212,707
260590;2605905;PE;26;2;Região Nordeste;Gameleira (PE);Gameleira;18214;1;Pequeno I;257,781
260600;2606002;PE;26;2;Região Nordeste;Garanhuns (PE);Garanhuns;142506;4;Grande;458,552
260610;2606101;PE;26;2;Região Nordeste;Glória do Goitá (PE);Glória do Goitá;29347;2;Pequeno II;234,708
260620;2606200;PE;26;2;Região Nordeste;Goiana (PE);Goiana;81055;3;Médio;445,405
260630;2606309;PE;26;2;Região Nordeste;Granito (PE);Granito;6967;1;Pequeno I;521,69
260640;2606408;PE;26;2;Região Nordeste;Gravatá (PE);Gravatá;86516;3;Médio;507,36
260650;2606507;PE;26;2;Região Nordeste;Iati (PE);Iati;17165;1;Pequeno I;635,137
260660;2606606;PE;26;2;Região Nordeste;Ibimirim (PE);Ibimirim;26593;2;Pequeno II;1882,498
260670;2606705;PE;26;2;Região Nordeste;Ibirajuba (PE);Ibirajuba;7140;1;Pequeno I;189,596
260680;2606804;PE;26;2;Região Nordeste;Igarassu (PE);Igarassu;115196;4;Grande;306,879
260690;2606903;PE;26;2;Região Nordeste;Iguaracy (PE);Iguaraci;11081;1;Pequeno I;838,132
260700;2607000;PE;26;2;Região Nordeste;Inajá (PE);Inajá;25603;2;Pequeno II;1231,362
260710;2607109;PE;26;2;Região Nordeste;Ingazeira (PE);Ingazeira;4765;1;Pequeno I;243,586
260720;2607208;PE;26;2;Região Nordeste;Ipojuca (PE);Ipojuca;98932;3;Médio;521,801
260730;2607307;PE;26;2;Região Nordeste;Ipubi (PE);Ipubi;29009;2;Pequeno II;693,914
260740;2607406;PE;26;2;Região Nordeste;Itacuruba (PE);Itacuruba;4284;1;Pequeno I;430,038
260750;2607505;PE;26;2;Região Nordeste;Itaíba (PE);Itaíba;32650;2;Pequeno II;1061,694
260760;2607604;PE;26;2;Região Nordeste;Ilha de Itamaracá (PE);Ilha de Itamaracá;24540;2;Pequeno II;66,146
260765;2607653;PE;26;2;Região Nordeste;Itambé (PE);Itambé;34935;2;Pequeno II;304,006
260770;2607703;PE;26;2;Região Nordeste;Itapetim (PE);Itapetim;13791;1;Pequeno I;411,901
260775;2607752;PE;26;2;Região Nordeste;Itapissuma (PE);Itapissuma;27749;2;Pequeno II;73,968
260780;2607802;PE;26;2;Região Nordeste;Itaquitinga (PE);Itaquitinga;16554;1;Pequeno I;162,739
260790;2607901;PE;26;2;Região Nordeste;Jaboatão dos Guararapes (PE);Jaboatão Dos Guararapes;644037;4;Grande;258,724
260795;2607950;PE;26;2;Região Nordeste;Jaqueira (PE);Jaqueira;10247;1;Pequeno I;87,208
260800;2608008;PE;26;2;Região Nordeste;Jataúba (PE);Jataúba;15843;1;Pequeno I;714,601
260805;2608057;PE;26;2;Região Nordeste;Jatobá (PE);Jatobá;14020;1;Pequeno I;277,862
260810;2608107;PE;26;2;Região Nordeste;João Alfredo (PE);João Alfredo;27725;2;Pequeno II;134,147
260820;2608206;PE;26;2;Região Nordeste;Joaquim Nabuco (PE);Joaquim Nabuco;13269;1;Pequeno I;122,592
260825;2608255;PE;26;2;Região Nordeste;Jucati (PE);Jucati;11517;1;Pequeno I;120,527
260830;2608305;PE;26;2;Região Nordeste;Jupi (PE);Jupi;15329;1;Pequeno I;104,835
260840;2608404;PE;26;2;Região Nordeste;Jurema (PE);Jurema;13648;1;Pequeno I;148,254
260845;2608453;PE;26;2;Região Nordeste;Lagoa do Carro (PE);Lagoa do Carro;17981;1;Pequeno I;69,666
260850;2608503;PE;26;2;Região Nordeste;Lagoa de Itaenga (PE);Lagoa do Itaenga;19003;1;Pequeno I;56,131
260860;2608602;PE;26;2;Região Nordeste;Lagoa do Ouro (PE);Lagoa do Ouro;11933;1;Pequeno I;198,762
260870;2608701;PE;26;2;Região Nordeste;Lagoa dos Gatos (PE);Lagoa Dos Gatos;14076;1;Pequeno I;224,947
260875;2608750;PE;26;2;Região Nordeste;Lagoa Grande (PE);Lagoa Grande;24088;2;Pequeno II;1850,07
260880;2608800;PE;26;2;Região Nordeste;Lajedo (PE);Lajedo;39582;2;Pequeno II;189,096
260890;2608909;PE;26;2;Região Nordeste;Limoeiro (PE);Limoeiro;56510;3;Médio;273,733
260900;2609006;PE;26;2;Região Nordeste;Macaparana (PE);Macaparana;23879;2;Pequeno II;108,049
260910;2609105;PE;26;2;Região Nordeste;Machados (PE);Machados;11333;1;Pequeno I;61,619
260915;2609154;PE;26;2;Região Nordeste;Manari (PE);Manari;23763;2;Pequeno II;344,685
260920;2609204;PE;26;2;Região Nordeste;Maraial (PE);Maraial;9359;1;Pequeno I;199,865
260930;2609303;PE;26;2;Região Nordeste;Mirandiba (PE);Mirandiba;14166;1;Pequeno I;821,676
260940;2609402;PE;26;2;Região Nordeste;Moreno (PE);Moreno;55292;3;Médio;194,197
260950;2609501;PE;26;2;Região Nordeste;Nazaré da Mata (PE);Nazaré da Mata;30648;2;Pequeno II;130,572
260960;2609600;PE;26;2;Região Nordeste;Olinda (PE);Olinda;349976;4;Grande;41,3
260970;2609709;PE;26;2;Região Nordeste;Orobó (PE);Orobó;21808;2;Pequeno II;138,521
260980;2609808;PE;26;2;Região Nordeste;Orocó (PE);Orocó;13613;1;Pequeno I;554,76
260990;2609907;PE;26;2;Região Nordeste;Ouricuri (PE);Ouricuri;65245;3;Médio;2381,57
261000;2610004;PE;26;2;Região Nordeste;Palmares (PE);Palmares;54584;3;Médio;339,401
261010;2610103;PE;26;2;Região Nordeste;Palmeirina (PE);Palmeirina;7031;1;Pequeno I;168,796
261020;2610202;PE;26;2;Região Nordeste;Panelas (PE);Panelas;22991;2;Pequeno II;380,428
261030;2610301;PE;26;2;Região Nordeste;Paranatama (PE);Paranatama;12199;1;Pequeno I;185,371
261040;2610400;PE;26;2;Região Nordeste;Parnamirim (PE);Parnamirim;18612;1;Pequeno I;2609,548
261050;2610509;PE;26;2;Região Nordeste;Passira (PE);Passira;28340;2;Pequeno II;327,21
261060;2610608;PE;26;2;Região Nordeste;Paudalho (PE);Paudalho;56665;3;Médio;269,651
261070;2610707;PE;26;2;Região Nordeste;Paulista (PE);Paulista;342167;4;Grande;96,932
261080;2610806;PE;26;2;Região Nordeste;Pedra (PE);Pedra;22795;2;Pequeno II;922,602
261090;2610905;PE;26;2;Região Nordeste;Pesqueira (PE);Pesqueira;62722;3;Médio;960,042
261100;2611002;PE;26;2;Região Nordeste;Petrolândia (PE);Petrolândia;34161;2;Pequeno II;1056,589
261110;2611101;PE;26;2;Região Nordeste;Petrolina (PE);Petrolina;386791;4;Grande;4561,87
261120;2611200;PE;26;2;Região Nordeste;Poção (PE);Poção;10500;1;Pequeno I;205,119
261130;2611309;PE;26;2;Região Nordeste;Pombos (PE);Pombos;27552;2;Pequeno II;239,832
261140;2611408;PE;26;2;Região Nordeste;Primavera (PE);Primavera;13838;1;Pequeno I;113,135
261150;2611507;PE;26;2;Região Nordeste;Quipapá (PE);Quipapá;17928;1;Pequeno I;230,617
261153;2611533;PE;26;2;Região Nordeste;Quixaba (PE);Quixaba;6554;1;Pequeno I;210,705
261160;2611606;PE;26;2;Região Nordeste;Recife (PE);Recife;1488920;5;Metrópole;218,843
261170;2611705;PE;26;2;Região Nordeste;Riacho das Almas (PE);Riacho Das Almas;20639;2;Pequeno II;314,003
261180;2611804;PE;26;2;Região Nordeste;Ribeirão (PE);Ribeirão;33507;2;Pequeno II;289,566
261190;2611903;PE;26;2;Região Nordeste;Rio Formoso (PE);Rio Formoso;20009;2;Pequeno II;227,458
261200;2612000;PE;26;2;Região Nordeste;Sairé (PE);Sairé;10887;1;Pequeno I;190,455
261210;2612109;PE;26;2;Região Nordeste;Salgadinho (PE);Salgadinho;5727;1;Pequeno I;87,217
261220;2612208;PE;26;2;Região Nordeste;Salgueiro (PE);Salgueiro;62372;3;Médio;1678,564
261230;2612307;PE;26;2;Região Nordeste;Saloá (PE);Saloá;13836;1;Pequeno I;251,549
261240;2612406;PE;26;2;Região Nordeste;Sanharó (PE);Sanharó;18624;1;Pequeno I;268,065
261245;2612455;PE;26;2;Região Nordeste;Santa Cruz (PE);Santa Cruz;13841;1;Pequeno I;1245,983
261247;2612471;PE;26;2;Região Nordeste;Santa Cruz da Baixa Verde (PE);Santa Cruz da Baixa Verde;11567;1;Pequeno I;114,932
261250;2612505;PE;26;2;Região Nordeste;Santa Cruz do Capibaribe (PE);Santa Cruz do Capibaribe;98254;3;Médio;335,309
261255;2612554;PE;26;2;Região Nordeste;Santa Filomena (PE);Santa Filomena;12106;1;Pequeno I;1005,341
261260;2612604;PE;26;2;Região Nordeste;Santa Maria da Boa Vista (PE);Santa Maria da Boa Vista;40578;2;Pequeno II;3000,774
261270;2612703;PE;26;2;Região Nordeste;Santa Maria do Cambucá (PE);Santa Maria do Cambucá;14013;1;Pequeno I;92,148
261280;2612802;PE;26;2;Região Nordeste;Santa Terezinha (PE);Santa Terezinha;10244;1;Pequeno I;200,327
261290;2612901;PE;26;2;Região Nordeste;São Benedito do Sul (PE);São Benedito do Sul;13113;1;Pequeno I;160,477
261300;2613008;PE;26;2;Região Nordeste;São Bento do Una (PE);São Bento do Una;49449;2;Pequeno II;719,148
261310;2613107;PE;26;2;Região Nordeste;São Caitano (PE);São Caitano;37126;2;Pequeno II;382,483
261320;2613206;PE;26;2;Região Nordeste;São João (PE);São João;23837;2;Pequeno II;258,519
261330;2613305;PE;26;2;Região Nordeste;São Joaquim do Monte (PE);São Joaquim do Monte;20037;2;Pequeno II;227,385
261340;2613404;PE;26;2;Região Nordeste;São José da Coroa Grande (PE);São José da Coroa Grande;18825;1;Pequeno I;69,184
261350;2613503;PE;26;2;Região Nordeste;São José do Belmonte (PE);São José do Belmonte;34843;2;Pequeno II;1474,086
261360;2613602;PE;26;2;Região Nordeste;São José do Egito (PE);São José do Egito;31004;2;Pequeno II;774,037
261370;2613701;PE;26;2;Região Nordeste;São Lourenço da Mata (PE);São Lourenço da Mata;111249;4;Grande;263,687
261380;2613800;PE;26;2;Região Nordeste;São Vicente Férrer (PE);São Vicente Ferrer;16677;1;Pequeno I;112,554
261390;2613909;PE;26;2;Região Nordeste;Serra Talhada (PE);Serra Talhada;92228;3;Médio;2980,007
261400;2614006;PE;26;2;Região Nordeste;Serrita (PE);Serrita;18207;1;Pequeno I;1535,19
261410;2614105;PE;26;2;Região Nordeste;Sertânia (PE);Sertânia;32811;2;Pequeno II;2421,527
261420;2614204;PE;26;2;Região Nordeste;Sirinhaém (PE);Sirinhaém;37596;2;Pequeno II;374,321
261430;2614303;PE;26;2;Região Nordeste;Moreilândia (PE);Moreilândia;10540;1;Pequeno I;404,287
261440;2614402;PE;26;2;Região Nordeste;Solidão (PE);Solidão;5210;1;Pequeno I;138,398
261450;2614501;PE;26;2;Região Nordeste;Surubim (PE);Surubim;64120;3;Médio;252,896
261460;2614600;PE;26;2;Região Nordeste;Tabira (PE);Tabira;27681;2;Pequeno II;390,434
261470;2614709;PE;26;2;Região Nordeste;Tacaimbó (PE);Tacaimbó;13738;1;Pequeno I;227,601
261480;2614808;PE;26;2;Região Nordeste;Tacaratu (PE);Tacaratu;23902;2;Pequeno II;1264,532
261485;2614857;PE;26;2;Região Nordeste;Tamandaré (PE);Tamandaré;23561;2;Pequeno II;213,75
261500;2615003;PE;26;2;Região Nordeste;Taquaritinga do Norte (PE);Taquaritinga do Norte;24736;2;Pequeno II;475,184
261510;2615102;PE;26;2;Região Nordeste;Terezinha (PE);Terezinha;6513;1;Pequeno I;151,45
261520;2615201;PE;26;2;Região Nordeste;Terra Nova (PE);Terra Nova;8920;1;Pequeno I;318,709
261530;2615300;PE;26;2;Região Nordeste;Timbaúba (PE);Timbaúba;46147;2;Pequeno II;287,683
261540;2615409;PE;26;2;Região Nordeste;Toritama (PE);Toritama;41137;2;Pequeno II;25,704
261550;2615508;PE;26;2;Região Nordeste;Tracunhaém (PE);Tracunhaém;13867;1;Pequeno I;137,321
261560;2615607;PE;26;2;Região Nordeste;Trindade (PE);Trindade;30321;2;Pequeno II;295,765
261570;2615706;PE;26;2;Região Nordeste;Triunfo (PE);Triunfo;14705;1;Pequeno I;191,518
261580;2615805;PE;26;2;Região Nordeste;Tupanatinga (PE);Tupanatinga;26937;2;Pequeno II;934,801
261590;2615904;PE;26;2;Região Nordeste;Tuparetama (PE);Tuparetama;8005;1;Pequeno I;189,509
261600;2616001;PE;26;2;Região Nordeste;Venturosa (PE);Venturosa;17251;1;Pequeno I;336,107
261610;2616100;PE;26;2;Região Nordeste;Verdejante (PE);Verdejante;9169;1;Pequeno I;476,039
261618;2616183;PE;26;2;Região Nordeste;Vertente do Lério (PE);Vertente do Lério;7558;1;Pequeno I;73,631
261620;2616209;PE;26;2;Região Nordeste;Vertentes (PE);Vertentes;21959;2;Pequeno II;196,325
261630;2616308;PE;26;2;Região Nordeste;Vicência (PE);Vicência;26359;2;Pequeno II;228,017
261640;2616407;PE;26;2;Região Nordeste;Vitória de Santo Antão (PE);Vitória de Santo Antão;134084;4;Grande;336,573
261650;2616506;PE;26;2;Região Nordeste;Xexéu (PE);Xexéu;11611;1;Pequeno I;110,815
270010;2700102;AL;27;2;Região Nordeste;Água Branca (AL);Água Branca;19008;1;Pequeno I;468,229
270020;2700201;AL;27;2;Região Nordeste;Anadia (AL);Anadia;13966;1;Pequeno I;186,134
270030;2700300;AL;27;2;Região Nordeste;Arapiraca (AL);Arapiraca;234696;4;Grande;345,655
270040;2700409;AL;27;2;Região Nordeste;Atalaia (AL);Atalaia;37512;2;Pequeno II;533,258
270050;2700508;AL;27;2;Região Nordeste;Barra de Santo Antônio (AL);Barra de Santo Antônio;16365;1;Pequeno I;131,364
270060;2700607;AL;27;2;Região Nordeste;Barra de São Miguel (AL);Barra de São Miguel;7944;1;Pequeno I;74,247
270070;2700706;AL;27;2;Região Nordeste;Batalha (AL);Batalha;16448;1;Pequeno I;315,87
270080;2700805;AL;27;2;Região Nordeste;Belém (AL);Belém;4722;1;Pequeno I;66,628
270090;2700904;AL;27;2;Região Nordeste;Belo Monte (AL);Belo Monte;5936;1;Pequeno I;334,136
270100;2701001;AL;27;2;Região Nordeste;Boca da Mata (AL);Boca da Mata;21187;2;Pequeno II;193,002
270110;2701100;AL;27;2;Região Nordeste;Branquinha (AL);Branquinha;9603;1;Pequeno I;168,048
270120;2701209;AL;27;2;Região Nordeste;Cacimbinhas (AL);Cacimbinhas;10482;1;Pequeno I;281,692
270130;2701308;AL;27;2;Região Nordeste;Cajueiro (AL);Cajueiro;16024;1;Pequeno I;94,357
270135;2701357;AL;27;2;Região Nordeste;Campestre (AL);Campestre;6665;1;Pequeno I;65,91
270140;2701407;AL;27;2;Região Nordeste;Campo Alegre (AL);Campo Alegre;32106;2;Pequeno II;312,726
270150;2701506;AL;27;2;Região Nordeste;Campo Grande (AL);Campo Grande;8143;1;Pequeno I;170,144
270160;2701605;AL;27;2;Região Nordeste;Canapi (AL);Canapi;15559;1;Pequeno I;602,778
270170;2701704;AL;27;2;Região Nordeste;Capela (AL);Capela;15032;1;Pequeno I;263,735
270180;2701803;AL;27;2;Região Nordeste;Carneiros (AL);Carneiros;8999;1;Pequeno I;111,696
270190;2701902;AL;27;2;Região Nordeste;Chã Preta (AL);Chã Preta;5910;1;Pequeno I;157,831
270200;2702009;AL;27;2;Região Nordeste;Coité do Nóia (AL);Coité do Nóia;10810;1;Pequeno I;88,759
270210;2702108;AL;27;2;Região Nordeste;Colônia Leopoldina (AL);Colônia Leopoldina;15816;1;Pequeno I;207,935
270220;2702207;AL;27;2;Região Nordeste;Coqueiro Seco (AL);Coqueiro Seco;5581;1;Pequeno I;39,608
270230;2702306;AL;27;2;Região Nordeste;Coruripe (AL);Coruripe;50414;3;Médio;897,8
270235;2702355;AL;27;2;Região Nordeste;Craíbas (AL);Craíbas;25397;2;Pequeno II;278,879
270240;2702405;AL;27;2;Região Nordeste;Delmiro Gouveia (AL);Delmiro Gouveia;51318;3;Médio;628,545
270250;2702504;AL;27;2;Região Nordeste;Dois Riachos (AL);Dois Riachos;9805;1;Pequeno I;141,621
270255;2702553;AL;27;2;Região Nordeste;Estrela de Alagoas (AL);Estrela de Alagoas;15429;1;Pequeno I;260,772
270260;2702603;AL;27;2;Região Nordeste;Feira Grande (AL);Feira Grande;22712;2;Pequeno II;175,906
270270;2702702;AL;27;2;Região Nordeste;Feliz Deserto (AL);Feliz Deserto;3963;1;Pequeno I;110,062
270280;2702801;AL;27;2;Região Nordeste;Flexeiras (AL);Flexeiras;9618;1;Pequeno I;333,756
270290;2702900;AL;27;2;Região Nordeste;Girau do Ponciano (AL);Girau do Ponciano;36102;2;Pequeno II;513,454
270300;2703007;AL;27;2;Região Nordeste;Ibateguara (AL);Ibateguara;13731;1;Pequeno I;265,312
270310;2703106;AL;27;2;Região Nordeste;Igaci (AL);Igaci;23995;2;Pequeno II;334,346
270320;2703205;AL;27;2;Região Nordeste;Igreja Nova (AL);Igreja Nova;21372;2;Pequeno II;426,538
270330;2703304;AL;27;2;Região Nordeste;Inhapi (AL);Inhapi;15167;1;Pequeno I;372,019
270340;2703403;AL;27;2;Região Nordeste;Jacaré dos Homens (AL);Jacaré Dos Homens;5083;1;Pequeno I;148,992
270350;2703502;AL;27;2;Região Nordeste;Jacuípe (AL);Jacuípe;5352;1;Pequeno I;208,738
270360;2703601;AL;27;2;Região Nordeste;Japaratinga (AL);Japaratinga;9219;1;Pequeno I;85,356
270370;2703700;AL;27;2;Região Nordeste;Jaramataia (AL);Jaramataia;4985;1;Pequeno I;105,416
270375;2703759;AL;27;2;Região Nordeste;Jequiá da Praia (AL);Jequiá da Praia;9470;1;Pequeno I;334,265
270380;2703809;AL;27;2;Região Nordeste;Joaquim Gomes (AL);Joaquim Gomes;17150;1;Pequeno I;298,17
270390;2703908;AL;27;2;Região Nordeste;Jundiá (AL);Jundiá;4092;1;Pequeno I;88,793
270400;2704005;AL;27;2;Região Nordeste;Junqueiro (AL);Junqueiro;23907;2;Pequeno II;247,724
270410;2704104;AL;27;2;Região Nordeste;Lagoa da Canoa (AL);Lagoa da Canoa;18457;1;Pequeno I;83,621
270420;2704203;AL;27;2;Região Nordeste;Limoeiro de Anadia (AL);Limoeiro de Anadia;24740;2;Pequeno II;309,205
270430;2704302;AL;27;2;Região Nordeste;Maceió (AL);Maceió;957916;5;Metrópole;509,32
270440;2704401;AL;27;2;Região Nordeste;Major Isidoro (AL);Major Isidoro;17700;1;Pequeno I;442,744
270450;2704500;AL;27;2;Região Nordeste;Maragogi (AL);Maragogi;32174;2;Pequeno II;334,165
270460;2704609;AL;27;2;Região Nordeste;Maravilha (AL);Maravilha;9534;1;Pequeno I;332,37
270470;2704708;AL;27;2;Região Nordeste;Marechal Deodoro (AL);Marechal Deodoro;60370;3;Médio;340,98
270480;2704807;AL;27;2;Região Nordeste;Maribondo (AL);Maribondo;13679;1;Pequeno I;180,107
270490;2704906;AL;27;2;Região Nordeste;Mar Vermelho (AL);Mar Vermelho;3155;1;Pequeno I;91,741
270500;2705002;AL;27;2;Região Nordeste;Mata Grande (AL);Mata Grande;21844;2;Pequeno II;914,722
270510;2705101;AL;27;2;Região Nordeste;Matriz de Camaragibe (AL);Matriz de Camaragibe;23857;2;Pequeno II;238,113
270520;2705200;AL;27;2;Região Nordeste;Messias (AL);Messias;15405;1;Pequeno I;114,156
270530;2705309;AL;27;2;Região Nordeste;Minador do Negrão (AL);Minador do Negrão;4845;1;Pequeno I;167,462
270540;2705408;AL;27;2;Região Nordeste;Monteirópolis (AL);Monteirópolis;7184;1;Pequeno I;86,604
270550;2705507;AL;27;2;Região Nordeste;Murici (AL);Murici;25187;2;Pequeno II;418,028
270560;2705606;AL;27;2;Região Nordeste;Novo Lino (AL);Novo Lino;10020;1;Pequeno I;215,547
270570;2705705;AL;27;2;Região Nordeste;Olho d'Água das Flores (AL);Olho D´água Das Flores;20695;2;Pequeno II;188,221
270580;2705804;AL;27;2;Região Nordeste;Olho d'Água do Casado (AL);Olho D´água do Casado;8349;1;Pequeno I;327,678
270590;2705903;AL;27;2;Região Nordeste;Olho d'Água Grande (AL);Olho D´água Grande;4330;1;Pequeno I;117,006
270600;2706000;AL;27;2;Região Nordeste;Olivença (AL);Olivença;10812;1;Pequeno I;175,288
270610;2706109;AL;27;2;Região Nordeste;Ouro Branco (AL);Ouro Branco;11446;1;Pequeno I;196,56
270620;2706208;AL;27;2;Região Nordeste;Palestina (AL);Palestina;4325;1;Pequeno I;38,189
270630;2706307;AL;27;2;Região Nordeste;Palmeira dos Índios (AL);Palmeira Dos Índios;71574;3;Médio;450,99
270640;2706406;AL;27;2;Região Nordeste;Pão de Açúcar (AL);Pão de Açúcar;23823;2;Pequeno II;688,87
270642;2706422;AL;27;2;Região Nordeste;Pariconha (AL);Pariconha;10573;1;Pequeno I;254,719
270644;2706448;AL;27;2;Região Nordeste;Paripueira (AL);Paripueira;13835;1;Pequeno I;92,788
270650;2706505;AL;27;2;Região Nordeste;Passo de Camaragibe (AL);Passo de Camaragibe;13804;1;Pequeno I;251,29
270660;2706604;AL;27;2;Região Nordeste;Paulo Jacinto (AL);Paulo Jacinto;6576;1;Pequeno I;118,457
270670;2706703;AL;27;2;Região Nordeste;Penedo (AL);Penedo;58650;3;Médio;688,452
270680;2706802;AL;27;2;Região Nordeste;Piaçabuçu (AL);Piaçabuçu;15908;1;Pequeno I;243,686
270690;2706901;AL;27;2;Região Nordeste;Pilar (AL);Pilar;35370;2;Pequeno II;259,614
270700;2707008;AL;27;2;Região Nordeste;Pindoba (AL);Pindoba;2731;1;Pequeno I;117,086
270710;2707107;AL;27;2;Região Nordeste;Piranhas (AL);Piranhas;22609;2;Pequeno II;403,995
270720;2707206;AL;27;2;Região Nordeste;Poço das Trincheiras (AL);Poço Das Trincheiras;12518;1;Pequeno I;284,26
270730;2707305;AL;27;2;Região Nordeste;Porto Calvo (AL);Porto Calvo;24071;2;Pequeno II;313,231
270740;2707404;AL;27;2;Região Nordeste;Porto de Pedras (AL);Porto de Pedras;9295;1;Pequeno I;257,105
270750;2707503;AL;27;2;Região Nordeste;Porto Real do Colégio (AL);Porto Real do Colégio;20082;2;Pequeno II;235,852
270760;2707602;AL;27;2;Região Nordeste;Quebrangulo (AL);Quebrangulo;11080;1;Pequeno I;319,829
270770;2707701;AL;27;2;Região Nordeste;Rio Largo (AL);Rio Largo;93927;3;Médio;293,816
270780;2707800;AL;27;2;Região Nordeste;Roteiro (AL);Roteiro;6474;1;Pequeno I;128,926
270790;2707909;AL;27;2;Região Nordeste;Santa Luzia do Norte (AL);Santa Luzia do Norte;6919;1;Pequeno I;28,857
270800;2708006;AL;27;2;Região Nordeste;Santana do Ipanema (AL);Santana do Ipanema;46220;2;Pequeno II;436,16
270810;2708105;AL;27;2;Região Nordeste;Santana do Mundaú (AL);Santana do Mundaú;11323;1;Pequeno I;232,169
270820;2708204;AL;27;2;Região Nordeste;São Brás (AL);São Brás;6555;1;Pequeno I;139,038
270830;2708303;AL;27;2;Região Nordeste;São José da Laje (AL);São José da Laje;20813;2;Pequeno II;256,603
270840;2708402;AL;27;2;Região Nordeste;São José da Tapera (AL);São José da Tapera;30604;2;Pequeno II;490,879
270850;2708501;AL;27;2;Região Nordeste;São Luís do Quitunde (AL);São Luís do Quitunde;30873;2;Pequeno II;397,257
270860;2708600;AL;27;2;Região Nordeste;São Miguel dos Campos (AL);São Miguel Dos Campos;51990;3;Médio;335,683
270870;2708709;AL;27;2;Região Nordeste;São Miguel dos Milagres (AL);São Miguel Dos Milagres;8482;1;Pequeno I;76,731
270880;2708808;AL;27;2;Região Nordeste;São Sebastião (AL);São Sebastião;31786;2;Pequeno II;314,924
270890;2708907;AL;27;2;Região Nordeste;Satuba (AL);Satuba;24278;2;Pequeno II;41,268
270895;2708956;AL;27;2;Região Nordeste;Senador Rui Palmeira (AL);Senador Rui Palmeira;12303;1;Pequeno I;338,569
270900;2709004;AL;27;2;Região Nordeste;Tanque d'Arca (AL);Tanque D´arca;5796;1;Pequeno I;124,617
270910;2709103;AL;27;2;Região Nordeste;Taquarana (AL);Taquarana;19032;1;Pequeno I;153,841
270915;2709152;AL;27;2;Região Nordeste;Teotônio Vilela (AL);Teotônio Vilela;38053;2;Pequeno II;299,221
270920;2709202;AL;27;2;Região Nordeste;Traipu (AL);Traipu;23565;2;Pequeno II;681,577
270930;2709301;AL;27;2;Região Nordeste;União dos Palmares (AL);União Dos Palmares;59280;3;Médio;420,376
270940;2709400;AL;27;2;Região Nordeste;Viçosa (AL);Viçosa;24092;2;Pequeno II;367,888
280010;2800100;SE;28;2;Região Nordeste;Amparo do São Francisco (SE);Amparo de São Francisco;2170;1;Pequeno I;35,683
280020;2800209;SE;28;2;Região Nordeste;Aquidabã (SE);Aquidabã;20131;2;Pequeno II;359,543
280030;2800308;SE;28;2;Região Nordeste;Aracaju (SE);Aracaju;602757;4;Grande;182,163
280040;2800407;SE;28;2;Região Nordeste;Arauá (SE);Arauá;10318;1;Pequeno I;198,967
280050;2800506;SE;28;2;Região Nordeste;Areia Branca (SE);Areia Branca;18081;1;Pequeno I;148,134
280060;2800605;SE;28;2;Região Nordeste;Barra dos Coqueiros (SE);Barra Dos Coqueiros;41511;2;Pequeno II;92,268
280067;2800670;SE;28;2;Região Nordeste;Boquim (SE);Boquim;24636;2;Pequeno II;205,443
280070;2800704;SE;28;2;Região Nordeste;Brejo Grande (SE);Brejo Grande;7841;1;Pequeno I;141,464
280100;2801009;SE;28;2;Região Nordeste;Campo do Brito (SE);Campo do Brito;18149;1;Pequeno I;201,518
280110;2801108;SE;28;2;Região Nordeste;Canhoba (SE);Canhoba;3791;1;Pequeno I;171,581
280120;2801207;SE;28;2;Região Nordeste;Canindé de São Francisco (SE);Canindé de São Francisco;26834;2;Pequeno II;934,167
280130;2801306;SE;28;2;Região Nordeste;Capela (SE);Capela;31645;2;Pequeno II;442,211
280140;2801405;SE;28;2;Região Nordeste;Carira (SE);Carira;19939;1;Pequeno I;638,743
280150;2801504;SE;28;2;Região Nordeste;Carmópolis (SE);Carmópolis;13853;1;Pequeno I;46,395
280160;2801603;SE;28;2;Região Nordeste;Cedro de São João (SE);Cedro de São João;5391;1;Pequeno I;83,711
280170;2801702;SE;28;2;Região Nordeste;Cristinápolis (SE);Cristinápolis;17100;1;Pequeno I;228,556
280190;2801900;SE;28;2;Região Nordeste;Cumbe (SE);Cumbe;3824;1;Pequeno I;128,393
280200;2802007;SE;28;2;Região Nordeste;Divina Pastora (SE);Divina Pastora;4340;1;Pequeno I;90,508
280210;2802106;SE;28;2;Região Nordeste;Estância (SE);Estância;65078;3;Médio;647,344
280220;2802205;SE;28;2;Região Nordeste;Feira Nova (SE);Feira Nova;5975;1;Pequeno I;183,273
280230;2802304;SE;28;2;Região Nordeste;Frei Paulo (SE);Frei Paulo;14530;1;Pequeno I;399,178
280240;2802403;SE;28;2;Região Nordeste;Gararu (SE);Gararu;11096;1;Pequeno I;656,956
280250;2802502;SE;28;2;Região Nordeste;General Maynard (SE);General Maynard;3037;1;Pequeno I;19,793
280260;2802601;SE;28;2;Região Nordeste;Gracho Cardoso (SE);Gracho Cardoso;5834;1;Pequeno I;242,679
280270;2802700;SE;28;2;Região Nordeste;Ilha das Flores (SE);Ilha Das Flores;8321;1;Pequeno I;52,693
280280;2802809;SE;28;2;Região Nordeste;Indiaroba (SE);Indiaroba;16549;1;Pequeno I;316,316
280290;2802908;SE;28;2;Região Nordeste;Itabaiana (SE);Itabaiana;103440;4;Grande;337,295
280300;2803005;SE;28;2;Região Nordeste;Itabaianinha (SE);Itabaianinha;40678;2;Pequeno II;501,794
280310;2803104;SE;28;2;Região Nordeste;Itabi (SE);Itabi;4745;1;Pequeno I;183,422
280320;2803203;SE;28;2;Região Nordeste;Itaporanga d'Ajuda (SE);Itaporanga D´ajuda;34411;2;Pequeno II;739,702
280330;2803302;SE;28;2;Região Nordeste;Japaratuba (SE);Japaratuba;16209;1;Pequeno I;365,677
280340;2803401;SE;28;2;Região Nordeste;Japoatã (SE);Japoatã;13407;1;Pequeno I;402,353
280350;2803500;SE;28;2;Região Nordeste;Lagarto (SE);Lagarto;101579;4;Grande;968,921
280360;2803609;SE;28;2;Região Nordeste;Laranjeiras (SE);Laranjeiras;23975;2;Pequeno II;162,273
280370;2803708;SE;28;2;Região Nordeste;Macambira (SE);Macambira;6838;1;Pequeno I;137,496
280380;2803807;SE;28;2;Região Nordeste;Malhada dos Bois (SE);Malhada Dos Bois;3579;1;Pequeno I;63,199
280390;2803906;SE;28;2;Região Nordeste;Malhador (SE);Malhador;11533;1;Pequeno I;101,888
280400;2804003;SE;28;2;Região Nordeste;Maruim (SE);Maruim;15719;1;Pequeno I;95,554
280410;2804102;SE;28;2;Região Nordeste;Moita Bonita (SE);Moita Bonita;11050;1;Pequeno I;95,416
280420;2804201;SE;28;2;Região Nordeste;Monte Alegre de Sergipe (SE);Monte Alegre de Sergipe;14336;1;Pequeno I;386,912
280430;2804300;SE;28;2;Região Nordeste;Muribeca (SE);Muribeca;7822;1;Pequeno I;74,31
280440;2804409;SE;28;2;Região Nordeste;Neópolis (SE);Neópolis;16426;1;Pequeno I;271,323
280445;2804458;SE;28;2;Região Nordeste;Nossa Senhora Aparecida (SE);Nossa Senhora Aparecida;9232;1;Pequeno I;340,772
280450;2804508;SE;28;2;Região Nordeste;Nossa Senhora da Glória (SE);Nossa Senhora da Glória;41212;2;Pequeno II;758,429
280460;2804607;SE;28;2;Região Nordeste;Nossa Senhora das Dores (SE);Nossa Senhora Das Dores;24996;2;Pequeno II;482,412
280470;2804706;SE;28;2;Região Nordeste;Nossa Senhora de Lourdes (SE);Nossa Senhora de Lourdes;6268;1;Pequeno I;83,767
280480;2804805;SE;28;2;Região Nordeste;Nossa Senhora do Socorro (SE);Nossa Senhora do Socorro;192330;4;Grande;155,018
280490;2804904;SE;28;2;Região Nordeste;Pacatuba (SE);Pacatuba;12502;1;Pequeno I;381,428
280500;2805000;SE;28;2;Região Nordeste;Pedra Mole (SE);Pedra Mole;2778;1;Pequeno I;82,211
280510;2805109;SE;28;2;Região Nordeste;Pedrinhas (SE);Pedrinhas;7396;1;Pequeno I;33,344
280520;2805208;SE;28;2;Região Nordeste;Pinhão (SE);Pinhão;5677;1;Pequeno I;156,373
280530;2805307;SE;28;2;Região Nordeste;Pirambu (SE);Pirambu;7913;1;Pequeno I;208,681
280540;2805406;SE;28;2;Região Nordeste;Poço Redondo (SE);Poço Redondo;33439;2;Pequeno II;1220,426
280550;2805505;SE;28;2;Região Nordeste;Poço Verde (SE);Poço Verde;21794;2;Pequeno II;441,326
280560;2805604;SE;28;2;Região Nordeste;Porto da Folha (SE);Porto da Folha;26576;2;Pequeno II;878,043
280570;2805703;SE;28;2;Região Nordeste;Propriá (SE);Propriá;26618;2;Pequeno II;96,32
280580;2805802;SE;28;2;Região Nordeste;Riachão do Dantas (SE);Riachão do Dantas;18313;1;Pequeno I;530,607
280590;2805901;SE;28;2;Região Nordeste;Riachuelo (SE);Riachuelo;8748;1;Pequeno I;78,308
280600;2806008;SE;28;2;Região Nordeste;Ribeirópolis (SE);Ribeirópolis;17033;1;Pequeno I;259,044
280610;2806107;SE;28;2;Região Nordeste;Rosário do Catete (SE);Rosário do Catete;9295;1;Pequeno I;102,683
280620;2806206;SE;28;2;Região Nordeste;Salgado (SE);Salgado;20279;2;Pequeno II;247,579
280630;2806305;SE;28;2;Região Nordeste;Santa Luzia do Itanhy (SE);Santa Luzia do Itanhy;13616;1;Pequeno I;325,258
280640;2806404;SE;28;2;Região Nordeste;Santana do São Francisco (SE);Santana do São Francisco;7346;1;Pequeno I;44,017
280650;2806503;SE;28;2;Região Nordeste;Santa Rosa de Lima (SE);Santa Rosa de Lima;3937;1;Pequeno I;67,672
280660;2806602;SE;28;2;Região Nordeste;Santo Amaro das Brotas (SE);Santo Amaro Das Brotas;11092;1;Pequeno I;236,965
280670;2806701;SE;28;2;Região Nordeste;São Cristóvão (SE);São Cristóvão;95612;3;Médio;438,037
280680;2806800;SE;28;2;Região Nordeste;São Domingos (SE);São Domingos;10327;1;Pequeno I;101,999
280690;2806909;SE;28;2;Região Nordeste;São Francisco (SE);São Francisco;3243;1;Pequeno I;83,985
280700;2807006;SE;28;2;Região Nordeste;São Miguel do Aleixo (SE);São Miguel do Aleixo;3434;1;Pequeno I;144,868
280710;2807105;SE;28;2;Região Nordeste;Simão Dias (SE);Simão Dias;42578;2;Pequeno II;560,199
280720;2807204;SE;28;2;Região Nordeste;Siriri (SE);Siriri;7834;1;Pequeno I;168,343
280730;2807303;SE;28;2;Região Nordeste;Telha (SE);Telha;3274;1;Pequeno I;47,86
280740;2807402;SE;28;2;Região Nordeste;Tobias Barreto (SE);Tobias Barreto;50905;3;Médio;1024,645
280750;2807501;SE;28;2;Região Nordeste;Tomar do Geru (SE);Tomar do Geru;12012;1;Pequeno I;304,837
280760;2807600;SE;28;2;Região Nordeste;Umbaúba (SE);Umbaúba;23917;2;Pequeno II;117,514
290010;2900108;BA;29;2;Região Nordeste;Abaíra (BA);Abaíra;7301;1;Pequeno I;538,677
290020;2900207;BA;29;2;Região Nordeste;Abaré (BA);Abaré;17639;1;Pequeno I;1604,923
290030;2900306;BA;29;2;Região Nordeste;Acajutiba (BA);Acajutiba;13795;1;Pequeno I;181,475
290035;2900355;BA;29;2;Região Nordeste;Adustina (BA);Adustina;14201;1;Pequeno I;629,099
290040;2900405;BA;29;2;Região Nordeste;Água Fria (BA);Água Fria;14497;1;Pequeno I;742,775
290050;2900504;BA;29;2;Região Nordeste;Érico Cardoso (BA);Érico Cardoso;10604;1;Pequeno I;735,249
290060;2900603;BA;29;2;Região Nordeste;Aiquara (BA);Aiquara;4447;1;Pequeno I;167,877
290070;2900702;BA;29;2;Região Nordeste;Alagoinhas (BA);Alagoinhas;151055;4;Grande;707,835
290080;2900801;BA;29;2;Região Nordeste;Alcobaça (BA);Alcobaça;24530;2;Pequeno II;1477,929
290090;2900900;BA;29;2;Região Nordeste;Almadina (BA);Almadina;5218;1;Pequeno I;245,236
290100;2901007;BA;29;2;Região Nordeste;Amargosa (BA);Amargosa;36521;2;Pequeno II;431,655
290110;2901106;BA;29;2;Região Nordeste;Amélia Rodrigues (BA);Amélia Rodrigues;24138;2;Pequeno II;166,872
290115;2901155;BA;29;2;Região Nordeste;América Dourada (BA);América Dourada;15137;1;Pequeno I;822,373
290120;2901205;BA;29;2;Região Nordeste;Anagé (BA);Anagé;25438;2;Pequeno II;1899,683
290130;2901304;BA;29;2;Região Nordeste;Andaraí (BA);Andaraí;13080;1;Pequeno I;1590,316
290135;2901353;BA;29;2;Região Nordeste;Andorinha (BA);Andorinha;15012;1;Pequeno I;1362,386
290140;2901403;BA;29;2;Região Nordeste;Angical (BA);Angical;13732;1;Pequeno I;1530,05
290150;2901502;BA;29;2;Região Nordeste;Anguera (BA);Anguera;11031;1;Pequeno I;187,84
290160;2901601;BA;29;2;Região Nordeste;Antas (BA);Antas;14206;1;Pequeno I;319,745
290170;2901700;BA;29;2;Região Nordeste;Antônio Cardoso (BA);Antônio Cardoso;11146;1;Pequeno I;293,53
290180;2901809;BA;29;2;Região Nordeste;Antônio Gonçalves (BA);Antônio Gonçalves;10862;1;Pequeno I;345,284
290190;2901908;BA;29;2;Região Nordeste;Aporá (BA);Aporá;15922;1;Pequeno I;479,262
290195;2901957;BA;29;2;Região Nordeste;Apuarema (BA);Apuarema;6913;1;Pequeno I;150,83
290200;2902005;BA;29;2;Região Nordeste;Aracatu (BA);Aracatu;13936;1;Pequeno I;1489,803
290205;2902054;BA;29;2;Região Nordeste;Araçás (BA);Araças;11557;1;Pequeno I;474,577
290210;2902104;BA;29;2;Região Nordeste;Araci (BA);Araci;48294;2;Pequeno II;1496,245
290220;2902203;BA;29;2;Região Nordeste;Aramari (BA);Aramari;9833;1;Pequeno I;368,947
290225;2902252;BA;29;2;Região Nordeste;Arataca (BA);Arataca;10191;1;Pequeno I;435,962
290230;2902302;BA;29;2;Região Nordeste;Aratuípe (BA);Aratuípe;8677;1;Pequeno I;174,012
290240;2902401;BA;29;2;Região Nordeste;Aurelino Leal (BA);Aurelino Leal;11179;1;Pequeno I;445,394
290250;2902500;BA;29;2;Região Nordeste;Baianópolis (BA);Baianópolis;13614;1;Pequeno I;3320,723
290260;2902609;BA;29;2;Região Nordeste;Baixa Grande (BA);Baixa Grande;18220;1;Pequeno I;967,514
290265;2902658;BA;29;2;Região Nordeste;Banzaê (BA);Banzaê;11958;1;Pequeno I;409,507
290270;2902708;BA;29;2;Região Nordeste;Barra (BA);Barra;51092;3;Médio;11428,112
290280;2902807;BA;29;2;Região Nordeste;Barra da Estiva (BA);Barra da Estiva;26026;2;Pequeno II;1657,413
290290;2902906;BA;29;2;Região Nordeste;Barra do Choça (BA);Barra do Choça;36539;2;Pequeno II;765,936
290300;2903003;BA;29;2;Região Nordeste;Barra do Mendes (BA);Barra do Mendes;13836;1;Pequeno I;1436,298
290310;2903102;BA;29;2;Região Nordeste;Barra do Rocha (BA);Barra do Rocha;5775;1;Pequeno I;214,411
290320;2903201;BA;29;2;Região Nordeste;Barreiras (BA);Barreiras;159734;4;Grande;8051,274
290323;2903235;BA;29;2;Região Nordeste;Barro Alto (BA);Barro Alto;13453;1;Pequeno I;414,51
290327;2903276;BA;29;2;Região Nordeste;Barrocas (BA);Barrocas;15203;1;Pequeno I;207,297
290330;2903300;BA;29;2;Região Nordeste;Barro Preto (BA);Governador Lomanto Júnior;5833;1;Pequeno I;201,585
290340;2903409;BA;29;2;Região Nordeste;Belmonte (BA);Belmonte;20121;2;Pequeno II;1939,447
290350;2903508;BA;29;2;Região Nordeste;Belo Campo (BA);Belo Campo;18412;1;Pequeno I;772,756
290360;2903607;BA;29;2;Região Nordeste;Biritinga (BA);Biritinga;15146;1;Pequeno I;553,762
290370;2903706;BA;29;2;Região Nordeste;Boa Nova (BA);Boa Nova;13690;1;Pequeno I;848,857
290380;2903805;BA;29;2;Região Nordeste;Boa Vista do Tupim (BA);Boa Vista do Tupim;16873;1;Pequeno I;2972,109
290390;2903904;BA;29;2;Região Nordeste;Bom Jesus da Lapa (BA);Bom Jesus da Lapa;65550;3;Médio;4115,51
290395;2903953;BA;29;2;Região Nordeste;Bom Jesus da Serra (BA);Bom Jesus da Serra;9730;1;Pequeno I;467,909
290400;2904001;BA;29;2;Região Nordeste;Boninal (BA);Boninal;13622;1;Pequeno I;896,857
290405;2904050;BA;29;2;Região Nordeste;Bonito (BA);Bonito;15844;1;Pequeno I;791,276
290410;2904100;BA;29;2;Região Nordeste;Boquira (BA);Boquira;19322;1;Pequeno I;1426,233
290420;2904209;BA;29;2;Região Nordeste;Botuporã (BA);Botuporã;11024;1;Pequeno I;627,612
290430;2904308;BA;29;2;Região Nordeste;Brejões (BA);Brejões;12943;1;Pequeno I;518,566
290440;2904407;BA;29;2;Região Nordeste;Brejolândia (BA);Brejolândia;9108;1;Pequeno I;2247,208
290450;2904506;BA;29;2;Região Nordeste;Brotas de Macaúbas (BA);Brotas de Macaúbas;11765;1;Pequeno I;2520,817
290460;2904605;BA;29;2;Região Nordeste;Brumado (BA);Brumado;70510;3;Médio;2207,612
290470;2904704;BA;29;2;Região Nordeste;Buerarema (BA);Buerarema;14804;1;Pequeno I;219,487
290475;2904753;BA;29;2;Região Nordeste;Buritirama (BA);Buritirama;19589;1;Pequeno I;4046,736
290480;2904803;BA;29;2;Região Nordeste;Caatiba (BA);Caatiba;6205;1;Pequeno I;512,436
290485;2904852;BA;29;2;Região Nordeste;Cabaceiras do Paraguaçu (BA);Cabaceiras do Paraguaçu;16559;1;Pequeno I;222,026
290490;2904902;BA;29;2;Região Nordeste;Cachoeira (BA);Cachoeira;29250;2;Pequeno II;394,894
290500;2905008;BA;29;2;Região Nordeste;Caculé (BA);Caculé;22462;2;Pequeno II;610,983
290510;2905107;BA;29;2;Região Nordeste;Caém (BA);Caém;10384;1;Pequeno I;540,908
290515;2905156;BA;29;2;Região Nordeste;Caetanos (BA);Caetanos;11266;1;Pequeno I;767,146
290520;2905206;BA;29;2;Região Nordeste;Caetité (BA);Caetité;52012;3;Médio;2651,536
290530;2905305;BA;29;2;Região Nordeste;Cafarnaum (BA);Cafarnaum;17466;1;Pequeno I;643,66
290540;2905404;BA;29;2;Região Nordeste;Cairu (BA);Cairu;17761;1;Pequeno I;448,846
290550;2905503;BA;29;2;Região Nordeste;Caldeirão Grande (BA);Caldeirão Grande;13080;1;Pequeno I;458,311
290560;2905602;BA;29;2;Região Nordeste;Camacan (BA);Camacan;22579;2;Pequeno II;584,848
290570;2905701;BA;29;2;Região Nordeste;Camaçari (BA);Camaçari;300372;4;Grande;785,421
290580;2905800;BA;29;2;Região Nordeste;Camamu (BA);Camamu;30469;2;Pequeno II;839,702
290590;2905909;BA;29;2;Região Nordeste;Campo Alegre de Lourdes (BA);Campo Alegre de Lourdes;30671;2;Pequeno II;2914,587
290600;2906006;BA;29;2;Região Nordeste;Campo Formoso (BA);Campo Formoso;71377;3;Médio;7161,827
290610;2906105;BA;29;2;Região Nordeste;Canápolis (BA);Canápolis;10225;1;Pequeno I;460,388
290620;2906204;BA;29;2;Região Nordeste;Canarana (BA);Canarana;24206;2;Pequeno II;579,726
290630;2906303;BA;29;2;Região Nordeste;Canavieiras (BA);Canavieiras;32683;2;Pequeno II;1334,284
290640;2906402;BA;29;2;Região Nordeste;Candeal (BA);Candeal;7772;1;Pequeno I;447,578
290650;2906501;BA;29;2;Região Nordeste;Candeias (BA);Candeias;72382;3;Médio;251,808
290660;2906600;BA;29;2;Região Nordeste;Candiba (BA);Candiba;13016;1;Pequeno I;433,642
290670;2906709;BA;29;2;Região Nordeste;Cândido Sales (BA);Cândido Sales;25247;2;Pequeno II;1169,814
290680;2906808;BA;29;2;Região Nordeste;Cansanção (BA);Cansanção;37439;2;Pequeno II;1351,891
290682;2906824;BA;29;2;Região Nordeste;Canudos (BA);Canudos;16105;1;Pequeno I;3565,377
290685;2906857;BA;29;2;Região Nordeste;Capela do Alto Alegre (BA);Capela do Alto Alegre;10744;1;Pequeno I;629,586
290687;2906873;BA;29;2;Região Nordeste;Capim Grosso (BA);Capim Grosso;33235;2;Pequeno II;464,776
290689;2906899;BA;29;2;Região Nordeste;Caraíbas (BA);Caraíbas;9940;1;Pequeno I;805,629
290690;2906907;BA;29;2;Região Nordeste;Caravelas (BA);Caravelas;20580;2;Pequeno II;2377,889
290700;2907004;BA;29;2;Região Nordeste;Cardeal da Silva (BA);Cardeal da Silva;8365;1;Pequeno I;293,456
290710;2907103;BA;29;2;Região Nordeste;Carinhanha (BA);Carinhanha;28869;2;Pequeno II;2525,906
290720;2907202;BA;29;2;Região Nordeste;Casa Nova (BA);Casa Nova;72086;3;Médio;9647,072
290730;2907301;BA;29;2;Região Nordeste;Castro Alves (BA);Castro Alves;24712;2;Pequeno II;713,789
290740;2907400;BA;29;2;Região Nordeste;Catolândia (BA);Catolândia;3434;1;Pequeno I;702,504
290750;2907509;BA;29;2;Região Nordeste;Catu (BA);Catu;48148;2;Pequeno II;426,955
290755;2907558;BA;29;2;Região Nordeste;Caturama (BA);Caturama;8841;1;Pequeno I;716,261
290760;2907608;BA;29;2;Região Nordeste;Central (BA);Central;16348;1;Pequeno I;566,974
290770;2907707;BA;29;2;Região Nordeste;Chorrochó (BA);Chorrochó;10579;1;Pequeno I;3005,319
290780;2907806;BA;29;2;Região Nordeste;Cícero Dantas (BA);Cícero Dantas;30907;2;Pequeno II;819,969
290790;2907905;BA;29;2;Região Nordeste;Cipó (BA);Cipó;17230;1;Pequeno I;168,33
290800;2908002;BA;29;2;Região Nordeste;Coaraci (BA);Coaraci;17333;1;Pequeno I;274,5
290810;2908101;BA;29;2;Região Nordeste;Cocos (BA);Cocos;19151;1;Pequeno I;10140,572
290820;2908200;BA;29;2;Região Nordeste;Conceição da Feira (BA);Conceição da Feira;20800;2;Pequeno II;164,798
290830;2908309;BA;29;2;Região Nordeste;Conceição do Almeida (BA);Conceição do Almeida;15794;1;Pequeno I;284,836
290840;2908408;BA;29;2;Região Nordeste;Conceição do Coité (BA);Conceição do Coité;67825;3;Médio;1015,252
290850;2908507;BA;29;2;Região Nordeste;Conceição do Jacuípe (BA);Conceição do Jacuípe;35308;2;Pequeno II;114,869
290860;2908606;BA;29;2;Região Nordeste;Conde (BA);Conde;23654;2;Pequeno II;931,106
290870;2908705;BA;29;2;Região Nordeste;Condeúba (BA);Condeúba;17053;1;Pequeno I;1348,039
290880;2908804;BA;29;2;Região Nordeste;Contendas do Sincorá (BA);Contendas do Sincorá;4333;1;Pequeno I;977,455
290890;2908903;BA;29;2;Região Nordeste;Coração de Maria (BA);Coração de Maria;26692;2;Pequeno II;378,42
290900;2909000;BA;29;2;Região Nordeste;Cordeiros (BA);Cordeiros;7546;1;Pequeno I;523,64
290910;2909109;BA;29;2;Região Nordeste;Coribe (BA);Coribe;13990;1;Pequeno I;2662,819
290920;2909208;BA;29;2;Região Nordeste;Coronel João Sá (BA);Coronel João sá;17056;1;Pequeno I;797,434
290930;2909307;BA;29;2;Região Nordeste;Correntina (BA);Correntina;32457;2;Pequeno II;11504,314
290940;2909406;BA;29;2;Região Nordeste;Cotegipe (BA);Cotegipe;13063;1;Pequeno I;4282,775
290950;2909505;BA;29;2;Região Nordeste;Cravolândia (BA);Cravolândia;4415;1;Pequeno I;182,585
290960;2909604;BA;29;2;Região Nordeste;Crisópolis (BA);Crisópolis;19729;1;Pequeno I;636,609
290970;2909703;BA;29;2;Região Nordeste;Cristópolis (BA);Cristópolis;13993;1;Pequeno I;1052,837
290980;2909802;BA;29;2;Região Nordeste;Cruz das Almas (BA);Cruz Das Almas;60348;3;Médio;139,117
290990;2909901;BA;29;2;Região Nordeste;Curaçá (BA);Curaçá;34180;2;Pequeno II;5950,614
291000;2910008;BA;29;2;Região Nordeste;Dário Meira (BA);Dário Meira;10820;1;Pequeno I;413,637
291005;2910057;BA;29;2;Região Nordeste;Dias d'Ávila (BA);Dias D´ávila;71485;3;Médio;183,759
291010;2910107;BA;29;2;Região Nordeste;Dom Basílio (BA);Dom Basílio;11884;1;Pequeno I;689,516
291020;2910206;BA;29;2;Região Nordeste;Dom Macedo Costa (BA);Dom Macedo Costa;4407;1;Pequeno I;94,778
291030;2910305;BA;29;2;Região Nordeste;Elísio Medrado (BA);Elísio Medrado;7808;1;Pequeno I;179,329
291040;2910404;BA;29;2;Região Nordeste;Encruzilhada (BA);Encruzilhada;19107;1;Pequeno I;1890,133
291050;2910503;BA;29;2;Região Nordeste;Entre Rios (BA);Entre Rios;38098;2;Pequeno II;1187,766
291060;2910602;BA;29;2;Região Nordeste;Esplanada (BA);Esplanada;32554;2;Pequeno II;1299,355
291070;2910701;BA;29;2;Região Nordeste;Euclides da Cunha (BA);Euclides da Cunha;61456;3;Médio;2025,368
291072;2910727;BA;29;2;Região Nordeste;Eunápolis (BA);Eunápolis;113710;4;Grande;1425,97
291075;2910750;BA;29;2;Região Nordeste;Fátima (BA);Fátima;17895;1;Pequeno I;364,419
291077;2910776;BA;29;2;Região Nordeste;Feira da Mata (BA);Feira da Mata;5631;1;Pequeno I;1176,111
291080;2910800;BA;29;2;Região Nordeste;Feira de Santana (BA);Feira de Santana;616272;4;Grande;1304,425
291085;2910859;BA;29;2;Região Nordeste;Filadélfia (BA);Filadélfia;17897;1;Pequeno I;579,686
291090;2910909;BA;29;2;Região Nordeste;Firmino Alves (BA);Firmino Alves;4873;1;Pequeno I;172,353
291100;2911006;BA;29;2;Região Nordeste;Floresta Azul (BA);Floresta Azul;11059;1;Pequeno I;321,013
291110;2911105;BA;29;2;Região Nordeste;Formosa do Rio Preto (BA);Formosa do Rio Preto;25899;2;Pequeno II;15634,328
291120;2911204;BA;29;2;Região Nordeste;Gandu (BA);Gandu;32178;2;Pequeno II;229,661
291125;2911253;BA;29;2;Região Nordeste;Gavião (BA);Gavião;4360;1;Pequeno I;384,592
291130;2911303;BA;29;2;Região Nordeste;Gentio do Ouro (BA);Gentio do Ouro;10884;1;Pequeno I;3817,946
291140;2911402;BA;29;2;Região Nordeste;Glória (BA);Glória;15524;1;Pequeno I;1566,609
291150;2911501;BA;29;2;Região Nordeste;Gongogi (BA);Gongogi;5555;1;Pequeno I;202,194
291160;2911600;BA;29;2;Região Nordeste;Governador Mangabeira (BA);Governador Mangabeira;20605;2;Pequeno II;106,848
291165;2911659;BA;29;2;Região Nordeste;Guajeru (BA);Guajeru;8050;1;Pequeno I;872,867
291170;2911709;BA;29;2;Região Nordeste;Guanambi (BA);Guanambi;87817;3;Médio;1272,366
291180;2911808;BA;29;2;Região Nordeste;Guaratinga (BA);Guaratinga;19049;1;Pequeno I;2189,404
291185;2911857;BA;29;2;Região Nordeste;Heliópolis (BA);Heliópolis;12309;1;Pequeno I;313,438
291190;2911907;BA;29;2;Região Nordeste;Iaçu (BA);Iaçu;24607;2;Pequeno II;2342,497
291200;2912004;BA;29;2;Região Nordeste;Ibiassucê (BA);Ibiassucê;10429;1;Pequeno I;483,274
291210;2912103;BA;29;2;Região Nordeste;Ibicaraí (BA);Ibicaraí;21665;2;Pequeno II;230,953
291220;2912202;BA;29;2;Região Nordeste;Ibicoara (BA);Ibicoara;20785;2;Pequeno II;817,355
291230;2912301;BA;29;2;Região Nordeste;Ibicuí (BA);Ibicuí;13934;1;Pequeno I;1139,378
291240;2912400;BA;29;2;Região Nordeste;Ibipeba (BA);Ibipeba;16603;1;Pequeno I;1382,008
291250;2912509;BA;29;2;Região Nordeste;Ibipitanga (BA);Ibipitanga;13863;1;Pequeno I;954,373
291260;2912608;BA;29;2;Região Nordeste;Ibiquera (BA);Ibiquera;3725;1;Pequeno I;698,245
291270;2912707;BA;29;2;Região Nordeste;Ibirapitanga (BA);Ibirapitanga;25344;2;Pequeno II;472,664
291280;2912806;BA;29;2;Região Nordeste;Ibirapuã (BA);Ibirapuã;8896;1;Pequeno I;771,098
291290;2912905;BA;29;2;Região Nordeste;Ibirataia (BA);Ibirataia;18792;1;Pequeno I;318,129
291300;2913002;BA;29;2;Região Nordeste;Ibitiara (BA);Ibitiara;14637;1;Pequeno I;1834,002
291310;2913101;BA;29;2;Região Nordeste;Ibititá (BA);Ibititá;16969;1;Pequeno I;573,033
291320;2913200;BA;29;2;Região Nordeste;Ibotirama (BA);Ibotirama;26309;2;Pequeno II;1740,113
291330;2913309;BA;29;2;Região Nordeste;Ichu (BA);Ichu;6190;1;Pequeno I;138,016
291340;2913408;BA;29;2;Região Nordeste;Igaporã (BA);Igaporã;15527;1;Pequeno I;836,586
291345;2913457;BA;29;2;Região Nordeste;Igrapiúna (BA);Igrapiúna;13151;1;Pequeno I;591,312
291350;2913507;BA;29;2;Região Nordeste;Iguaí (BA);Iguaí;21491;2;Pequeno II;860,223
291360;2913606;BA;29;2;Região Nordeste;Ilhéus (BA);Ilhéus;178649;4;Grande;1588,555
291370;2913705;BA;29;2;Região Nordeste;Inhambupe (BA);Inhambupe;33790;2;Pequeno II;1082,283
291380;2913804;BA;29;2;Região Nordeste;Ipecaetá (BA);Ipecaetá;13709;1;Pequeno I;372,565
291390;2913903;BA;29;2;Região Nordeste;Ipiaú (BA);Ipiaú;40706;2;Pequeno II;280,454
291400;2914000;BA;29;2;Região Nordeste;Ipirá (BA);Ipirá;56876;3;Médio;3105,281
291410;2914109;BA;29;2;Região Nordeste;Ipupiara (BA);Ipupiara;9935;1;Pequeno I;1055,76
291420;2914208;BA;29;2;Região Nordeste;Irajuba (BA);Irajuba;6101;1;Pequeno I;459,047
291430;2914307;BA;29;2;Região Nordeste;Iramaia (BA);Iramaia;10752;1;Pequeno I;1708,115
291440;2914406;BA;29;2;Região Nordeste;Iraquara (BA);Iraquara;23879;2;Pequeno II;991,822
291450;2914505;BA;29;2;Região Nordeste;Irará (BA);Irará;28043;2;Pequeno II;267,88
291460;2914604;BA;29;2;Região Nordeste;Irecê (BA);Irecê;74507;3;Médio;319,174
291465;2914653;BA;29;2;Região Nordeste;Itabela (BA);Itabela;28165;2;Pequeno II;924,914
291470;2914703;BA;29;2;Região Nordeste;Itaberaba (BA);Itaberaba;65073;3;Médio;2386,39
291480;2914802;BA;29;2;Região Nordeste;Itabuna (BA);Itabuna;186708;4;Grande;401,028
291490;2914901;BA;29;2;Região Nordeste;Itacaré (BA);Itacaré;27704;2;Pequeno II;726,265
291500;2915007;BA;29;2;Região Nordeste;Itaeté (BA);Itaeté;13472;1;Pequeno I;1331,822
291510;2915106;BA;29;2;Região Nordeste;Itagi (BA);Itagi;13803;1;Pequeno I;310,621
291520;2915205;BA;29;2;Região Nordeste;Itagibá (BA);Itagibá;15310;1;Pequeno I;810,993
291530;2915304;BA;29;2;Região Nordeste;Itagimirim (BA);Itagimirim;6347;1;Pequeno I;876,8
291535;2915353;BA;29;2;Região Nordeste;Itaguaçu da Bahia (BA);Itaguaçu da Bahia;12311;1;Pequeno I;4310,238
291540;2915403;BA;29;2;Região Nordeste;Itaju do Colônia (BA);Itaju do Colônia;6037;1;Pequeno I;1225,287
291550;2915502;BA;29;2;Região Nordeste;Itajuípe (BA);Itajuípe;18781;1;Pequeno I;270,752
291560;2915601;BA;29;2;Região Nordeste;Itamaraju (BA);Itamaraju;59605;3;Médio;2360,584
291570;2915700;BA;29;2;Região Nordeste;Itamari (BA);Itamari;7051;1;Pequeno I;143,479
291580;2915809;BA;29;2;Região Nordeste;Itambé (BA);Itambé;24394;2;Pequeno II;1534,575
291590;2915908;BA;29;2;Região Nordeste;Itanagra (BA);Itanagra;5914;1;Pequeno I;533,634
291600;2916005;BA;29;2;Região Nordeste;Itanhém (BA);Itanhém;17813;1;Pequeno I;1394,174
291610;2916104;BA;29;2;Região Nordeste;Itaparica (BA);Itaparica;19789;1;Pequeno I;121,373
291620;2916203;BA;29;2;Região Nordeste;Itapé (BA);Itapé;10341;1;Pequeno I;453,144
291630;2916302;BA;29;2;Região Nordeste;Itapebi (BA);Itapebi;9174;1;Pequeno I;1013,074
291640;2916401;BA;29;2;Região Nordeste;Itapetinga (BA);Itapetinga;65897;3;Médio;1651,158
291650;2916500;BA;29;2;Região Nordeste;Itapicuru (BA);Itapicuru;31679;2;Pequeno II;1557,685
291660;2916609;BA;29;2;Região Nordeste;Itapitanga (BA);Itapitanga;10279;1;Pequeno I;420,663
291670;2916708;BA;29;2;Região Nordeste;Itaquara (BA);Itaquara;8153;1;Pequeno I;344,093
291680;2916807;BA;29;2;Região Nordeste;Itarantim (BA);Itarantim;17052;1;Pequeno I;1674,029
291685;2916856;BA;29;2;Região Nordeste;Itatim (BA);Itatim;15737;1;Pequeno I;547,51
291690;2916906;BA;29;2;Região Nordeste;Itiruçu (BA);Itiruçu;10999;1;Pequeno I;322,243
291700;2917003;BA;29;2;Região Nordeste;Itiúba (BA);Itiúba;33872;2;Pequeno II;1650,593
291710;2917102;BA;29;2;Região Nordeste;Itororó (BA);Itororó;16617;1;Pequeno I;313,839
291720;2917201;BA;29;2;Região Nordeste;Ituaçu (BA);Ituaçu;17914;1;Pequeno I;1199,374
291730;2917300;BA;29;2;Região Nordeste;Ituberá (BA);Ituberá;21902;2;Pequeno II;415,428
291733;2917334;BA;29;2;Região Nordeste;Iuiu (BA);Iuiú;11118;1;Pequeno I;1525,142
291735;2917359;BA;29;2;Região Nordeste;Jaborandi (BA);Jaborandi;9275;1;Pequeno I;9955,113
291740;2917409;BA;29;2;Região Nordeste;Jacaraci (BA);Jacaraci;14436;1;Pequeno I;1332,42
291750;2917508;BA;29;2;Região Nordeste;Jacobina (BA);Jacobina;82590;3;Médio;2192,905
291760;2917607;BA;29;2;Região Nordeste;Jaguaquara (BA);Jaguaquara;45964;2;Pequeno II;924,512
291770;2917706;BA;29;2;Região Nordeste;Jaguarari (BA);Jaguarari;32703;2;Pequeno II;2466,009
291780;2917805;BA;29;2;Região Nordeste;Jaguaripe (BA);Jaguaripe;17659;1;Pequeno I;863,424
291790;2917904;BA;29;2;Região Nordeste;Jandaíra (BA);Jandaíra;9285;1;Pequeno I;640,772
291800;2918001;BA;29;2;Região Nordeste;Jequié (BA);Jequié;158813;4;Grande;2969,039
291810;2918100;BA;29;2;Região Nordeste;Jeremoabo (BA);Jeremoabo;37626;2;Pequeno II;4267,488
291820;2918209;BA;29;2;Região Nordeste;Jiquiriçá (BA);Jiquiriçá;13629;1;Pequeno I;238,66
291830;2918308;BA;29;2;Região Nordeste;Jitaúna (BA);Jitaúna;14355;1;Pequeno I;262,05
291835;2918357;BA;29;2;Região Nordeste;João Dourado (BA);João Dourado;24854;2;Pequeno II;913,258
291840;2918407;BA;29;2;Região Nordeste;Juazeiro (BA);Juazeiro;237821;4;Grande;6721,237
291845;2918456;BA;29;2;Região Nordeste;Jucuruçu (BA);Jucuruçu;9655;1;Pequeno I;1457,656
291850;2918506;BA;29;2;Região Nordeste;Jussara (BA);Jussara;16354;1;Pequeno I;1355,173
291855;2918555;BA;29;2;Região Nordeste;Jussari (BA);Jussari;5888;1;Pequeno I;329,19
291860;2918605;BA;29;2;Região Nordeste;Jussiape (BA);Jussiape;7379;1;Pequeno I;589,763
291870;2918704;BA;29;2;Região Nordeste;Lafaiete Coutinho (BA);Lafaiete Coutinho;4075;1;Pequeno I;498,11
291875;2918753;BA;29;2;Região Nordeste;Lagoa Real (BA);Lagoa Real;14105;1;Pequeno I;912,222
291880;2918803;BA;29;2;Região Nordeste;Laje (BA);Laje;21052;2;Pequeno II;449,834
291890;2918902;BA;29;2;Região Nordeste;Lajedão (BA);Lajedão;3845;1;Pequeno I;624,353
291900;2919009;BA;29;2;Região Nordeste;Lajedinho (BA);Lajedinho;3527;1;Pequeno I;846,728
291905;2919058;BA;29;2;Região Nordeste;Lajedo do Tabocal (BA);Lajedo do Tabocal;7494;1;Pequeno I;382,937
291910;2919108;BA;29;2;Região Nordeste;Lamarão (BA);Lamarão;9015;1;Pequeno I;189,257
291915;2919157;BA;29;2;Região Nordeste;Lapão (BA);Lapão;25736;2;Pequeno II;642,882
291920;2919207;BA;29;2;Região Nordeste;Lauro de Freitas (BA);Lauro de Freitas;203331;4;Grande;57,942
291930;2919306;BA;29;2;Região Nordeste;Lençóis (BA);Lençóis;10774;1;Pequeno I;1283,328
291940;2919405;BA;29;2;Região Nordeste;Licínio de Almeida (BA);Licínio de Almeida;11834;1;Pequeno I;856,626
291950;2919504;BA;29;2;Região Nordeste;Livramento de Nossa Senhora (BA);Livramento de Nossa Senhora;43903;2;Pequeno II;1952,51
291955;2919553;BA;29;2;Região Nordeste;Luís Eduardo Magalhães (BA);Luís Eduardo Magalhães;107909;4;Grande;4036,094
291960;2919603;BA;29;2;Região Nordeste;Macajuba (BA);Macajuba;10454;1;Pequeno I;701,171
291970;2919702;BA;29;2;Região Nordeste;Macarani (BA);Macarani;21599;2;Pequeno II;1210,106
291980;2919801;BA;29;2;Região Nordeste;Macaúbas (BA);Macaúbas;41859;2;Pequeno II;2459,102
291990;2919900;BA;29;2;Região Nordeste;Macururé (BA);Macururé;7256;1;Pequeno I;2545,856
291992;2919926;BA;29;2;Região Nordeste;Madre de Deus (BA);Madre de Deus;18504;1;Pequeno I;32,201
291995;2919959;BA;29;2;Região Nordeste;Maetinga (BA);Maetinga;6973;1;Pequeno I;614,834
292000;2920007;BA;29;2;Região Nordeste;Maiquinique (BA);Maiquinique;8731;1;Pequeno I;588,297
292010;2920106;BA;29;2;Região Nordeste;Mairi (BA);Mairi;17674;1;Pequeno I;906,68
292020;2920205;BA;29;2;Região Nordeste;Malhada (BA);Malhada;15398;1;Pequeno I;1979,193
292030;2920304;BA;29;2;Região Nordeste;Malhada de Pedras (BA);Malhada de Pedras;8670;1;Pequeno I;550,55
292040;2920403;BA;29;2;Região Nordeste;Manoel Vitorino (BA);Manoel Vitorino;13860;1;Pequeno I;2201,764
292045;2920452;BA;29;2;Região Nordeste;Mansidão (BA);Mansidão;13919;1;Pequeno I;3129,588
292050;2920502;BA;29;2;Região Nordeste;Maracás (BA);Maracás;27620;2;Pequeno II;2413,27
292060;2920601;BA;29;2;Região Nordeste;Maragogipe (BA);Maragogipe;35859;2;Pequeno II;437,61
292070;2920700;BA;29;2;Região Nordeste;Maraú (BA);Maraú;24527;2;Pequeno II;848,885
292080;2920809;BA;29;2;Região Nordeste;Marcionílio Souza (BA);Marcionílio Souza;9267;1;Pequeno I;1099,283
292090;2920908;BA;29;2;Região Nordeste;Mascote (BA);Mascote;13544;1;Pequeno I;742,689
292100;2921005;BA;29;2;Região Nordeste;Mata de São João (BA);Mata de São João;42566;2;Pequeno II;605,168
292105;2921054;BA;29;2;Região Nordeste;Matina (BA);Matina;10330;1;Pequeno I;773,278
292110;2921104;BA;29;2;Região Nordeste;Medeiros Neto (BA);Medeiros Neto;22194;2;Pequeno II;1311,739
292120;2921203;BA;29;2;Região Nordeste;Miguel Calmon (BA);Miguel Calmon;24661;2;Pequeno II;1599,672
292130;2921302;BA;29;2;Região Nordeste;Milagres (BA);Milagres;11071;1;Pequeno I;420,358
292140;2921401;BA;29;2;Região Nordeste;Mirangaba (BA);Mirangaba;15734;1;Pequeno I;1751,778
292145;2921450;BA;29;2;Região Nordeste;Mirante (BA);Mirante;10187;1;Pequeno I;1172,86
292150;2921500;BA;29;2;Região Nordeste;Monte Santo (BA);Monte Santo;47780;2;Pequeno II;3034,197
292160;2921609;BA;29;2;Região Nordeste;Morpará (BA);Morpará;7996;1;Pequeno I;2093,872
292170;2921708;BA;29;2;Região Nordeste;Morro do Chapéu (BA);Morro do Chapéu;33594;2;Pequeno II;5744,969
292180;2921807;BA;29;2;Região Nordeste;Mortugaba (BA);Mortugaba;11143;1;Pequeno I;528,214
292190;2921906;BA;29;2;Região Nordeste;Mucugê (BA);Mucugê;12137;1;Pequeno I;2462,153
292200;2922003;BA;29;2;Região Nordeste;Mucuri (BA);Mucuri;37977;2;Pequeno II;1787,626
292205;2922052;BA;29;2;Região Nordeste;Mulungu do Morro (BA);Mulungu do Morro;13152;1;Pequeno I;646,621
292210;2922102;BA;29;2;Região Nordeste;Mundo Novo (BA);Mundo Novo;17305;1;Pequeno I;1491,99
292220;2922201;BA;29;2;Região Nordeste;Muniz Ferreira (BA);Muniz Ferreira;7190;1;Pequeno I;104,54
292225;2922250;BA;29;2;Região Nordeste;Muquém do São Francisco (BA);Muquém de São Francisco;10443;1;Pequeno I;3852,111
292230;2922300;BA;29;2;Região Nordeste;Muritiba (BA);Muritiba;28707;2;Pequeno II;86,311
292240;2922409;BA;29;2;Região Nordeste;Mutuípe (BA);Mutuípe;20037;2;Pequeno II;275,854
292250;2922508;BA;29;2;Região Nordeste;Nazaré (BA);Nazaré;27060;2;Pequeno II;278,629
292260;2922607;BA;29;2;Região Nordeste;Nilo Peçanha (BA);Nilo Peçanha;12063;1;Pequeno I;388,936
292265;2922656;BA;29;2;Região Nordeste;Nordestina (BA);Nordestina;18523;1;Pequeno I;465,407
292270;2922706;BA;29;2;Região Nordeste;Nova Canaã (BA);Nova Canaã;13715;1;Pequeno I;804,617
292273;2922730;BA;29;2;Região Nordeste;Nova Fátima (BA);Nova Fátima;7967;1;Pequeno I;346,784
292275;2922755;BA;29;2;Região Nordeste;Nova Ibiá (BA);Nova Ibiá;6501;1;Pequeno I;203,198
292280;2922805;BA;29;2;Região Nordeste;Nova Itarana (BA);Nova Itarana;7780;1;Pequeno I;475,381
292285;2922854;BA;29;2;Região Nordeste;Nova Redenção (BA);Nova Redenção;7538;1;Pequeno I;565,356
292290;2922904;BA;29;2;Região Nordeste;Nova Soure (BA);Nova Soure;24236;2;Pequeno II;966,993
292300;2923001;BA;29;2;Região Nordeste;Nova Viçosa (BA);Nova Viçosa;39509;2;Pequeno II;1316,379
292303;2923035;BA;29;2;Região Nordeste;Novo Horizonte (BA);Novo Horizonte;11162;1;Pequeno I;627,5
292305;2923050;BA;29;2;Região Nordeste;Novo Triunfo (BA);Novo Triunfo;10660;1;Pequeno I;278,487
292310;2923100;BA;29;2;Região Nordeste;Olindina (BA);Olindina;22633;2;Pequeno II;637,317
292320;2923209;BA;29;2;Região Nordeste;Oliveira dos Brejinhos (BA);Oliveira Dos Brejinhos;20715;2;Pequeno II;3313,418
292330;2923308;BA;29;2;Região Nordeste;Ouriçangas (BA);Ouriçangas;7716;1;Pequeno I;156,982
292335;2923357;BA;29;2;Região Nordeste;Ourolândia (BA);Ourolândia;19243;1;Pequeno I;1544,988
292340;2923407;BA;29;2;Região Nordeste;Palmas de Monte Alto (BA);Palmas de Monte Alto;20078;2;Pequeno II;2560,027
292350;2923506;BA;29;2;Região Nordeste;Palmeiras (BA);Palmeiras;10339;1;Pequeno I;737,454
292360;2923605;BA;29;2;Região Nordeste;Paramirim (BA);Paramirim;20351;2;Pequeno II;1087,06
292370;2923704;BA;29;2;Região Nordeste;Paratinga (BA);Paratinga;29252;2;Pequeno II;2624,998
292380;2923803;BA;29;2;Região Nordeste;Paripiranga (BA);Paripiranga;26604;2;Pequeno II;442,186
292390;2923902;BA;29;2;Região Nordeste;Pau Brasil (BA);Pau Brasil;9370;1;Pequeno I;626,306
292400;2924009;BA;29;2;Região Nordeste;Paulo Afonso (BA);Paulo Afonso;112870;4;Grande;1544,388
292405;2924058;BA;29;2;Região Nordeste;Pé de Serra (BA);pé de Serra;13243;1;Pequeno I;596,771
292410;2924108;BA;29;2;Região Nordeste;Pedrão (BA);Pedrão;6235;1;Pequeno I;158,488
292420;2924207;BA;29;2;Região Nordeste;Pedro Alexandre (BA);Pedro Alexandre;13954;1;Pequeno I;889,572
292430;2924306;BA;29;2;Região Nordeste;Piatã (BA);Piatã;20086;2;Pequeno II;1825,857
292440;2924405;BA;29;2;Região Nordeste;Pilão Arcado (BA);Pilão Arcado;35357;2;Pequeno II;11597,923
292450;2924504;BA;29;2;Região Nordeste;Pindaí (BA);Pindaí;14731;1;Pequeno I;628,468
292460;2924603;BA;29;2;Região Nordeste;Pindobaçu (BA);Pindobaçu;19083;1;Pequeno I;495,845
292465;2924652;BA;29;2;Região Nordeste;Pintadas (BA);Pintadas;10325;1;Pequeno I;647,144
292467;2924678;BA;29;2;Região Nordeste;Piraí do Norte (BA);Piraí do Norte;10974;1;Pequeno I;193,427
292470;2924702;BA;29;2;Região Nordeste;Piripá (BA);Piripá;9152;1;Pequeno I;511,756
292480;2924801;BA;29;2;Região Nordeste;Piritiba (BA);Piritiba;17566;1;Pequeno I;980,328
292490;2924900;BA;29;2;Região Nordeste;Planaltino (BA);Planaltino;8022;1;Pequeno I;955,454
292500;2925006;BA;29;2;Região Nordeste;Planalto (BA);Planalto;23334;2;Pequeno II;769
292510;2925105;BA;29;2;Região Nordeste;Poções (BA);Poções;48293;2;Pequeno II;937,855
292520;2925204;BA;29;2;Região Nordeste;Pojuca (BA);Pojuca;32136;2;Pequeno II;314,932
292525;2925253;BA;29;2;Região Nordeste;Ponto Novo (BA);Ponto Novo;17938;1;Pequeno I;530,144
292530;2925303;BA;29;2;Região Nordeste;Porto Seguro (BA);Porto Seguro;168326;4;Grande;2285,734
292540;2925402;BA;29;2;Região Nordeste;Potiraguá (BA);Potiraguá;10274;1;Pequeno I;1111,567
292550;2925501;BA;29;2;Região Nordeste;Prado (BA);Prado;35003;2;Pequeno II;1692,1
292560;2925600;BA;29;2;Região Nordeste;Presidente Dutra (BA);Presidente Dutra;15130;1;Pequeno I;232,064
292570;2925709;BA;29;2;Região Nordeste;Presidente Jânio Quadros (BA);Presidente Jânio Quadros;12621;1;Pequeno I;1208,549
292575;2925758;BA;29;2;Região Nordeste;Presidente Tancredo Neves (BA);Presidente Tancredo Neves;27734;2;Pequeno II;441,82
292580;2925808;BA;29;2;Região Nordeste;Queimadas (BA);Queimadas;25988;2;Pequeno II;2011,06
292590;2925907;BA;29;2;Região Nordeste;Quijingue (BA);Quijingue;25272;2;Pequeno II;1380,798
292593;2925931;BA;29;2;Região Nordeste;Quixabeira (BA);Quixabeira;9461;1;Pequeno I;366,387
292595;2925956;BA;29;2;Região Nordeste;Rafael Jambeiro (BA);Rafael Jambeiro;19662;1;Pequeno I;1090,552
292600;2926004;BA;29;2;Região Nordeste;Remanso (BA);Remanso;40586;2;Pequeno II;4573,505
292610;2926103;BA;29;2;Região Nordeste;Retirolândia (BA);Retirolândia;13651;1;Pequeno I;242,329
292620;2926202;BA;29;2;Região Nordeste;Riachão das Neves (BA);Riachão Das Neves;21642;2;Pequeno II;5977,931
292630;2926301;BA;29;2;Região Nordeste;Riachão do Jacuípe (BA);Riachão do Jacuípe;33386;2;Pequeno II;1155,418
292640;2926400;BA;29;2;Região Nordeste;Riacho de Santana (BA);Riacho de Santana;30711;2;Pequeno II;3183,911
292650;2926509;BA;29;2;Região Nordeste;Ribeira do Amparo (BA);Ribeira do Amparo;13841;1;Pequeno I;644,229
292660;2926608;BA;29;2;Região Nordeste;Ribeira do Pombal (BA);Ribeira do Pombal;54010;3;Médio;1252,144
292665;2926657;BA;29;2;Região Nordeste;Ribeirão do Largo (BA);Ribeirão do Largo;9740;1;Pequeno I;1363,7
292670;2926707;BA;29;2;Região Nordeste;Rio de Contas (BA);Rio de Contas;13184;1;Pequeno I;1115,252
292680;2926806;BA;29;2;Região Nordeste;Rio do Antônio (BA);Rio do Antônio;13146;1;Pequeno I;777,903
292690;2926905;BA;29;2;Região Nordeste;Rio do Pires (BA);Rio do Pires;10497;1;Pequeno I;656,223
292700;2927002;BA;29;2;Região Nordeste;Rio Real (BA);Rio Real;35362;2;Pequeno II;739,775
292710;2927101;BA;29;2;Região Nordeste;Rodelas (BA);Rodelas;10308;1;Pequeno I;2207,159
292720;2927200;BA;29;2;Região Nordeste;Ruy Barbosa (BA);Ruy Barbosa;28282;2;Pequeno II;1991,772
292730;2927309;BA;29;2;Região Nordeste;Salinas da Margarida (BA);Salinas da Margarida;14987;1;Pequeno I;150,569
292740;2927408;BA;29;2;Região Nordeste;Salvador (BA);Salvador;2417678;5;Metrópole;693,442
292750;2927507;BA;29;2;Região Nordeste;Santa Bárbara (BA);Santa Bárbara;20952;2;Pequeno II;347,021
292760;2927606;BA;29;2;Região Nordeste;Santa Brígida (BA);Santa Brígida;14965;1;Pequeno I;934,461
292770;2927705;BA;29;2;Região Nordeste;Santa Cruz Cabrália (BA);Santa Cruz Cabrália;29185;2;Pequeno II;1462,942
292780;2927804;BA;29;2;Região Nordeste;Santa Cruz da Vitória (BA);Santa Cruz da Vitória;4681;1;Pequeno I;284,083
292790;2927903;BA;29;2;Região Nordeste;Santa Inês (BA);Santa Inês;10300;1;Pequeno I;379,27
292800;2928000;BA;29;2;Região Nordeste;Santaluz (BA);Santaluz;37834;2;Pequeno II;1623,445
292805;2928059;BA;29;2;Região Nordeste;Santa Luzia (BA);Santa Luzia;13896;1;Pequeno I;824,473
292810;2928109;BA;29;2;Região Nordeste;Santa Maria da Vitória (BA);Santa Maria da Vitória;38604;2;Pequeno II;1984,91
292820;2928208;BA;29;2;Região Nordeste;Santana (BA);Santana;24755;2;Pequeno II;1909,353
292830;2928307;BA;29;2;Região Nordeste;Santanópolis (BA);Santanópolis;8716;1;Pequeno I;222,686
292840;2928406;BA;29;2;Região Nordeste;Santa Rita de Cássia (BA);Santa Rita de Cássia;27390;2;Pequeno II;6030,491
292850;2928505;BA;29;2;Região Nordeste;Santa Terezinha (BA);Santa Teresinha;10441;1;Pequeno I;719,257
292860;2928604;BA;29;2;Região Nordeste;Santo Amaro (BA);Santo Amaro;56012;3;Médio;494,502
292870;2928703;BA;29;2;Região Nordeste;Santo Antônio de Jesus (BA);Santo Antônio de Jesus;103055;4;Grande;261,74
292880;2928802;BA;29;2;Região Nordeste;Santo Estêvão (BA);Santo Estêvão;52276;3;Médio;360,334
292890;2928901;BA;29;2;Região Nordeste;São Desidério (BA);São Desidério;32828;2;Pequeno II;15156,712
292895;2928950;BA;29;2;Região Nordeste;São Domingos (BA);São Domingos;8426;1;Pequeno I;289,963
292900;2929008;BA;29;2;Região Nordeste;São Félix (BA);São Félix;11026;1;Pequeno I;103,226
292905;2929057;BA;29;2;Região Nordeste;São Félix do Coribe (BA);São Félix do Coribe;15194;1;Pequeno I;1751,671
292910;2929107;BA;29;2;Região Nordeste;São Felipe (BA);São Felipe;20283;2;Pequeno II;222,407
292920;2929206;BA;29;2;Região Nordeste;São Francisco do Conde (BA);São Francisco do Conde;38733;2;Pequeno II;269,715
292925;2929255;BA;29;2;Região Nordeste;São Gabriel (BA);São Gabriel;18600;1;Pequeno I;1146,054
292930;2929305;BA;29;2;Região Nordeste;São Gonçalo dos Campos (BA);São Gonçalo Dos Campos;39513;2;Pequeno II;294,768
292935;2929354;BA;29;2;Região Nordeste;São José da Vitória (BA);São José da Vitória;5315;1;Pequeno I;127,925
292937;2929370;BA;29;2;Região Nordeste;São José do Jacuípe (BA);São José do Jacuípe;10187;1;Pequeno I;362,365
292940;2929404;BA;29;2;Região Nordeste;São Miguel das Matas (BA);São Miguel Das Matas;10334;1;Pequeno I;230,906
292950;2929503;BA;29;2;Região Nordeste;São Sebastião do Passé (BA);São Sebastião do Passé;40958;2;Pequeno II;536,678
292960;2929602;BA;29;2;Região Nordeste;Sapeaçu (BA);Sapeaçu;17963;1;Pequeno I;131,218
292970;2929701;BA;29;2;Região Nordeste;Sátiro Dias (BA);Sátiro Dias;16008;1;Pequeno I;949,223
292975;2929750;BA;29;2;Região Nordeste;Saubara (BA);Saubara;11438;1;Pequeno I;166,428
292980;2929800;BA;29;2;Região Nordeste;Saúde (BA);Saúde;10478;1;Pequeno I;509,098
292990;2929909;BA;29;2;Região Nordeste;Seabra (BA);Seabra;46160;2;Pequeno II;2402,17
293000;2930006;BA;29;2;Região Nordeste;Sebastião Laranjeiras (BA);Sebastião Laranjeiras;9360;1;Pequeno I;1984,511
293010;2930105;BA;29;2;Região Nordeste;Senhor do Bonfim (BA);Senhor do Bonfim;74523;3;Médio;789,361
293015;2930154;BA;29;2;Região Nordeste;Serra do Ramalho (BA);Serra do Ramalho;34222;2;Pequeno II;2340,684
293020;2930204;BA;29;2;Região Nordeste;Sento Sé (BA);Sento sé;38154;2;Pequeno II;11980,172
293030;2930303;BA;29;2;Região Nordeste;Serra Dourada (BA);Serra Dourada;17066;1;Pequeno I;1592,245
293040;2930402;BA;29;2;Região Nordeste;Serra Preta (BA);Serra Preta;17996;1;Pequeno I;595,297
293050;2930501;BA;29;2;Região Nordeste;Serrinha (BA);Serrinha;80435;3;Médio;583,314
293060;2930600;BA;29;2;Região Nordeste;Serrolândia (BA);Serrolândia;13335;1;Pequeno I;322,022
293070;2930709;BA;29;2;Região Nordeste;Simões Filho (BA);Simões Filho;114559;4;Grande;201,528
293075;2930758;BA;29;2;Região Nordeste;Sítio do Mato (BA);Sítio do Mato;13408;1;Pequeno I;1627,806
293076;2930766;BA;29;2;Região Nordeste;Sítio do Quinto (BA);Sítio do Quinto;14773;1;Pequeno I;684,089
293077;2930774;BA;29;2;Região Nordeste;Sobradinho (BA);Sobradinho;25475;2;Pequeno II;1355,972
293080;2930808;BA;29;2;Região Nordeste;Souto Soares (BA);Souto Soares;17054;1;Pequeno I;1026,634
293090;2930907;BA;29;2;Região Nordeste;Tabocas do Brejo Velho (BA);Tabocas do Brejo Velho;11979;1;Pequeno I;1437,189
293100;2931004;BA;29;2;Região Nordeste;Tanhaçu (BA);Tanhaçu;21006;2;Pequeno II;1277,514
293105;2931053;BA;29;2;Região Nordeste;Tanque Novo (BA);Tanque Novo;17158;1;Pequeno I;729,516
293110;2931103;BA;29;2;Região Nordeste;Tanquinho (BA);Tanquinho;7717;1;Pequeno I;243,839
293120;2931202;BA;29;2;Região Nordeste;Taperoá (BA);Taperoá;18044;1;Pequeno I;454,081
293130;2931301;BA;29;2;Região Nordeste;Tapiramutá (BA);Tapiramutá;15818;1;Pequeno I;714,691
293135;2931350;BA;29;2;Região Nordeste;Teixeira de Freitas (BA);Teixeira de Freitas;145216;4;Grande;1165,622
293140;2931400;BA;29;2;Região Nordeste;Teodoro Sampaio (BA);Teodoro Sampaio;7110;1;Pequeno I;244,613
293150;2931509;BA;29;2;Região Nordeste;Teofilândia (BA);Teofilândia;21176;2;Pequeno II;351,892
293160;2931608;BA;29;2;Região Nordeste;Teolândia (BA);Teolândia;15332;1;Pequeno I;289,782
293170;2931707;BA;29;2;Região Nordeste;Terra Nova (BA);Terra Nova;10798;1;Pequeno I;193,241
293180;2931806;BA;29;2;Região Nordeste;Tremedal (BA);Tremedal;16296;1;Pequeno I;2010,316
293190;2931905;BA;29;2;Região Nordeste;Tucano (BA);Tucano;48736;2;Pequeno II;2198,237
293200;2932002;BA;29;2;Região Nordeste;Uauá (BA);Uauá;24665;2;Pequeno II;3060,116
293210;2932101;BA;29;2;Região Nordeste;Ubaíra (BA);Ubaíra;18626;1;Pequeno I;659,08
293220;2932200;BA;29;2;Região Nordeste;Ubaitaba (BA);Ubaitaba;17596;1;Pequeno I;181,102
293230;2932309;BA;29;2;Região Nordeste;Ubatã (BA);Ubatã;16094;1;Pequeno I;177,643
293240;2932408;BA;29;2;Região Nordeste;Uibaí (BA);Uibaí;13432;1;Pequeno I;545,298
293245;2932457;BA;29;2;Região Nordeste;Umburanas (BA);Umburanas;13642;1;Pequeno I;1775,633
293250;2932507;BA;29;2;Região Nordeste;Una (BA);Una;18131;1;Pequeno I;1126,733
293260;2932606;BA;29;2;Região Nordeste;Urandi (BA);Urandi;15355;1;Pequeno I;902,402
293270;2932705;BA;29;2;Região Nordeste;Uruçuca (BA);Uruçuca;21420;2;Pequeno II;510,098
293280;2932804;BA;29;2;Região Nordeste;Utinga (BA);Utinga;16277;1;Pequeno I;633,76
293290;2932903;BA;29;2;Região Nordeste;Valença (BA);Valença;85655;3;Médio;1123,975
293300;2933000;BA;29;2;Região Nordeste;Valente (BA);Valente;24362;2;Pequeno II;394,877
293305;2933059;BA;29;2;Região Nordeste;Várzea da Roça (BA);Várzea da Roça;13800;1;Pequeno I;468,407
293310;2933109;BA;29;2;Região Nordeste;Várzea do Poço (BA);Várzea do Poço;8101;1;Pequeno I;206,478
293315;2933158;BA;29;2;Região Nordeste;Várzea Nova (BA);Várzea Nova;13377;1;Pequeno I;1225,892
293317;2933174;BA;29;2;Região Nordeste;Varzedo (BA);Varzedo;9913;1;Pequeno I;221,399
293320;2933208;BA;29;2;Região Nordeste;Vera Cruz (BA);Vera Cruz;42529;2;Pequeno II;297,537
293325;2933257;BA;29;2;Região Nordeste;Vereda (BA);Vereda;6003;1;Pequeno I;782,159
293330;2933307;BA;29;2;Região Nordeste;Vitória da Conquista (BA);Vitória da Conquista;370879;4;Grande;3254,186
293340;2933406;BA;29;2;Região Nordeste;Wagner (BA);Wagner;9503;1;Pequeno I;522,37
293345;2933455;BA;29;2;Região Nordeste;Wanderley (BA);Wanderley;12968;1;Pequeno I;2920,579
293350;2933505;BA;29;2;Região Nordeste;Wenceslau Guimarães (BA);Wenceslau Guimarães;24474;2;Pequeno II;655,057
293360;2933604;BA;29;2;Região Nordeste;Xique-Xique (BA);Xique-xique;44757;2;Pequeno II;5079,662
310010;3100104;MG;31;3;Região Sudeste;Abadia dos Dourados (MG);Abadia Dos Dourados;6272;1;Pequeno I;880,461
310020;3100203;MG;31;3;Região Sudeste;Abaeté (MG);Abaeté;22675;2;Pequeno II;1817,067
310030;3100302;MG;31;3;Região Sudeste;Abre Campo (MG);Abre Campo;13927;1;Pequeno I;470,551
310040;3100401;MG;31;3;Região Sudeste;Acaiaca (MG);Acaiaca;3909;1;Pequeno I;101,886
310050;3100500;MG;31;3;Região Sudeste;Açucena (MG);Açucena;8943;1;Pequeno I;815,422
310060;3100609;MG;31;3;Região Sudeste;Água Boa (MG);Água Boa;12589;1;Pequeno I;1320,344
310070;3100708;MG;31;3;Região Sudeste;Água Comprida (MG);Água Comprida;2108;1;Pequeno I;492,167
310080;3100807;MG;31;3;Região Sudeste;Aguanil (MG);Aguanil;4357;1;Pequeno I;232,091
310090;3100906;MG;31;3;Região Sudeste;Águas Formosas (MG);Águas Formosas;18448;1;Pequeno I;820,079
310100;3101003;MG;31;3;Região Sudeste;Águas Vermelhas (MG);Águas Vermelhas;14037;1;Pequeno I;1256,607
310110;3101102;MG;31;3;Região Sudeste;Aimorés (MG);Aimorés;25269;2;Pequeno II;1348,913
310120;3101201;MG;31;3;Região Sudeste;Aiuruoca (MG);Aiuruoca;6233;1;Pequeno I;649,68
310130;3101300;MG;31;3;Região Sudeste;Alagoa (MG);Alagoa;2749;1;Pequeno I;161,356
310140;3101409;MG;31;3;Região Sudeste;Albertina (MG);Albertina;2952;1;Pequeno I;58,01
310150;3101508;MG;31;3;Região Sudeste;Além Paraíba (MG);Além Paraíba;30717;2;Pequeno II;510,25
310160;3101607;MG;31;3;Região Sudeste;Alfenas (MG);Alfenas;78970;3;Médio;850,446
310163;3101631;MG;31;3;Região Sudeste;Alfredo Vasconcelos (MG);Alfredo Vasconcelos;6931;1;Pequeno I;130,815
310170;3101706;MG;31;3;Região Sudeste;Almenara (MG);Almenara;40364;2;Pequeno II;2294,426
310180;3101805;MG;31;3;Região Sudeste;Alpercata (MG);Alpercata;6903;1;Pequeno I;166,972
310190;3101904;MG;31;3;Região Sudeste;Alpinópolis (MG);Alpinópolis;18300;1;Pequeno I;460,685
310200;3102001;MG;31;3;Região Sudeste;Alterosa (MG);Alterosa;13915;1;Pequeno I;362,01
310205;3102050;MG;31;3;Região Sudeste;Alto Caparaó (MG);Alto Caparaó;5795;1;Pequeno I;103,69
310210;3102100;MG;31;3;Região Sudeste;Alto Rio Doce (MG);Alto Rio Doce;10891;1;Pequeno I;518,053
310220;3102209;MG;31;3;Região Sudeste;Alvarenga (MG);Alvarenga;3975;1;Pequeno I;278,175
310230;3102308;MG;31;3;Região Sudeste;Alvinópolis (MG);Alvinópolis;15059;1;Pequeno I;599,443
310240;3102407;MG;31;3;Região Sudeste;Alvorada de Minas (MG);Alvorada de Minas;4159;1;Pequeno I;374,008
310250;3102506;MG;31;3;Região Sudeste;Amparo do Serra (MG);Amparo do Serra;4541;1;Pequeno I;136,186
310260;3102605;MG;31;3;Região Sudeste;Andradas (MG);Andradas;40553;2;Pequeno II;469,396
310270;3102704;MG;31;3;Região Sudeste;Cachoeira de Pajeú (MG);Cachoeira de Pajeú;9110;1;Pequeno I;695,672
310280;3102803;MG;31;3;Região Sudeste;Andrelândia (MG);Andrelândia;11927;1;Pequeno I;1005,285
310285;3102852;MG;31;3;Região Sudeste;Angelândia (MG);Angelândia;7718;1;Pequeno I;185,211
310290;3102902;MG;31;3;Região Sudeste;Antônio Carlos (MG);Antônio Carlos;11095;1;Pequeno I;529,915
310300;3103009;MG;31;3;Região Sudeste;Antônio Dias (MG);Antônio Dias;9219;1;Pequeno I;787,061
310310;3103108;MG;31;3;Região Sudeste;Antônio Prado de Minas (MG);Antônio Prado de Minas;1538;1;Pequeno I;83,802
310320;3103207;MG;31;3;Região Sudeste;Araçaí (MG);Araçaí;2181;1;Pequeno I;187,538
310330;3103306;MG;31;3;Região Sudeste;Aracitaba (MG);Aracitaba;2049;1;Pequeno I;106,608
310340;3103405;MG;31;3;Região Sudeste;Araçuaí (MG);Araçuaí;34297;2;Pequeno II;2236,279
310350;3103504;MG;31;3;Região Sudeste;Araguari (MG);Araguari;117808;4;Grande;2729,777
310360;3103603;MG;31;3;Região Sudeste;Arantina (MG);Arantina;2915;1;Pequeno I;89,42
310370;3103702;MG;31;3;Região Sudeste;Araponga (MG);Araponga;8048;1;Pequeno I;303,793
310375;3103751;MG;31;3;Região Sudeste;Araporã (MG);Araporã;8479;1;Pequeno I;294,354
310380;3103801;MG;31;3;Região Sudeste;Arapuá (MG);Arapuá;2631;1;Pequeno I;173,894
310390;3103900;MG;31;3;Região Sudeste;Araújos (MG);Araújos;9199;1;Pequeno I;245,522
310400;3104007;MG;31;3;Região Sudeste;Araxá (MG);Araxá;111691;4;Grande;1164,062
310410;3104106;MG;31;3;Região Sudeste;Arceburgo (MG);Arceburgo;9177;1;Pequeno I;162,875
310420;3104205;MG;31;3;Região Sudeste;Arcos (MG);Arcos;41416;2;Pequeno II;509,873
310430;3104304;MG;31;3;Região Sudeste;Areado (MG);Areado;13881;1;Pequeno I;283,124
310440;3104403;MG;31;3;Região Sudeste;Argirita (MG);Argirita;2688;1;Pequeno I;159,378
310445;3104452;MG;31;3;Região Sudeste;Aricanduva (MG);Aricanduva;4719;1;Pequeno I;243,329
310450;3104502;MG;31;3;Região Sudeste;Arinos (MG);Arinos;17272;1;Pequeno I;5279,419
310460;3104601;MG;31;3;Região Sudeste;Astolfo Dutra (MG);Astolfo Dutra;14138;1;Pequeno I;158,891
310470;3104700;MG;31;3;Região Sudeste;Ataléia (MG);Ataléia;13736;1;Pequeno I;1836,925
310480;3104809;MG;31;3;Região Sudeste;Augusto de Lima (MG);Augusto de Lima;4538;1;Pequeno I;1254,832
310490;3104908;MG;31;3;Região Sudeste;Baependi (MG);Baependi;18366;1;Pequeno I;750,554
310500;3105004;MG;31;3;Região Sudeste;Baldim (MG);Baldim;7492;1;Pequeno I;556,266
310510;3105103;MG;31;3;Região Sudeste;Bambuí (MG);Bambuí;23546;2;Pequeno II;1455,819
310520;3105202;MG;31;3;Região Sudeste;Bandeira (MG);Bandeira;4741;1;Pequeno I;483,789
310530;3105301;MG;31;3;Região Sudeste;Bandeira do Sul (MG);Bandeira do Sul;5943;1;Pequeno I;47,266
310540;3105400;MG;31;3;Região Sudeste;Barão de Cocais (MG);Barão de Cocais;30778;2;Pequeno II;340,14
310550;3105509;MG;31;3;Região Sudeste;Barão de Monte Alto (MG);Barão de Monte Alto;4964;1;Pequeno I;198,313
310560;3105608;MG;31;3;Região Sudeste;Barbacena (MG);Barbacena;125317;4;Grande;759,186
310570;3105707;MG;31;3;Região Sudeste;Barra Longa (MG);Barra Longa;5666;1;Pequeno I;383,628
310590;3105905;MG;31;3;Região Sudeste;Barroso (MG);Barroso;20080;2;Pequeno II;82,07
310600;3106002;MG;31;3;Região Sudeste;Bela Vista de Minas (MG);Bela Vista de Minas;10167;1;Pequeno I;109,143
310610;3106101;MG;31;3;Região Sudeste;Belmiro Braga (MG);Belmiro Braga;3244;1;Pequeno I;393,086
310620;3106200;MG;31;3;Região Sudeste;Belo Horizonte (MG);Belo Horizonte;2315560;5;Metrópole;331,354
310630;3106309;MG;31;3;Região Sudeste;Belo Oriente (MG);Belo Oriente;23928;2;Pequeno II;334,909
310640;3106408;MG;31;3;Região Sudeste;Belo Vale (MG);Belo Vale;8627;1;Pequeno I;365,923
310650;3106507;MG;31;3;Região Sudeste;Berilo (MG);Berilo;9826;1;Pequeno I;587,106
310660;3106606;MG;31;3;Região Sudeste;Bertópolis (MG);Bertópolis;4451;1;Pequeno I;427,803
310665;3106655;MG;31;3;Região Sudeste;Berizal (MG);Berizal;4201;1;Pequeno I;488,756
310670;3106705;MG;31;3;Região Sudeste;Betim (MG);Betim;411846;4;Grande;344,062
310680;3106804;MG;31;3;Região Sudeste;Bias Fortes (MG);Bias Fortes;3361;1;Pequeno I;283,535
310690;3106903;MG;31;3;Região Sudeste;Bicas (MG);Bicas;13978;1;Pequeno I;140,082
310700;3107000;MG;31;3;Região Sudeste;Biquinhas (MG);Biquinhas;2383;1;Pequeno I;458,948
310710;3107109;MG;31;3;Região Sudeste;Boa Esperança (MG);Boa Esperança;39848;2;Pequeno II;860,669
310720;3107208;MG;31;3;Região Sudeste;Bocaina de Minas (MG);Bocaina de Minas;5348;1;Pequeno I;503,77
310730;3107307;MG;31;3;Região Sudeste;Bocaiúva (MG);Bocaiúva;48032;2;Pequeno II;3206,757
310740;3107406;MG;31;3;Região Sudeste;Bom Despacho (MG);Bom Despacho;51737;3;Médio;1213,546
310750;3107505;MG;31;3;Região Sudeste;Bom Jardim de Minas (MG);Bom Jardim de Minas;6783;1;Pequeno I;412,021
310760;3107604;MG;31;3;Região Sudeste;Bom Jesus da Penha (MG);Bom Jesus da Penha;4474;1;Pequeno I;208,349
310770;3107703;MG;31;3;Região Sudeste;Bom Jesus do Amparo (MG);Bom Jesus do Amparo;5631;1;Pequeno I;195,611
310780;3107802;MG;31;3;Região Sudeste;Bom Jesus do Galho (MG);Bom Jesus do Galho;14536;1;Pequeno I;592,289
310790;3107901;MG;31;3;Região Sudeste;Bom Repouso (MG);Bom Repouso;12649;1;Pequeno I;229,845
310800;3108008;MG;31;3;Região Sudeste;Bom Sucesso (MG);Bom Sucesso;17151;1;Pequeno I;705,046
310810;3108107;MG;31;3;Região Sudeste;Bonfim (MG);Bonfim;7434;1;Pequeno I;301,865
310820;3108206;MG;31;3;Região Sudeste;Bonfinópolis de Minas (MG);Bonfinópolis de Minas;5528;1;Pequeno I;1850,487
310825;3108255;MG;31;3;Região Sudeste;Bonito de Minas (MG);Bonito de Minas;10204;1;Pequeno I;3936,455
310830;3108305;MG;31;3;Região Sudeste;Borda da Mata (MG);Borda da Mata;17404;1;Pequeno I;301,108
310840;3108404;MG;31;3;Região Sudeste;Botelhos (MG);Botelhos;14828;1;Pequeno I;334,089
310850;3108503;MG;31;3;Região Sudeste;Botumirim (MG);Botumirim;5790;1;Pequeno I;1568,884
310855;3108552;MG;31;3;Região Sudeste;Brasilândia de Minas (MG);Brasilândia de Minas;15020;1;Pequeno I;2509,694
310860;3108602;MG;31;3;Região Sudeste;Brasília de Minas (MG);Brasília de Minas;32025;2;Pequeno II;1399,484
310870;3108701;MG;31;3;Região Sudeste;Brás Pires (MG);Brás Pires;4260;1;Pequeno I;223,351
310880;3108800;MG;31;3;Região Sudeste;Braúnas (MG);Braúnas;4441;1;Pequeno I;378,318
310890;3108909;MG;31;3;Região Sudeste;Brazópolis (MG);Brasópolis;14246;1;Pequeno I;367,688
310900;3109006;MG;31;3;Região Sudeste;Brumadinho (MG);Brumadinho;38915;2;Pequeno II;639,434
310910;3109105;MG;31;3;Região Sudeste;Bueno Brandão (MG);Bueno Brandão;10911;1;Pequeno I;356,15
310920;3109204;MG;31;3;Região Sudeste;Buenópolis (MG);Buenópolis;9150;1;Pequeno I;1599,881
310925;3109253;MG;31;3;Região Sudeste;Bugre (MG);Bugre;4041;1;Pequeno I;161,491
310930;3109303;MG;31;3;Região Sudeste;Buritis (MG);Buritis;24030;2;Pequeno II;5225,186
310940;3109402;MG;31;3;Região Sudeste;Buritizeiro (MG);Buritizeiro;23910;2;Pequeno II;7218,401
310945;3109451;MG;31;3;Região Sudeste;Cabeceira Grande (MG);Cabeceira Grande;6627;1;Pequeno I;1033,055
310950;3109501;MG;31;3;Região Sudeste;Cabo Verde (MG);Cabo Verde;11410;1;Pequeno I;368,206
310960;3109600;MG;31;3;Região Sudeste;Cachoeira da Prata (MG);Cachoeira da Prata;3693;1;Pequeno I;61,381
310970;3109709;MG;31;3;Região Sudeste;Cachoeira de Minas (MG);Cachoeira de Minas;11883;1;Pequeno I;304,243
310980;3109808;MG;31;3;Região Sudeste;Cachoeira Dourada (MG);Cachoeira Dourada;2315;1;Pequeno I;203,07
310990;3109907;MG;31;3;Região Sudeste;Caetanópolis (MG);Caetanópolis;11435;1;Pequeno I;156,039
311000;3110004;MG;31;3;Região Sudeste;Caeté (MG);Caeté;38776;2;Pequeno II;542,531
311010;3110103;MG;31;3;Região Sudeste;Caiana (MG);Caiana;5304;1;Pequeno I;106,465
311020;3110202;MG;31;3;Região Sudeste;Cajuri (MG);Cajuri;4088;1;Pequeno I;83,038
311030;3110301;MG;31;3;Região Sudeste;Caldas (MG);Caldas;14217;1;Pequeno I;711,414
311040;3110400;MG;31;3;Região Sudeste;Camacho (MG);Camacho;2838;1;Pequeno I;223,001
311050;3110509;MG;31;3;Região Sudeste;Camanducaia (MG);Camanducaia;26097;2;Pequeno II;528,688
311060;3110608;MG;31;3;Região Sudeste;Cambuí (MG);Cambuí;29536;2;Pequeno II;244,567
311070;3110707;MG;31;3;Região Sudeste;Cambuquira (MG);Cambuquira;12313;1;Pequeno I;246,38
311080;3110806;MG;31;3;Região Sudeste;Campanário (MG);Campanário;2923;1;Pequeno I;442,398
311090;3110905;MG;31;3;Região Sudeste;Campanha (MG);Campanha;15935;1;Pequeno I;335,587
311100;3111002;MG;31;3;Região Sudeste;Campestre (MG);Campestre;20696;2;Pequeno II;577,843
311110;3111101;MG;31;3;Região Sudeste;Campina Verde (MG);Campina Verde;18011;1;Pequeno I;3650,749
311115;3111150;MG;31;3;Região Sudeste;Campo Azul (MG);Campo Azul;3714;1;Pequeno I;505,914
311120;3111200;MG;31;3;Região Sudeste;Campo Belo (MG);Campo Belo;52277;3;Médio;528,225
311130;3111309;MG;31;3;Região Sudeste;Campo do Meio (MG);Campo do Meio;11377;1;Pequeno I;275,426
311140;3111408;MG;31;3;Região Sudeste;Campo Florido (MG);Campo Florido;8466;1;Pequeno I;1264,245
311150;3111507;MG;31;3;Região Sudeste;Campos Altos (MG);Campos Altos;12979;1;Pequeno I;710,645
311160;3111606;MG;31;3;Região Sudeste;Campos Gerais (MG);Campos Gerais;26105;2;Pequeno II;769,504
311170;3111705;MG;31;3;Região Sudeste;Canaã (MG);Canaã;4715;1;Pequeno I;174,9
311180;3111804;MG;31;3;Região Sudeste;Canápolis (MG);Canápolis;10608;1;Pequeno I;843,599
311190;3111903;MG;31;3;Região Sudeste;Cana Verde (MG);Cana Verde;5272;1;Pequeno I;212,721
311200;3112000;MG;31;3;Região Sudeste;Candeias (MG);Candeias;14001;1;Pequeno I;720,512
311205;3112059;MG;31;3;Região Sudeste;Cantagalo (MG);Cantagalo;3974;1;Pequeno I;141,855
311210;3112109;MG;31;3;Região Sudeste;Caparaó (MG);Caparaó;5048;1;Pequeno I;130,694
311220;3112208;MG;31;3;Região Sudeste;Capela Nova (MG);Capela Nova;4362;1;Pequeno I;111,073
311230;3112307;MG;31;3;Região Sudeste;Capelinha (MG);Capelinha;39626;2;Pequeno II;965,292
311240;3112406;MG;31;3;Região Sudeste;Capetinga (MG);Capetinga;6562;1;Pequeno I;297,937
311250;3112505;MG;31;3;Região Sudeste;Capim Branco (MG);Capim Branco;10663;1;Pequeno I;95,333
311260;3112604;MG;31;3;Região Sudeste;Capinópolis (MG);Capinópolis;14655;1;Pequeno I;620,716
311265;3112653;MG;31;3;Região Sudeste;Capitão Andrade (MG);Capitão Andrade;4585;1;Pequeno I;279,088
311270;3112703;MG;31;3;Região Sudeste;Capitão Enéas (MG);Capitão Enéas;14108;1;Pequeno I;971,576
311280;3112802;MG;31;3;Região Sudeste;Capitólio (MG);Capitólio;10380;1;Pequeno I;521,802
311290;3112901;MG;31;3;Região Sudeste;Caputira (MG);Caputira;8936;1;Pequeno I;187,704
311300;3113008;MG;31;3;Região Sudeste;Caraí (MG);Caraí;19548;1;Pequeno I;1242,345
311310;3113107;MG;31;3;Região Sudeste;Caranaíba (MG);Caranaíba;2933;1;Pequeno I;159,95
311320;3113206;MG;31;3;Região Sudeste;Carandaí (MG);Carandaí;23812;2;Pequeno II;487,28
311330;3113305;MG;31;3;Região Sudeste;Carangola (MG);Carangola;31240;2;Pequeno II;353,404
311340;3113404;MG;31;3;Região Sudeste;Caratinga (MG);Caratinga;87360;3;Médio;1258,479
311350;3113503;MG;31;3;Região Sudeste;Carbonita (MG);Carbonita;8512;1;Pequeno I;1456,095
311360;3113602;MG;31;3;Região Sudeste;Careaçu (MG);Careaçu;6816;1;Pequeno I;181,009
311370;3113701;MG;31;3;Região Sudeste;Carlos Chagas (MG);Carlos Chagas;18615;1;Pequeno I;3202,984
311380;3113800;MG;31;3;Região Sudeste;Carmésia (MG);Carmésia;2605;1;Pequeno I;259,103
311390;3113909;MG;31;3;Região Sudeste;Carmo da Cachoeira (MG);Carmo da Cachoeira;11547;1;Pequeno I;506,333
311400;3114006;MG;31;3;Região Sudeste;Carmo da Mata (MG);Carmo da Mata;11019;1;Pequeno I;357,178
311410;3114105;MG;31;3;Região Sudeste;Carmo de Minas (MG);Carmo de Minas;13797;1;Pequeno I;322,285
311420;3114204;MG;31;3;Região Sudeste;Carmo do Cajuru (MG);Carmo do Cajuru;23479;2;Pequeno II;455,808
311430;3114303;MG;31;3;Região Sudeste;Carmo do Paranaíba (MG);Carmo do Paranaíba;29011;2;Pequeno II;1307,862
311440;3114402;MG;31;3;Região Sudeste;Carmo do Rio Claro (MG);Carmo do Rio Claro;20954;2;Pequeno II;1065,685
311450;3114501;MG;31;3;Região Sudeste;Carmópolis de Minas (MG);Carmópolis de Minas;18003;1;Pequeno I;400,01
311455;3114550;MG;31;3;Região Sudeste;Carneirinho (MG);Carneirinho;9422;1;Pequeno I;2063,462
311460;3114600;MG;31;3;Região Sudeste;Carrancas (MG);Carrancas;4049;1;Pequeno I;727,894
311470;3114709;MG;31;3;Região Sudeste;Carvalhópolis (MG);Carvalhópolis;3341;1;Pequeno I;81,101
311480;3114808;MG;31;3;Região Sudeste;Carvalhos (MG);Carvalhos;4422;1;Pequeno I;282,254
311490;3114907;MG;31;3;Região Sudeste;Casa Grande (MG);Casa Grande;2214;1;Pequeno I;157,727
311500;3115003;MG;31;3;Região Sudeste;Cascalho Rico (MG);Cascalho Rico;2712;1;Pequeno I;367,308
311510;3115102;MG;31;3;Região Sudeste;Cássia (MG);Cássia;17155;1;Pequeno I;665,802
311520;3115201;MG;31;3;Região Sudeste;Conceição da Barra de Minas (MG);Conceição da Barra de Minas;3560;1;Pequeno I;273,014
311530;3115300;MG;31;3;Região Sudeste;Cataguases (MG);Cataguases;66261;3;Médio;491,767
311535;3115359;MG;31;3;Região Sudeste;Catas Altas (MG);Catas Altas;5473;1;Pequeno I;240,042
311540;3115409;MG;31;3;Região Sudeste;Catas Altas da Noruega (MG);Catas Altas da Noruega;3110;1;Pequeno I;141,622
311545;3115458;MG;31;3;Região Sudeste;Catuji (MG);Catuji;7030;1;Pequeno I;419,38
311547;3115474;MG;31;3;Região Sudeste;Catuti (MG);Catuti;4739;1;Pequeno I;287,812
311550;3115508;MG;31;3;Região Sudeste;Caxambu (MG);Caxambu;21056;2;Pequeno II;100,483
311560;3115607;MG;31;3;Região Sudeste;Cedro do Abaeté (MG);Cedro do Abaeté;1081;1;Pequeno I;283,211
311570;3115706;MG;31;3;Região Sudeste;Central de Minas (MG);Central de Minas;6171;1;Pequeno I;204,328
311580;3115805;MG;31;3;Região Sudeste;Centralina (MG);Centralina;10207;1;Pequeno I;322,385
311590;3115904;MG;31;3;Região Sudeste;Chácara (MG);Chácara;3075;1;Pequeno I;152,807
311600;3116001;MG;31;3;Região Sudeste;Chalé (MG);Chalé;6075;1;Pequeno I;212,674
311610;3116100;MG;31;3;Região Sudeste;Chapada do Norte (MG);Chapada do Norte;10337;1;Pequeno I;830,833
311615;3116159;MG;31;3;Região Sudeste;Chapada Gaúcha (MG);Chapada Gaúcha;12355;1;Pequeno I;3255,189
311620;3116209;MG;31;3;Região Sudeste;Chiador (MG);Chiador;2800;1;Pequeno I;252,852
311630;3116308;MG;31;3;Região Sudeste;Cipotânea (MG);Cipotânea;5581;1;Pequeno I;153,479
311640;3116407;MG;31;3;Região Sudeste;Claraval (MG);Claraval;4658;1;Pequeno I;227,627
311650;3116506;MG;31;3;Região Sudeste;Claro dos Poções (MG);Claro Dos Poções;7166;1;Pequeno I;720,424
311660;3116605;MG;31;3;Região Sudeste;Cláudio (MG);Cláudio;30159;2;Pequeno II;630,706
311670;3116704;MG;31;3;Região Sudeste;Coimbra (MG);Coimbra;7117;1;Pequeno I;106,875
311680;3116803;MG;31;3;Região Sudeste;Coluna (MG);Coluna;8163;1;Pequeno I;348,492
311690;3116902;MG;31;3;Região Sudeste;Comendador Gomes (MG);Comendador Gomes;2773;1;Pequeno I;1041,047
311700;3117009;MG;31;3;Região Sudeste;Comercinho (MG);Comercinho;6660;1;Pequeno I;654,961
311710;3117108;MG;31;3;Região Sudeste;Conceição da Aparecida (MG);Conceição da Aparecida;10371;1;Pequeno I;352,521
311720;3117207;MG;31;3;Região Sudeste;Conceição das Pedras (MG);Conceição Das Pedras;2772;1;Pequeno I;102,206
311730;3117306;MG;31;3;Região Sudeste;Conceição das Alagoas (MG);Conceição Das Alagoas;28381;2;Pequeno II;1340,25
311740;3117405;MG;31;3;Região Sudeste;Conceição de Ipanema (MG);Conceição de Ipanema;4409;1;Pequeno I;253,935
311750;3117504;MG;31;3;Região Sudeste;Conceição do Mato Dentro (MG);Conceição do Mato Dentro;23163;2;Pequeno II;1720,04
311760;3117603;MG;31;3;Região Sudeste;Conceição do Pará (MG);Conceição do Pará;5415;1;Pequeno I;250,306
311770;3117702;MG;31;3;Região Sudeste;Conceição do Rio Verde (MG);Conceição do Rio Verde;12541;1;Pequeno I;369,681
311780;3117801;MG;31;3;Região Sudeste;Conceição dos Ouros (MG);Conceição Dos Ouros;10880;1;Pequeno I;180,236
311783;3117836;MG;31;3;Região Sudeste;Cônego Marinho (MG);Cônego Marinho;7237;1;Pequeno I;1610,47
311787;3117876;MG;31;3;Região Sudeste;Confins (MG);Confins;7350;1;Pequeno I;42,355
311790;3117900;MG;31;3;Região Sudeste;Congonhal (MG);Congonhal;11083;1;Pequeno I;205,125
311800;3118007;MG;31;3;Região Sudeste;Congonhas (MG);Congonhas;52890;3;Médio;304,067
311810;3118106;MG;31;3;Região Sudeste;Congonhas do Norte (MG);Congonhas do Norte;4831;1;Pequeno I;405,671
311820;3118205;MG;31;3;Região Sudeste;Conquista (MG);Conquista;6694;1;Pequeno I;618,363
311830;3118304;MG;31;3;Região Sudeste;Conselheiro Lafaiete (MG);Conselheiro Lafaiete;131621;4;Grande;370,246
311840;3118403;MG;31;3;Região Sudeste;Conselheiro Pena (MG);Conselheiro Pena;20824;2;Pequeno II;1483,883
311850;3118502;MG;31;3;Região Sudeste;Consolação (MG);Consolação;1563;1;Pequeno I;89,122
311860;3118601;MG;31;3;Região Sudeste;Contagem (MG);Contagem;621863;4;Grande;194,746
311870;3118700;MG;31;3;Região Sudeste;Coqueiral (MG);Coqueiral;9023;1;Pequeno I;296,163
311880;3118809;MG;31;3;Região Sudeste;Coração de Jesus (MG);Coração de Jesus;25377;2;Pequeno II;2225,216
311890;3118908;MG;31;3;Região Sudeste;Cordisburgo (MG);Cordisburgo;7547;1;Pequeno I;823,654
311900;3119005;MG;31;3;Região Sudeste;Cordislândia (MG);Cordislândia;3200;1;Pequeno I;179,543
311910;3119104;MG;31;3;Região Sudeste;Corinto (MG);Corinto;23532;2;Pequeno II;2525,397
311920;3119203;MG;31;3;Região Sudeste;Coroaci (MG);Coroaci;10884;1;Pequeno I;576,274
311930;3119302;MG;31;3;Região Sudeste;Coromandel (MG);Coromandel;28894;2;Pequeno II;3313,313
311940;3119401;MG;31;3;Região Sudeste;Coronel Fabriciano (MG);Coronel Fabriciano;104736;4;Grande;221,252
311950;3119500;MG;31;3;Região Sudeste;Coronel Murta (MG);Coronel Murta;8200;1;Pequeno I;815,413
311960;3119609;MG;31;3;Região Sudeste;Coronel Pacheco (MG);Coronel Pacheco;2762;1;Pequeno I;131,511
311970;3119708;MG;31;3;Região Sudeste;Coronel Xavier Chaves (MG);Coronel Xavier Chaves;3486;1;Pequeno I;140,954
311980;3119807;MG;31;3;Região Sudeste;Córrego Danta (MG);Córrego Danta;2960;1;Pequeno I;657,425
311990;3119906;MG;31;3;Região Sudeste;Córrego do Bom Jesus (MG);Córrego do Bom Jesus;4272;1;Pequeno I;123,651
311995;3119955;MG;31;3;Região Sudeste;Córrego Fundo (MG);Córrego Fundo;6133;1;Pequeno I;101,112
312000;3120003;MG;31;3;Região Sudeste;Córrego Novo (MG);Córrego Novo;2875;1;Pequeno I;205,385
312010;3120102;MG;31;3;Região Sudeste;Couto de Magalhães de Minas (MG);Couto de Magalhães de Minas;4245;1;Pequeno I;485,654
312015;3120151;MG;31;3;Região Sudeste;Crisólita (MG);Crisólita;5265;1;Pequeno I;966,202
312020;3120201;MG;31;3;Região Sudeste;Cristais (MG);Cristais;12197;1;Pequeno I;628,434
312030;3120300;MG;31;3;Região Sudeste;Cristália (MG);Cristália;5121;1;Pequeno I;840,702
312040;3120409;MG;31;3;Região Sudeste;Cristiano Otoni (MG);Cristiano Otoni;4667;1;Pequeno I;132,872
312050;3120508;MG;31;3;Região Sudeste;Cristina (MG);Cristina;10374;1;Pequeno I;311,33
312060;3120607;MG;31;3;Região Sudeste;Crucilândia (MG);Crucilândia;5434;1;Pequeno I;167,164
312070;3120706;MG;31;3;Região Sudeste;Cruzeiro da Fortaleza (MG);Cruzeiro da Fortaleza;3521;1;Pequeno I;187,446
312080;3120805;MG;31;3;Região Sudeste;Cruzília (MG);Cruzília;15362;1;Pequeno I;522,419
312083;3120839;MG;31;3;Região Sudeste;Cuparaque (MG);Cuparaque;3983;1;Pequeno I;226,75
312087;3120870;MG;31;3;Região Sudeste;Curral de Dentro (MG);Curral de Dentro;7406;1;Pequeno I;570,95
312090;3120904;MG;31;3;Região Sudeste;Curvelo (MG);Curvelo;80665;3;Médio;3296,2
312100;3121001;MG;31;3;Região Sudeste;Datas (MG);Datas;5465;1;Pequeno I;310,099
312110;3121100;MG;31;3;Região Sudeste;Delfim Moreira (MG);Delfim Moreira;7952;1;Pequeno I;408,473
312120;3121209;MG;31;3;Região Sudeste;Delfinópolis (MG);Delfinópolis;8393;1;Pequeno I;1378,423
312125;3121258;MG;31;3;Região Sudeste;Delta (MG);Delta;10494;1;Pequeno I;102,784
312130;3121308;MG;31;3;Região Sudeste;Descoberto (MG);Descoberto;4928;1;Pequeno I;213,168
312140;3121407;MG;31;3;Região Sudeste;Desterro de Entre Rios (MG);Desterro de Entre Rios;7653;1;Pequeno I;377,165
312150;3121506;MG;31;3;Região Sudeste;Desterro do Melo (MG);Desterro do Melo;2994;1;Pequeno I;142,279
312160;3121605;MG;31;3;Região Sudeste;Diamantina (MG);Diamantina;47702;2;Pequeno II;3891,659
312170;3121704;MG;31;3;Região Sudeste;Diogo de Vasconcelos (MG);Diogo de Vasconcelos;3549;1;Pequeno I;165,091
312180;3121803;MG;31;3;Região Sudeste;Dionísio (MG);Dionísio;6847;1;Pequeno I;339,375
312190;3121902;MG;31;3;Região Sudeste;Divinésia (MG);Divinésia;4226;1;Pequeno I;116,97
312200;3122009;MG;31;3;Região Sudeste;Divino (MG);Divino;20706;2;Pequeno II;337,776
312210;3122108;MG;31;3;Região Sudeste;Divino das Laranjeiras (MG);Divino Das Laranjeiras;4178;1;Pequeno I;342,249
312220;3122207;MG;31;3;Região Sudeste;Divinolândia de Minas (MG);Divinolândia de Minas;6516;1;Pequeno I;133,12
312230;3122306;MG;31;3;Região Sudeste;Divinópolis (MG);Divinópolis;231091;4;Grande;708,115
312235;3122355;MG;31;3;Região Sudeste;Divisa Alegre (MG);Divisa Alegre;6321;1;Pequeno I;117,802
312240;3122405;MG;31;3;Região Sudeste;Divisa Nova (MG);Divisa Nova;5851;1;Pequeno I;216,955
312245;3122454;MG;31;3;Região Sudeste;Divisópolis (MG);Divisópolis;10213;1;Pequeno I;572,926
312247;3122470;MG;31;3;Região Sudeste;Dom Bosco (MG);Dom Bosco;3697;1;Pequeno I;817,383
312250;3122504;MG;31;3;Região Sudeste;Dom Cavati (MG);Dom Cavati;4904;1;Pequeno I;59,52
312260;3122603;MG;31;3;Região Sudeste;Dom Joaquim (MG);Dom Joaquim;4899;1;Pequeno I;398,793
312270;3122702;MG;31;3;Região Sudeste;Dom Silvério (MG);Dom Silvério;5228;1;Pequeno I;194,972
312280;3122801;MG;31;3;Região Sudeste;Dom Viçoso (MG);Dom Viçoso;3095;1;Pequeno I;113,921
312290;3122900;MG;31;3;Região Sudeste;Dona Euzébia (MG);Dona Eusébia;6093;1;Pequeno I;70,231
312300;3123007;MG;31;3;Região Sudeste;Dores de Campos (MG);Dores de Campos;10007;1;Pequeno I;124,842
312310;3123106;MG;31;3;Região Sudeste;Dores de Guanhães (MG);Dores de Guanhães;5029;1;Pequeno I;382,124
312320;3123205;MG;31;3;Região Sudeste;Dores do Indaiá (MG);Dores do Indaiá;12630;1;Pequeno I;1111,202
312330;3123304;MG;31;3;Região Sudeste;Dores do Turvo (MG);Dores do Turvo;4987;1;Pequeno I;231,169
312340;3123403;MG;31;3;Região Sudeste;Doresópolis (MG);Doresópolis;1461;1;Pequeno I;152,912
312350;3123502;MG;31;3;Região Sudeste;Douradoquara (MG);Douradoquara;1829;1;Pequeno I;312,878
312352;3123528;MG;31;3;Região Sudeste;Durandé (MG);Durandé;7817;1;Pequeno I;217,461
312360;3123601;MG;31;3;Região Sudeste;Elói Mendes (MG);Elói Mendes;26336;2;Pequeno II;499,537
312370;3123700;MG;31;3;Região Sudeste;Engenheiro Caldas (MG);Engenheiro Caldas;13622;1;Pequeno I;187,058
312380;3123809;MG;31;3;Região Sudeste;Engenheiro Navarro (MG);Engenheiro Navarro;6354;1;Pequeno I;608,306
312385;3123858;MG;31;3;Região Sudeste;Entre Folhas (MG);Entre Folhas;5179;1;Pequeno I;85,39
312390;3123908;MG;31;3;Região Sudeste;Entre Rios de Minas (MG);Entre Rios de Minas;14746;1;Pequeno I;456,796
312400;3124005;MG;31;3;Região Sudeste;Ervália (MG);Ervália;20255;2;Pequeno II;357,489
312410;3124104;MG;31;3;Região Sudeste;Esmeraldas (MG);Esmeraldas;85598;3;Médio;909,727
312420;3124203;MG;31;3;Região Sudeste;Espera Feliz (MG);Espera Feliz;24102;2;Pequeno II;317,638
312430;3124302;MG;31;3;Região Sudeste;Espinosa (MG);Espinosa;30443;2;Pequeno II;1868,97
312440;3124401;MG;31;3;Região Sudeste;Espírito Santo do Dourado (MG);Espírito Santo do Dourado;6611;1;Pequeno I;263,879
312450;3124500;MG;31;3;Região Sudeste;Estiva (MG);Estiva;11502;1;Pequeno I;243,872
312460;3124609;MG;31;3;Região Sudeste;Estrela Dalva (MG);Estrela Dalva;2186;1;Pequeno I;131,365
312470;3124708;MG;31;3;Região Sudeste;Estrela do Indaiá (MG);Estrela do Indaiá;2772;1;Pequeno I;635,981
312480;3124807;MG;31;3;Região Sudeste;Estrela do Sul (MG);Estrela do Sul;6840;1;Pequeno I;822,454
312490;3124906;MG;31;3;Região Sudeste;Eugenópolis (MG);Eugenópolis;10801;1;Pequeno I;309,395
312500;3125002;MG;31;3;Região Sudeste;Ewbank da Câmara (MG);Ewbank da Câmara;3875;1;Pequeno I;103,834
312510;3125101;MG;31;3;Região Sudeste;Extrema (MG);Extrema;53482;3;Médio;244,575
312520;3125200;MG;31;3;Região Sudeste;Fama (MG);Fama;2578;1;Pequeno I;86,024
312530;3125309;MG;31;3;Região Sudeste;Faria Lemos (MG);Faria Lemos;3188;1;Pequeno I;165,224
312540;3125408;MG;31;3;Região Sudeste;Felício dos Santos (MG);Felício Dos Santos;5133;1;Pequeno I;357,622
312550;3125507;MG;31;3;Região Sudeste;São Gonçalo do Rio Preto (MG);São Gonçalo do Rio Preto;3032;1;Pequeno I;314,458
312560;3125606;MG;31;3;Região Sudeste;Felisburgo (MG);Felisburgo;6489;1;Pequeno I;596,215
312570;3125705;MG;31;3;Região Sudeste;Felixlândia (MG);Felixlândia;13978;1;Pequeno I;1554,627
312580;3125804;MG;31;3;Região Sudeste;Fernandes Tourinho (MG);Fernandes Tourinho;2789;1;Pequeno I;151,875
312590;3125903;MG;31;3;Região Sudeste;Ferros (MG);Ferros;9590;1;Pequeno I;1088,791
312595;3125952;MG;31;3;Região Sudeste;Fervedouro (MG);Fervedouro;10445;1;Pequeno I;357,683
312600;3126000;MG;31;3;Região Sudeste;Florestal (MG);Florestal;8045;1;Pequeno I;194,242
312610;3126109;MG;31;3;Região Sudeste;Formiga (MG);Formiga;68248;3;Médio;1501,915
312620;3126208;MG;31;3;Região Sudeste;Formoso (MG);Formoso;7949;1;Pequeno I;3686,004
312630;3126307;MG;31;3;Região Sudeste;Fortaleza de Minas (MG);Fortaleza de Minas;3477;1;Pequeno I;218,792
312640;3126406;MG;31;3;Região Sudeste;Fortuna de Minas (MG);Fortuna de Minas;3093;1;Pequeno I;198,709
312650;3126505;MG;31;3;Região Sudeste;Francisco Badaró (MG);Francisco Badaró;7366;1;Pequeno I;461,481
312660;3126604;MG;31;3;Região Sudeste;Francisco Dumont (MG);Francisco Dumont;4503;1;Pequeno I;1576,128
312670;3126703;MG;31;3;Região Sudeste;Francisco Sá (MG);Francisco sá;23476;2;Pequeno II;2747,295
312675;3126752;MG;31;3;Região Sudeste;Franciscópolis (MG);Franciscópolis;5034;1;Pequeno I;717,087
312680;3126802;MG;31;3;Região Sudeste;Frei Gaspar (MG);Frei Gaspar;5640;1;Pequeno I;626,672
312690;3126901;MG;31;3;Região Sudeste;Frei Inocêncio (MG);Frei Inocêncio;8226;1;Pequeno I;469,557
312695;3126950;MG;31;3;Região Sudeste;Frei Lagonegro (MG);Frei Lagonegro;3391;1;Pequeno I;167,474
312700;3127008;MG;31;3;Região Sudeste;Fronteira (MG);Fronteira;14540;1;Pequeno I;199,987
312705;3127057;MG;31;3;Região Sudeste;Fronteira dos Vales (MG);Fronteira Dos Vales;4345;1;Pequeno I;320,757
312707;3127073;MG;31;3;Região Sudeste;Fruta de Leite (MG);Fruta de Leite;4647;1;Pequeno I;762,837
312710;3127107;MG;31;3;Região Sudeste;Frutal (MG);Frutal;58588;3;Médio;2426,965
312720;3127206;MG;31;3;Região Sudeste;Funilândia (MG);Funilândia;4686;1;Pequeno I;199,797
312730;3127305;MG;31;3;Região Sudeste;Galiléia (MG);Galiléia;6222;1;Pequeno I;720,303
312733;3127339;MG;31;3;Região Sudeste;Gameleiras (MG);Gameleiras;4793;1;Pequeno I;1733,203
312735;3127354;MG;31;3;Região Sudeste;Glaucilândia (MG);Glaucilândia;2928;1;Pequeno I;145,861
312737;3127370;MG;31;3;Região Sudeste;Goiabeira (MG);Goiabeira;2830;1;Pequeno I;112,443
312738;3127388;MG;31;3;Região Sudeste;Goianá (MG);Goianá;4053;1;Pequeno I;152,039
312740;3127404;MG;31;3;Região Sudeste;Gonçalves (MG);Gonçalves;4727;1;Pequeno I;187,353
312750;3127503;MG;31;3;Região Sudeste;Gonzaga (MG);Gonzaga;5230;1;Pequeno I;209,348
312760;3127602;MG;31;3;Região Sudeste;Gouveia (MG);Gouveia;11331;1;Pequeno I;866,601
312770;3127701;MG;31;3;Região Sudeste;Governador Valadares (MG);Governador Valadares;257171;4;Grande;2342,376
312780;3127800;MG;31;3;Região Sudeste;Grão Mogol (MG);Grão Mogol;13901;1;Pequeno I;3885,294
312790;3127909;MG;31;3;Região Sudeste;Grupiara (MG);Grupiara;1392;1;Pequeno I;193,141
312800;3128006;MG;31;3;Região Sudeste;Guanhães (MG);Guanhães;32244;2;Pequeno II;1075,124
312810;3128105;MG;31;3;Região Sudeste;Guapé (MG);Guapé;13772;1;Pequeno I;934,345
312820;3128204;MG;31;3;Região Sudeste;Guaraciaba (MG);Guaraciaba;9753;1;Pequeno I;348,596
312825;3128253;MG;31;3;Região Sudeste;Guaraciama (MG);Guaraciama;5051;1;Pequeno I;390,263
312830;3128303;MG;31;3;Região Sudeste;Guaranésia (MG);Guaranésia;19150;1;Pequeno I;294,828
312840;3128402;MG;31;3;Região Sudeste;Guarani (MG);Guarani;7714;1;Pequeno I;264,194
312850;3128501;MG;31;3;Região Sudeste;Guarará (MG);Guarará;3149;1;Pequeno I;88,655
312860;3128600;MG;31;3;Região Sudeste;Guarda-Mor (MG);Guarda-mor;6539;1;Pequeno I;2068,808
312870;3128709;MG;31;3;Região Sudeste;Guaxupé (MG);Guaxupé;50911;3;Médio;286,398
312880;3128808;MG;31;3;Região Sudeste;Guidoval (MG);Guidoval;7131;1;Pequeno I;158,375
312890;3128907;MG;31;3;Região Sudeste;Guimarânia (MG);Guimarânia;8478;1;Pequeno I;366,833
312900;3129004;MG;31;3;Região Sudeste;Guiricema (MG);Guiricema;7778;1;Pequeno I;293,578
312910;3129103;MG;31;3;Região Sudeste;Gurinhatã (MG);Gurinhatã;5192;1;Pequeno I;1849,137
312920;3129202;MG;31;3;Região Sudeste;Heliodora (MG);Heliodora;6134;1;Pequeno I;153,95
312930;3129301;MG;31;3;Região Sudeste;Iapu (MG);Iapu;12030;1;Pequeno I;340,994
312940;3129400;MG;31;3;Região Sudeste;Ibertioga (MG);Ibertioga;5198;1;Pequeno I;346,24
312950;3129509;MG;31;3;Região Sudeste;Ibiá (MG);Ibiá;22229;2;Pequeno II;2704,132
312960;3129608;MG;31;3;Região Sudeste;Ibiaí (MG);Ibiaí;6286;1;Pequeno I;874,76
312965;3129657;MG;31;3;Região Sudeste;Ibiracatu (MG);Ibiracatu;5081;1;Pequeno I;353,257
312970;3129707;MG;31;3;Região Sudeste;Ibiraci (MG);Ibiraci;10948;1;Pequeno I;562,095
312980;3129806;MG;31;3;Região Sudeste;Ibirité (MG);Ibirité;170537;4;Grande;72,395
312990;3129905;MG;31;3;Região Sudeste;Ibitiúra de Minas (MG);Ibitiúra de Minas;3365;1;Pequeno I;68,316
313000;3130002;MG;31;3;Região Sudeste;Ibituruna (MG);Ibituruna;2698;1;Pequeno I;153,106
313005;3130051;MG;31;3;Região Sudeste;Icaraí de Minas (MG);Icaraí de Minas;10677;1;Pequeno I;625,664
313010;3130101;MG;31;3;Região Sudeste;Igarapé (MG);Igarapé;45847;2;Pequeno II;110,942
313020;3130200;MG;31;3;Região Sudeste;Igaratinga (MG);Igaratinga;10830;1;Pequeno I;218,343
313030;3130309;MG;31;3;Região Sudeste;Iguatama (MG);Iguatama;6826;1;Pequeno I;628,2
313040;3130408;MG;31;3;Região Sudeste;Ijaci (MG);Ijaci;7003;1;Pequeno I;105,246
313050;3130507;MG;31;3;Região Sudeste;Ilicínea (MG);Ilicínea;12741;1;Pequeno I;376,341
313055;3130556;MG;31;3;Região Sudeste;Imbé de Minas (MG);Imbé de Minas;6986;1;Pequeno I;196,735
313060;3130606;MG;31;3;Região Sudeste;Inconfidentes (MG);Inconfidentes;7301;1;Pequeno I;149,611
313065;3130655;MG;31;3;Região Sudeste;Indaiabira (MG);Indaiabira;6346;1;Pequeno I;1004,149
313070;3130705;MG;31;3;Região Sudeste;Indianópolis (MG);Indianópolis;6171;1;Pequeno I;830,03
313080;3130804;MG;31;3;Região Sudeste;Ingaí (MG);Ingaí;2580;1;Pequeno I;305,591
313090;3130903;MG;31;3;Região Sudeste;Inhapim (MG);Inhapim;22692;2;Pequeno II;858,024
313100;3131000;MG;31;3;Região Sudeste;Inhaúma (MG);Inhaúma;6239;1;Pequeno I;244,996
313110;3131109;MG;31;3;Região Sudeste;Inimutaba (MG);Inimutaba;7371;1;Pequeno I;527,06
313115;3131158;MG;31;3;Região Sudeste;Ipaba (MG);Ipaba;17136;1;Pequeno I;113,246
313120;3131208;MG;31;3;Região Sudeste;Ipanema (MG);Ipanema;19522;1;Pequeno I;456,641
313130;3131307;MG;31;3;Região Sudeste;Ipatinga (MG);Ipatinga;227731;4;Grande;164,884
313140;3131406;MG;31;3;Região Sudeste;Ipiaçu (MG);Ipiaçu;3775;1;Pequeno I;466,02
313150;3131505;MG;31;3;Região Sudeste;Ipuiúna (MG);Ipuiúna;9135;1;Pequeno I;298,195
313160;3131604;MG;31;3;Região Sudeste;Iraí de Minas (MG);Iraí de Minas;7180;1;Pequeno I;356,264
313170;3131703;MG;31;3;Região Sudeste;Itabira (MG);Itabira;113343;4;Grande;1253,704
313180;3131802;MG;31;3;Região Sudeste;Itabirinha (MG);Itabirinha;10362;1;Pequeno I;209,034
313190;3131901;MG;31;3;Região Sudeste;Itabirito (MG);Itabirito;53365;3;Médio;544,027
313200;3132008;MG;31;3;Região Sudeste;Itacambira (MG);Itacambira;4252;1;Pequeno I;1788,445
313210;3132107;MG;31;3;Região Sudeste;Itacarambi (MG);Itacarambi;17208;1;Pequeno I;1225,273
313220;3132206;MG;31;3;Região Sudeste;Itaguara (MG);Itaguara;13846;1;Pequeno I;410,468
313230;3132305;MG;31;3;Região Sudeste;Itaipé (MG);Itaipé;10463;1;Pequeno I;480,829
313240;3132404;MG;31;3;Região Sudeste;Itajubá (MG);Itajubá;93073;3;Médio;294,835
313250;3132503;MG;31;3;Região Sudeste;Itamarandiba (MG);Itamarandiba;32948;2;Pequeno II;2735,573
313260;3132602;MG;31;3;Região Sudeste;Itamarati de Minas (MG);Itamarati de Minas;3690;1;Pequeno I;94,568
313270;3132701;MG;31;3;Região Sudeste;Itambacuri (MG);Itambacuri;21042;2;Pequeno II;1419,209
313280;3132800;MG;31;3;Região Sudeste;Itambé do Mato Dentro (MG);Itambé do Mato Dentro;2142;1;Pequeno I;380,34
313290;3132909;MG;31;3;Região Sudeste;Itamogi (MG);Itamogi;10770;1;Pequeno I;243,714
313300;3133006;MG;31;3;Região Sudeste;Itamonte (MG);Itamonte;14786;1;Pequeno I;431,792
313310;3133105;MG;31;3;Região Sudeste;Itanhandu (MG);Itanhandu;15236;1;Pequeno I;143,363
313320;3133204;MG;31;3;Região Sudeste;Itanhomi (MG);Itanhomi;11128;1;Pequeno I;488,843
313330;3133303;MG;31;3;Região Sudeste;Itaobim (MG);Itaobim;19151;1;Pequeno I;679,024
313340;3133402;MG;31;3;Região Sudeste;Itapagipe (MG);Itapagipe;13690;1;Pequeno I;1802,438
313350;3133501;MG;31;3;Região Sudeste;Itapecerica (MG);Itapecerica;21046;2;Pequeno II;1040,519
313360;3133600;MG;31;3;Região Sudeste;Itapeva (MG);Itapeva;12692;1;Pequeno I;177,347
313370;3133709;MG;31;3;Região Sudeste;Itatiaiuçu (MG);Itatiaiuçu;12966;1;Pequeno I;295,145
313375;3133758;MG;31;3;Região Sudeste;Itaú de Minas (MG);Itaú de Minas;14406;1;Pequeno I;153,421
313380;3133808;MG;31;3;Região Sudeste;Itaúna (MG);Itaúna;97669;3;Médio;495,769
313390;3133907;MG;31;3;Região Sudeste;Itaverava (MG);Itaverava;5642;1;Pequeno I;284,22
313400;3134004;MG;31;3;Região Sudeste;Itinga (MG);Itinga;13745;1;Pequeno I;1649,622
313410;3134103;MG;31;3;Região Sudeste;Itueta (MG);Itueta;6055;1;Pequeno I;452,676
313420;3134202;MG;31;3;Região Sudeste;Ituiutaba (MG);Ituiutaba;102217;4;Grande;2598,046
313430;3134301;MG;31;3;Região Sudeste;Itumirim (MG);Itumirim;6638;1;Pequeno I;234,802
313440;3134400;MG;31;3;Região Sudeste;Iturama (MG);Iturama;38295;2;Pequeno II;1404,663
313450;3134509;MG;31;3;Região Sudeste;Itutinga (MG);Itutinga;4217;1;Pequeno I;372,018
313460;3134608;MG;31;3;Região Sudeste;Jaboticatubas (MG);Jaboticatubas;20406;2;Pequeno II;1114,972
313470;3134707;MG;31;3;Região Sudeste;Jacinto (MG);Jacinto;11042;1;Pequeno I;1393,609
313480;3134806;MG;31;3;Região Sudeste;Jacuí (MG);Jacuí;7495;1;Pequeno I;409,229
313490;3134905;MG;31;3;Região Sudeste;Jacutinga (MG);Jacutinga;25525;2;Pequeno II;347,667
313500;3135001;MG;31;3;Região Sudeste;Jaguaraçu (MG);Jaguaraçu;3092;1;Pequeno I;163,76
313505;3135050;MG;31;3;Região Sudeste;Jaíba (MG);Jaíba;37660;2;Pequeno II;2635,467
313507;3135076;MG;31;3;Região Sudeste;Jampruca (MG);Jampruca;4296;1;Pequeno I;517,095
313510;3135100;MG;31;3;Região Sudeste;Janaúba (MG);Janaúba;70699;3;Médio;2181,319
313520;3135209;MG;31;3;Região Sudeste;Januária (MG);Januária;65150;3;Médio;6661,588
313530;3135308;MG;31;3;Região Sudeste;Japaraíba (MG);Japaraíba;4506;1;Pequeno I;172,141
313535;3135357;MG;31;3;Região Sudeste;Japonvar (MG);Japonvar;8127;1;Pequeno I;375,181
313540;3135407;MG;31;3;Região Sudeste;Jeceaba (MG);Jeceaba;6197;1;Pequeno I;236,25
313545;3135456;MG;31;3;Região Sudeste;Jenipapo de Minas (MG);Jenipapo de Minas;6100;1;Pequeno I;284,453
313550;3135506;MG;31;3;Região Sudeste;Jequeri (MG);Jequeri;12419;1;Pequeno I;547,897
313560;3135605;MG;31;3;Região Sudeste;Jequitaí (MG);Jequitaí;6484;1;Pequeno I;1268,443
313570;3135704;MG;31;3;Região Sudeste;Jequitibá (MG);Jequitibá;5883;1;Pequeno I;445,03
313580;3135803;MG;31;3;Região Sudeste;Jequitinhonha (MG);Jequitinhonha;24007;2;Pequeno II;3514,216
313590;3135902;MG;31;3;Região Sudeste;Jesuânia (MG);Jesuânia;5138;1;Pequeno I;153,852
313600;3136009;MG;31;3;Região Sudeste;Joaíma (MG);Joaíma;13888;1;Pequeno I;1664,19
313610;3136108;MG;31;3;Região Sudeste;Joanésia (MG);Joanésia;4329;1;Pequeno I;233,292
313620;3136207;MG;31;3;Região Sudeste;João Monlevade (MG);João Monlevade;80187;3;Médio;99,158
313630;3136306;MG;31;3;Região Sudeste;João Pinheiro (MG);João Pinheiro;46801;2;Pequeno II;10727,097
313640;3136405;MG;31;3;Região Sudeste;Joaquim Felício (MG);Joaquim Felício;3854;1;Pequeno I;790,935
313650;3136504;MG;31;3;Região Sudeste;Jordânia (MG);Jordânia;10304;1;Pequeno I;546,705
313652;3136520;MG;31;3;Região Sudeste;José Gonçalves de Minas (MG);José Gonçalves de Minas;3969;1;Pequeno I;381,332
313655;3136553;MG;31;3;Região Sudeste;José Raydan (MG);José Raydan;4268;1;Pequeno I;180,822
313657;3136579;MG;31;3;Região Sudeste;Josenópolis (MG);Josenópolis;3630;1;Pequeno I;541,393
313660;3136603;MG;31;3;Região Sudeste;Nova União (MG);Nova União;5909;1;Pequeno I;172,131
313665;3136652;MG;31;3;Região Sudeste;Juatuba (MG);Juatuba;30716;2;Pequeno II;97,017
313670;3136702;MG;31;3;Região Sudeste;Juiz de Fora (MG);Juiz de Fora;540756;4;Grande;1435,749
313680;3136801;MG;31;3;Região Sudeste;Juramento (MG);Juramento;3768;1;Pequeno I;431,63
313690;3136900;MG;31;3;Região Sudeste;Juruaia (MG);Juruaia;11084;1;Pequeno I;220,353
313695;3136959;MG;31;3;Região Sudeste;Juvenília (MG);Juvenília;5789;1;Pequeno I;1064,692
313700;3137007;MG;31;3;Região Sudeste;Ladainha (MG);Ladainha;14383;1;Pequeno I;866,29
313710;3137106;MG;31;3;Região Sudeste;Lagamar (MG);Lagamar;6631;1;Pequeno I;1474,562
313720;3137205;MG;31;3;Região Sudeste;Lagoa da Prata (MG);Lagoa da Prata;51412;3;Médio;439,984
313730;3137304;MG;31;3;Região Sudeste;Lagoa dos Patos (MG);Lagoa Dos Patos;3313;1;Pequeno I;600,547
313740;3137403;MG;31;3;Região Sudeste;Lagoa Dourada (MG);Lagoa Dourada;12769;1;Pequeno I;476,693
313750;3137502;MG;31;3;Região Sudeste;Lagoa Formosa (MG);Lagoa Formosa;18904;1;Pequeno I;840,92
313753;3137536;MG;31;3;Região Sudeste;Lagoa Grande (MG);Lagoa Grande;8969;1;Pequeno I;1236,301
313760;3137601;MG;31;3;Região Sudeste;Lagoa Santa (MG);Lagoa Santa;75145;3;Médio;229,409
313770;3137700;MG;31;3;Região Sudeste;Lajinha (MG);Lajinha;20835;2;Pequeno II;431,92
313780;3137809;MG;31;3;Região Sudeste;Lambari (MG);Lambari;20414;2;Pequeno II;213,11
313790;3137908;MG;31;3;Região Sudeste;Lamim (MG);Lamim;3184;1;Pequeno I;118,602
313800;3138005;MG;31;3;Região Sudeste;Laranjal (MG);Laranjal;5963;1;Pequeno I;204,882
313810;3138104;MG;31;3;Região Sudeste;Lassance (MG);Lassance;7124;1;Pequeno I;3204,217
313820;3138203;MG;31;3;Região Sudeste;Lavras (MG);Lavras;104761;4;Grande;564,744
313830;3138302;MG;31;3;Região Sudeste;Leandro Ferreira (MG);Leandro Ferreira;3199;1;Pequeno I;352,005
313835;3138351;MG;31;3;Região Sudeste;Leme do Prado (MG);Leme do Prado;4341;1;Pequeno I;280,036
313840;3138401;MG;31;3;Região Sudeste;Leopoldina (MG);Leopoldina;51145;3;Médio;943,077
313850;3138500;MG;31;3;Região Sudeste;Liberdade (MG);Liberdade;4737;1;Pequeno I;401,337
313860;3138609;MG;31;3;Região Sudeste;Lima Duarte (MG);Lima Duarte;17221;1;Pequeno I;848,564
313862;3138625;MG;31;3;Região Sudeste;Limeira do Oeste (MG);Limeira do Oeste;8687;1;Pequeno I;1317,153
313865;3138658;MG;31;3;Região Sudeste;Lontra (MG);Lontra;8790;1;Pequeno I;258,925
313867;3138674;MG;31;3;Região Sudeste;Luisburgo (MG);Luisburgo;6956;1;Pequeno I;145,418
313868;3138682;MG;31;3;Região Sudeste;Luislândia (MG);Luislândia;6210;1;Pequeno I;411,714
313870;3138708;MG;31;3;Região Sudeste;Luminárias (MG);Luminárias;5586;1;Pequeno I;500,143
313880;3138807;MG;31;3;Região Sudeste;Luz (MG);Luz;17875;1;Pequeno I;1171,659
313890;3138906;MG;31;3;Região Sudeste;Machacalis (MG);Machacalis;6487;1;Pequeno I;332,378
313900;3139003;MG;31;3;Região Sudeste;Machado (MG);Machado;37684;2;Pequeno II;585,958
313910;3139102;MG;31;3;Região Sudeste;Madre de Deus de Minas (MG);Madre de Deus de Minas;5191;1;Pequeno I;492,909
313920;3139201;MG;31;3;Região Sudeste;Malacacheta (MG);Malacacheta;17516;1;Pequeno I;727,886
313925;3139250;MG;31;3;Região Sudeste;Mamonas (MG);Mamonas;5997;1;Pequeno I;284,365
313930;3139300;MG;31;3;Região Sudeste;Manga (MG);Manga;18886;1;Pequeno I;1950,184
313940;3139409;MG;31;3;Região Sudeste;Manhuaçu (MG);Manhuaçu;91886;3;Médio;628,318
313950;3139508;MG;31;3;Região Sudeste;Manhumirim (MG);Manhumirim;20613;2;Pequeno II;182,9
313960;3139607;MG;31;3;Região Sudeste;Mantena (MG);Mantena;26535;2;Pequeno II;685,208
313970;3139706;MG;31;3;Região Sudeste;Maravilhas (MG);Maravilhas;7333;1;Pequeno I;261,604
313980;3139805;MG;31;3;Região Sudeste;Mar de Espanha (MG);Mar de Espanha;12721;1;Pequeno I;371,6
313990;3139904;MG;31;3;Região Sudeste;Maria da Fé (MG);Maria da fé;14247;1;Pequeno I;202,898
314000;3140001;MG;31;3;Região Sudeste;Mariana (MG);Mariana;61387;3;Médio;1194,208
314010;3140100;MG;31;3;Região Sudeste;Marilac (MG);Marilac;4224;1;Pequeno I;158,809
314015;3140159;MG;31;3;Região Sudeste;Mário Campos (MG);Mário Campos;15900;1;Pequeno I;35,196
314020;3140209;MG;31;3;Região Sudeste;Maripá de Minas (MG);Maripá de Minas;3387;1;Pequeno I;77,338
314030;3140308;MG;31;3;Região Sudeste;Marliéria (MG);Marliéria;4592;1;Pequeno I;545,813
314040;3140407;MG;31;3;Região Sudeste;Marmelópolis (MG);Marmelópolis;3200;1;Pequeno I;107,902
314050;3140506;MG;31;3;Região Sudeste;Martinho Campos (MG);Martinho Campos;14003;1;Pequeno I;1058,418
314053;3140530;MG;31;3;Região Sudeste;Martins Soares (MG);Martins Soares;8396;1;Pequeno I;113,268
314055;3140555;MG;31;3;Região Sudeste;Mata Verde (MG);Mata Verde;9112;1;Pequeno I;227,539
314060;3140605;MG;31;3;Região Sudeste;Materlândia (MG);Materlândia;3963;1;Pequeno I;280,53
314070;3140704;MG;31;3;Região Sudeste;Mateus Leme (MG);Mateus Leme;37841;2;Pequeno II;301,383
314080;3140803;MG;31;3;Região Sudeste;Matias Barbosa (MG);Matias Barbosa;14121;1;Pequeno I;157,066
314085;3140852;MG;31;3;Região Sudeste;Matias Cardoso (MG);Matias Cardoso;8895;1;Pequeno I;1940,598
314090;3140902;MG;31;3;Região Sudeste;Matipó (MG);Matipó;18552;1;Pequeno I;266,99
314100;3141009;MG;31;3;Região Sudeste;Mato Verde (MG);Mato Verde;12038;1;Pequeno I;472,245
314110;3141108;MG;31;3;Região Sudeste;Matozinhos (MG);Matozinhos;37618;2;Pequeno II;252,453
314120;3141207;MG;31;3;Região Sudeste;Matutina (MG);Matutina;3814;1;Pequeno I;260,957
314130;3141306;MG;31;3;Região Sudeste;Medeiros (MG);Medeiros;3900;1;Pequeno I;946,437
314140;3141405;MG;31;3;Região Sudeste;Medina (MG);Medina;20156;2;Pequeno II;1435,903
314150;3141504;MG;31;3;Região Sudeste;Mendes Pimentel (MG);Mendes Pimentel;5606;1;Pequeno I;305,507
314160;3141603;MG;31;3;Região Sudeste;Mercês (MG);Mercês;10373;1;Pequeno I;348,271
314170;3141702;MG;31;3;Região Sudeste;Mesquita (MG);Mesquita;5040;1;Pequeno I;274,938
314180;3141801;MG;31;3;Região Sudeste;Minas Novas (MG);Minas Novas;24405;2;Pequeno II;1812,398
314190;3141900;MG;31;3;Região Sudeste;Minduri (MG);Minduri;3741;1;Pequeno I;219,774
314200;3142007;MG;31;3;Região Sudeste;Mirabela (MG);Mirabela;13651;1;Pequeno I;723,278
314210;3142106;MG;31;3;Região Sudeste;Miradouro (MG);Miradouro;8968;1;Pequeno I;301,672
314220;3142205;MG;31;3;Região Sudeste;Miraí (MG);Miraí;13633;1;Pequeno I;320,695
314225;3142254;MG;31;3;Região Sudeste;Miravânia (MG);Miravânia;3985;1;Pequeno I;602,128
314230;3142304;MG;31;3;Região Sudeste;Moeda (MG);Moeda;5125;1;Pequeno I;155,112
314240;3142403;MG;31;3;Região Sudeste;Moema (MG);Moema;7548;1;Pequeno I;202,705
314250;3142502;MG;31;3;Região Sudeste;Monjolos (MG);Monjolos;2169;1;Pequeno I;650,911
314260;3142601;MG;31;3;Região Sudeste;Monsenhor Paulo (MG);Monsenhor Paulo;8340;1;Pequeno I;216,54
314270;3142700;MG;31;3;Região Sudeste;Montalvânia (MG);Montalvânia;14060;1;Pequeno I;1503,755
314280;3142809;MG;31;3;Região Sudeste;Monte Alegre de Minas (MG);Monte Alegre de Minas;20170;2;Pequeno II;2595,957
314290;3142908;MG;31;3;Região Sudeste;Monte Azul (MG);Monte Azul;20328;2;Pequeno II;1001,296
314300;3143005;MG;31;3;Região Sudeste;Monte Belo (MG);Monte Belo;13046;1;Pequeno I;421,283
314310;3143104;MG;31;3;Região Sudeste;Monte Carmelo (MG);Monte Carmelo;47692;2;Pequeno II;1343,035
314315;3143153;MG;31;3;Região Sudeste;Monte Formoso (MG);Monte Formoso;4381;1;Pequeno I;385,553
314320;3143203;MG;31;3;Região Sudeste;Monte Santo de Minas (MG);Monte Santo de Minas;20890;2;Pequeno II;594,632
314330;3143302;MG;31;3;Região Sudeste;Montes Claros (MG);Montes Claros;414240;4;Grande;3589,811
314340;3143401;MG;31;3;Região Sudeste;Monte Sião (MG);Monte Sião;24089;2;Pequeno II;291,594
314345;3143450;MG;31;3;Região Sudeste;Montezuma (MG);Montezuma;6888;1;Pequeno I;1130,419
314350;3143500;MG;31;3;Região Sudeste;Morada Nova de Minas (MG);Morada Nova de Minas;9067;1;Pequeno I;2084,275
314360;3143609;MG;31;3;Região Sudeste;Morro da Garça (MG);Morro da Garça;2411;1;Pequeno I;414,772
314370;3143708;MG;31;3;Região Sudeste;Morro do Pilar (MG);Morro do Pilar;3133;1;Pequeno I;477,548
314380;3143807;MG;31;3;Região Sudeste;Munhoz (MG);Munhoz;7451;1;Pequeno I;191,564
314390;3143906;MG;31;3;Região Sudeste;Muriaé (MG);Muriaé;104108;4;Grande;841,693
314400;3144003;MG;31;3;Região Sudeste;Mutum (MG);Mutum;27635;2;Pequeno II;1250,824
314410;3144102;MG;31;3;Região Sudeste;Muzambinho (MG);Muzambinho;21891;2;Pequeno II;409,948
314420;3144201;MG;31;3;Região Sudeste;Nacip Raydan (MG);Nacip Raydan;2459;1;Pequeno I;233,493
314430;3144300;MG;31;3;Região Sudeste;Nanuque (MG);Nanuque;35038;2;Pequeno II;1518,166
314435;3144359;MG;31;3;Região Sudeste;Naque (MG);Naque;6303;1;Pequeno I;127,173
314437;3144375;MG;31;3;Região Sudeste;Natalândia (MG);Natalândia;3520;1;Pequeno I;468,66
314440;3144409;MG;31;3;Região Sudeste;Natércia (MG);Natércia;4691;1;Pequeno I;188,719
314450;3144508;MG;31;3;Região Sudeste;Nazareno (MG);Nazareno;8179;1;Pequeno I;341,453
314460;3144607;MG;31;3;Região Sudeste;Nepomuceno (MG);Nepomuceno;25018;2;Pequeno II;582,553
314465;3144656;MG;31;3;Região Sudeste;Ninheira (MG);Ninheira;10588;1;Pequeno I;1108,255
314467;3144672;MG;31;3;Região Sudeste;Nova Belém (MG);Nova Belém;3151;1;Pequeno I;146,775
314470;3144706;MG;31;3;Região Sudeste;Nova Era (MG);Nova Era;17438;1;Pequeno I;361,926
314480;3144805;MG;31;3;Região Sudeste;Nova Lima (MG);Nova Lima;111697;4;Grande;429,313
314490;3144904;MG;31;3;Região Sudeste;Nova Módica (MG);Nova Módica;3663;1;Pequeno I;375,973
314500;3145000;MG;31;3;Região Sudeste;Nova Ponte (MG);Nova Ponte;14598;1;Pequeno I;1111,011
314505;3145059;MG;31;3;Região Sudeste;Nova Porteirinha (MG);Nova Porteirinha;6706;1;Pequeno I;120,943
314510;3145109;MG;31;3;Região Sudeste;Nova Resende (MG);Nova Resende;16387;1;Pequeno I;390,152
314520;3145208;MG;31;3;Região Sudeste;Nova Serrana (MG);Nova Serrana;105552;4;Grande;282,472
314530;3145307;MG;31;3;Região Sudeste;Novo Cruzeiro (MG);Novo Cruzeiro;26975;2;Pequeno II;1702,981
314535;3145356;MG;31;3;Região Sudeste;Novo Oriente de Minas (MG);Novo Oriente de Minas;10275;1;Pequeno I;755,151
314537;3145372;MG;31;3;Região Sudeste;Novorizonte (MG);Novorizonte;4571;1;Pequeno I;271,61
314540;3145406;MG;31;3;Região Sudeste;Olaria (MG);Olaria;1945;1;Pequeno I;178,242
314545;3145455;MG;31;3;Região Sudeste;Olhos-d'Água (MG);Olhos-d´água;5385;1;Pequeno I;2092,078
314550;3145505;MG;31;3;Região Sudeste;Olímpio Noronha (MG);Olímpio Noronha;2555;1;Pequeno I;54,633
314560;3145604;MG;31;3;Região Sudeste;Oliveira (MG);Oliveira;39262;2;Pequeno II;897,294
314570;3145703;MG;31;3;Região Sudeste;Oliveira Fortes (MG);Oliveira Fortes;2027;1;Pequeno I;111,13
314580;3145802;MG;31;3;Região Sudeste;Onça de Pitangui (MG);Onça de Pitangui;2969;1;Pequeno I;246,976
314585;3145851;MG;31;3;Região Sudeste;Oratórios (MG);Oratórios;4917;1;Pequeno I;89,068
314587;3145877;MG;31;3;Região Sudeste;Orizânia (MG);Orizânia;8437;1;Pequeno I;121,8
314590;3145901;MG;31;3;Região Sudeste;Ouro Branco (MG);Ouro Branco;38724;2;Pequeno II;258,726
314600;3146008;MG;31;3;Região Sudeste;Ouro Fino (MG);Ouro Fino;32094;2;Pequeno II;533,714
314610;3146107;MG;31;3;Região Sudeste;Ouro Preto (MG);Ouro Preto;74821;3;Médio;1245,865
314620;3146206;MG;31;3;Região Sudeste;Ouro Verde de Minas (MG);Ouro Verde de Minas;5757;1;Pequeno I;175,482
314625;3146255;MG;31;3;Região Sudeste;Padre Carvalho (MG);Padre Carvalho;5058;1;Pequeno I;446,275
314630;3146305;MG;31;3;Região Sudeste;Padre Paraíso (MG);Padre Paraíso;17334;1;Pequeno I;544,375
314640;3146404;MG;31;3;Região Sudeste;Paineiras (MG);Paineiras;4224;1;Pequeno I;637,309
314650;3146503;MG;31;3;Região Sudeste;Pains (MG);Pains;8142;1;Pequeno I;421,862
314655;3146552;MG;31;3;Região Sudeste;Pai Pedro (MG);Pai Pedro;5551;1;Pequeno I;839,805
314660;3146602;MG;31;3;Região Sudeste;Paiva (MG);Paiva;1474;1;Pequeno I;58,419
314670;3146701;MG;31;3;Região Sudeste;Palma (MG);Palma;5707;1;Pequeno I;316,476
314675;3146750;MG;31;3;Região Sudeste;Palmópolis (MG);Palmópolis;6301;1;Pequeno I;433,154
314690;3146909;MG;31;3;Região Sudeste;Papagaios (MG);Papagaios;13920;1;Pequeno I;553,577
314700;3147006;MG;31;3;Região Sudeste;Paracatu (MG);Paracatu;94023;3;Médio;8231,029
314710;3147105;MG;31;3;Região Sudeste;Pará de Minas (MG);Pará de Minas;97139;3;Médio;551,247
314720;3147204;MG;31;3;Região Sudeste;Paraguaçu (MG);Paraguaçu;21723;2;Pequeno II;424,296
314730;3147303;MG;31;3;Região Sudeste;Paraisópolis (MG);Paraisópolis;20445;2;Pequeno II;331,238
314740;3147402;MG;31;3;Região Sudeste;Paraopeba (MG);Paraopeba;24107;2;Pequeno II;625,623
314750;3147501;MG;31;3;Região Sudeste;Passabém (MG);Passabém;1600;1;Pequeno I;94,183
314760;3147600;MG;31;3;Região Sudeste;Passa Quatro (MG);Passa Quatro;15515;1;Pequeno I;277,221
314770;3147709;MG;31;3;Região Sudeste;Passa Tempo (MG);Passa Tempo;8473;1;Pequeno I;429,172
314780;3147808;MG;31;3;Região Sudeste;Passa Vinte (MG);Passa-vinte;2233;1;Pequeno I;246,565
314790;3147907;MG;31;3;Região Sudeste;Passos (MG);Passos;111939;4;Grande;1338,07
314795;3147956;MG;31;3;Região Sudeste;Patis (MG);Patis;4837;1;Pequeno I;444,196
314800;3148004;MG;31;3;Região Sudeste;Patos de Minas (MG);Patos de Minas;159235;4;Grande;3190,456
314810;3148103;MG;31;3;Região Sudeste;Patrocínio (MG);Patrocínio;89826;3;Médio;2874,344
314820;3148202;MG;31;3;Região Sudeste;Patrocínio do Muriaé (MG);Patrocínio do Muriaé;5576;1;Pequeno I;108,246
314830;3148301;MG;31;3;Região Sudeste;Paula Cândido (MG);Paula Cândido;8659;1;Pequeno I;268,321
314840;3148400;MG;31;3;Região Sudeste;Paulistas (MG);Paulistas;4389;1;Pequeno I;220,564
314850;3148509;MG;31;3;Região Sudeste;Pavão (MG);Pavão;8047;1;Pequeno I;601,19
314860;3148608;MG;31;3;Região Sudeste;Peçanha (MG);Peçanha;17446;1;Pequeno I;996,646
314870;3148707;MG;31;3;Região Sudeste;Pedra Azul (MG);Pedra Azul;24410;2;Pequeno II;1594,651
314875;3148756;MG;31;3;Região Sudeste;Pedra Bonita (MG);Pedra Bonita;7320;1;Pequeno I;173,928
314880;3148806;MG;31;3;Região Sudeste;Pedra do Anta (MG);Pedra do Anta;3311;1;Pequeno I;173,168
314890;3148905;MG;31;3;Região Sudeste;Pedra do Indaiá (MG);Pedra do Indaiá;4112;1;Pequeno I;347,92
314900;3149002;MG;31;3;Região Sudeste;Pedra Dourada (MG);Pedra Dourada;2757;1;Pequeno I;69,99
314910;3149101;MG;31;3;Região Sudeste;Pedralva (MG);Pedralva;10760;1;Pequeno I;217,989
314915;3149150;MG;31;3;Região Sudeste;Pedras de Maria da Cruz (MG);Pedras de Maria da Cruz;10433;1;Pequeno I;1525,648
314920;3149200;MG;31;3;Região Sudeste;Pedrinópolis (MG);Pedrinópolis;3344;1;Pequeno I;357,891
314930;3149309;MG;31;3;Região Sudeste;Pedro Leopoldo (MG);Pedro Leopoldo;62580;3;Médio;292,831
314940;3149408;MG;31;3;Região Sudeste;Pedro Teixeira (MG);Pedro Teixeira;1810;1;Pequeno I;112,959
314950;3149507;MG;31;3;Região Sudeste;Pequeri (MG);Pequeri;3351;1;Pequeno I;90,833
314960;3149606;MG;31;3;Região Sudeste;Pequi (MG);Pequi;4155;1;Pequeno I;203,991
314970;3149705;MG;31;3;Região Sudeste;Perdigão (MG);Perdigão;12268;1;Pequeno I;249,322
314980;3149804;MG;31;3;Região Sudeste;Perdizes (MG);Perdizes;17151;1;Pequeno I;2451,112
314990;3149903;MG;31;3;Região Sudeste;Perdões (MG);Perdões;21384;2;Pequeno II;270,657
314995;3149952;MG;31;3;Região Sudeste;Periquito (MG);Periquito;6553;1;Pequeno I;228,907
315000;3150000;MG;31;3;Região Sudeste;Pescador (MG);Pescador;3570;1;Pequeno I;317,463
315010;3150109;MG;31;3;Região Sudeste;Piau (MG);Piau;2796;1;Pequeno I;192,196
315015;3150158;MG;31;3;Região Sudeste;Piedade de Caratinga (MG);Piedade de Caratinga;8529;1;Pequeno I;109,345
315020;3150208;MG;31;3;Região Sudeste;Piedade de Ponte Nova (MG);Piedade de Ponte Nova;3976;1;Pequeno I;83,733
315030;3150307;MG;31;3;Região Sudeste;Piedade do Rio Grande (MG);Piedade do Rio Grande;4604;1;Pequeno I;322,814
315040;3150406;MG;31;3;Região Sudeste;Piedade dos Gerais (MG);Piedade Dos Gerais;5019;1;Pequeno I;259,638
315050;3150505;MG;31;3;Região Sudeste;Pimenta (MG);Pimenta;8563;1;Pequeno I;414,969
315053;3150539;MG;31;3;Região Sudeste;Pingo-d'Água (MG);Pingo-d´água;4706;1;Pequeno I;66,57
315057;3150570;MG;31;3;Região Sudeste;Pintópolis (MG);Pintópolis;7084;1;Pequeno I;1228,736
315060;3150604;MG;31;3;Região Sudeste;Piracema (MG);Piracema;6700;1;Pequeno I;280,335
315070;3150703;MG;31;3;Região Sudeste;Pirajuba (MG);Pirajuba;5537;1;Pequeno I;337,98
315080;3150802;MG;31;3;Região Sudeste;Piranga (MG);Piranga;17018;1;Pequeno I;658,812
315090;3150901;MG;31;3;Região Sudeste;Piranguçu (MG);Piranguçu;6041;1;Pequeno I;203,619
315100;3151008;MG;31;3;Região Sudeste;Piranguinho (MG);Piranguinho;9120;1;Pequeno I;124,803
315110;3151107;MG;31;3;Região Sudeste;Pirapetinga (MG);Pirapetinga;11077;1;Pequeno I;190,681
315120;3151206;MG;31;3;Região Sudeste;Pirapora (MG);Pirapora;55606;3;Médio;549,514
315130;3151305;MG;31;3;Região Sudeste;Piraúba (MG);Piraúba;11610;1;Pequeno I;144,289
315140;3151404;MG;31;3;Região Sudeste;Pitangui (MG);Pitangui;26685;2;Pequeno II;569,636
315150;3151503;MG;31;3;Região Sudeste;Piumhi (MG);Piumhi;36062;2;Pequeno II;902,468
315160;3151602;MG;31;3;Região Sudeste;Planura (MG);Planura;11145;1;Pequeno I;317,52
315170;3151701;MG;31;3;Região Sudeste;Poço Fundo (MG);Poço Fundo;16390;1;Pequeno I;474,244
315180;3151800;MG;31;3;Região Sudeste;Poços de Caldas (MG);Poços de Caldas;163742;4;Grande;546,958
315190;3151909;MG;31;3;Região Sudeste;Pocrane (MG);Pocrane;8350;1;Pequeno I;691,066
315200;3152006;MG;31;3;Região Sudeste;Pompéu (MG);Pompéu;31047;2;Pequeno II;2551,074
315210;3152105;MG;31;3;Região Sudeste;Ponte Nova (MG);Ponte Nova;57776;3;Médio;470,643
315213;3152131;MG;31;3;Região Sudeste;Ponto Chique (MG);Ponto Chique;3747;1;Pequeno I;602,799
315217;3152170;MG;31;3;Região Sudeste;Ponto dos Volantes (MG);Ponto Dos Volantes;10883;1;Pequeno I;1212,413
315220;3152204;MG;31;3;Região Sudeste;Porteirinha (MG);Porteirinha;37438;2;Pequeno II;1749,683
315230;3152303;MG;31;3;Região Sudeste;Porto Firme (MG);Porto Firme;10569;1;Pequeno I;284,777
315240;3152402;MG;31;3;Região Sudeste;Poté (MG);Poté;13666;1;Pequeno I;625,111
315250;3152501;MG;31;3;Região Sudeste;Pouso Alegre (MG);Pouso Alegre;152217;4;Grande;542,797
315260;3152600;MG;31;3;Região Sudeste;Pouso Alto (MG);Pouso Alto;6566;1;Pequeno I;263,034
315270;3152709;MG;31;3;Região Sudeste;Prados (MG);Prados;9048;1;Pequeno I;264,115
315280;3152808;MG;31;3;Região Sudeste;Prata (MG);Prata;28342;2;Pequeno II;4847,544
315290;3152907;MG;31;3;Região Sudeste;Pratápolis (MG);Pratápolis;8406;1;Pequeno I;215,516
315300;3153004;MG;31;3;Região Sudeste;Pratinha (MG);Pratinha;3559;1;Pequeno I;622,478
315310;3153103;MG;31;3;Região Sudeste;Presidente Bernardes (MG);Presidente Bernardes;4850;1;Pequeno I;236,798
315320;3153202;MG;31;3;Região Sudeste;Presidente Juscelino (MG);Presidente Juscelino;3465;1;Pequeno I;695,882
315330;3153301;MG;31;3;Região Sudeste;Presidente Kubitschek (MG);Presidente Kubitschek;3071;1;Pequeno I;189,235
315340;3153400;MG;31;3;Região Sudeste;Presidente Olegário (MG);Presidente Olegário;18765;1;Pequeno I;3503,848
315350;3153509;MG;31;3;Região Sudeste;Alto Jequitibá (MG);Alto Jequitibá;8397;1;Pequeno I;152,272
315360;3153608;MG;31;3;Região Sudeste;Prudente de Morais (MG);Prudente de Morais;11466;1;Pequeno I;124,189
315370;3153707;MG;31;3;Região Sudeste;Quartel Geral (MG);Quartel Geral;3179;1;Pequeno I;556,436
315380;3153806;MG;31;3;Região Sudeste;Queluzito (MG);Queluzito;1770;1;Pequeno I;153,56
315390;3153905;MG;31;3;Região Sudeste;Raposos (MG);Raposos;16279;1;Pequeno I;72,228
315400;3154002;MG;31;3;Região Sudeste;Raul Soares (MG);Raul Soares;23423;2;Pequeno II;763,364
315410;3154101;MG;31;3;Região Sudeste;Recreio (MG);Recreio;11007;1;Pequeno I;234,296
315415;3154150;MG;31;3;Região Sudeste;Reduto (MG);Reduto;7848;1;Pequeno I;151,859
315420;3154200;MG;31;3;Região Sudeste;Resende Costa (MG);Resende Costa;11230;1;Pequeno I;618,312
315430;3154309;MG;31;3;Região Sudeste;Resplendor (MG);Resplendor;17226;1;Pequeno I;1081,796
315440;3154408;MG;31;3;Região Sudeste;Ressaquinha (MG);Ressaquinha;4548;1;Pequeno I;183,062
315445;3154457;MG;31;3;Região Sudeste;Riachinho (MG);Riachinho;6863;1;Pequeno I;1719,266
315450;3154507;MG;31;3;Região Sudeste;Riacho dos Machados (MG);Riacho Dos Machados;8756;1;Pequeno I;1315,54
315460;3154606;MG;31;3;Região Sudeste;Ribeirão das Neves (MG);Ribeirão Das Neves;329794;4;Grande;155,105
315470;3154705;MG;31;3;Região Sudeste;Ribeirão Vermelho (MG);Ribeirão Vermelho;4080;1;Pequeno I;49,251
315480;3154804;MG;31;3;Região Sudeste;Rio Acima (MG);Rio Acima;10261;1;Pequeno I;228,394
315490;3154903;MG;31;3;Região Sudeste;Rio Casca (MG);Rio Casca;12789;1;Pequeno I;384,381
315500;3155009;MG;31;3;Região Sudeste;Rio Doce (MG);Rio Doce;2484;1;Pequeno I;112,094
315510;3155108;MG;31;3;Região Sudeste;Rio do Prado (MG);Rio do Prado;4639;1;Pequeno I;479,815
315520;3155207;MG;31;3;Região Sudeste;Rio Espera (MG);Rio Espera;5429;1;Pequeno I;238,602
315530;3155306;MG;31;3;Região Sudeste;Rio Manso (MG);Rio Manso;5568;1;Pequeno I;231,54
315540;3155405;MG;31;3;Região Sudeste;Rio Novo (MG);Rio Novo;8518;1;Pequeno I;209,31
315550;3155504;MG;31;3;Região Sudeste;Rio Paranaíba (MG);Rio Paranaíba;14532;1;Pequeno I;1352,353
315560;3155603;MG;31;3;Região Sudeste;Rio Pardo de Minas (MG);Rio Pardo de Minas;28271;2;Pequeno II;3117,675
315570;3155702;MG;31;3;Região Sudeste;Rio Piracicaba (MG);Rio Piracicaba;14631;1;Pequeno I;373,037
315580;3155801;MG;31;3;Região Sudeste;Rio Pomba (MG);Rio Pomba;17443;1;Pequeno I;252,418
315590;3155900;MG;31;3;Região Sudeste;Rio Preto (MG);Rio Preto;5141;1;Pequeno I;348,046
315600;3156007;MG;31;3;Região Sudeste;Rio Vermelho (MG);Rio Vermelho;12641;1;Pequeno I;986,561
315610;3156106;MG;31;3;Região Sudeste;Ritápolis (MG);Ritápolis;4994;1;Pequeno I;404,805
315620;3156205;MG;31;3;Região Sudeste;Rochedo de Minas (MG);Rochedo de Minas;2291;1;Pequeno I;79,402
315630;3156304;MG;31;3;Região Sudeste;Rodeiro (MG);Rodeiro;8664;1;Pequeno I;72,673
315640;3156403;MG;31;3;Região Sudeste;Romaria (MG);Romaria;3386;1;Pequeno I;407,557
315645;3156452;MG;31;3;Região Sudeste;Rosário da Limeira (MG);Rosário da Limeira;4734;1;Pequeno I;111,156
315650;3156502;MG;31;3;Região Sudeste;Rubelita (MG);Rubelita;5679;1;Pequeno I;1110,295
315660;3156601;MG;31;3;Região Sudeste;Rubim (MG);Rubim;10298;1;Pequeno I;965,174
315670;3156700;MG;31;3;Região Sudeste;Sabará (MG);Sabará;129380;4;Grande;302,453
315680;3156809;MG;31;3;Região Sudeste;Sabinópolis (MG);Sabinópolis;14240;1;Pequeno I;919,811
315690;3156908;MG;31;3;Região Sudeste;Sacramento (MG);Sacramento;26670;2;Pequeno II;3073,268
315700;3157005;MG;31;3;Região Sudeste;Salinas (MG);Salinas;40178;2;Pequeno II;1862,117
315710;3157104;MG;31;3;Região Sudeste;Salto da Divisa (MG);Salto da Divisa;6110;1;Pequeno I;938,008
315720;3157203;MG;31;3;Região Sudeste;Santa Bárbara (MG);Santa Bárbara;30466;2;Pequeno II;684,505
315725;3157252;MG;31;3;Região Sudeste;Santa Bárbara do Leste (MG);Santa Bárbara do Leste;8458;1;Pequeno I;107,402
315727;3157278;MG;31;3;Região Sudeste;Santa Bárbara do Monte Verde (MG);Santa Bárbara do Monte Verde;3095;1;Pequeno I;417,925
315730;3157302;MG;31;3;Região Sudeste;Santa Bárbara do Tugúrio (MG);Santa Bárbara do Tugúrio;4208;1;Pequeno I;194,564
315733;3157336;MG;31;3;Região Sudeste;Santa Cruz de Minas (MG);Santa Cruz de Minas;8109;1;Pequeno I;3,565
315737;3157377;MG;31;3;Região Sudeste;Santa Cruz de Salinas (MG);Santa Cruz de Salinas;3910;1;Pequeno I;589,607
315740;3157401;MG;31;3;Região Sudeste;Santa Cruz do Escalvado (MG);Santa Cruz do Escalvado;4673;1;Pequeno I;258,726
315750;3157500;MG;31;3;Região Sudeste;Santa Efigênia de Minas (MG);Santa Efigênia de Minas;4039;1;Pequeno I;131,965
315760;3157609;MG;31;3;Região Sudeste;Santa Fé de Minas (MG);Santa fé de Minas;3522;1;Pequeno I;2917,448
315765;3157658;MG;31;3;Região Sudeste;Santa Helena de Minas (MG);Santa Helena de Minas;5938;1;Pequeno I;276,433
315770;3157708;MG;31;3;Região Sudeste;Santa Juliana (MG);Santa Juliana;15734;1;Pequeno I;723,784
315780;3157807;MG;31;3;Região Sudeste;Santa Luzia (MG);Santa Luzia;219132;4;Grande;235,205
315790;3157906;MG;31;3;Região Sudeste;Santa Margarida (MG);Santa Margarida;16395;1;Pequeno I;255,73
315800;3158003;MG;31;3;Região Sudeste;Santa Maria de Itabira (MG);Santa Maria de Itabira;10485;1;Pequeno I;597,441
315810;3158102;MG;31;3;Região Sudeste;Santa Maria do Salto (MG);Santa Maria do Salto;4755;1;Pequeno I;440,605
315820;3158201;MG;31;3;Região Sudeste;Santa Maria do Suaçuí (MG);Santa Maria do Suaçuí;12788;1;Pequeno I;624,047
315830;3158300;MG;31;3;Região Sudeste;Santana da Vargem (MG);Santana da Vargem;6691;1;Pequeno I;172,444
315840;3158409;MG;31;3;Região Sudeste;Santana de Cataguases (MG);Santana de Cataguases;3489;1;Pequeno I;161,486
315850;3158508;MG;31;3;Região Sudeste;Santana de Pirapama (MG);Santana de Pirapama;7030;1;Pequeno I;1255,832
315860;3158607;MG;31;3;Região Sudeste;Santana do Deserto (MG);Santana do Deserto;3747;1;Pequeno I;182,655
315870;3158706;MG;31;3;Região Sudeste;Santana do Garambéu (MG);Santana do Garambéu;2137;1;Pequeno I;203,074
315880;3158805;MG;31;3;Região Sudeste;Santana do Jacaré (MG);Santana do Jacaré;4214;1;Pequeno I;106,169
315890;3158904;MG;31;3;Região Sudeste;Santana do Manhuaçu (MG);Santana do Manhuaçu;8987;1;Pequeno I;347,362
315895;3158953;MG;31;3;Região Sudeste;Santana do Paraíso (MG);Santana do Paraíso;44800;2;Pequeno II;276,067
315900;3159001;MG;31;3;Região Sudeste;Santana do Riacho (MG);Santana do Riacho;5313;1;Pequeno I;677,207
315910;3159100;MG;31;3;Região Sudeste;Santana dos Montes (MG);Santana Dos Montes;3469;1;Pequeno I;196,565
315920;3159209;MG;31;3;Região Sudeste;Santa Rita de Caldas (MG);Santa Rita de Caldas;8460;1;Pequeno I;503,011
315930;3159308;MG;31;3;Região Sudeste;Santa Rita de Jacutinga (MG);Santa Rita de Jacutinga;4755;1;Pequeno I;420,94
315935;3159357;MG;31;3;Região Sudeste;Santa Rita de Minas (MG);Santa Rita de Minas;6773;1;Pequeno I;68,153
315940;3159407;MG;31;3;Região Sudeste;Santa Rita de Ibitipoca (MG);Santa Rita de Ibitipoca;3301;1;Pequeno I;324,234
315950;3159506;MG;31;3;Região Sudeste;Santa Rita do Itueto (MG);Santa Rita do Itueto;5826;1;Pequeno I;485,081
315960;3159605;MG;31;3;Região Sudeste;Santa Rita do Sapucaí (MG);Santa Rita do Sapucaí;40635;2;Pequeno II;352,969
315970;3159704;MG;31;3;Região Sudeste;Santa Rosa da Serra (MG);Santa Rosa da Serra;3382;1;Pequeno I;284,334
315980;3159803;MG;31;3;Região Sudeste;Santa Vitória (MG);Santa Vitória;20973;2;Pequeno II;2998,364
315990;3159902;MG;31;3;Região Sudeste;Santo Antônio do Amparo (MG);Santo Antônio do Amparo;17285;1;Pequeno I;488,885
316000;3160009;MG;31;3;Região Sudeste;Santo Antônio do Aventureiro (MG);Santo Antônio do Aventureiro;3769;1;Pequeno I;202,032
316010;3160108;MG;31;3;Região Sudeste;Santo Antônio do Grama (MG);Santo Antônio do Grama;4229;1;Pequeno I;130,213
316020;3160207;MG;31;3;Região Sudeste;Santo Antônio do Itambé (MG);Santo Antônio do Itambé;3915;1;Pequeno I;305,737
316030;3160306;MG;31;3;Região Sudeste;Santo Antônio do Jacinto (MG);Santo Antônio do Jacinto;10327;1;Pequeno I;503,706
316040;3160405;MG;31;3;Região Sudeste;Santo Antônio do Monte (MG);Santo Antônio do Monte;27295;2;Pequeno II;1125,78
316045;3160454;MG;31;3;Região Sudeste;Santo Antônio do Retiro (MG);Santo Antônio do Retiro;6629;1;Pequeno I;796,29
316050;3160504;MG;31;3;Região Sudeste;Santo Antônio do Rio Abaixo (MG);Santo Antônio do Rio Abaixo;1808;1;Pequeno I;107,269
316060;3160603;MG;31;3;Região Sudeste;Santo Hipólito (MG);Santo Hipólito;2717;1;Pequeno I;430,656
316070;3160702;MG;31;3;Região Sudeste;Santos Dumont (MG);Santos Dumont;42406;2;Pequeno II;637,373
316080;3160801;MG;31;3;Região Sudeste;São Bento Abade (MG);São Bento Abade;4713;1;Pequeno I;80,403
316090;3160900;MG;31;3;Região Sudeste;São Brás do Suaçuí (MG);São Brás do Suaçuí;3989;1;Pequeno I;110,019
316095;3160959;MG;31;3;Região Sudeste;São Domingos das Dores (MG);São Domingos Das Dores;5626;1;Pequeno I;60,865
316100;3161007;MG;31;3;Região Sudeste;São Domingos do Prata (MG);São Domingos do Prata;17392;1;Pequeno I;743,768
316105;3161056;MG;31;3;Região Sudeste;São Félix de Minas (MG);São Félix de Minas;3200;1;Pequeno I;162,56
316110;3161106;MG;31;3;Região Sudeste;São Francisco (MG);São Francisco;52762;3;Médio;3308,1
316120;3161205;MG;31;3;Região Sudeste;São Francisco de Paula (MG);São Francisco de Paula;6187;1;Pequeno I;316,822
316130;3161304;MG;31;3;Região Sudeste;São Francisco de Sales (MG);São Francisco de Sales;5732;1;Pequeno I;1128,864
316140;3161403;MG;31;3;Região Sudeste;São Francisco do Glória (MG);São Francisco do Glória;4800;1;Pequeno I;164,613
316150;3161502;MG;31;3;Região Sudeste;São Geraldo (MG);São Geraldo;10282;1;Pequeno I;185,578
316160;3161601;MG;31;3;Região Sudeste;São Geraldo da Piedade (MG);São Geraldo da Piedade;3305;1;Pequeno I;152,336
316165;3161650;MG;31;3;Região Sudeste;São Geraldo do Baixio (MG);São Geraldo do Baixio;3143;1;Pequeno I;280,954
316170;3161700;MG;31;3;Região Sudeste;São Gonçalo do Abaeté (MG);São Gonçalo do Abaeté;7375;1;Pequeno I;2692,545
316180;3161809;MG;31;3;Região Sudeste;São Gonçalo do Pará (MG);São Gonçalo do Pará;11770;1;Pequeno I;265,73
316190;3161908;MG;31;3;Região Sudeste;São Gonçalo do Rio Abaixo (MG);São Gonçalo do Rio Abaixo;11850;1;Pequeno I;363,828
316200;3162005;MG;31;3;Região Sudeste;São Gonçalo do Sapucaí (MG);São Gonçalo do Sapucaí;23959;2;Pequeno II;516,683
316210;3162104;MG;31;3;Região Sudeste;São Gotardo (MG);São Gotardo;40910;2;Pequeno II;866,087
316220;3162203;MG;31;3;Região Sudeste;São João Batista do Glória (MG);São João Batista do Glória;7652;1;Pequeno I;547,908
316225;3162252;MG;31;3;Região Sudeste;São João da Lagoa (MG);São João da Lagoa;4822;1;Pequeno I;998,015
316230;3162302;MG;31;3;Região Sudeste;São João da Mata (MG);São João da Mata;2914;1;Pequeno I;120,536
316240;3162401;MG;31;3;Região Sudeste;São João da Ponte (MG);São João da Ponte;23930;2;Pequeno II;1851,102
316245;3162450;MG;31;3;Região Sudeste;São João das Missões (MG);São João Das Missões;13024;1;Pequeno I;678,274
316250;3162500;MG;31;3;Região Sudeste;São João del Rei (MG);São João Del Rei;90225;3;Médio;1452,002
316255;3162559;MG;31;3;Região Sudeste;São João do Manhuaçu (MG);São João do Manhuaçu;11246;1;Pequeno I;143,096
316257;3162575;MG;31;3;Região Sudeste;São João do Manteninha (MG);São João do Manteninha;5331;1;Pequeno I;137,928
316260;3162609;MG;31;3;Região Sudeste;São João do Oriente (MG);São João do Oriente;7070;1;Pequeno I;120,122
316265;3162658;MG;31;3;Região Sudeste;São João do Pacuí (MG);São João do Pacuí;3972;1;Pequeno I;415,922
316270;3162708;MG;31;3;Região Sudeste;São João do Paraíso (MG);São João do Paraíso;23910;2;Pequeno II;1925,575
316280;3162807;MG;31;3;Região Sudeste;São João Evangelista (MG);São João Evangelista;15315;1;Pequeno I;478,183
316290;3162906;MG;31;3;Região Sudeste;São João Nepomuceno (MG);São João Nepomuceno;25565;2;Pequeno II;407,427
316292;3162922;MG;31;3;Região Sudeste;São Joaquim de Bicas (MG);São Joaquim de Bicas;34348;2;Pequeno II;71,758
316294;3162948;MG;31;3;Região Sudeste;São José da Barra (MG);São José da Barra;7793;1;Pequeno I;308,319
316295;3162955;MG;31;3;Região Sudeste;São José da Lapa (MG);São José da Lapa;26090;2;Pequeno II;47,93
316300;3163003;MG;31;3;Região Sudeste;São José da Safira (MG);São José da Safira;3806;1;Pequeno I;213,881
316310;3163102;MG;31;3;Região Sudeste;São José da Varginha (MG);São José da Varginha;4536;1;Pequeno I;205,501
316320;3163201;MG;31;3;Região Sudeste;São José do Alegre (MG);São José do Alegre;4133;1;Pequeno I;88,794
316330;3163300;MG;31;3;Região Sudeste;São José do Divino (MG);São José do Divino;3464;1;Pequeno I;328,704
316340;3163409;MG;31;3;Região Sudeste;São José do Goiabal (MG);São José do Goiabal;5396;1;Pequeno I;189,578
316350;3163508;MG;31;3;Região Sudeste;São José do Jacuri (MG);São José do Jacuri;6197;1;Pequeno I;345,146
316360;3163607;MG;31;3;Região Sudeste;São José do Mantimento (MG);São José do Mantimento;2753;1;Pequeno I;54,701
316370;3163706;MG;31;3;Região Sudeste;São Lourenço (MG);São Lourenço;44798;2;Pequeno II;58,019
316380;3163805;MG;31;3;Região Sudeste;São Miguel do Anta (MG);São Miguel do Anta;6334;1;Pequeno I;152,111
316390;3163904;MG;31;3;Região Sudeste;São Pedro da União (MG);São Pedro da União;4885;1;Pequeno I;260,827
316400;3164001;MG;31;3;Região Sudeste;São Pedro dos Ferros (MG);São Pedro Dos Ferros;7166;1;Pequeno I;402,739
316410;3164100;MG;31;3;Região Sudeste;São Pedro do Suaçuí (MG);São Pedro do Suaçuí;5103;1;Pequeno I;308,106
316420;3164209;MG;31;3;Região Sudeste;São Romão (MG);São Romão;10315;1;Pequeno I;2434,004
316430;3164308;MG;31;3;Região Sudeste;São Roque de Minas (MG);São Roque de Minas;7129;1;Pequeno I;2098,867
316440;3164407;MG;31;3;Região Sudeste;São Sebastião da Bela Vista (MG);São Sebastião da Bela Vista;6387;1;Pequeno I;167,428
316443;3164431;MG;31;3;Região Sudeste;São Sebastião da Vargem Alegre (MG);São Sebastião da Vargem Alegre;3113;1;Pequeno I;73,629
316447;3164472;MG;31;3;Região Sudeste;São Sebastião do Anta (MG);São Sebastião do Anta;6194;1;Pequeno I;80,618
316450;3164506;MG;31;3;Região Sudeste;São Sebastião do Maranhão (MG);São Sebastião do Maranhão;10079;1;Pequeno I;517,83
316460;3164605;MG;31;3;Região Sudeste;São Sebastião do Oeste (MG);São Sebastião do Oeste;8815;1;Pequeno I;408,09
316470;3164704;MG;31;3;Região Sudeste;São Sebastião do Paraíso (MG);São Sebastião do Paraíso;71796;3;Médio;814,925
316480;3164803;MG;31;3;Região Sudeste;São Sebastião do Rio Preto (MG);São Sebastião do Rio Preto;1259;1;Pequeno I;128,002
316490;3164902;MG;31;3;Região Sudeste;São Sebastião do Rio Verde (MG);São Sebastião do Rio Verde;2300;1;Pequeno I;90,848
316500;3165008;MG;31;3;Região Sudeste;São Tiago (MG);São Tiago;11192;1;Pequeno I;572,4
316510;3165107;MG;31;3;Região Sudeste;São Tomás de Aquino (MG);São Tomás de Aquino;6740;1;Pequeno I;277,928
316520;3165206;MG;31;3;Região Sudeste;São Tomé das Letras (MG);São Thomé Das Letras;6904;1;Pequeno I;369,747
316530;3165305;MG;31;3;Região Sudeste;São Vicente de Minas (MG);São Vicente de Minas;6804;1;Pequeno I;392,651
316540;3165404;MG;31;3;Região Sudeste;Sapucaí-Mirim (MG);Sapucaí-mirim;6311;1;Pequeno I;285,073
316550;3165503;MG;31;3;Região Sudeste;Sardoá (MG);Sardoá;5104;1;Pequeno I;141,904
316553;3165537;MG;31;3;Região Sudeste;Sarzedo (MG);Sarzedo;36844;2;Pequeno II;62,134
316555;3165552;MG;31;3;Região Sudeste;Setubinha (MG);Setubinha;9917;1;Pequeno I;534,655
316556;3165560;MG;31;3;Região Sudeste;Sem-Peixe (MG);Sem-peixe;2433;1;Pequeno I;176,634
316557;3165578;MG;31;3;Região Sudeste;Senador Amaral (MG);Senador Amaral;6206;1;Pequeno I;151,097
316560;3165602;MG;31;3;Região Sudeste;Senador Cortes (MG);Senador Cortes;2240;1;Pequeno I;98,336
316570;3165701;MG;31;3;Região Sudeste;Senador Firmino (MG);Senador Firmino;7716;1;Pequeno I;166,495
316580;3165800;MG;31;3;Região Sudeste;Senador José Bento (MG);Senador José Bento;2068;1;Pequeno I;93,892
316590;3165909;MG;31;3;Região Sudeste;Senador Modestino Gonçalves (MG);Senador Modestino Gonçalves;4008;1;Pequeno I;952,055
316600;3166006;MG;31;3;Região Sudeste;Senhora de Oliveira (MG);Senhora de Oliveira;5483;1;Pequeno I;170,749
316610;3166105;MG;31;3;Região Sudeste;Senhora do Porto (MG);Senhora do Porto;3067;1;Pequeno I;381,328
316620;3166204;MG;31;3;Região Sudeste;Senhora dos Remédios (MG);Senhora Dos Remédios;10384;1;Pequeno I;237,815
316630;3166303;MG;31;3;Região Sudeste;Sericita (MG);Sericita;7345;1;Pequeno I;166,012
316640;3166402;MG;31;3;Região Sudeste;Seritinga (MG);Seritinga;1819;1;Pequeno I;114,769
316650;3166501;MG;31;3;Região Sudeste;Serra Azul de Minas (MG);Serra Azul de Minas;3792;1;Pequeno I;218,595
316660;3166600;MG;31;3;Região Sudeste;Serra da Saudade (MG);Serra da Saudade;833;1;Pequeno I;335,659
316670;3166709;MG;31;3;Região Sudeste;Serra dos Aimorés (MG);Serra Dos Aimorés;6944;1;Pequeno I;213,574
316680;3166808;MG;31;3;Região Sudeste;Serra do Salitre (MG);Serra do Salitre;11801;1;Pequeno I;1295,272
316690;3166907;MG;31;3;Região Sudeste;Serrania (MG);Serrania;7621;1;Pequeno I;209,27
316695;3166956;MG;31;3;Região Sudeste;Serranópolis de Minas (MG);Serranópolis de Minas;4399;1;Pequeno I;551,954
316700;3167004;MG;31;3;Região Sudeste;Serranos (MG);Serranos;1990;1;Pequeno I;213,173
316710;3167103;MG;31;3;Região Sudeste;Serro (MG);Serro;21952;2;Pequeno II;1217,813
316720;3167202;MG;31;3;Região Sudeste;Sete Lagoas (MG);Sete Lagoas;227397;4;Grande;536,928
316730;3167301;MG;31;3;Região Sudeste;Silveirânia (MG);Silveirânia;2323;1;Pequeno I;157,456
316740;3167400;MG;31;3;Região Sudeste;Silvianópolis (MG);Silvianópolis;6179;1;Pequeno I;312,166
316750;3167509;MG;31;3;Região Sudeste;Simão Pereira (MG);Simão Pereira;2947;1;Pequeno I;135,689
316760;3167608;MG;31;3;Região Sudeste;Simonésia (MG);Simonésia;19750;1;Pequeno I;486,543
316770;3167707;MG;31;3;Região Sudeste;Sobrália (MG);Sobrália;5137;1;Pequeno I;206,787
316780;3167806;MG;31;3;Região Sudeste;Soledade de Minas (MG);Soledade de Minas;5613;1;Pequeno I;196,866
316790;3167905;MG;31;3;Região Sudeste;Tabuleiro (MG);Tabuleiro;4014;1;Pequeno I;211,084
316800;3168002;MG;31;3;Região Sudeste;Taiobeiras (MG);Taiobeiras;33050;2;Pequeno II;1220,046
316805;3168051;MG;31;3;Região Sudeste;Taparuba (MG);Taparuba;3387;1;Pequeno I;193,082
316810;3168101;MG;31;3;Região Sudeste;Tapira (MG);Tapira;4118;1;Pequeno I;1179,248
316820;3168200;MG;31;3;Região Sudeste;Tapiraí (MG);Tapiraí;1690;1;Pequeno I;407,92
316830;3168309;MG;31;3;Região Sudeste;Taquaraçu de Minas (MG);Taquaraçu de Minas;4224;1;Pequeno I;329,287
316840;3168408;MG;31;3;Região Sudeste;Tarumirim (MG);Tarumirim;14709;1;Pequeno I;731,753
316850;3168507;MG;31;3;Região Sudeste;Teixeiras (MG);Teixeiras;12255;1;Pequeno I;166,735
316860;3168606;MG;31;3;Região Sudeste;Teófilo Otoni (MG);Teófilo Otoni;137418;4;Grande;3242,27
316870;3168705;MG;31;3;Região Sudeste;Timóteo (MG);Timóteo;81579;3;Médio;144,381
316880;3168804;MG;31;3;Região Sudeste;Tiradentes (MG);Tiradentes;7744;1;Pequeno I;83,047
316890;3168903;MG;31;3;Região Sudeste;Tiros (MG);Tiros;7883;1;Pequeno I;2091,774
316900;3169000;MG;31;3;Região Sudeste;Tocantins (MG);Tocantins;16185;1;Pequeno I;173,866
316905;3169059;MG;31;3;Região Sudeste;Tocos do Moji (MG);Tocos do Moji;3826;1;Pequeno I;114,705
316910;3169109;MG;31;3;Região Sudeste;Toledo (MG);Toledo;7214;1;Pequeno I;136,776
316920;3169208;MG;31;3;Região Sudeste;Tombos (MG);Tombos;8609;1;Pequeno I;285,124
316930;3169307;MG;31;3;Região Sudeste;Três Corações (MG);Três Corações;75485;3;Médio;828,038
316935;3169356;MG;31;3;Região Sudeste;Três Marias (MG);Três Marias;28895;2;Pequeno II;2678,253
316940;3169406;MG;31;3;Região Sudeste;Três Pontas (MG);Três Pontas;55255;3;Médio;689,794
316950;3169505;MG;31;3;Região Sudeste;Tumiritinga (MG);Tumiritinga;5886;1;Pequeno I;500,073
316960;3169604;MG;31;3;Região Sudeste;Tupaciguara (MG);Tupaciguara;25470;2;Pequeno II;1822,53
316970;3169703;MG;31;3;Região Sudeste;Turmalina (MG);Turmalina;20000;2;Pequeno II;1153,111
316980;3169802;MG;31;3;Região Sudeste;Turvolândia (MG);Turvolândia;4935;1;Pequeno I;221
316990;3169901;MG;31;3;Região Sudeste;Ubá (MG);Ubá;103365;4;Grande;407,452
317000;3170008;MG;31;3;Região Sudeste;Ubaí (MG);Ubaí;11708;1;Pequeno I;820,524
317005;3170057;MG;31;3;Região Sudeste;Ubaporanga (MG);Ubaporanga;13017;1;Pequeno I;189,045
317010;3170107;MG;31;3;Região Sudeste;Uberaba (MG);Uberaba;337836;4;Grande;4523,957
317020;3170206;MG;31;3;Região Sudeste;Uberlândia (MG);Uberlândia;713224;4;Grande;4115,206
317030;3170305;MG;31;3;Região Sudeste;Umburatiba (MG);Umburatiba;2684;1;Pequeno I;405,834
317040;3170404;MG;31;3;Região Sudeste;Unaí (MG);Unaí;86619;3;Médio;8445,432
317043;3170438;MG;31;3;Região Sudeste;União de Minas (MG);União de Minas;3828;1;Pequeno I;1147,407
317047;3170479;MG;31;3;Região Sudeste;Uruana de Minas (MG);Uruana de Minas;3282;1;Pequeno I;598,221
317050;3170503;MG;31;3;Região Sudeste;Urucânia (MG);Urucânia;10600;1;Pequeno I;138,792
317052;3170529;MG;31;3;Região Sudeste;Urucuia (MG);Urucuia;17479;1;Pequeno I;2076,942
317057;3170578;MG;31;3;Região Sudeste;Vargem Alegre (MG);Vargem Alegre;5780;1;Pequeno I;116,664
317060;3170602;MG;31;3;Região Sudeste;Vargem Bonita (MG);Vargem Bonita;2158;1;Pequeno I;409,888
317065;3170651;MG;31;3;Região Sudeste;Vargem Grande do Rio Pardo (MG);Vargem Grande do Rio Pardo;4633;1;Pequeno I;491,512
317070;3170701;MG;31;3;Região Sudeste;Varginha (MG);Varginha;136467;4;Grande;395,396
317075;3170750;MG;31;3;Região Sudeste;Varjão de Minas (MG);Varjão de Minas;6969;1;Pequeno I;651,505
317080;3170800;MG;31;3;Região Sudeste;Várzea da Palma (MG);Várzea da Palma;33744;2;Pequeno II;2220,279
317090;3170909;MG;31;3;Região Sudeste;Varzelândia (MG);Varzelândia;18840;1;Pequeno I;814,994
317100;3171006;MG;31;3;Região Sudeste;Vazante (MG);Vazante;19975;1;Pequeno I;1913,396
317103;3171030;MG;31;3;Região Sudeste;Verdelândia (MG);Verdelândia;7672;1;Pequeno I;1570,582
317107;3171071;MG;31;3;Região Sudeste;Veredinha (MG);Veredinha;5181;1;Pequeno I;631,692
317110;3171105;MG;31;3;Região Sudeste;Veríssimo (MG);Veríssimo;3411;1;Pequeno I;1031,823
317115;3171154;MG;31;3;Região Sudeste;Vermelho Novo (MG);Vermelho Novo;4899;1;Pequeno I;115,242
317120;3171204;MG;31;3;Região Sudeste;Vespasiano (MG);Vespasiano;129246;4;Grande;71,04
317130;3171303;MG;31;3;Região Sudeste;Viçosa (MG);Viçosa;76430;3;Médio;299,418
317140;3171402;MG;31;3;Região Sudeste;Vieiras (MG);Vieiras;3700;1;Pequeno I;112,691
317150;3171501;MG;31;3;Região Sudeste;Mathias Lobato (MG);Mathias Lobato;3038;1;Pequeno I;172,297
317160;3171600;MG;31;3;Região Sudeste;Virgem da Lapa (MG);Virgem da Lapa;11804;1;Pequeno I;868,914
317170;3171709;MG;31;3;Região Sudeste;Virgínia (MG);Virgínia;8908;1;Pequeno I;326,515
317180;3171808;MG;31;3;Região Sudeste;Virginópolis (MG);Virginópolis;10314;1;Pequeno I;439,878
317190;3171907;MG;31;3;Região Sudeste;Virgolândia (MG);Virgolândia;4552;1;Pequeno I;281,022
317200;3172004;MG;31;3;Região Sudeste;Visconde do Rio Branco (MG);Visconde do Rio Branco;39160;2;Pequeno II;243,351
317210;3172103;MG;31;3;Região Sudeste;Volta Grande (MG);Volta Grande;4443;1;Pequeno I;205,552
317220;3172202;MG;31;3;Região Sudeste;Wenceslau Braz (MG);Wenceslau Braz;2356;1;Pequeno I;102,487
320010;3200102;ES;32;3;Região Sudeste;Afonso Cláudio (ES);Afonso Cláudio;30684;2;Pequeno II;941,188
320013;3200136;ES;32;3;Região Sudeste;Águia Branca (ES);Águia Branca;9711;1;Pequeno I;454,448
320016;3200169;ES;32;3;Região Sudeste;Água Doce do Norte (ES);Água Doce do Norte;12042;1;Pequeno I;473,729
320020;3200201;ES;32;3;Região Sudeste;Alegre (ES);Alegre;29177;2;Pequeno II;756,86
320030;3200300;ES;32;3;Região Sudeste;Alfredo Chaves (ES);Alfredo Chaves;13836;1;Pequeno I;615,677
320035;3200359;ES;32;3;Região Sudeste;Alto Rio Novo (ES);Alto Rio Novo;7434;1;Pequeno I;227,617
320040;3200409;ES;32;3;Região Sudeste;Anchieta (ES);Anchieta;29984;2;Pequeno II;409,691
320050;3200508;ES;32;3;Região Sudeste;Apiacá (ES);Apiacá;7223;1;Pequeno I;193,984
320060;3200607;ES;32;3;Região Sudeste;Aracruz (ES);Aracruz;94765;3;Médio;1420,285
320070;3200706;ES;32;3;Região Sudeste;Atílio Vivácqua (ES);Atilio Vivacqua;10540;1;Pequeno I;232,868
320080;3200805;ES;32;3;Região Sudeste;Baixo Guandu (ES);Baixo Guandu;30674;2;Pequeno II;909,039
320090;3200904;ES;32;3;Região Sudeste;Barra de São Francisco (ES);Barra de São Francisco;42498;2;Pequeno II;944,521
320100;3201001;ES;32;3;Região Sudeste;Boa Esperança (ES);Boa Esperança;13608;1;Pequeno I;428,716
320110;3201100;ES;32;3;Região Sudeste;Bom Jesus do Norte (ES);Bom Jesus do Norte;10254;1;Pequeno I;89,084
320115;3201159;ES;32;3;Região Sudeste;Brejetuba (ES);Brejetuba;12985;1;Pequeno I;354,404
320120;3201209;ES;32;3;Região Sudeste;Cachoeiro de Itapemirim (ES);Cachoeiro de Itapemirim;185786;4;Grande;864,583
320130;3201308;ES;32;3;Região Sudeste;Cariacica (ES);Cariacica;353491;4;Grande;279,718
320140;3201407;ES;32;3;Região Sudeste;Castelo (ES);Castelo;36930;2;Pequeno II;663,515
320150;3201506;ES;32;3;Região Sudeste;Colatina (ES);Colatina;120033;4;Grande;1398,219
320160;3201605;ES;32;3;Região Sudeste;Conceição da Barra (ES);Conceição da Barra;27458;2;Pequeno II;1182,587
320170;3201704;ES;32;3;Região Sudeste;Conceição do Castelo (ES);Conceição do Castelo;11937;1;Pequeno I;369,778
320180;3201803;ES;32;3;Região Sudeste;Divino de São Lourenço (ES);Divino de São Lourenço;5083;1;Pequeno I;174,039
320190;3201902;ES;32;3;Região Sudeste;Domingos Martins (ES);Domingos Martins;35416;2;Pequeno II;1229,21
320200;3202009;ES;32;3;Região Sudeste;Dores do Rio Preto (ES);Dores do Rio Preto;6596;1;Pequeno I;159,298
320210;3202108;ES;32;3;Região Sudeste;Ecoporanga (ES);Ecoporanga;21992;2;Pequeno II;2285,369
320220;3202207;ES;32;3;Região Sudeste;Fundão (ES);Fundão;18014;1;Pequeno I;286,854
320225;3202256;ES;32;3;Região Sudeste;Governador Lindenberg (ES);Governador Lindenberg;11009;1;Pequeno I;360,016
320230;3202306;ES;32;3;Região Sudeste;Guaçuí (ES);Guaçuí;29358;2;Pequeno II;468,185
320240;3202405;ES;32;3;Região Sudeste;Guarapari (ES);Guarapari;124656;4;Grande;589,825
320245;3202454;ES;32;3;Região Sudeste;Ibatiba (ES);Ibatiba;25380;2;Pequeno II;240,278
320250;3202504;ES;32;3;Região Sudeste;Ibiraçu (ES);Ibiraçu;11723;1;Pequeno I;201,248
320255;3202553;ES;32;3;Região Sudeste;Ibitirama (ES);Ibitirama;9520;1;Pequeno I;330,874
320260;3202603;ES;32;3;Região Sudeste;Iconha (ES);Iconha;12326;1;Pequeno I;203,528
320265;3202652;ES;32;3;Região Sudeste;Irupi (ES);Irupi;13710;1;Pequeno I;184,807
320270;3202702;ES;32;3;Região Sudeste;Itaguaçu (ES);Itaguaçu;13589;1;Pequeno I;535,021
320280;3202801;ES;32;3;Região Sudeste;Itapemirim (ES);Itapemirim;39832;2;Pequeno II;550,71
320290;3202900;ES;32;3;Região Sudeste;Itarana (ES);Itarana;10597;1;Pequeno I;295,189
320300;3203007;ES;32;3;Região Sudeste;Iúna (ES);Iúna;28590;2;Pequeno II;460,586
320305;3203056;ES;32;3;Região Sudeste;Jaguaré (ES);Jaguaré;28931;2;Pequeno II;659,751
320310;3203106;ES;32;3;Região Sudeste;Jerônimo Monteiro (ES);Jerônimo Monteiro;11575;1;Pequeno I;177,342
320313;3203130;ES;32;3;Região Sudeste;João Neiva (ES);João Neiva;14079;1;Pequeno I;284,735
320316;3203163;ES;32;3;Região Sudeste;Laranja da Terra (ES);Laranja da Terra;11094;1;Pequeno I;458,37
320320;3203205;ES;32;3;Região Sudeste;Linhares (ES);Linhares;166786;4;Grande;3496,263
320330;3203304;ES;32;3;Região Sudeste;Mantenópolis (ES);Mantenópolis;12770;1;Pequeno I;321,418
320332;3203320;ES;32;3;Região Sudeste;Marataízes (ES);Marataízes;41929;2;Pequeno II;130,268
320334;3203346;ES;32;3;Região Sudeste;Marechal Floriano (ES);Marechal Floriano;17641;1;Pequeno I;285,495
320335;3203353;ES;32;3;Região Sudeste;Marilândia (ES);Marilândia;12387;1;Pequeno I;327,642
320340;3203403;ES;32;3;Região Sudeste;Mimoso do Sul (ES);Mimoso do Sul;24475;2;Pequeno II;869,439
320350;3203502;ES;32;3;Região Sudeste;Montanha (ES);Montanha;18900;1;Pequeno I;1099,06
320360;3203601;ES;32;3;Região Sudeste;Mucurici (ES);Mucurici;5466;1;Pequeno I;540,529
320370;3203700;ES;32;3;Região Sudeste;Muniz Freire (ES);Muniz Freire;18153;1;Pequeno I;678,804
320380;3203809;ES;32;3;Região Sudeste;Muqui (ES);Muqui;13745;1;Pequeno I;327,268
320390;3203908;ES;32;3;Região Sudeste;Nova Venécia (ES);Nova Venécia;49065;2;Pequeno II;1439,571
320400;3204005;ES;32;3;Região Sudeste;Pancas (ES);Pancas;18893;1;Pequeno I;837,842
320405;3204054;ES;32;3;Região Sudeste;Pedro Canário (ES);Pedro Canário;21522;2;Pequeno II;433,453
320410;3204104;ES;32;3;Região Sudeste;Pinheiros (ES);Pinheiros;23915;2;Pequeno II;973,136
320420;3204203;ES;32;3;Região Sudeste;Piúma (ES);Piúma;22300;2;Pequeno II;74,046
320425;3204252;ES;32;3;Região Sudeste;Ponto Belo (ES);Ponto Belo;6497;1;Pequeno I;360,11
320430;3204302;ES;32;3;Região Sudeste;Presidente Kennedy (ES);Presidente Kennedy;13696;1;Pequeno I;594,897
320435;3204351;ES;32;3;Região Sudeste;Rio Bananal (ES);Rio Bananal;19274;1;Pequeno I;641,929
320440;3204401;ES;32;3;Região Sudeste;Rio Novo do Sul (ES);Rio Novo do Sul;11069;1;Pequeno I;204,464
320450;3204500;ES;32;3;Região Sudeste;Santa Leopoldina (ES);Santa Leopoldina;13106;1;Pequeno I;718,325
320455;3204559;ES;32;3;Região Sudeste;Santa Maria de Jetibá (ES);Santa Maria de Jetibá;41636;2;Pequeno II;735,198
320460;3204609;ES;32;3;Região Sudeste;Santa Teresa (ES);Santa Teresa;22808;2;Pequeno II;683,032
320465;3204658;ES;32;3;Região Sudeste;São Domingos do Norte (ES);São Domingos do Norte;8589;1;Pequeno I;298,58
320470;3204708;ES;32;3;Região Sudeste;São Gabriel da Palha (ES);São Gabriel da Palha;32252;2;Pequeno II;434,887
320480;3204807;ES;32;3;Região Sudeste;São José do Calçado (ES);São José do Calçado;10878;1;Pequeno I;273,489
320490;3204906;ES;32;3;Região Sudeste;São Mateus (ES);São Mateus;123752;4;Grande;2346,049
320495;3204955;ES;32;3;Região Sudeste;São Roque do Canaã (ES);São Roque do Canaã;10886;1;Pequeno I;341,944
320500;3205002;ES;32;3;Região Sudeste;Serra (ES);Serra;520653;4;Grande;547,631
320501;3205010;ES;32;3;Região Sudeste;Sooretama (ES);Sooretama;26502;2;Pequeno II;587,036
320503;3205036;ES;32;3;Região Sudeste;Vargem Alta (ES);Vargem Alta;19563;1;Pequeno I;417,76
320506;3205069;ES;32;3;Região Sudeste;Venda Nova do Imigrante (ES);Venda Nova do Imigrante;23831;2;Pequeno II;185,909
320510;3205101;ES;32;3;Região Sudeste;Viana (ES);Viana;73423;3;Médio;312,279
320515;3205150;ES;32;3;Região Sudeste;Vila Pavão (ES);Vila Pavão;8911;1;Pequeno I;433,257
320517;3205176;ES;32;3;Região Sudeste;Vila Valério (ES);Vila Valério;13728;1;Pequeno I;470,343
320520;3205200;ES;32;3;Região Sudeste;Vila Velha (ES);Vila Velha;467722;4;Grande;210,225
320530;3205309;ES;32;3;Região Sudeste;Vitória (ES);Vitória;322869;4;Grande;97,123
330010;3300100;RJ;33;3;Região Sudeste;Angra dos Reis (RJ);Angra Dos Reis;167434;4;Grande;813,42
330015;3300159;RJ;33;3;Região Sudeste;Aperibé (RJ);Aperibé;11034;1;Pequeno I;94,542
330020;3300209;RJ;33;3;Região Sudeste;Araruama (RJ);Araruama;129671;4;Grande;638,276
330022;3300225;RJ;33;3;Região Sudeste;Areal (RJ);Areal;11828;1;Pequeno I;110,724
330023;3300233;RJ;33;3;Região Sudeste;Armação dos Búzios (RJ);Armação Dos Búzios;40006;2;Pequeno II;70,977
330025;3300258;RJ;33;3;Região Sudeste;Arraial do Cabo (RJ);Arraial do Cabo;30986;2;Pequeno II;152,106
330030;3300308;RJ;33;3;Região Sudeste;Barra do Piraí (RJ);Barra do Piraí;92883;3;Médio;584,61
330040;3300407;RJ;33;3;Região Sudeste;Barra Mansa (RJ);Barra Mansa;169894;4;Grande;547,133
330045;3300456;RJ;33;3;Região Sudeste;Belford Roxo (RJ);Belford Roxo;483087;4;Grande;78,985
330050;3300506;RJ;33;3;Região Sudeste;Bom Jardim (RJ);Bom Jardim;28102;2;Pequeno II;382,43
330060;3300605;RJ;33;3;Região Sudeste;Bom Jesus do Itabapoana (RJ);Bom Jesus do Itabapoana;35173;2;Pequeno II;596,659
330070;3300704;RJ;33;3;Região Sudeste;Cabo Frio (RJ);Cabo Frio;222161;4;Grande;413,449
330080;3300803;RJ;33;3;Região Sudeste;Cachoeiras de Macacu (RJ);Cachoeiras de Macacu;56943;3;Médio;954,749
330090;3300902;RJ;33;3;Região Sudeste;Cambuci (RJ);Cambuci;14616;1;Pequeno I;558,281
330093;3300936;RJ;33;3;Região Sudeste;Carapebus (RJ);Carapebus;13847;1;Pequeno I;304,885
330095;3300951;RJ;33;3;Região Sudeste;Comendador Levy Gasparian (RJ);Comendador Levy Gasparian;8741;1;Pequeno I;108,639
330100;3301009;RJ;33;3;Região Sudeste;Campos dos Goytacazes (RJ);Campos Dos Goytacazes;483540;4;Grande;4032,487
330110;3301108;RJ;33;3;Região Sudeste;Cantagalo (RJ);Cantagalo;19390;1;Pequeno I;747,21
330115;3301157;RJ;33;3;Região Sudeste;Cardoso Moreira (RJ);Cardoso Moreira;12958;1;Pequeno I;522,596
330120;3301207;RJ;33;3;Região Sudeste;Carmo (RJ);Carmo;17198;1;Pequeno I;305,749
330130;3301306;RJ;33;3;Região Sudeste;Casimiro de Abreu (RJ);Casimiro de Abreu;46110;2;Pequeno II;462,918
330140;3301405;RJ;33;3;Região Sudeste;Conceição de Macabu (RJ);Conceição de Macabu;21104;2;Pequeno II;338,26
330150;3301504;RJ;33;3;Região Sudeste;Cordeiro (RJ);Cordeiro;20783;2;Pequeno II;113,048
330160;3301603;RJ;33;3;Região Sudeste;Duas Barras (RJ);Duas Barras;10980;1;Pequeno I;379,619
330170;3301702;RJ;33;3;Região Sudeste;Duque de Caxias (RJ);Duque de Caxias;808161;4;Grande;467,319
330180;3301801;RJ;33;3;Região Sudeste;Engenheiro Paulo de Frontin (RJ);Engenheiro Paulo de Frontin;12242;1;Pequeno I;139,381
330185;3301850;RJ;33;3;Região Sudeste;Guapimirim (RJ);Guapimirim;51696;3;Médio;358,443
330187;3301876;RJ;33;3;Região Sudeste;Iguaba Grande (RJ);Iguaba Grande;27920;2;Pequeno II;50,977
330190;3301900;RJ;33;3;Região Sudeste;Itaboraí (RJ);Itaboraí;224267;4;Grande;429,961
330200;3302007;RJ;33;3;Região Sudeste;Itaguaí (RJ);Itaguaí;116841;4;Grande;282,606
330205;3302056;RJ;33;3;Região Sudeste;Italva (RJ);Italva;14073;1;Pequeno I;291,193
330210;3302106;RJ;33;3;Região Sudeste;Itaocara (RJ);Itaocara;22919;2;Pequeno II;433,182
330220;3302205;RJ;33;3;Região Sudeste;Itaperuna (RJ);Itaperuna;101041;4;Grande;1106,694
330225;3302254;RJ;33;3;Região Sudeste;Itatiaia (RJ);Itatiaia;30908;2;Pequeno II;241,035
330227;3302270;RJ;33;3;Região Sudeste;Japeri (RJ);Japeri;96289;3;Médio;81,697
330230;3302304;RJ;33;3;Região Sudeste;Laje do Muriaé (RJ);Laje do Muriaé;7336;1;Pequeno I;253,53
330240;3302403;RJ;33;3;Região Sudeste;Macaé (RJ);Macaé;246391;4;Grande;1216,989
330245;3302452;RJ;33;3;Região Sudeste;Macuco (RJ);Macuco;5415;1;Pequeno I;78,364
330250;3302502;RJ;33;3;Região Sudeste;Magé (RJ);Magé;228127;4;Grande;390,775
330260;3302601;RJ;33;3;Região Sudeste;Mangaratiba (RJ);Mangaratiba;41220;2;Pequeno II;367,606
330270;3302700;RJ;33;3;Região Sudeste;Maricá (RJ);Maricá;197277;4;Grande;361,572
330280;3302809;RJ;33;3;Região Sudeste;Mendes (RJ);Mendes;17502;1;Pequeno I;95,324
330285;3302858;RJ;33;3;Região Sudeste;Mesquita (RJ);Mesquita;167127;4;Grande;41,169
330290;3302908;RJ;33;3;Região Sudeste;Miguel Pereira (RJ);Miguel Pereira;26582;2;Pequeno II;287,933
330300;3303005;RJ;33;3;Região Sudeste;Miracema (RJ);Miracema;26881;2;Pequeno II;303,27
330310;3303104;RJ;33;3;Região Sudeste;Natividade (RJ);Natividade;15074;1;Pequeno I;387,073
330320;3303203;RJ;33;3;Região Sudeste;Nilópolis (RJ);Nilópolis;146774;4;Grande;19,393
330330;3303302;RJ;33;3;Região Sudeste;Niterói (RJ);Niterói;481749;4;Grande;133,757
330340;3303401;RJ;33;3;Região Sudeste;Nova Friburgo (RJ);Nova Friburgo;189939;4;Grande;935,429
330350;3303500;RJ;33;3;Região Sudeste;Nova Iguaçu (RJ);Nova Iguaçu;785867;4;Grande;520,581
330360;3303609;RJ;33;3;Região Sudeste;Paracambi (RJ);Paracambi;41375;2;Pequeno II;190,949
330370;3303708;RJ;33;3;Região Sudeste;Paraíba do Sul (RJ);Paraíba do Sul;42063;2;Pequeno II;571,118
330380;3303807;RJ;33;3;Região Sudeste;Paraty (RJ);Parati;45243;2;Pequeno II;924,296
330385;3303856;RJ;33;3;Região Sudeste;Paty do Alferes (RJ);Paty do Alferes;29619;2;Pequeno II;314,341
330390;3303906;RJ;33;3;Região Sudeste;Petrópolis (RJ);Petrópolis;278881;4;Grande;791,144
330395;3303955;RJ;33;3;Região Sudeste;Pinheiral (RJ);Pinheiral;24298;2;Pequeno II;82,254
330400;3304003;RJ;33;3;Região Sudeste;Piraí (RJ);Piraí;27474;2;Pequeno II;490,255
330410;3304102;RJ;33;3;Região Sudeste;Porciúncula (RJ);Porciúncula;17288;1;Pequeno I;291,847
330411;3304110;RJ;33;3;Região Sudeste;Porto Real (RJ);Porto Real;20373;2;Pequeno II;50,892
330412;3304128;RJ;33;3;Região Sudeste;Quatis (RJ);Quatis;13682;1;Pequeno I;284,826
330414;3304144;RJ;33;3;Região Sudeste;Queimados (RJ);Queimados;140523;4;Grande;75,927
330415;3304151;RJ;33;3;Região Sudeste;Quissamã (RJ);Quissamã;22393;2;Pequeno II;719,643
330420;3304201;RJ;33;3;Região Sudeste;Resende (RJ);Resende;129612;4;Grande;1099,336
330430;3304300;RJ;33;3;Região Sudeste;Rio Bonito (RJ);Rio Bonito;56276;3;Médio;459,458
330440;3304409;RJ;33;3;Região Sudeste;Rio Claro (RJ);Rio Claro;17401;1;Pequeno I;846,797
330450;3304508;RJ;33;3;Região Sudeste;Rio das Flores (RJ);Rio Das Flores;8954;1;Pequeno I;478,783
330452;3304524;RJ;33;3;Região Sudeste;Rio das Ostras (RJ);Rio Das Ostras;156491;4;Grande;228,044
330455;3304557;RJ;33;3;Região Sudeste;Rio de Janeiro (RJ);Rio de Janeiro;6211223;5;Metrópole;1200,329
330460;3304607;RJ;33;3;Região Sudeste;Santa Maria Madalena (RJ);Santa Maria Madalena;10232;1;Pequeno I;810,963
330470;3304706;RJ;33;3;Região Sudeste;Santo Antônio de Pádua (RJ);Santo Antônio de Pádua;41325;2;Pequeno II;603,633
330475;3304755;RJ;33;3;Região Sudeste;São Francisco de Itabapoana (RJ);São Francisco de Itabapoana;45059;2;Pequeno II;1118,037
330480;3304805;RJ;33;3;Região Sudeste;São Fidélis (RJ);São Fidélis;38961;2;Pequeno II;1034,833
330490;3304904;RJ;33;3;Região Sudeste;São Gonçalo (RJ);São Gonçalo;896744;4;Grande;248,16
330500;3305000;RJ;33;3;Região Sudeste;São João da Barra (RJ);São João da Barra;36573;2;Pequeno II;452,396
330510;3305109;RJ;33;3;Região Sudeste;São João de Meriti (RJ);São João de Meriti;440962;4;Grande;35,216
330513;3305133;RJ;33;3;Região Sudeste;São José de Ubá (RJ);São José de Ubá;7070;1;Pequeno I;249,688
330515;3305158;RJ;33;3;Região Sudeste;São José do Vale do Rio Preto (RJ);São José do Vale do Rio Preto;22080;2;Pequeno II;220,178
330520;3305208;RJ;33;3;Região Sudeste;São Pedro da Aldeia (RJ);São Pedro da Aldeia;104029;4;Grande;332,488
330530;3305307;RJ;33;3;Região Sudeste;São Sebastião do Alto (RJ);São Sebastião do Alto;7750;1;Pequeno I;397,214
330540;3305406;RJ;33;3;Região Sudeste;Sapucaia (RJ);Sapucaia;17729;1;Pequeno I;540,673
330550;3305505;RJ;33;3;Região Sudeste;Saquarema (RJ);Saquarema;89559;3;Médio;352,13
330555;3305554;RJ;33;3;Região Sudeste;Seropédica (RJ);Seropédica;80596;3;Médio;265,189
330560;3305604;RJ;33;3;Região Sudeste;Silva Jardim (RJ);Silva Jardim;21352;2;Pequeno II;937,755
330570;3305703;RJ;33;3;Região Sudeste;Sumidouro (RJ);Sumidouro;15206;1;Pequeno I;413,407
330575;3305752;RJ;33;3;Região Sudeste;Tanguá (RJ);Tanguá;31086;2;Pequeno II;143,007
330580;3305802;RJ;33;3;Região Sudeste;Teresópolis (RJ);Teresópolis;165123;4;Grande;773,338
330590;3305901;RJ;33;3;Região Sudeste;Trajano de Moraes (RJ);Trajano de Morais;10302;1;Pequeno I;591,151
330600;3306008;RJ;33;3;Região Sudeste;Três Rios (RJ);Três Rios;78346;3;Médio;322,843
330610;3306107;RJ;33;3;Região Sudeste;Valença (RJ);Valença;68088;3;Médio;1300,767
330615;3306156;RJ;33;3;Região Sudeste;Varre-Sai (RJ);Varre-sai;10207;1;Pequeno I;201,938
330620;3306206;RJ;33;3;Região Sudeste;Vassouras (RJ);Vassouras;33976;2;Pequeno II;536,073
330630;3306305;RJ;33;3;Região Sudeste;Volta Redonda (RJ);Volta Redonda;261563;4;Grande;182,105
350010;3500105;SP;35;3;Região Sudeste;Adamantina (SP);Adamantina;34687;2;Pequeno II;411,987
350020;3500204;SP;35;3;Região Sudeste;Adolfo (SP);Adolfo;4351;1;Pequeno I;211,055
350030;3500303;SP;35;3;Região Sudeste;Aguaí (SP);Aguaí;32072;2;Pequeno II;474,554
350040;3500402;SP;35;3;Região Sudeste;Águas da Prata (SP);Águas da Prata;7369;1;Pequeno I;142,673
350050;3500501;SP;35;3;Região Sudeste;Águas de Lindóia (SP);Águas de Lindóia;17930;1;Pequeno I;60,126
350055;3500550;SP;35;3;Região Sudeste;Águas de Santa Bárbara (SP);Águas de Santa Bárbara;7177;1;Pequeno I;404,463
350060;3500600;SP;35;3;Região Sudeste;Águas de São Pedro (SP);Águas de São Pedro;2780;1;Pequeno I;3,612
350070;3500709;SP;35;3;Região Sudeste;Agudos (SP);Agudos;37680;2;Pequeno II;966,708
350075;3500758;SP;35;3;Região Sudeste;Alambari (SP);Alambari;6141;1;Pequeno I;159,6
350080;3500808;SP;35;3;Região Sudeste;Alfredo Marcondes (SP);Alfredo Marcondes;4445;1;Pequeno I;118,915
350090;3500907;SP;35;3;Região Sudeste;Altair (SP);Altair;3451;1;Pequeno I;313,007
350100;3501004;SP;35;3;Região Sudeste;Altinópolis (SP);Altinópolis;16818;1;Pequeno I;928,956
350110;3501103;SP;35;3;Região Sudeste;Alto Alegre (SP);Alto Alegre;3841;1;Pequeno I;318,574
350115;3501152;SP;35;3;Região Sudeste;Alumínio (SP);Alumínio;17301;1;Pequeno I;83,619
350120;3501202;SP;35;3;Região Sudeste;Álvares Florence (SP);Álvares Florence;3915;1;Pequeno I;362,411
350130;3501301;SP;35;3;Região Sudeste;Álvares Machado (SP);Álvares Machado;27255;2;Pequeno II;347,647
350140;3501400;SP;35;3;Região Sudeste;Álvaro de Carvalho (SP);Álvaro de Carvalho;4808;1;Pequeno I;153,662
350150;3501509;SP;35;3;Região Sudeste;Alvinlândia (SP);Alvinlândia;2885;1;Pequeno I;84,879
350160;3501608;SP;35;3;Região Sudeste;Americana (SP);Americana;237240;4;Grande;133,912
350170;3501707;SP;35;3;Região Sudeste;Américo Brasiliense (SP);Américo Brasiliense;33019;2;Pequeno II;122,958
350180;3501806;SP;35;3;Região Sudeste;Américo de Campos (SP);Américo de Campos;5870;1;Pequeno I;252,876
350190;3501905;SP;35;3;Região Sudeste;Amparo (SP);Amparo;68008;3;Médio;445,323
350200;3502002;SP;35;3;Região Sudeste;Analândia (SP);Analândia;4589;1;Pequeno I;325,953
350210;3502101;SP;35;3;Região Sudeste;Andradina (SP);Andradina;59783;3;Médio;964,226
350220;3502200;SP;35;3;Região Sudeste;Angatuba (SP);Angatuba;24022;2;Pequeno II;1027,288
350230;3502309;SP;35;3;Região Sudeste;Anhembi (SP);Anhembi;5674;1;Pequeno I;736,557
350240;3502408;SP;35;3;Região Sudeste;Anhumas (SP);Anhumas;4023;1;Pequeno I;320,84
350250;3502507;SP;35;3;Região Sudeste;Aparecida (SP);Aparecida;32569;2;Pequeno II;120,89
350260;3502606;SP;35;3;Região Sudeste;Aparecida d'Oeste (SP);Aparecida D´oeste;4086;1;Pequeno I;179,004
350270;3502705;SP;35;3;Região Sudeste;Apiaí (SP);Apiaí;24585;2;Pequeno II;974,322
350275;3502754;SP;35;3;Região Sudeste;Araçariguama (SP);Araçariguama;21522;2;Pequeno II;145,204
350280;3502804;SP;35;3;Região Sudeste;Araçatuba (SP);Araçatuba;200124;4;Grande;1167,126
350290;3502903;SP;35;3;Região Sudeste;Araçoiaba da Serra (SP);Araçoiaba da Serra;32443;2;Pequeno II;255,305
350300;3503000;SP;35;3;Região Sudeste;Aramina (SP);Aramina;5420;1;Pequeno I;202,829
350310;3503109;SP;35;3;Região Sudeste;Arandu (SP);Arandu;6885;1;Pequeno I;285,908
350315;3503158;SP;35;3;Região Sudeste;Arapeí (SP);Arapeí;2330;1;Pequeno I;156,903
350320;3503208;SP;35;3;Região Sudeste;Araraquara (SP);Araraquara;242228;4;Grande;1003,625
350330;3503307;SP;35;3;Região Sudeste;Araras (SP);Araras;130866;4;Grande;644,831
350335;3503356;SP;35;3;Região Sudeste;Arco-Íris (SP);Arco-íris;2044;1;Pequeno I;264,904
350340;3503406;SP;35;3;Região Sudeste;Arealva (SP);Arealva;8130;1;Pequeno I;506,226
350350;3503505;SP;35;3;Região Sudeste;Areias (SP);Areias;3577;1;Pequeno I;305,227
350360;3503604;SP;35;3;Região Sudeste;Areiópolis (SP);Areiópolis;10130;1;Pequeno I;85,907
350370;3503703;SP;35;3;Região Sudeste;Ariranha (SP);Ariranha;7602;1;Pequeno I;132,624
350380;3503802;SP;35;3;Região Sudeste;Artur Nogueira (SP);Artur Nogueira;51456;3;Médio;178,026
350390;3503901;SP;35;3;Região Sudeste;Arujá (SP);Arujá;86678;3;Médio;96,167
350395;3503950;SP;35;3;Região Sudeste;Aspásia (SP);Aspásia;1842;1;Pequeno I;69,373
350400;3504008;SP;35;3;Região Sudeste;Assis (SP);Assis;101409;4;Grande;460,609
350410;3504107;SP;35;3;Região Sudeste;Atibaia (SP);Atibaia;158647;4;Grande;478,521
350420;3504206;SP;35;3;Região Sudeste;Auriflama (SP);Auriflama;13692;1;Pequeno I;434,498
350430;3504305;SP;35;3;Região Sudeste;Avaí (SP);Avaí;4483;1;Pequeno I;540,689
350440;3504404;SP;35;3;Região Sudeste;Avanhandava (SP);Avanhandava;11263;1;Pequeno I;338,37
350450;3504503;SP;35;3;Região Sudeste;Avaré (SP);Avaré;92805;3;Médio;1213,055
350460;3504602;SP;35;3;Região Sudeste;Bady Bassitt (SP);Bady Bassitt;27260;2;Pequeno II;110,372
350470;3504701;SP;35;3;Região Sudeste;Balbinos (SP);Balbinos;3887;1;Pequeno I;91,635
350480;3504800;SP;35;3;Região Sudeste;Bálsamo (SP);Bálsamo;9596;1;Pequeno I;149,881
350490;3504909;SP;35;3;Região Sudeste;Bananal (SP);Bananal;9969;1;Pequeno I;616,429
350500;3505005;SP;35;3;Região Sudeste;Barão de Antonina (SP);Barão de Antonina;3531;1;Pequeno I;153,142
350510;3505104;SP;35;3;Região Sudeste;Barbosa (SP);Barbosa;5640;1;Pequeno I;205,212
350520;3505203;SP;35;3;Região Sudeste;Bariri (SP);Bariri;31595;2;Pequeno II;444,405
350530;3505302;SP;35;3;Região Sudeste;Barra Bonita (SP);Barra Bonita;34346;2;Pequeno II;150,121
350535;3505351;SP;35;3;Região Sudeste;Barra do Chapéu (SP);Barra do Chapéu;5179;1;Pequeno I;405,681
350540;3505401;SP;35;3;Região Sudeste;Barra do Turvo (SP);Barra do Turvo;6876;1;Pequeno I;1007,684
350550;3505500;SP;35;3;Região Sudeste;Barretos (SP);Barretos;122485;4;Grande;1566,161
350560;3505609;SP;35;3;Região Sudeste;Barrinha (SP);Barrinha;32092;2;Pequeno II;146,025
350570;3505708;SP;35;3;Região Sudeste;Barueri (SP);Barueri;316473;4;Grande;65,701
350580;3505807;SP;35;3;Região Sudeste;Bastos (SP);Bastos;21503;2;Pequeno II;170,912
350590;3505906;SP;35;3;Região Sudeste;Batatais (SP);Batatais;58402;3;Médio;849,526
350600;3506003;SP;35;3;Região Sudeste;Bauru (SP);Bauru;379146;4;Grande;667,684
350610;3506102;SP;35;3;Região Sudeste;Bebedouro (SP);Bebedouro;76373;3;Médio;683,192
350620;3506201;SP;35;3;Região Sudeste;Bento de Abreu (SP);Bento de Abreu;2606;1;Pequeno I;301,687
350630;3506300;SP;35;3;Região Sudeste;Bernardino de Campos (SP);Bernardino de Campos;11607;1;Pequeno I;244,158
350635;3506359;SP;35;3;Região Sudeste;Bertioga (SP);Bertioga;64188;3;Médio;491,546
350640;3506409;SP;35;3;Região Sudeste;Bilac (SP);Bilac;7319;1;Pequeno I;158,025
350650;3506508;SP;35;3;Região Sudeste;Birigui (SP);Birigui;118979;4;Grande;530,031
350660;3506607;SP;35;3;Região Sudeste;Biritiba Mirim (SP);Biritiba-mirim;29683;2;Pequeno II;317,406
350670;3506706;SP;35;3;Região Sudeste;Boa Esperança do Sul (SP);Boa Esperança do Sul;12978;1;Pequeno I;690,748
350680;3506805;SP;35;3;Região Sudeste;Bocaina (SP);Bocaina;11259;1;Pequeno I;363,926
350690;3506904;SP;35;3;Região Sudeste;Bofete (SP);Bofete;10460;1;Pequeno I;653,541
350700;3507001;SP;35;3;Região Sudeste;Boituva (SP);Boituva;61081;3;Médio;248,954
350710;3507100;SP;35;3;Região Sudeste;Bom Jesus dos Perdões (SP);Bom Jesus Dos Perdões;22006;2;Pequeno II;108,366
350715;3507159;SP;35;3;Região Sudeste;Bom Sucesso de Itararé (SP);Bom Sucesso de Itararé;3555;1;Pequeno I;133,578
350720;3507209;SP;35;3;Região Sudeste;Borá (SP);Borá;907;1;Pequeno I;118,951
350730;3507308;SP;35;3;Região Sudeste;Boracéia (SP);Boracéia;4715;1;Pequeno I;122,11
350740;3507407;SP;35;3;Região Sudeste;Borborema (SP);Borborema;14226;1;Pequeno I;552,256
350745;3507456;SP;35;3;Região Sudeste;Borebi (SP);Borebi;2713;1;Pequeno I;347,989
350750;3507506;SP;35;3;Região Sudeste;Botucatu (SP);Botucatu;145155;4;Grande;1482,642
350760;3507605;SP;35;3;Região Sudeste;Bragança Paulista (SP);Bragança Paulista;176811;4;Grande;512,584
350770;3507704;SP;35;3;Região Sudeste;Braúna (SP);Braúna;5356;1;Pequeno I;195,176
350775;3507753;SP;35;3;Região Sudeste;Brejo Alegre (SP);Brejo Alegre;2565;1;Pequeno I;105,689
350780;3507803;SP;35;3;Região Sudeste;Brodowski (SP);Brodowski;25201;2;Pequeno II;278,458
350790;3507902;SP;35;3;Região Sudeste;Brotas (SP);Brotas;23898;2;Pequeno II;1101,373
350800;3508009;SP;35;3;Região Sudeste;Buri (SP);Buri;20250;2;Pequeno II;1196,463
350810;3508108;SP;35;3;Região Sudeste;Buritama (SP);Buritama;17210;1;Pequeno I;326,921
350820;3508207;SP;35;3;Região Sudeste;Buritizal (SP);Buritizal;4356;1;Pequeno I;266,42
350830;3508306;SP;35;3;Região Sudeste;Cabrália Paulista (SP);Cabrália Paulista;4299;1;Pequeno I;239,974
350840;3508405;SP;35;3;Região Sudeste;Cabreúva (SP);Cabreúva;47011;2;Pequeno II;260,234
350850;3508504;SP;35;3;Região Sudeste;Caçapava (SP);Caçapava;96202;3;Médio;368,99
350860;3508603;SP;35;3;Região Sudeste;Cachoeira Paulista (SP);Cachoeira Paulista;31564;2;Pequeno II;287,99
350870;3508702;SP;35;3;Região Sudeste;Caconde (SP);Caconde;17101;1;Pequeno I;468,214
350880;3508801;SP;35;3;Região Sudeste;Cafelândia (SP);Cafelândia;16654;1;Pequeno I;920,28
350890;3508900;SP;35;3;Região Sudeste;Caiabu (SP);Caiabu;3712;1;Pequeno I;253,352
350900;3509007;SP;35;3;Região Sudeste;Caieiras (SP);Caieiras;95032;3;Médio;97,642
350910;3509106;SP;35;3;Região Sudeste;Caiuá (SP);Caiuá;5466;1;Pequeno I;551,159
350920;3509205;SP;35;3;Região Sudeste;Cajamar (SP);Cajamar;92689;3;Médio;131,386
350925;3509254;SP;35;3;Região Sudeste;Cajati (SP);Cajati;28515;2;Pequeno II;454,436
350930;3509304;SP;35;3;Região Sudeste;Cajobi (SP);Cajobi;9133;1;Pequeno I;176,929
350940;3509403;SP;35;3;Região Sudeste;Cajuru (SP);Cajuru;23830;2;Pequeno II;660,088
350945;3509452;SP;35;3;Região Sudeste;Campina do Monte Alegre (SP);Campina do Monte Alegre;5954;1;Pequeno I;184,479
350950;3509502;SP;35;3;Região Sudeste;Campinas (SP);Campinas;1139047;5;Metrópole;794,571
350960;3509601;SP;35;3;Região Sudeste;Campo Limpo Paulista (SP);Campo Limpo Paulista;77632;3;Médio;79,403
350970;3509700;SP;35;3;Região Sudeste;Campos do Jordão (SP);Campos do Jordão;46974;2;Pequeno II;289,981
350980;3509809;SP;35;3;Região Sudeste;Campos Novos Paulista (SP);Campos Novos Paulista;4888;1;Pequeno I;484,199
350990;3509908;SP;35;3;Região Sudeste;Cananéia (SP);Cananéia;12289;1;Pequeno I;1237,354
350995;3509957;SP;35;3;Região Sudeste;Canas (SP);Canas;4931;1;Pequeno I;53,261
351000;3510005;SP;35;3;Região Sudeste;Cândido Mota (SP);Cândido Mota;29449;2;Pequeno II;595,811
351010;3510104;SP;35;3;Região Sudeste;Cândido Rodrigues (SP);Cândido Rodrigues;2889;1;Pequeno I;70,892
351015;3510153;SP;35;3;Região Sudeste;Canitar (SP);Canitar;6283;1;Pequeno I;57,459
351020;3510203;SP;35;3;Região Sudeste;Capão Bonito (SP);Capão Bonito;46337;2;Pequeno II;1640,229
351030;3510302;SP;35;3;Região Sudeste;Capela do Alto (SP);Capela do Alto;22866;2;Pequeno II;169,89
351040;3510401;SP;35;3;Região Sudeste;Capivari (SP);Capivari;50068;3;Médio;322,878
351050;3510500;SP;35;3;Região Sudeste;Caraguatatuba (SP);Caraguatatuba;134873;4;Grande;484,947
351060;3510609;SP;35;3;Região Sudeste;Carapicuíba (SP);Carapicuíba;386984;4;Grande;34,546
351070;3510708;SP;35;3;Região Sudeste;Cardoso (SP);Cardoso;11345;1;Pequeno I;639,248
351080;3510807;SP;35;3;Região Sudeste;Casa Branca (SP);Casa Branca;28083;2;Pequeno II;864,225
351090;3510906;SP;35;3;Região Sudeste;Cássia dos Coqueiros (SP);Cássia Dos Coqueiros;2799;1;Pequeno I;191,683
351100;3511003;SP;35;3;Região Sudeste;Castilho (SP);Castilho;19977;1;Pequeno I;1065,318
351110;3511102;SP;35;3;Região Sudeste;Catanduva (SP);Catanduva;115791;4;Grande;290,596
351120;3511201;SP;35;3;Região Sudeste;Catiguá (SP);Catiguá;7003;1;Pequeno I;148,393
351130;3511300;SP;35;3;Região Sudeste;Cedral (SP);Cedral;12618;1;Pequeno I;197,838
351140;3511409;SP;35;3;Região Sudeste;Cerqueira César (SP);Cerqueira César;21469;2;Pequeno II;511,621
351150;3511508;SP;35;3;Região Sudeste;Cerquilho (SP);Cerquilho;44695;2;Pequeno II;127,803
351160;3511607;SP;35;3;Região Sudeste;Cesário Lange (SP);Cesário Lange;19048;1;Pequeno I;190,392
351170;3511706;SP;35;3;Região Sudeste;Charqueada (SP);Charqueada;15535;1;Pequeno I;175,846
351190;3511904;SP;35;3;Região Sudeste;Clementina (SP);Clementina;6982;1;Pequeno I;168,59
351200;3512001;SP;35;3;Região Sudeste;Colina (SP);Colina;18486;1;Pequeno I;422,303
351210;3512100;SP;35;3;Região Sudeste;Colômbia (SP);Colômbia;6629;1;Pequeno I;728,648
351220;3512209;SP;35;3;Região Sudeste;Conchal (SP);Conchal;28101;2;Pequeno II;182,793
351230;3512308;SP;35;3;Região Sudeste;Conchas (SP);Conchas;15232;1;Pequeno I;466,12
351240;3512407;SP;35;3;Região Sudeste;Cordeirópolis (SP);Cordeirópolis;24514;2;Pequeno II;137,579
351250;3512506;SP;35;3;Região Sudeste;Coroados (SP);Coroados;5400;1;Pequeno I;246,825
351260;3512605;SP;35;3;Região Sudeste;Coronel Macedo (SP);Coronel Macedo;4280;1;Pequeno I;303,83
351270;3512704;SP;35;3;Região Sudeste;Corumbataí (SP);Corumbataí;4195;1;Pequeno I;278,622
351280;3512803;SP;35;3;Região Sudeste;Cosmópolis (SP);Cosmópolis;59773;3;Médio;154,665
351290;3512902;SP;35;3;Região Sudeste;Cosmorama (SP);Cosmorama;8719;1;Pequeno I;441,68
351300;3513009;SP;35;3;Região Sudeste;Cotia (SP);Cotia;274413;4;Grande;323,994
351310;3513108;SP;35;3;Região Sudeste;Cravinhos (SP);Cravinhos;33281;2;Pequeno II;311,423
351320;3513207;SP;35;3;Região Sudeste;Cristais Paulista (SP);Cristais Paulista;9272;1;Pequeno I;385,23
351330;3513306;SP;35;3;Região Sudeste;Cruzália (SP);Cruzália;2108;1;Pequeno I;149,33
351340;3513405;SP;35;3;Região Sudeste;Cruzeiro (SP);Cruzeiro;74961;3;Médio;305,699
351350;3513504;SP;35;3;Região Sudeste;Cubatão (SP);Cubatão;112476;4;Grande;142,879
351360;3513603;SP;35;3;Região Sudeste;Cunha (SP);Cunha;22110;2;Pequeno II;1407,25
351370;3513702;SP;35;3;Região Sudeste;Descalvado (SP);Descalvado;31756;2;Pequeno II;753,706
351380;3513801;SP;35;3;Região Sudeste;Diadema (SP);Diadema;393237;4;Grande;30,732
351385;3513850;SP;35;3;Região Sudeste;Dirce Reis (SP);Dirce Reis;1620;1;Pequeno I;88,133
351390;3513900;SP;35;3;Região Sudeste;Divinolândia (SP);Divinolândia;11158;1;Pequeno I;223,749
351400;3514007;SP;35;3;Região Sudeste;Dobrada (SP);Dobrada;8759;1;Pequeno I;149,729
351410;3514106;SP;35;3;Região Sudeste;Dois Córregos (SP);Dois Córregos;24510;2;Pequeno II;632,972
351420;3514205;SP;35;3;Região Sudeste;Dolcinópolis (SP);Dolcinópolis;2207;1;Pequeno I;77,939
351430;3514304;SP;35;3;Região Sudeste;Dourado (SP);Dourado;8096;1;Pequeno I;205,874
351440;3514403;SP;35;3;Região Sudeste;Dracena (SP);Dracena;45474;2;Pequeno II;487,688
351450;3514502;SP;35;3;Região Sudeste;Duartina (SP);Duartina;12328;1;Pequeno I;264,557
351460;3514601;SP;35;3;Região Sudeste;Dumont (SP);Dumont;9471;1;Pequeno I;111,376
351470;3514700;SP;35;3;Região Sudeste;Echaporã (SP);Echaporã;6205;1;Pequeno I;515,258
351480;3514809;SP;35;3;Região Sudeste;Eldorado (SP);Eldorado;13069;1;Pequeno I;1654,256
351490;3514908;SP;35;3;Região Sudeste;Elias Fausto (SP);Elias Fausto;17699;1;Pequeno I;202,36
351492;3514924;SP;35;3;Região Sudeste;Elisiário (SP);Elisiário;3138;1;Pequeno I;93,98
351495;3514957;SP;35;3;Região Sudeste;Embaúba (SP);Embaúba;2323;1;Pequeno I;83,129
351500;3515004;SP;35;3;Região Sudeste;Embu das Artes (SP);Embu;250691;4;Grande;70,398
351510;3515103;SP;35;3;Região Sudeste;Embu-Guaçu (SP);Embu-guaçu;66970;3;Médio;155,641
351512;3515129;SP;35;3;Região Sudeste;Emilianópolis (SP);Emilianópolis;3014;1;Pequeno I;225,167
351515;3515152;SP;35;3;Região Sudeste;Engenheiro Coelho (SP);Engenheiro Coelho;19566;1;Pequeno I;109,941
351518;3515186;SP;35;3;Região Sudeste;Espírito Santo do Pinhal (SP);Espírito Santo do Pinhal;39816;2;Pequeno II;389,235
351519;3515194;SP;35;3;Região Sudeste;Espírito Santo do Turvo (SP);Espírito Santo do Turvo;4157;1;Pequeno I;193,666
351520;3515202;SP;35;3;Região Sudeste;Estrela d'Oeste (SP);Estrela D´oeste;9417;1;Pequeno I;296,281
351530;3515301;SP;35;3;Região Sudeste;Estrela do Norte (SP);Estrela do Norte;2703;1;Pequeno I;264,987
351535;3515350;SP;35;3;Região Sudeste;Euclides da Cunha Paulista (SP);Euclides da Cunha Paulista;7924;1;Pequeno I;573,894
351540;3515400;SP;35;3;Região Sudeste;Fartura (SP);Fartura;16641;1;Pequeno I;429,171
351550;3515509;SP;35;3;Região Sudeste;Fernandópolis (SP);Fernandópolis;71186;3;Médio;549,797
351560;3515608;SP;35;3;Região Sudeste;Fernando Prestes (SP);Fernando Prestes;5942;1;Pequeno I;169,99
351565;3515657;SP;35;3;Região Sudeste;Fernão (SP);Fernão;1656;1;Pequeno I;100,504
351570;3515707;SP;35;3;Região Sudeste;Ferraz de Vasconcelos (SP);Ferraz de Vasconcelos;179198;4;Grande;29,547
351580;3515806;SP;35;3;Região Sudeste;Flora Rica (SP);Flora Rica;1487;1;Pequeno I;224,711
351590;3515905;SP;35;3;Região Sudeste;Floreal (SP);Floreal;2733;1;Pequeno I;204,236
351600;3516002;SP;35;3;Região Sudeste;Flórida Paulista (SP);Flórida Paulista;12958;1;Pequeno I;524,138
351610;3516101;SP;35;3;Região Sudeste;Florínea (SP);Florínia;3851;1;Pequeno I;225,886
351620;3516200;SP;35;3;Região Sudeste;Franca (SP);Franca;352536;4;Grande;605,679
351630;3516309;SP;35;3;Região Sudeste;Francisco Morato (SP);Francisco Morato;165139;4;Grande;49,001
351640;3516408;SP;35;3;Região Sudeste;Franco da Rocha (SP);Franco da Rocha;144849;4;Grande;132,775
351650;3516507;SP;35;3;Região Sudeste;Gabriel Monteiro (SP);Gabriel Monteiro;2763;1;Pequeno I;138,681
351660;3516606;SP;35;3;Região Sudeste;Gália (SP);Gália;6380;1;Pequeno I;355,914
351670;3516705;SP;35;3;Região Sudeste;Garça (SP);Garça;42110;2;Pequeno II;555,807
351680;3516804;SP;35;3;Região Sudeste;Gastão Vidigal (SP);Gastão Vidigal;3252;1;Pequeno I;180,569
351685;3516853;SP;35;3;Região Sudeste;Gavião Peixoto (SP);Gavião Peixoto;4702;1;Pequeno I;243,766
351690;3516903;SP;35;3;Região Sudeste;General Salgado (SP);General Salgado;10312;1;Pequeno I;494,376
351700;3517000;SP;35;3;Região Sudeste;Getulina (SP);Getulina;10232;1;Pequeno I;676,755
351710;3517109;SP;35;3;Região Sudeste;Glicério (SP);Glicério;4138;1;Pequeno I;272,8
351720;3517208;SP;35;3;Região Sudeste;Guaiçara (SP);Guaiçara;11239;1;Pequeno I;277,154
351730;3517307;SP;35;3;Região Sudeste;Guaimbê (SP);Guaimbê;5512;1;Pequeno I;217,811
351740;3517406;SP;35;3;Região Sudeste;Guaíra (SP);Guaíra;39279;2;Pequeno II;1258,465
351750;3517505;SP;35;3;Região Sudeste;Guapiaçu (SP);Guapiaçu;21711;2;Pequeno II;325,126
351760;3517604;SP;35;3;Região Sudeste;Guapiara (SP);Guapiara;17071;1;Pequeno I;408,292
351770;3517703;SP;35;3;Região Sudeste;Guará (SP);Guará;18606;1;Pequeno I;362,183
351780;3517802;SP;35;3;Região Sudeste;Guaraçaí (SP);Guaraçaí;7441;1;Pequeno I;569,197
351790;3517901;SP;35;3;Região Sudeste;Guaraci (SP);Guaraci;10350;1;Pequeno I;641,501
351800;3518008;SP;35;3;Região Sudeste;Guarani d'Oeste (SP);Guarani D´oeste;1968;1;Pequeno I;85,7
351810;3518107;SP;35;3;Região Sudeste;Guarantã (SP);Guarantã;6427;1;Pequeno I;461,746
351820;3518206;SP;35;3;Região Sudeste;Guararapes (SP);Guararapes;31043;2;Pequeno II;955,637
351830;3518305;SP;35;3;Região Sudeste;Guararema (SP);Guararema;31236;2;Pequeno II;270,816
351840;3518404;SP;35;3;Região Sudeste;Guaratinguetá (SP);Guaratinguetá;118044;4;Grande;752,636
351850;3518503;SP;35;3;Região Sudeste;Guareí (SP);Guareí;15013;1;Pequeno I;567,884
351860;3518602;SP;35;3;Região Sudeste;Guariba (SP);Guariba;37498;2;Pequeno II;270,289
351870;3518701;SP;35;3;Região Sudeste;Guarujá (SP);Guarujá;287634;4;Grande;144,794
351880;3518800;SP;35;3;Região Sudeste;Guarulhos (SP);Guarulhos;1291771;5;Metrópole;318,675
351885;3518859;SP;35;3;Região Sudeste;Guatapará (SP);Guatapará;7320;1;Pequeno I;413,567
351890;3518909;SP;35;3;Região Sudeste;Guzolândia (SP);Guzolândia;4246;1;Pequeno I;252,477
351900;3519006;SP;35;3;Região Sudeste;Herculândia (SP);Herculândia;9125;1;Pequeno I;364,252
351905;3519055;SP;35;3;Região Sudeste;Holambra (SP);Holambra;15094;1;Pequeno I;65,577
351907;3519071;SP;35;3;Região Sudeste;Hortolândia (SP);Hortolândia;236641;4;Grande;62,416
351910;3519105;SP;35;3;Região Sudeste;Iacanga (SP);Iacanga;10437;1;Pequeno I;547,393
351920;3519204;SP;35;3;Região Sudeste;Iacri (SP);Iacri;6131;1;Pequeno I;321,948
351925;3519253;SP;35;3;Região Sudeste;Iaras (SP);Iaras;8010;1;Pequeno I;401,381
351930;3519303;SP;35;3;Região Sudeste;Ibaté (SP);Ibaté;32178;2;Pequeno II;290,978
351940;3519402;SP;35;3;Região Sudeste;Ibirá (SP);Ibirá;11690;1;Pequeno I;271,912
351950;3519501;SP;35;3;Região Sudeste;Ibirarema (SP);Ibirarema;6385;1;Pequeno I;228,23
351960;3519600;SP;35;3;Região Sudeste;Ibitinga (SP);Ibitinga;60033;3;Médio;689,391
351970;3519709;SP;35;3;Região Sudeste;Ibiúna (SP);Ibiúna;75605;3;Médio;1058,082
351980;3519808;SP;35;3;Região Sudeste;Icém (SP);Icém;7819;1;Pequeno I;362,355
351990;3519907;SP;35;3;Região Sudeste;Iepê (SP);Iepê;7619;1;Pequeno I;594,974
352000;3520004;SP;35;3;Região Sudeste;Igaraçu do Tietê (SP);Igaraçu do Tietê;23106;2;Pequeno II;97,747
352010;3520103;SP;35;3;Região Sudeste;Igarapava (SP);Igarapava;26212;2;Pequeno II;468,355
352020;3520202;SP;35;3;Região Sudeste;Igaratá (SP);Igaratá;10605;1;Pequeno I;292,953
352030;3520301;SP;35;3;Região Sudeste;Iguape (SP);Iguape;29115;2;Pequeno II;1978,795
352040;3520400;SP;35;3;Região Sudeste;Ilhabela (SP);Ilhabela;34934;2;Pequeno II;346,389
352042;3520426;SP;35;3;Região Sudeste;Ilha Comprida (SP);Ilha Comprida;13419;1;Pequeno I;196,567
352044;3520442;SP;35;3;Região Sudeste;Ilha Solteira (SP);Ilha Solteira;25549;2;Pequeno II;652,641
352050;3520509;SP;35;3;Região Sudeste;Indaiatuba (SP);Indaiatuba;255748;4;Grande;311,545
352060;3520608;SP;35;3;Região Sudeste;Indiana (SP);Indiana;5090;1;Pequeno I;129,367
352070;3520707;SP;35;3;Região Sudeste;Indiaporã (SP);Indiaporã;4035;1;Pequeno I;279,606
352080;3520806;SP;35;3;Região Sudeste;Inúbia Paulista (SP);Inúbia Paulista;3615;1;Pequeno I;87,119
352090;3520905;SP;35;3;Região Sudeste;Ipaussu (SP);Ipaussu;13712;1;Pequeno I;209,554
352100;3521002;SP;35;3;Região Sudeste;Iperó (SP);Iperó;36459;2;Pequeno II;170,289
352110;3521101;SP;35;3;Região Sudeste;Ipeúna (SP);Ipeúna;6831;1;Pequeno I;190,01
352115;3521150;SP;35;3;Região Sudeste;Ipiguá (SP);Ipiguá;6761;1;Pequeno I;136,028
352120;3521200;SP;35;3;Região Sudeste;Iporanga (SP);Iporanga;4046;1;Pequeno I;1152,059
352130;3521309;SP;35;3;Região Sudeste;Ipuã (SP);Ipuã;14454;1;Pequeno I;466,461
352140;3521408;SP;35;3;Região Sudeste;Iracemápolis (SP);Iracemápolis;21967;2;Pequeno II;115,118
352150;3521507;SP;35;3;Região Sudeste;Irapuã (SP);Irapuã;6867;1;Pequeno I;257,612
352160;3521606;SP;35;3;Região Sudeste;Irapuru (SP);Irapuru;7085;1;Pequeno I;214,461
352170;3521705;SP;35;3;Região Sudeste;Itaberá (SP);Itaberá;17983;1;Pequeno I;1100,247
352180;3521804;SP;35;3;Região Sudeste;Itaí (SP);Itaí;25180;2;Pequeno II;1092,884
352190;3521903;SP;35;3;Região Sudeste;Itajobi (SP);Itajobi;16989;1;Pequeno I;502,066
352200;3522000;SP;35;3;Região Sudeste;Itaju (SP);Itaju;3618;1;Pequeno I;230,355
352210;3522109;SP;35;3;Região Sudeste;Itanhaém (SP);Itanhaém;112476;4;Grande;601,711
352215;3522158;SP;35;3;Região Sudeste;Itaoca (SP);Itaóca;3422;1;Pequeno I;183,015
352220;3522208;SP;35;3;Região Sudeste;Itapecerica da Serra (SP);Itapecerica da Serra;158522;4;Grande;150,742
352230;3522307;SP;35;3;Região Sudeste;Itapetininga (SP);Itapetininga;157790;4;Grande;1789,35
352240;3522406;SP;35;3;Região Sudeste;Itapeva (SP);Itapeva;89728;3;Médio;1826,258
352250;3522505;SP;35;3;Região Sudeste;Itapevi (SP);Itapevi;232297;4;Grande;82,658
352260;3522604;SP;35;3;Região Sudeste;Itapira (SP);Itapira;72022;3;Médio;518,416
352265;3522653;SP;35;3;Região Sudeste;Itapirapuã Paulista (SP);Itapirapuã Paulista;4306;1;Pequeno I;406,478
352270;3522703;SP;35;3;Região Sudeste;Itápolis (SP);Itápolis;39493;2;Pequeno II;996,747
352280;3522802;SP;35;3;Região Sudeste;Itaporanga (SP);Itaporanga;14085;1;Pequeno I;507,997
352290;3522901;SP;35;3;Região Sudeste;Itapuí (SP);Itapuí;13659;1;Pequeno I;140,023
352300;3523008;SP;35;3;Região Sudeste;Itapura (SP);Itapura;3979;1;Pequeno I;301,653
352310;3523107;SP;35;3;Região Sudeste;Itaquaquecetuba (SP);Itaquaquecetuba;369275;4;Grande;82,622
352320;3523206;SP;35;3;Região Sudeste;Itararé (SP);Itararé;44438;2;Pequeno II;1003,86
352330;3523305;SP;35;3;Região Sudeste;Itariri (SP);Itariri;15528;1;Pequeno I;273,667
352340;3523404;SP;35;3;Região Sudeste;Itatiba (SP);Itatiba;121590;4;Grande;322,269
352350;3523503;SP;35;3;Região Sudeste;Itatinga (SP);Itatinga;19070;1;Pequeno I;979,817
352360;3523602;SP;35;3;Região Sudeste;Itirapina (SP);Itirapina;16148;1;Pequeno I;564,603
352370;3523701;SP;35;3;Região Sudeste;Itirapuã (SP);Itirapuã;5779;1;Pequeno I;161,118
352380;3523800;SP;35;3;Região Sudeste;Itobi (SP);Itobi;8046;1;Pequeno I;138,986
352390;3523909;SP;35;3;Região Sudeste;Itu (SP);Itu;168240;4;Grande;640,719
352400;3524006;SP;35;3;Região Sudeste;Itupeva (SP);Itupeva;70616;3;Médio;200,876
352410;3524105;SP;35;3;Região Sudeste;Ituverava (SP);Ituverava;37571;2;Pequeno II;704,659
352420;3524204;SP;35;3;Região Sudeste;Jaborandi (SP);Jaborandi;6221;1;Pequeno I;273,438
352430;3524303;SP;35;3;Região Sudeste;Jaboticabal (SP);Jaboticabal;71821;3;Médio;706,602
352440;3524402;SP;35;3;Região Sudeste;Jacareí (SP);Jacareí;240275;4;Grande;464,272
352450;3524501;SP;35;3;Região Sudeste;Jaci (SP);Jaci;7613;1;Pequeno I;145,133
352460;3524600;SP;35;3;Região Sudeste;Jacupiranga (SP);Jacupiranga;16097;1;Pequeno I;704,189
352470;3524709;SP;35;3;Região Sudeste;Jaguariúna (SP);Jaguariúna;59347;3;Médio;141,391
352480;3524808;SP;35;3;Região Sudeste;Jales (SP);Jales;48776;2;Pequeno II;368,574
352490;3524907;SP;35;3;Região Sudeste;Jambeiro (SP);Jambeiro;6397;1;Pequeno I;184,413
352500;3525003;SP;35;3;Região Sudeste;Jandira (SP);Jandira;118045;4;Grande;17,449
352510;3525102;SP;35;3;Região Sudeste;Jardinópolis (SP);Jardinópolis;45282;2;Pequeno II;501,87
352520;3525201;SP;35;3;Região Sudeste;Jarinu (SP);Jarinu;37535;2;Pequeno II;207,549
352530;3525300;SP;35;3;Região Sudeste;Jaú (SP);Jaú;133497;4;Grande;687,103
352540;3525409;SP;35;3;Região Sudeste;Jeriquara (SP);Jeriquara;3863;1;Pequeno I;141,971
352550;3525508;SP;35;3;Região Sudeste;Joanópolis (SP);Joanópolis;12815;1;Pequeno I;374,293
352560;3525607;SP;35;3;Região Sudeste;João Ramalho (SP);João Ramalho;4371;1;Pequeno I;415,452
352570;3525706;SP;35;3;Região Sudeste;José Bonifácio (SP);José Bonifácio;36633;2;Pequeno II;860,2
352580;3525805;SP;35;3;Região Sudeste;Júlio Mesquita (SP);Júlio Mesquita;4254;1;Pequeno I;128,183
352585;3525854;SP;35;3;Região Sudeste;Jumirim (SP);Jumirim;3056;1;Pequeno I;56,685
352590;3525904;SP;35;3;Região Sudeste;Jundiaí (SP);Jundiaí;443221;4;Grande;431,204
352600;3526001;SP;35;3;Região Sudeste;Junqueirópolis (SP);Junqueirópolis;20448;2;Pequeno II;582,565
352610;3526100;SP;35;3;Região Sudeste;Juquiá (SP);Juquiá;17154;1;Pequeno I;812,799
352620;3526209;SP;35;3;Região Sudeste;Juquitiba (SP);Juquitiba;27404;2;Pequeno II;522,169
352630;3526308;SP;35;3;Região Sudeste;Lagoinha (SP);Lagoinha;5083;1;Pequeno I;255,472
352640;3526407;SP;35;3;Região Sudeste;Laranjal Paulista (SP);Laranjal Paulista;26261;2;Pequeno II;384,274
352650;3526506;SP;35;3;Região Sudeste;Lavínia (SP);Lavínia;9689;1;Pequeno I;537,675
352660;3526605;SP;35;3;Região Sudeste;Lavrinhas (SP);Lavrinhas;7171;1;Pequeno I;167,067
352670;3526704;SP;35;3;Região Sudeste;Leme (SP);Leme;98161;3;Médio;402,871
352680;3526803;SP;35;3;Região Sudeste;Lençóis Paulista (SP);Lençóis Paulista;66505;3;Médio;809,541
352690;3526902;SP;35;3;Região Sudeste;Limeira (SP);Limeira;291869;4;Grande;580,711
352700;3527009;SP;35;3;Região Sudeste;Lindóia (SP);Lindóia;7014;1;Pequeno I;48,756
352710;3527108;SP;35;3;Região Sudeste;Lins (SP);Lins;74779;3;Médio;570,058
352720;3527207;SP;35;3;Região Sudeste;Lorena (SP);Lorena;84855;3;Médio;414,16
352725;3527256;SP;35;3;Região Sudeste;Lourdes (SP);Lourdes;1950;1;Pequeno I;113,94
352730;3527306;SP;35;3;Região Sudeste;Louveira (SP);Louveira;51847;3;Médio;55,738
352740;3527405;SP;35;3;Região Sudeste;Lucélia (SP);Lucélia;20061;2;Pequeno II;314,81
352750;3527504;SP;35;3;Região Sudeste;Lucianópolis (SP);Lucianópolis;2372;1;Pequeno I;189,536
352760;3527603;SP;35;3;Região Sudeste;Luís Antônio (SP);Luís Antônio;12265;1;Pequeno I;598,257
352770;3527702;SP;35;3;Região Sudeste;Luiziânia (SP);Luiziânia;4701;1;Pequeno I;166,576
352780;3527801;SP;35;3;Região Sudeste;Lupércio (SP);Lupércio;3981;1;Pequeno I;155,171
352790;3527900;SP;35;3;Região Sudeste;Lutécia (SP);Lutécia;2661;1;Pequeno I;475,226
352800;3528007;SP;35;3;Região Sudeste;Macatuba (SP);Macatuba;16829;1;Pequeno I;224,514
352810;3528106;SP;35;3;Região Sudeste;Macaubal (SP);Macaubal;7481;1;Pequeno I;248,087
352820;3528205;SP;35;3;Região Sudeste;Macedônia (SP);Macedônia;3963;1;Pequeno I;327,567
352830;3528304;SP;35;3;Região Sudeste;Magda (SP);Magda;3165;1;Pequeno I;312,282
352840;3528403;SP;35;3;Região Sudeste;Mairinque (SP);Mairinque;50027;3;Médio;210,149
352850;3528502;SP;35;3;Região Sudeste;Mairiporã (SP);Mairiporã;93853;3;Médio;320,697
352860;3528601;SP;35;3;Região Sudeste;Manduri (SP);Manduri;9871;1;Pequeno I;229,046
352870;3528700;SP;35;3;Região Sudeste;Marabá Paulista (SP);Marabá Paulista;4573;1;Pequeno I;919,519
352880;3528809;SP;35;3;Região Sudeste;Maracaí (SP);Maracaí;12673;1;Pequeno I;533,498
352885;3528858;SP;35;3;Região Sudeste;Marapoama (SP);Marapoama;3292;1;Pequeno I;111,267
352890;3528908;SP;35;3;Região Sudeste;Mariápolis (SP);Mariápolis;3513;1;Pequeno I;186,544
352900;3529005;SP;35;3;Região Sudeste;Marília (SP);Marília;237627;4;Grande;1170,515
352910;3529104;SP;35;3;Região Sudeste;Marinópolis (SP);Marinópolis;1860;1;Pequeno I;77,827
352920;3529203;SP;35;3;Região Sudeste;Martinópolis (SP);Martinópolis;24881;2;Pequeno II;1253,564
352930;3529302;SP;35;3;Região Sudeste;Matão (SP);Matão;79033;3;Médio;524,899
352940;3529401;SP;35;3;Região Sudeste;Mauá (SP);Mauá;418261;4;Grande;61,937
352950;3529500;SP;35;3;Região Sudeste;Mendonça (SP);Mendonça;6159;1;Pequeno I;195,151
352960;3529609;SP;35;3;Região Sudeste;Meridiano (SP);Meridiano;4572;1;Pequeno I;228,199
352965;3529658;SP;35;3;Região Sudeste;Mesópolis (SP);Mesópolis;1952;1;Pequeno I;148,636
352970;3529708;SP;35;3;Região Sudeste;Miguelópolis (SP);Miguelópolis;19441;1;Pequeno I;820,849
352980;3529807;SP;35;3;Região Sudeste;Mineiros do Tietê (SP);Mineiros do Tietê;11230;1;Pequeno I;213,242
352990;3529906;SP;35;3;Região Sudeste;Miracatu (SP);Miracatu;18553;1;Pequeno I;1001,484
353000;3530003;SP;35;3;Região Sudeste;Mira Estrela (SP);Mira Estrela;3126;1;Pequeno I;216,825
353010;3530102;SP;35;3;Região Sudeste;Mirandópolis (SP);Mirandópolis;27983;2;Pequeno II;917,694
353020;3530201;SP;35;3;Região Sudeste;Mirante do Paranapanema (SP);Mirante do Paranapanema;15917;1;Pequeno I;1238,931
353030;3530300;SP;35;3;Região Sudeste;Mirassol (SP);Mirassol;63337;3;Médio;243,228
353040;3530409;SP;35;3;Região Sudeste;Mirassolândia (SP);Mirassolândia;4669;1;Pequeno I;166,125
353050;3530508;SP;35;3;Região Sudeste;Mococa (SP);Mococa;67681;3;Médio;855,156
353060;3530607;SP;35;3;Região Sudeste;Mogi das Cruzes (SP);Moji Das Cruzes;451505;4;Grande;712,541
353070;3530706;SP;35;3;Região Sudeste;Mogi Guaçu (SP);Mogi Guaçu;153658;4;Grande;812,753
353080;3530805;SP;35;3;Região Sudeste;Mogi Mirim (SP);Moji-mirim;92558;3;Médio;497,708
353090;3530904;SP;35;3;Região Sudeste;Mombuca (SP);Mombuca;3722;1;Pequeno I;133,698
353100;3531001;SP;35;3;Região Sudeste;Monções (SP);Monções;1937;1;Pequeno I;104,352
353110;3531100;SP;35;3;Região Sudeste;Mongaguá (SP);Mongaguá;61951;3;Médio;142,755
353120;3531209;SP;35;3;Região Sudeste;Monte Alegre do Sul (SP);Monte Alegre do Sul;8627;1;Pequeno I;110,308
353130;3531308;SP;35;3;Região Sudeste;Monte Alto (SP);Monte Alto;47574;2;Pequeno II;346,95
353140;3531407;SP;35;3;Região Sudeste;Monte Aprazível (SP);Monte Aprazível;22280;2;Pequeno II;495,559
353150;3531506;SP;35;3;Região Sudeste;Monte Azul Paulista (SP);Monte Azul Paulista;18151;1;Pequeno I;263,462
353160;3531605;SP;35;3;Região Sudeste;Monte Castelo (SP);Monte Castelo;4222;1;Pequeno I;233,547
353170;3531704;SP;35;3;Região Sudeste;Monteiro Lobato (SP);Monteiro Lobato;4138;1;Pequeno I;332,742
353180;3531803;SP;35;3;Região Sudeste;Monte Mor (SP);Monte Mor;64662;3;Médio;240,566
353190;3531902;SP;35;3;Região Sudeste;Morro Agudo (SP);Morro Agudo;27933;2;Pequeno II;1388,127
353200;3532009;SP;35;3;Região Sudeste;Morungaba (SP);Morungaba;13720;1;Pequeno I;146,752
353205;3532058;SP;35;3;Região Sudeste;Motuca (SP);Motuca;4034;1;Pequeno I;228,7
353210;3532108;SP;35;3;Região Sudeste;Murutinga do Sul (SP);Murutinga do Sul;3737;1;Pequeno I;250,873
353215;3532157;SP;35;3;Região Sudeste;Nantes (SP);Nantes;2660;1;Pequeno I;286,647
353220;3532207;SP;35;3;Região Sudeste;Narandiba (SP);Narandiba;5713;1;Pequeno I;357,325
353230;3532306;SP;35;3;Região Sudeste;Natividade da Serra (SP);Natividade da Serra;6999;1;Pequeno I;833,372
353240;3532405;SP;35;3;Região Sudeste;Nazaré Paulista (SP);Nazaré Paulista;18217;1;Pequeno I;326,254
353250;3532504;SP;35;3;Região Sudeste;Neves Paulista (SP);Neves Paulista;9699;1;Pequeno I;219,05
353260;3532603;SP;35;3;Região Sudeste;Nhandeara (SP);Nhandeara;9852;1;Pequeno I;436,159
353270;3532702;SP;35;3;Região Sudeste;Nipoã (SP);Nipoã;4750;1;Pequeno I;137,609
353280;3532801;SP;35;3;Região Sudeste;Nova Aliança (SP);Nova Aliança;6693;1;Pequeno I;217,515
353282;3532827;SP;35;3;Região Sudeste;Nova Campina (SP);Nova Campina;8497;1;Pequeno I;385,375
353284;3532843;SP;35;3;Região Sudeste;Nova Canaã Paulista (SP);Nova Canaã Paulista;2032;1;Pequeno I;124,473
353286;3532868;SP;35;3;Região Sudeste;Nova Castilho (SP);Nova Castilho;1062;1;Pequeno I;183,396
353290;3532900;SP;35;3;Região Sudeste;Nova Europa (SP);Nova Europa;9311;1;Pequeno I;160,25
353300;3533007;SP;35;3;Região Sudeste;Nova Granada (SP);Nova Granada;19419;1;Pequeno I;531,796
353310;3533106;SP;35;3;Região Sudeste;Nova Guataporanga (SP);Nova Guataporanga;2156;1;Pequeno I;34,158
353320;3533205;SP;35;3;Região Sudeste;Nova Independência (SP);Nova Independência;4609;1;Pequeno I;265,029
353325;3533254;SP;35;3;Região Sudeste;Novais (SP);Novais;4412;1;Pequeno I;117,772
353330;3533304;SP;35;3;Região Sudeste;Nova Luzitânia (SP);Nova Luzitânia;2837;1;Pequeno I;73,816
353340;3533403;SP;35;3;Região Sudeste;Nova Odessa (SP);Nova Odessa;62019;3;Médio;73,788
353350;3533502;SP;35;3;Região Sudeste;Novo Horizonte (SP);Novo Horizonte;38324;2;Pequeno II;931,743
353360;3533601;SP;35;3;Região Sudeste;Nuporanga (SP);Nuporanga;7391;1;Pequeno I;348,265
353370;3533700;SP;35;3;Região Sudeste;Ocauçu (SP);Ocauçu;4331;1;Pequeno I;301,036
353380;3533809;SP;35;3;Região Sudeste;Óleo (SP);Óleo;2512;1;Pequeno I;198,938
353390;3533908;SP;35;3;Região Sudeste;Olímpia (SP);Olímpia;55074;3;Médio;802,555
353400;3534005;SP;35;3;Região Sudeste;Onda Verde (SP);Onda Verde;4771;1;Pequeno I;242,946
353410;3534104;SP;35;3;Região Sudeste;Oriente (SP);Oriente;6085;1;Pequeno I;218,668
353420;3534203;SP;35;3;Região Sudeste;Orindiúva (SP);Orindiúva;6024;1;Pequeno I;247,378
353430;3534302;SP;35;3;Região Sudeste;Orlândia (SP);Orlândia;38319;2;Pequeno II;291,765
353440;3534401;SP;35;3;Região Sudeste;Osasco (SP);Osasco;728615;4;Grande;64,954
353450;3534500;SP;35;3;Região Sudeste;Oscar Bressane (SP);Oscar Bressane;2470;1;Pequeno I;222,13
353460;3534609;SP;35;3;Região Sudeste;Osvaldo Cruz (SP);Osvaldo Cruz;31272;2;Pequeno II;248,038
353470;3534708;SP;35;3;Região Sudeste;Ourinhos (SP);Ourinhos;103970;4;Grande;295,818
353475;3534757;SP;35;3;Região Sudeste;Ouroeste (SP);Ouroeste;10294;1;Pequeno I;288,648
353480;3534807;SP;35;3;Região Sudeste;Ouro Verde (SP);Ouro Verde;7779;1;Pequeno I;266,778
353490;3534906;SP;35;3;Região Sudeste;Pacaembu (SP);Pacaembu;14877;1;Pequeno I;339,375
353500;3535002;SP;35;3;Região Sudeste;Palestina (SP);Palestina;11476;1;Pequeno I;697,701
353510;3535101;SP;35;3;Região Sudeste;Palmares Paulista (SP);Palmares Paulista;9650;1;Pequeno I;82,125
353520;3535200;SP;35;3;Região Sudeste;Palmeira d'Oeste (SP);Palmeira D´oeste;8903;1;Pequeno I;318,74
353530;3535309;SP;35;3;Região Sudeste;Palmital (SP);Palmital;19594;1;Pequeno I;548,407
353540;3535408;SP;35;3;Região Sudeste;Panorama (SP);Panorama;14964;1;Pequeno I;356,05
353550;3535507;SP;35;3;Região Sudeste;Paraguaçu Paulista (SP);Paraguaçu Paulista;41120;2;Pequeno II;1001,492
353560;3535606;SP;35;3;Região Sudeste;Paraibuna (SP);Paraibuna;17667;1;Pequeno I;809,576
353570;3535705;SP;35;3;Região Sudeste;Paraíso (SP);Paraíso;6099;1;Pequeno I;155,186
353580;3535804;SP;35;3;Região Sudeste;Paranapanema (SP);Paranapanema;19395;1;Pequeno I;1018,724
353590;3535903;SP;35;3;Região Sudeste;Paranapuã (SP);Paranapuã;4031;1;Pequeno I;140,354
353600;3536000;SP;35;3;Região Sudeste;Parapuã (SP);Parapuã;10580;1;Pequeno I;366,664
353610;3536109;SP;35;3;Região Sudeste;Pardinho (SP);Pardinho;7153;1;Pequeno I;209,894
353620;3536208;SP;35;3;Região Sudeste;Pariquera-Açu (SP);Pariquera-açu;19233;1;Pequeno I;359,414
353625;3536257;SP;35;3;Região Sudeste;Parisi (SP);Parisi;2892;1;Pequeno I;84,737
353630;3536307;SP;35;3;Região Sudeste;Patrocínio Paulista (SP);Patrocínio Paulista;14512;1;Pequeno I;602,848
353640;3536406;SP;35;3;Região Sudeste;Paulicéia (SP);Paulicéia;7955;1;Pequeno I;374,091
353650;3536505;SP;35;3;Região Sudeste;Paulínia (SP);Paulínia;110537;4;Grande;138,777
353657;3536570;SP;35;3;Região Sudeste;Paulistânia (SP);Paulistânia;2090;1;Pequeno I;256,178
353660;3536604;SP;35;3;Região Sudeste;Paulo de Faria (SP);Paulo de Faria;7400;1;Pequeno I;737,986
353670;3536703;SP;35;3;Região Sudeste;Pederneiras (SP);Pederneiras;44827;2;Pequeno II;727,482
353680;3536802;SP;35;3;Região Sudeste;Pedra Bela (SP);Pedra Bela;6557;1;Pequeno I;158,587
353690;3536901;SP;35;3;Região Sudeste;Pedranópolis (SP);Pedranópolis;2787;1;Pequeno I;260,101
353700;3537008;SP;35;3;Região Sudeste;Pedregulho (SP);Pedregulho;15525;1;Pequeno I;712,604
353710;3537107;SP;35;3;Região Sudeste;Pedreira (SP);Pedreira;43112;2;Pequeno II;108,817
353715;3537156;SP;35;3;Região Sudeste;Pedrinhas Paulista (SP);Pedrinhas Paulista;2804;1;Pequeno I;152,309
353720;3537206;SP;35;3;Região Sudeste;Pedro de Toledo (SP);Pedro de Toledo;11281;1;Pequeno I;670,44
353730;3537305;SP;35;3;Região Sudeste;Penápolis (SP);Penápolis;61679;3;Médio;711,315
353740;3537404;SP;35;3;Região Sudeste;Pereira Barreto (SP);Pereira Barreto;24095;2;Pequeno II;974,247
353750;3537503;SP;35;3;Região Sudeste;Pereiras (SP);Pereiras;8737;1;Pequeno I;223,136
353760;3537602;SP;35;3;Região Sudeste;Peruíbe (SP);Peruíbe;68352;3;Médio;326,216
353770;3537701;SP;35;3;Região Sudeste;Piacatu (SP);Piacatu;5519;1;Pequeno I;232,488
353780;3537800;SP;35;3;Região Sudeste;Piedade (SP);Piedade;52970;3;Médio;746,868
353790;3537909;SP;35;3;Região Sudeste;Pilar do Sul (SP);Pilar do Sul;27619;2;Pequeno II;681,248
353800;3538006;SP;35;3;Região Sudeste;Pindamonhangaba (SP);Pindamonhangaba;165428;4;Grande;731,355
353810;3538105;SP;35;3;Região Sudeste;Pindorama (SP);Pindorama;14542;1;Pequeno I;184,825
353820;3538204;SP;35;3;Região Sudeste;Pinhalzinho (SP);Pinhalzinho;15224;1;Pequeno I;154,529
353830;3538303;SP;35;3;Região Sudeste;Piquerobi (SP);Piquerobi;3264;1;Pequeno I;482,769
353850;3538501;SP;35;3;Região Sudeste;Piquete (SP);Piquete;12490;1;Pequeno I;175,996
353860;3538600;SP;35;3;Região Sudeste;Piracaia (SP);Piracaia;26029;2;Pequeno II;385,568
353870;3538709;SP;35;3;Região Sudeste;Piracicaba (SP);Piracicaba;423323;4;Grande;1378,069
353880;3538808;SP;35;3;Região Sudeste;Piraju (SP);Piraju;29436;2;Pequeno II;504,591
353890;3538907;SP;35;3;Região Sudeste;Pirajuí (SP);Pirajuí;22431;2;Pequeno II;823,758
353900;3539004;SP;35;3;Região Sudeste;Pirangi (SP);Pirangi;10885;1;Pequeno I;215,809
353910;3539103;SP;35;3;Região Sudeste;Pirapora do Bom Jesus (SP);Pirapora do Bom Jesus;18370;1;Pequeno I;108,489
353920;3539202;SP;35;3;Região Sudeste;Pirapozinho (SP);Pirapozinho;25348;2;Pequeno II;477,673
353930;3539301;SP;35;3;Região Sudeste;Pirassununga (SP);Pirassununga;73545;3;Médio;727,118
353940;3539400;SP;35;3;Região Sudeste;Piratininga (SP);Piratininga;15108;1;Pequeno I;402,409
353950;3539509;SP;35;3;Região Sudeste;Pitangueiras (SP);Pitangueiras;33674;2;Pequeno II;430,638
353960;3539608;SP;35;3;Região Sudeste;Planalto (SP);Planalto;4389;1;Pequeno I;289,825
353970;3539707;SP;35;3;Região Sudeste;Platina (SP);Platina;3025;1;Pequeno I;327,48
353980;3539806;SP;35;3;Região Sudeste;Poá (SP);Poá;103765;4;Grande;17,264
353990;3539905;SP;35;3;Região Sudeste;Poloni (SP);Poloni;5592;1;Pequeno I;135,12
354000;3540002;SP;35;3;Região Sudeste;Pompéia (SP);Pompéia;20196;2;Pequeno II;784,674
354010;3540101;SP;35;3;Região Sudeste;Pongaí (SP);Pongaí;3395;1;Pequeno I;183,399
354020;3540200;SP;35;3;Região Sudeste;Pontal (SP);Pontal;37607;2;Pequeno II;356,371
354025;3540259;SP;35;3;Região Sudeste;Pontalinda (SP);Pontalinda;4127;1;Pequeno I;209,525
354030;3540309;SP;35;3;Região Sudeste;Pontes Gestal (SP);Pontes Gestal;2387;1;Pequeno I;217,505
354040;3540408;SP;35;3;Região Sudeste;Populina (SP);Populina;4127;1;Pequeno I;315,938
354050;3540507;SP;35;3;Região Sudeste;Porangaba (SP);Porangaba;10451;1;Pequeno I;265,689
354060;3540606;SP;35;3;Região Sudeste;Porto Feliz (SP);Porto Feliz;56497;3;Médio;556,706
354070;3540705;SP;35;3;Região Sudeste;Porto Ferreira (SP);Porto Ferreira;52649;3;Médio;244,906
354075;3540754;SP;35;3;Região Sudeste;Potim (SP);Potim;20392;2;Pequeno II;44,643
354080;3540804;SP;35;3;Região Sudeste;Potirendaba (SP);Potirendaba;18496;1;Pequeno I;342,492
354085;3540853;SP;35;3;Região Sudeste;Pracinha (SP);Pracinha;2578;1;Pequeno I;63,054
354090;3540903;SP;35;3;Região Sudeste;Pradópolis (SP);Pradópolis;17078;1;Pequeno I;167,378
354100;3541000;SP;35;3;Região Sudeste;Praia Grande (SP);Praia Grande;349935;4;Grande;149,652
354105;3541059;SP;35;3;Região Sudeste;Pratânia (SP);Pratânia;5126;1;Pequeno I;175,1
354110;3541109;SP;35;3;Região Sudeste;Presidente Alves (SP);Presidente Alves;3804;1;Pequeno I;286,642
354120;3541208;SP;35;3;Região Sudeste;Presidente Bernardes (SP);Presidente Bernardes;14490;1;Pequeno I;749,233
354130;3541307;SP;35;3;Região Sudeste;Presidente Epitácio (SP);Presidente Epitácio;39505;2;Pequeno II;1260,281
354140;3541406;SP;35;3;Região Sudeste;Presidente Prudente (SP);Presidente Prudente;225668;4;Grande;560,637
354150;3541505;SP;35;3;Região Sudeste;Presidente Venceslau (SP);Presidente Venceslau;35201;2;Pequeno II;755,203
354160;3541604;SP;35;3;Região Sudeste;Promissão (SP);Promissão;35131;2;Pequeno II;779,2
354165;3541653;SP;35;3;Região Sudeste;Quadra (SP);Quadra;3405;1;Pequeno I;205,672
354170;3541703;SP;35;3;Região Sudeste;Quatá (SP);Quatá;13163;1;Pequeno I;651,341
354180;3541802;SP;35;3;Região Sudeste;Queiroz (SP);Queiroz;3265;1;Pequeno I;234,914
354190;3541901;SP;35;3;Região Sudeste;Queluz (SP);Queluz;9159;1;Pequeno I;249,399
354200;3542008;SP;35;3;Região Sudeste;Quintana (SP);Quintana;7038;1;Pequeno I;318,937
354210;3542107;SP;35;3;Região Sudeste;Rafard (SP);Rafard;8965;1;Pequeno I;121,645
354220;3542206;SP;35;3;Região Sudeste;Rancharia (SP);Rancharia;28588;2;Pequeno II;1587,498
354230;3542305;SP;35;3;Região Sudeste;Redenção da Serra (SP);Redenção da Serra;4494;1;Pequeno I;309,441
354240;3542404;SP;35;3;Região Sudeste;Regente Feijó (SP);Regente Feijó;20145;2;Pequeno II;263,28
354250;3542503;SP;35;3;Região Sudeste;Reginópolis (SP);Reginópolis;7662;1;Pequeno I;410,406
354260;3542602;SP;35;3;Região Sudeste;Registro (SP);Registro;59947;3;Médio;722,201
354270;3542701;SP;35;3;Região Sudeste;Restinga (SP);Restinga;6404;1;Pequeno I;245,746
354280;3542800;SP;35;3;Região Sudeste;Ribeira (SP);Ribeira;3132;1;Pequeno I;335,759
354290;3542909;SP;35;3;Região Sudeste;Ribeirão Bonito (SP);Ribeirão Bonito;10989;1;Pequeno I;471,553
354300;3543006;SP;35;3;Região Sudeste;Ribeirão Branco (SP);Ribeirão Branco;18627;1;Pequeno I;697,5
354310;3543105;SP;35;3;Região Sudeste;Ribeirão Corrente (SP);Ribeirão Corrente;4608;1;Pequeno I;148,332
354320;3543204;SP;35;3;Região Sudeste;Ribeirão do Sul (SP);Ribeirão do Sul;4677;1;Pequeno I;203,208
354323;3543238;SP;35;3;Região Sudeste;Ribeirão dos Índios (SP);Ribeirão Dos Índios;2025;1;Pequeno I;196,446
354325;3543253;SP;35;3;Região Sudeste;Ribeirão Grande (SP);Ribeirão Grande;7450;1;Pequeno I;333,363
354330;3543303;SP;35;3;Região Sudeste;Ribeirão Pires (SP);Ribeirão Pires;115559;4;Grande;98,972
354340;3543402;SP;35;3;Região Sudeste;Ribeirão Preto (SP);Ribeirão Preto;698642;4;Grande;650,916
354350;3543501;SP;35;3;Região Sudeste;Riversul (SP);Riversul;5599;1;Pequeno I;385,878
354360;3543600;SP;35;3;Região Sudeste;Rifaina (SP);Rifaina;4049;1;Pequeno I;162,508
354370;3543709;SP;35;3;Região Sudeste;Rincão (SP);Rincão;9098;1;Pequeno I;316,639
354380;3543808;SP;35;3;Região Sudeste;Rinópolis (SP);Rinópolis;9259;1;Pequeno I;358,481
354390;3543907;SP;35;3;Região Sudeste;Rio Claro (SP);Rio Claro;201418;4;Grande;498,422
354400;3544004;SP;35;3;Região Sudeste;Rio das Pedras (SP);Rio Das Pedras;31328;2;Pequeno II;226,657
354410;3544103;SP;35;3;Região Sudeste;Rio Grande da Serra (SP);Rio Grande da Serra;44170;2;Pequeno II;36,341
354420;3544202;SP;35;3;Região Sudeste;Riolândia (SP);Riolândia;10309;1;Pequeno I;631,897
354425;3544251;SP;35;3;Região Sudeste;Rosana (SP);Rosana;17440;1;Pequeno I;744,011
354430;3544301;SP;35;3;Região Sudeste;Roseira (SP);Roseira;10832;1;Pequeno I;129,847
354440;3544400;SP;35;3;Região Sudeste;Rubiácea (SP);Rubiácea;2700;1;Pequeno I;236,484
354450;3544509;SP;35;3;Região Sudeste;Rubinéia (SP);Rubinéia;3833;1;Pequeno I;242,877
354460;3544608;SP;35;3;Região Sudeste;Sabino (SP);Sabino;5112;1;Pequeno I;305,285
354470;3544707;SP;35;3;Região Sudeste;Sagres (SP);Sagres;2474;1;Pequeno I;147,935
354480;3544806;SP;35;3;Região Sudeste;Sales (SP);Sales;6437;1;Pequeno I;308,555
354490;3544905;SP;35;3;Região Sudeste;Sales Oliveira (SP);Sales Oliveira;11411;1;Pequeno I;305,776
354500;3545001;SP;35;3;Região Sudeste;Salesópolis (SP);Salesópolis;15202;1;Pequeno I;424,997
354510;3545100;SP;35;3;Região Sudeste;Salmourão (SP);Salmourão;4808;1;Pequeno I;172,934
354515;3545159;SP;35;3;Região Sudeste;Saltinho (SP);Saltinho;8161;1;Pequeno I;99,738
354520;3545209;SP;35;3;Região Sudeste;Salto (SP);Salto;134319;4;Grande;133,057
354530;3545308;SP;35;3;Região Sudeste;Salto de Pirapora (SP);Salto de Pirapora;43748;2;Pequeno II;280,412
354540;3545407;SP;35;3;Região Sudeste;Salto Grande (SP);Salto Grande;9050;1;Pequeno I;188,441
354550;3545506;SP;35;3;Região Sudeste;Sandovalina (SP);Sandovalina;3645;1;Pequeno I;455,856
354560;3545605;SP;35;3;Região Sudeste;Santa Adélia (SP);Santa Adélia;14018;1;Pequeno I;330,269
354570;3545704;SP;35;3;Região Sudeste;Santa Albertina (SP);Santa Albertina;6393;1;Pequeno I;272,692
354580;3545803;SP;35;3;Região Sudeste;Santa Bárbara d'Oeste (SP);Santa Bárbara D´oeste;183347;4;Grande;271,03
354600;3546009;SP;35;3;Região Sudeste;Santa Branca (SP);Santa Branca;13975;1;Pequeno I;272,238
354610;3546108;SP;35;3;Região Sudeste;Santa Clara d'Oeste (SP);Santa Clara D´oeste;2598;1;Pequeno I;183,458
354620;3546207;SP;35;3;Região Sudeste;Santa Cruz da Conceição (SP);Santa Cruz da Conceição;4277;1;Pequeno I;150,13
354625;3546256;SP;35;3;Região Sudeste;Santa Cruz da Esperança (SP);Santa Cruz da Esperança;2116;1;Pequeno I;148,062
354630;3546306;SP;35;3;Região Sudeste;Santa Cruz das Palmeiras (SP);Santa Cruz Das Palmeiras;28864;2;Pequeno II;295,337
354640;3546405;SP;35;3;Região Sudeste;Santa Cruz do Rio Pardo (SP);Santa Cruz do Rio Pardo;46442;2;Pequeno II;1114,747
354650;3546504;SP;35;3;Região Sudeste;Santa Ernestina (SP);Santa Ernestina;6118;1;Pequeno I;134,421
354660;3546603;SP;35;3;Região Sudeste;Santa Fé do Sul (SP);Santa fé do Sul;34794;2;Pequeno II;206,537
354670;3546702;SP;35;3;Região Sudeste;Santa Gertrudes (SP);Santa Gertrudes;23611;2;Pequeno II;98,291
354680;3546801;SP;35;3;Região Sudeste;Santa Isabel (SP);Santa Isabel;53174;3;Médio;363,332
354690;3546900;SP;35;3;Região Sudeste;Santa Lúcia (SP);Santa Lúcia;7149;1;Pequeno I;153,86
354700;3547007;SP;35;3;Região Sudeste;Santa Maria da Serra (SP);Santa Maria da Serra;5243;1;Pequeno I;252,621
354710;3547106;SP;35;3;Região Sudeste;Santa Mercedes (SP);Santa Mercedes;2956;1;Pequeno I;166,753
354720;3547205;SP;35;3;Região Sudeste;Santana da Ponte Pensa (SP);Santana da Ponte Pensa;1670;1;Pequeno I;129,888
354730;3547304;SP;35;3;Região Sudeste;Santana de Parnaíba (SP);Santana de Parnaíba;154105;4;Grande;179,949
354740;3547403;SP;35;3;Região Sudeste;Santa Rita d'Oeste (SP);Santa Rita D´oeste;2733;1;Pequeno I;209,8
354750;3547502;SP;35;3;Região Sudeste;Santa Rita do Passa Quatro (SP);Santa Rita do Passa Quatro;24833;2;Pequeno II;754,141
354760;3547601;SP;35;3;Região Sudeste;Santa Rosa de Viterbo (SP);Santa Rosa de Viterbo;23411;2;Pequeno II;288,576
354765;3547650;SP;35;3;Região Sudeste;Santa Salete (SP);Santa Salete;1645;1;Pequeno I;79,192
354770;3547700;SP;35;3;Região Sudeste;Santo Anastácio (SP);Santo Anastácio;17963;1;Pequeno I;552,876
354780;3547809;SP;35;3;Região Sudeste;Santo André (SP);Santo André;748919;4;Grande;175,782
354790;3547908;SP;35;3;Região Sudeste;Santo Antônio da Alegria (SP);Santo Antônio da Alegria;6775;1;Pequeno I;310,311
354800;3548005;SP;35;3;Região Sudeste;Santo Antônio de Posse (SP);Santo Antônio de Posse;23244;2;Pequeno II;154,133
354805;3548054;SP;35;3;Região Sudeste;Santo Antônio do Aracanguá (SP);Santo Antônio do Aracanguá;8379;1;Pequeno I;1308,432
354810;3548104;SP;35;3;Região Sudeste;Santo Antônio do Jardim (SP);Santo Antônio do Jardim;6126;1;Pequeno I;109,956
354820;3548203;SP;35;3;Região Sudeste;Santo Antônio do Pinhal (SP);Santo Antônio do Pinhal;7133;1;Pequeno I;133,008
354830;3548302;SP;35;3;Região Sudeste;Santo Expedito (SP);Santo Expedito;3000;1;Pequeno I;94,465
354840;3548401;SP;35;3;Região Sudeste;Santópolis do Aguapeí (SP);Santópolis do Aguapeí;3899;1;Pequeno I;128,026
354850;3548500;SP;35;3;Região Sudeste;Santos (SP);Santos;418608;4;Grande;281,033
354860;3548609;SP;35;3;Região Sudeste;São Bento do Sapucaí (SP);São Bento do Sapucaí;11674;1;Pequeno I;252,579
354870;3548708;SP;35;3;Região Sudeste;São Bernardo do Campo (SP);São Bernardo do Campo;810729;4;Grande;409,532
354880;3548807;SP;35;3;Região Sudeste;São Caetano do Sul (SP);São Caetano do Sul;165655;4;Grande;15,331
354890;3548906;SP;35;3;Região Sudeste;São Carlos (SP);São Carlos;254857;4;Grande;1136,907
354900;3549003;SP;35;3;Região Sudeste;São Francisco (SP);São Francisco;2602;1;Pequeno I;75,579
354910;3549102;SP;35;3;Região Sudeste;São João da Boa Vista (SP);São João da Boa Vista;92547;3;Médio;516,399
354920;3549201;SP;35;3;Região Sudeste;São João das Duas Pontes (SP);São João Das Duas Pontes;2580;1;Pequeno I;129,462
354925;3549250;SP;35;3;Região Sudeste;São João de Iracema (SP);São João de Iracema;1846;1;Pequeno I;178,396
354930;3549300;SP;35;3;Região Sudeste;São João do Pau d'Alho (SP);São João do Pau D´alho;2242;1;Pequeno I;117,665
354940;3549409;SP;35;3;Região Sudeste;São Joaquim da Barra (SP);São Joaquim da Barra;48558;2;Pequeno II;410,863
354950;3549508;SP;35;3;Região Sudeste;São José da Bela Vista (SP);São José da Bela Vista;7626;1;Pequeno I;276,952
354960;3549607;SP;35;3;Região Sudeste;São José do Barreiro (SP);São José do Barreiro;3853;1;Pequeno I;570,685
354970;3549706;SP;35;3;Região Sudeste;São José do Rio Pardo (SP);São José do Rio Pardo;52205;3;Médio;419,684
354980;3549805;SP;35;3;Região Sudeste;São José do Rio Preto (SP);São José do Rio Preto;480393;4;Grande;431,944
354990;3549904;SP;35;3;Região Sudeste;São José dos Campos (SP);São José Dos Campos;697054;4;Grande;1099,409
354995;3549953;SP;35;3;Região Sudeste;São Lourenço da Serra (SP);São Lourenço da Serra;16067;1;Pequeno I;186,456
355000;3550001;SP;35;3;Região Sudeste;São Luiz do Paraitinga (SP);São Luís do Paraitinga;10337;1;Pequeno I;617,315
355010;3550100;SP;35;3;Região Sudeste;São Manuel (SP);São Manuel;37289;2;Pequeno II;650,734
355020;3550209;SP;35;3;Região Sudeste;São Miguel Arcanjo (SP);São Miguel Arcanjo;32039;2;Pequeno II;930,339
355030;3550308;SP;35;3;Região Sudeste;São Paulo (SP);São Paulo;11451999;5;Metrópole;1521,202
355040;3550407;SP;35;3;Região Sudeste;São Pedro (SP);São Pedro;38256;2;Pequeno II;611,278
355050;3550506;SP;35;3;Região Sudeste;São Pedro do Turvo (SP);São Pedro do Turvo;7217;1;Pequeno I;731,221
355060;3550605;SP;35;3;Região Sudeste;São Roque (SP);São Roque;79484;3;Médio;306,908
355070;3550704;SP;35;3;Região Sudeste;São Sebastião (SP);São Sebastião;81595;3;Médio;402,395
355080;3550803;SP;35;3;Região Sudeste;São Sebastião da Grama (SP);São Sebastião da Grama;10441;1;Pequeno I;252,41
355090;3550902;SP;35;3;Região Sudeste;São Simão (SP);São Simão;13442;1;Pequeno I;617,252
355100;3551009;SP;35;3;Região Sudeste;São Vicente (SP);São Vicente;329911;4;Grande;148,151
355110;3551108;SP;35;3;Região Sudeste;Sarapuí (SP);Sarapuí;10369;1;Pequeno I;352,592
355120;3551207;SP;35;3;Região Sudeste;Sarutaiá (SP);Sarutaiá;3704;1;Pequeno I;141,608
355130;3551306;SP;35;3;Região Sudeste;Sebastianópolis do Sul (SP);Sebastianópolis do Sul;3130;1;Pequeno I;167,848
355140;3551405;SP;35;3;Região Sudeste;Serra Azul (SP);Serra Azul;12746;1;Pequeno I;283,144
355150;3551504;SP;35;3;Região Sudeste;Serrana (SP);Serrana;43909;2;Pequeno II;126,046
355160;3551603;SP;35;3;Região Sudeste;Serra Negra (SP);Serra Negra;29894;2;Pequeno II;203,734
355170;3551702;SP;35;3;Região Sudeste;Sertãozinho (SP);Sertãozinho;126887;4;Grande;403,089
355180;3551801;SP;35;3;Região Sudeste;Sete Barras (SP);Sete Barras;12730;1;Pequeno I;1062,699
355190;3551900;SP;35;3;Região Sudeste;Severínia (SP);Severínia;14576;1;Pequeno I;140,46
355200;3552007;SP;35;3;Região Sudeste;Silveiras (SP);Silveiras;6186;1;Pequeno I;414,782
355210;3552106;SP;35;3;Região Sudeste;Socorro (SP);Socorro;40122;2;Pequeno II;449,029
355220;3552205;SP;35;3;Região Sudeste;Sorocaba (SP);Sorocaba;723682;4;Grande;449,872
355230;3552304;SP;35;3;Região Sudeste;Sud Mennucci (SP);Sud Mennucci;7355;1;Pequeno I;594,744
355240;3552403;SP;35;3;Região Sudeste;Sumaré (SP);Sumaré;279545;4;Grande;153,465
355250;3552502;SP;35;3;Região Sudeste;Suzano (SP);Suzano;307429;4;Grande;206,236
355255;3552551;SP;35;3;Região Sudeste;Suzanápolis (SP);Suzanápolis;3408;1;Pequeno I;330,587
355260;3552601;SP;35;3;Região Sudeste;Tabapuã (SP);Tabapuã;11323;1;Pequeno I;345,792
355270;3552700;SP;35;3;Região Sudeste;Tabatinga (SP);Tabatinga;14769;1;Pequeno I;368,604
355280;3552809;SP;35;3;Região Sudeste;Taboão da Serra (SP);Taboão da Serra;273542;4;Grande;20,388
355290;3552908;SP;35;3;Região Sudeste;Taciba (SP);Taciba;6260;1;Pequeno I;607,267
355300;3553005;SP;35;3;Região Sudeste;Taguaí (SP);Taguaí;12669;1;Pequeno I;145,332
355310;3553104;SP;35;3;Região Sudeste;Taiaçu (SP);Taiaçu;5677;1;Pequeno I;107,059
355320;3553203;SP;35;3;Região Sudeste;Taiúva (SP);Taiúva;6548;1;Pequeno I;132,459
355330;3553302;SP;35;3;Região Sudeste;Tambaú (SP);Tambaú;21435;2;Pequeno II;561,788
355340;3553401;SP;35;3;Região Sudeste;Tanabi (SP);Tanabi;25265;2;Pequeno II;747,218
355350;3553500;SP;35;3;Região Sudeste;Tapiraí (SP);Tapiraí;7996;1;Pequeno I;755,1
355360;3553609;SP;35;3;Região Sudeste;Tapiratiba (SP);Tapiratiba;11816;1;Pequeno I;221,891
355365;3553658;SP;35;3;Região Sudeste;Taquaral (SP);Taquaral;2619;1;Pequeno I;53,892
355370;3553708;SP;35;3;Região Sudeste;Taquaritinga (SP);Taquaritinga;52260;3;Médio;594,335
355380;3553807;SP;35;3;Região Sudeste;Taquarituba (SP);Taquarituba;24350;2;Pequeno II;448,515
355385;3553856;SP;35;3;Região Sudeste;Taquarivaí (SP);Taquarivaí;6876;1;Pequeno I;231,792
355390;3553906;SP;35;3;Região Sudeste;Tarabai (SP);Tarabai;6536;1;Pequeno I;201,385
355395;3553955;SP;35;3;Região Sudeste;Tarumã (SP);Tarumã;14882;1;Pequeno I;302,913
355400;3554003;SP;35;3;Região Sudeste;Tatuí (SP);Tatuí;123942;4;Grande;523,749
355410;3554102;SP;35;3;Região Sudeste;Taubaté (SP);Taubaté;310739;4;Grande;625,003
355420;3554201;SP;35;3;Região Sudeste;Tejupá (SP);Tejupá;4127;1;Pequeno I;296,189
355430;3554300;SP;35;3;Região Sudeste;Teodoro Sampaio (SP);Teodoro Sampaio;22173;2;Pequeno II;1555,803
355440;3554409;SP;35;3;Região Sudeste;Terra Roxa (SP);Terra Roxa;7904;1;Pequeno I;221,541
355450;3554508;SP;35;3;Região Sudeste;Tietê (SP);Tietê;37663;2;Pequeno II;404,396
355460;3554607;SP;35;3;Região Sudeste;Timburi (SP);Timburi;2464;1;Pequeno I;196,79
355465;3554656;SP;35;3;Região Sudeste;Torre de Pedra (SP);Torre de Pedra;2046;1;Pequeno I;71,348
355470;3554706;SP;35;3;Região Sudeste;Torrinha (SP);Torrinha;9335;1;Pequeno I;315,267
355475;3554755;SP;35;3;Região Sudeste;Trabiju (SP);Trabiju;1682;1;Pequeno I;63,421
355480;3554805;SP;35;3;Região Sudeste;Tremembé (SP);Tremembé;51173;3;Médio;191,094
355490;3554904;SP;35;3;Região Sudeste;Três Fronteiras (SP);Três Fronteiras;6804;1;Pequeno I;151,594
355495;3554953;SP;35;3;Região Sudeste;Tuiuti (SP);Tuiuti;6778;1;Pequeno I;126,731
355500;3555000;SP;35;3;Região Sudeste;Tupã (SP);Tupã;63928;3;Médio;627,986
355510;3555109;SP;35;3;Região Sudeste;Tupi Paulista (SP);Tupi Paulista;15854;1;Pequeno I;244,77
355520;3555208;SP;35;3;Região Sudeste;Turiúba (SP);Turiúba;1818;1;Pequeno I;153,235
355530;3555307;SP;35;3;Região Sudeste;Turmalina (SP);Turmalina;1669;1;Pequeno I;147,797
355535;3555356;SP;35;3;Região Sudeste;Ubarana (SP);Ubarana;5365;1;Pequeno I;209,861
355540;3555406;SP;35;3;Região Sudeste;Ubatuba (SP);Ubatuba;92981;3;Médio;708,105
355550;3555505;SP;35;3;Região Sudeste;Ubirajara (SP);Ubirajara;5132;1;Pequeno I;282,179
355560;3555604;SP;35;3;Região Sudeste;Uchoa (SP);Uchoa;10394;1;Pequeno I;252,434
355570;3555703;SP;35;3;Região Sudeste;União Paulista (SP);União Paulista;1603;1;Pequeno I;79,056
355580;3555802;SP;35;3;Região Sudeste;Urânia (SP);Urânia;8833;1;Pequeno I;209,262
355590;3555901;SP;35;3;Região Sudeste;Uru (SP);Uru;1387;1;Pequeno I;146,901
355600;3556008;SP;35;3;Região Sudeste;Urupês (SP);Urupês;13744;1;Pequeno I;323,916
355610;3556107;SP;35;3;Região Sudeste;Valentim Gentil (SP);Valentim Gentil;14098;1;Pequeno I;149,741
355620;3556206;SP;35;3;Região Sudeste;Valinhos (SP);Valinhos;126373;4;Grande;148,538
355630;3556305;SP;35;3;Região Sudeste;Valparaíso (SP);Valparaíso;24241;2;Pequeno II;857,661
355635;3556354;SP;35;3;Região Sudeste;Vargem (SP);Vargem;10512;1;Pequeno I;142,595
355640;3556404;SP;35;3;Região Sudeste;Vargem Grande do Sul (SP);Vargem Grande do Sul;40133;2;Pequeno II;267,178
355645;3556453;SP;35;3;Região Sudeste;Vargem Grande Paulista (SP);Vargem Grande Paulista;50415;3;Médio;42,489
355650;3556503;SP;35;3;Região Sudeste;Várzea Paulista (SP);Várzea Paulista;115771;4;Grande;35,12
355660;3556602;SP;35;3;Região Sudeste;Vera Cruz (SP);Vera Cruz;10176;1;Pequeno I;247,716
355670;3556701;SP;35;3;Região Sudeste;Vinhedo (SP);Vinhedo;76540;3;Médio;80,95
355680;3556800;SP;35;3;Região Sudeste;Viradouro (SP);Viradouro;17414;1;Pequeno I;217,726
355690;3556909;SP;35;3;Região Sudeste;Vista Alegre do Alto (SP);Vista Alegre do Alto;8109;1;Pequeno I;95,429
355695;3556958;SP;35;3;Região Sudeste;Vitória Brasil (SP);Vitória Brasil;1794;1;Pequeno I;49,832
355700;3557006;SP;35;3;Região Sudeste;Votorantim (SP);Votorantim;127923;4;Grande;184,186
355710;3557105;SP;35;3;Região Sudeste;Votuporanga (SP);Votuporanga;96634;3;Médio;420,703
355715;3557154;SP;35;3;Região Sudeste;Zacarias (SP);Zacarias;2692;1;Pequeno I;319,056
355720;3557204;SP;35;3;Região Sudeste;Chavantes (SP);Chavantes;12211;1;Pequeno I;188,727
355730;3557303;SP;35;3;Região Sudeste;Estiva Gerbi (SP);Estiva Gerbi;11295;1;Pequeno I;74,144
410010;4100103;PR;41;4;Região Sul;Abatiá (PR);Abatiá;7241;1;Pequeno I;228,717
410020;4100202;PR;41;4;Região Sul;Adrianópolis (PR);Adrianópolis;6256;1;Pequeno I;1349,311
410030;4100301;PR;41;4;Região Sul;Agudos do Sul (PR);Agudos do Sul;10233;1;Pequeno I;192,261
410040;4100400;PR;41;4;Região Sul;Almirante Tamandaré (PR);Almirante Tamandaré;119825;4;Grande;194,228
410045;4100459;PR;41;4;Região Sul;Altamira do Paraná (PR);Altamira do Paraná;3590;1;Pequeno I;386,945
410050;4100509;PR;41;4;Região Sul;Altônia (PR);Altônia;18742;1;Pequeno I;661,56
410060;4100608;PR;41;4;Região Sul;Alto Paraná (PR);Alto Paraná;13909;1;Pequeno I;407,719
410070;4100707;PR;41;4;Região Sul;Alto Piquiri (PR);Alto Piquiri;9727;1;Pequeno I;447,666
410080;4100806;PR;41;4;Região Sul;Alvorada do Sul (PR);Alvorada do Sul;10326;1;Pequeno I;424,25
410090;4100905;PR;41;4;Região Sul;Amaporã (PR);Amaporã;4762;1;Pequeno I;384,735
410100;4101002;PR;41;4;Região Sul;Ampére (PR);Ampére;19620;1;Pequeno I;298,349
410105;4101051;PR;41;4;Região Sul;Anahy (PR);Anahy;2918;1;Pequeno I;102,895
410110;4101101;PR;41;4;Região Sul;Andirá (PR);Andirá;19878;1;Pequeno I;235,944
410115;4101150;PR;41;4;Região Sul;Ângulo (PR);Ângulo;3235;1;Pequeno I;106,021
410120;4101200;PR;41;4;Região Sul;Antonina (PR);Antonina;18091;1;Pequeno I;891,582
410130;4101309;PR;41;4;Região Sul;Antônio Olinto (PR);Antônio Olinto;7018;1;Pequeno I;469,62
410140;4101408;PR;41;4;Região Sul;Apucarana (PR);Apucarana;130134;4;Grande;556,99
410150;4101507;PR;41;4;Região Sul;Arapongas (PR);Arapongas;119138;4;Grande;382,215
410160;4101606;PR;41;4;Região Sul;Arapoti (PR);Arapoti;25777;2;Pequeno II;1358,176
410165;4101655;PR;41;4;Região Sul;Arapuã (PR);Arapuã;3527;1;Pequeno I;217,371
410170;4101705;PR;41;4;Região Sul;Araruna (PR);Araruna;14485;1;Pequeno I;493,191
410180;4101804;PR;41;4;Região Sul;Araucária (PR);Araucária;151666;4;Grande;469,24
410185;4101853;PR;41;4;Região Sul;Ariranha do Ivaí (PR);Ariranha do Ivaí;2329;1;Pequeno I;234,076
410190;4101903;PR;41;4;Região Sul;Assaí (PR);Assaí;13797;1;Pequeno I;440,347
410200;4102000;PR;41;4;Região Sul;Assis Chateaubriand (PR);Assis Chateaubriand;36808;2;Pequeno II;980,727
410210;4102109;PR;41;4;Região Sul;Astorga (PR);Astorga;25475;2;Pequeno II;434,792
410220;4102208;PR;41;4;Região Sul;Atalaia (PR);Atalaia;3980;1;Pequeno I;137,663
410230;4102307;PR;41;4;Região Sul;Balsa Nova (PR);Balsa Nova;13395;1;Pequeno I;348,926
410240;4102406;PR;41;4;Região Sul;Bandeirantes (PR);Bandeirantes;31273;2;Pequeno II;445,192
410250;4102505;PR;41;4;Região Sul;Barbosa Ferraz (PR);Barbosa Ferraz;10795;1;Pequeno I;538,636
410260;4102604;PR;41;4;Região Sul;Barracão (PR);Barracão;9759;1;Pequeno I;161,213
410270;4102703;PR;41;4;Região Sul;Barra do Jacaré (PR);Barra do Jacaré;2814;1;Pequeno I;115,855
410275;4102752;PR;41;4;Região Sul;Bela Vista da Caroba (PR);Bela Vista da Caroba;4031;1;Pequeno I;148,107
410280;4102802;PR;41;4;Região Sul;Bela Vista do Paraíso (PR);Bela Vista do Paraíso;14833;1;Pequeno I;242,689
410290;4102901;PR;41;4;Região Sul;Bituruna (PR);Bituruna;15533;1;Pequeno I;1234,946
410300;4103008;PR;41;4;Região Sul;Boa Esperança (PR);Boa Esperança;4558;1;Pequeno I;302,739
410302;4103024;PR;41;4;Região Sul;Boa Esperança do Iguaçu (PR);Boa Esperança do Iguaçu;2455;1;Pequeno I;151,797
410304;4103040;PR;41;4;Região Sul;Boa Ventura de São Roque (PR);Boa Ventura de São Roque;6378;1;Pequeno I;620,453
410305;4103057;PR;41;4;Região Sul;Boa Vista da Aparecida (PR);Boa Vista da Aparecida;7924;1;Pequeno I;266,175
410310;4103107;PR;41;4;Região Sul;Bocaiúva do Sul (PR);Bocaiúva do Sul;13299;1;Pequeno I;825,665
410315;4103156;PR;41;4;Região Sul;Bom Jesus do Sul (PR);Bom Jesus do Sul;3980;1;Pequeno I;176,129
410320;4103206;PR;41;4;Região Sul;Bom Sucesso (PR);Bom Sucesso;6581;1;Pequeno I;322,755
410322;4103222;PR;41;4;Região Sul;Bom Sucesso do Sul (PR);Bom Sucesso do Sul;3202;1;Pequeno I;195,931
410330;4103305;PR;41;4;Região Sul;Borrazópolis (PR);Borrazópolis;7735;1;Pequeno I;334,378
410335;4103354;PR;41;4;Região Sul;Braganey (PR);Braganey;4854;1;Pequeno I;343,321
410337;4103370;PR;41;4;Região Sul;Brasilândia do Sul (PR);Brasilândia do Sul;3708;1;Pequeno I;291,036
410340;4103404;PR;41;4;Região Sul;Cafeara (PR);Cafeara;2627;1;Pequeno I;185,8
410345;4103453;PR;41;4;Região Sul;Cafelândia (PR);Cafelândia;18997;1;Pequeno I;274,904
410347;4103479;PR;41;4;Região Sul;Cafezal do Sul (PR);Cafezal do Sul;4473;1;Pequeno I;335,392
410350;4103503;PR;41;4;Região Sul;Califórnia (PR);Califórnia;8710;1;Pequeno I;141,817
410360;4103602;PR;41;4;Região Sul;Cambará (PR);Cambará;23212;2;Pequeno II;366,153
410370;4103701;PR;41;4;Região Sul;Cambé (PR);Cambé;107208;4;Grande;495,375
410380;4103800;PR;41;4;Região Sul;Cambira (PR);Cambira;9460;1;Pequeno I;164,786
410390;4103909;PR;41;4;Região Sul;Campina da Lagoa (PR);Campina da Lagoa;15723;1;Pequeno I;796,614
410395;4103958;PR;41;4;Região Sul;Campina do Simão (PR);Campina do Simão;3936;1;Pequeno I;448,424
410400;4104006;PR;41;4;Região Sul;Campina Grande do Sul (PR);Campina Grande do Sul;47825;2;Pequeno II;539,245
410405;4104055;PR;41;4;Região Sul;Campo Bonito (PR);Campo Bonito;4027;1;Pequeno I;433,832
410410;4104105;PR;41;4;Região Sul;Campo do Tenente (PR);Campo do Tenente;7508;1;Pequeno I;304,488
410420;4104204;PR;41;4;Região Sul;Campo Largo (PR);Campo Largo;136327;4;Grande;1243,551
410425;4104253;PR;41;4;Região Sul;Campo Magro (PR);Campo Magro;30160;2;Pequeno II;275,352
410430;4104303;PR;41;4;Região Sul;Campo Mourão (PR);Campo Mourão;99432;3;Médio;749,637
410440;4104402;PR;41;4;Região Sul;Cândido de Abreu (PR);Cândido de Abreu;15244;1;Pequeno I;1510,16
410442;4104428;PR;41;4;Região Sul;Candói (PR);Candói;14973;1;Pequeno I;1512,786
410445;4104451;PR;41;4;Região Sul;Cantagalo (PR);Cantagalo;10933;1;Pequeno I;583,304
410450;4104501;PR;41;4;Região Sul;Capanema (PR);Capanema;20481;2;Pequeno II;419,036
410460;4104600;PR;41;4;Região Sul;Capitão Leônidas Marques (PR);Capitão Leônidas Marques;14648;1;Pequeno I;280,063
410465;4104659;PR;41;4;Região Sul;Carambeí (PR);Carambeí;23283;2;Pequeno II;649,68
410470;4104709;PR;41;4;Região Sul;Carlópolis (PR);Carlópolis;16905;1;Pequeno I;451,418
410480;4104808;PR;41;4;Região Sul;Cascavel (PR);Cascavel;348051;4;Grande;2091,199
410490;4104907;PR;41;4;Região Sul;Castro (PR);Castro;73075;3;Médio;2531,503
410500;4105003;PR;41;4;Região Sul;Catanduvas (PR);Catanduvas;10446;1;Pequeno I;580,421
410510;4105102;PR;41;4;Região Sul;Centenário do Sul (PR);Centenário do Sul;10832;1;Pequeno I;371,834
410520;4105201;PR;41;4;Região Sul;Cerro Azul (PR);Cerro Azul;16134;1;Pequeno I;1341,189
410530;4105300;PR;41;4;Região Sul;Céu Azul (PR);Céu Azul;11087;1;Pequeno I;1179,449
410540;4105409;PR;41;4;Região Sul;Chopinzinho (PR);Chopinzinho;21085;2;Pequeno II;959,692
410550;4105508;PR;41;4;Região Sul;Cianorte (PR);Cianorte;79527;3;Médio;811,666
410560;4105607;PR;41;4;Região Sul;Cidade Gaúcha (PR);Cidade Gaúcha;11467;1;Pequeno I;403,045
410570;4105706;PR;41;4;Região Sul;Clevelândia (PR);Clevelândia;15070;1;Pequeno I;703,638
410580;4105805;PR;41;4;Região Sul;Colombo (PR);Colombo;232212;4;Grande;197,58
410590;4105904;PR;41;4;Região Sul;Colorado (PR);Colorado;22896;2;Pequeno II;407,568
410600;4106001;PR;41;4;Região Sul;Congonhinhas (PR);Congonhinhas;8320;1;Pequeno I;535,963
410610;4106100;PR;41;4;Região Sul;Conselheiro Mairinck (PR);Conselheiro Mairinck;3461;1;Pequeno I;204,705
410620;4106209;PR;41;4;Região Sul;Contenda (PR);Contenda;19128;1;Pequeno I;299,037
410630;4106308;PR;41;4;Região Sul;Corbélia (PR);Corbélia;17470;1;Pequeno I;529,137
410640;4106407;PR;41;4;Região Sul;Cornélio Procópio (PR);Cornélio Procópio;45206;2;Pequeno II;635,1
410645;4106456;PR;41;4;Região Sul;Coronel Domingos Soares (PR);Coronel Domingos Soares;5649;1;Pequeno I;1556,186
410650;4106506;PR;41;4;Região Sul;Coronel Vivida (PR);Coronel Vivida;23331;2;Pequeno II;684,417
410655;4106555;PR;41;4;Região Sul;Corumbataí do Sul (PR);Corumbataí do Sul;3760;1;Pequeno I;164,341
410657;4106571;PR;41;4;Região Sul;Cruzeiro do Iguaçu (PR);Cruzeiro do Iguaçu;4133;1;Pequeno I;161,862
410660;4106605;PR;41;4;Região Sul;Cruzeiro do Oeste (PR);Cruzeiro do Oeste;23831;2;Pequeno II;775,984
410670;4106704;PR;41;4;Região Sul;Cruzeiro do Sul (PR);Cruzeiro do Sul;4494;1;Pequeno I;259,103
410680;4106803;PR;41;4;Região Sul;Cruz Machado (PR);Cruz Machado;15978;1;Pequeno I;1478,35
410685;4106852;PR;41;4;Região Sul;Cruzmaltina (PR);Cruzmaltina;2892;1;Pequeno I;312,299
410690;4106902;PR;41;4;Região Sul;Curitiba (PR);Curitiba;1773718;5;Metrópole;434,892
410700;4107009;PR;41;4;Região Sul;Curiúva (PR);Curiúva;13647;1;Pequeno I;576,263
410710;4107108;PR;41;4;Região Sul;Diamante do Norte (PR);Diamante do Norte;5142;1;Pequeno I;242,887
410712;4107124;PR;41;4;Região Sul;Diamante do Sul (PR);Diamante do Sul;3171;1;Pequeno I;347,233
410715;4107157;PR;41;4;Região Sul;Diamante D'Oeste (PR);Diamante D´oeste;4557;1;Pequeno I;309,11
410720;4107207;PR;41;4;Região Sul;Dois Vizinhos (PR);Dois Vizinhos;44869;2;Pequeno II;418,648
410725;4107256;PR;41;4;Região Sul;Douradina (PR);Douradina;9161;1;Pequeno I;420,604
410730;4107306;PR;41;4;Região Sul;Doutor Camargo (PR);Doutor Camargo;6327;1;Pequeno I;118,279
410740;4107405;PR;41;4;Região Sul;Enéas Marques (PR);Enéas Marques;5999;1;Pequeno I;192,203
410750;4107504;PR;41;4;Região Sul;Engenheiro Beltrão (PR);Engenheiro Beltrão;12454;1;Pequeno I;467,47
410752;4107520;PR;41;4;Região Sul;Esperança Nova (PR);Esperança Nova;1849;1;Pequeno I;141,286
410753;4107538;PR;41;4;Região Sul;Entre Rios do Oeste (PR);Entre Rios do Oeste;4575;1;Pequeno I;120,967
410754;4107546;PR;41;4;Região Sul;Espigão Alto do Iguaçu (PR);Espigão Alto do Iguaçu;4797;1;Pequeno I;326,44
410755;4107553;PR;41;4;Região Sul;Farol (PR);Farol;3039;1;Pequeno I;289,232
410760;4107603;PR;41;4;Região Sul;Faxinal (PR);Faxinal;16389;1;Pequeno I;715,943
410765;4107652;PR;41;4;Região Sul;Fazenda Rio Grande (PR);Fazenda Rio Grande;148873;4;Grande;116,678
410770;4107702;PR;41;4;Região Sul;Fênix (PR);Fênix;4492;1;Pequeno I;234,099
410773;4107736;PR;41;4;Região Sul;Fernandes Pinheiro (PR);Fernandes Pinheiro;6255;1;Pequeno I;406,5
410775;4107751;PR;41;4;Região Sul;Figueira (PR);Figueira;8062;1;Pequeno I;129,769
410780;4107801;PR;41;4;Região Sul;Floraí (PR);Floraí;4792;1;Pequeno I;191,133
410785;4107850;PR;41;4;Região Sul;Flor da Serra do Sul (PR);Flor da Serra do Sul;4364;1;Pequeno I;255,721
410790;4107900;PR;41;4;Região Sul;Floresta (PR);Floresta;10458;1;Pequeno I;158,226
410800;4108007;PR;41;4;Região Sul;Florestópolis (PR);Florestópolis;11446;1;Pequeno I;246,853
410810;4108106;PR;41;4;Região Sul;Flórida (PR);Flórida;2652;1;Pequeno I;83,046
410820;4108205;PR;41;4;Região Sul;Formosa do Oeste (PR);Formosa do Oeste;7635;1;Pequeno I;275,901
410830;4108304;PR;41;4;Região Sul;Foz do Iguaçu (PR);Foz do Iguaçu;285415;4;Grande;609,192
410832;4108320;PR;41;4;Região Sul;Francisco Alves (PR);Francisco Alves;8116;1;Pequeno I;321,898
410840;4108403;PR;41;4;Região Sul;Francisco Beltrão (PR);Francisco Beltrão;96666;3;Médio;735,111
410845;4108452;PR;41;4;Região Sul;Foz do Jordão (PR);Foz do Jordão;4926;1;Pequeno I;235,382
410850;4108502;PR;41;4;Região Sul;General Carneiro (PR);General Carneiro;11062;1;Pequeno I;1071,183
410855;4108551;PR;41;4;Região Sul;Godoy Moreira (PR);Godoy Moreira;2977;1;Pequeno I;131,012
410860;4108601;PR;41;4;Região Sul;Goioerê (PR);Goioerê;28437;2;Pequeno II;564,163
410865;4108650;PR;41;4;Região Sul;Goioxim (PR);Goioxim;6566;1;Pequeno I;702,471
410870;4108700;PR;41;4;Região Sul;Grandes Rios (PR);Grandes Rios;5641;1;Pequeno I;314,198
410880;4108809;PR;41;4;Região Sul;Guaíra (PR);Guaíra;32097;2;Pequeno II;563,742
410890;4108908;PR;41;4;Região Sul;Guairaçá (PR);Guairaçá;6587;1;Pequeno I;493,94
410895;4108957;PR;41;4;Região Sul;Guamiranga (PR);Guamiranga;7856;1;Pequeno I;244,795
410900;4109005;PR;41;4;Região Sul;Guapirama (PR);Guapirama;4626;1;Pequeno I;189,1
410910;4109104;PR;41;4;Região Sul;Guaporema (PR);Guaporema;2191;1;Pequeno I;201,15
410920;4109203;PR;41;4;Região Sul;Guaraci (PR);Guaraci;4748;1;Pequeno I;211,68
410930;4109302;PR;41;4;Região Sul;Guaraniaçu (PR);Guaraniaçu;13735;1;Pequeno I;1238,32
410940;4109401;PR;41;4;Região Sul;Guarapuava (PR);Guarapuava;182093;4;Grande;3168,087
410950;4109500;PR;41;4;Região Sul;Guaraqueçaba (PR);Guaraqueçaba;7430;1;Pequeno I;2011,357
410960;4109609;PR;41;4;Região Sul;Guaratuba (PR);Guaratuba;42062;2;Pequeno II;1326,67
410965;4109658;PR;41;4;Região Sul;Honório Serpa (PR);Honório Serpa;4941;1;Pequeno I;502,235
410970;4109708;PR;41;4;Região Sul;Ibaiti (PR);Ibaiti;28830;2;Pequeno II;898,221
410975;4109757;PR;41;4;Região Sul;Ibema (PR);Ibema;6218;1;Pequeno I;145,446
410980;4109807;PR;41;4;Região Sul;Ibiporã (PR);Ibiporã;51603;3;Médio;297,742
410990;4109906;PR;41;4;Região Sul;Icaraíma (PR);Icaraíma;8991;1;Pequeno I;675,24
411000;4110003;PR;41;4;Região Sul;Iguaraçu (PR);Iguaraçu;5338;1;Pequeno I;164,983
411005;4110052;PR;41;4;Região Sul;Iguatu (PR);Iguatu;2144;1;Pequeno I;106,937
411007;4110078;PR;41;4;Região Sul;Imbaú (PR);Imbaú;14249;1;Pequeno I;330,734
411010;4110102;PR;41;4;Região Sul;Imbituva (PR);Imbituva;29924;2;Pequeno II;756,535
411020;4110201;PR;41;4;Região Sul;Inácio Martins (PR);Inácio Martins;9670;1;Pequeno I;936,208
411030;4110300;PR;41;4;Região Sul;Inajá (PR);Inajá;2536;1;Pequeno I;194,704
411040;4110409;PR;41;4;Região Sul;Indianópolis (PR);Indianópolis;4448;1;Pequeno I;122,622
411050;4110508;PR;41;4;Região Sul;Ipiranga (PR);Ipiranga;14142;1;Pequeno I;900,721
411060;4110607;PR;41;4;Região Sul;Iporã (PR);Iporã;15746;1;Pequeno I;647,894
411065;4110656;PR;41;4;Região Sul;Iracema do Oeste (PR);Iracema do Oeste;2343;1;Pequeno I;81,538
411070;4110706;PR;41;4;Região Sul;Irati (PR);Irati;59250;3;Médio;999,517
411080;4110805;PR;41;4;Região Sul;Iretama (PR);Iretama;10684;1;Pequeno I;570,459
411090;4110904;PR;41;4;Região Sul;Itaguajé (PR);Itaguajé;4481;1;Pequeno I;194,353
411095;4110953;PR;41;4;Região Sul;Itaipulândia (PR);Itaipulândia;11485;1;Pequeno I;330,846
411100;4111001;PR;41;4;Região Sul;Itambaracá (PR);Itambaracá;5908;1;Pequeno I;207,342
411110;4111100;PR;41;4;Região Sul;Itambé (PR);Itambé;6111;1;Pequeno I;243,822
411120;4111209;PR;41;4;Região Sul;Itapejara d'Oeste (PR);Itapejara D´oeste;12344;1;Pequeno I;254,014
411125;4111258;PR;41;4;Região Sul;Itaperuçu (PR);Itaperuçu;31217;2;Pequeno II;322,991
411130;4111308;PR;41;4;Região Sul;Itaúna do Sul (PR);Itaúna do Sul;3572;1;Pequeno I;128,87
411140;4111407;PR;41;4;Região Sul;Ivaí (PR);Ivaí;13229;1;Pequeno I;607,848
411150;4111506;PR;41;4;Região Sul;Ivaiporã (PR);Ivaiporã;32720;2;Pequeno II;436,989
411155;4111555;PR;41;4;Região Sul;Ivaté (PR);Ivaté;6831;1;Pequeno I;410,156
411160;4111605;PR;41;4;Região Sul;Ivatuba (PR);Ivatuba;2708;1;Pequeno I;96,661
411170;4111704;PR;41;4;Região Sul;Jaboti (PR);Jaboti;5427;1;Pequeno I;139,277
411180;4111803;PR;41;4;Região Sul;Jacarezinho (PR);Jacarezinho;40375;2;Pequeno II;602,528
411190;4111902;PR;41;4;Região Sul;Jaguapitã (PR);Jaguapitã;15122;1;Pequeno I;475,004
411200;4112009;PR;41;4;Região Sul;Jaguariaíva (PR);Jaguariaíva;35141;2;Pequeno II;1453,066
411210;4112108;PR;41;4;Região Sul;Jandaia do Sul (PR);Jandaia do Sul;21408;2;Pequeno II;187,6
411220;4112207;PR;41;4;Região Sul;Janiópolis (PR);Janiópolis;5870;1;Pequeno I;335,65
411230;4112306;PR;41;4;Região Sul;Japira (PR);Japira;4972;1;Pequeno I;187,802
411240;4112405;PR;41;4;Região Sul;Japurá (PR);Japurá;9144;1;Pequeno I;165,185
411250;4112504;PR;41;4;Região Sul;Jardim Alegre (PR);Jardim Alegre;12004;1;Pequeno I;413,386
411260;4112603;PR;41;4;Região Sul;Jardim Olinda (PR);Jardim Olinda;1343;1;Pequeno I;128,515
411270;4112702;PR;41;4;Região Sul;Jataizinho (PR);Jataizinho;11813;1;Pequeno I;159,178
411275;4112751;PR;41;4;Região Sul;Jesuítas (PR);Jesuítas;10506;1;Pequeno I;247,496
411280;4112801;PR;41;4;Região Sul;Joaquim Távora (PR);Joaquim Távora;11945;1;Pequeno I;289,173
411290;4112900;PR;41;4;Região Sul;Jundiaí do Sul (PR);Jundiaí do Sul;3333;1;Pequeno I;320,816
411295;4112959;PR;41;4;Região Sul;Juranda (PR);Juranda;7771;1;Pequeno I;354,364
411300;4113007;PR;41;4;Região Sul;Jussara (PR);Jussara;6690;1;Pequeno I;210,869
411310;4113106;PR;41;4;Região Sul;Kaloré (PR);Kaloré;4582;1;Pequeno I;193,299
411320;4113205;PR;41;4;Região Sul;Lapa (PR);Lapa;45003;2;Pequeno II;2093,859
411325;4113254;PR;41;4;Região Sul;Laranjal (PR);Laranjal;5600;1;Pequeno I;559,439
411330;4113304;PR;41;4;Região Sul;Laranjeiras do Sul (PR);Laranjeiras do Sul;32227;2;Pequeno II;673,688
411340;4113403;PR;41;4;Região Sul;Leópolis (PR);Leópolis;3752;1;Pequeno I;344,918
411342;4113429;PR;41;4;Região Sul;Lidianópolis (PR);Lidianópolis;3938;1;Pequeno I;151,456
411345;4113452;PR;41;4;Região Sul;Lindoeste (PR);Lindoeste;5175;1;Pequeno I;347,093
411350;4113502;PR;41;4;Região Sul;Loanda (PR);Loanda;23225;2;Pequeno II;722,496
411360;4113601;PR;41;4;Região Sul;Lobato (PR);Lobato;4601;1;Pequeno I;240,904
411370;4113700;PR;41;4;Região Sul;Londrina (PR);Londrina;555965;4;Grande;1652,569
411373;4113734;PR;41;4;Região Sul;Luiziana (PR);Luiziana;6690;1;Pequeno I;916,839
411375;4113759;PR;41;4;Região Sul;Lunardelli (PR);Lunardelli;4872;1;Pequeno I;199,213
411380;4113809;PR;41;4;Região Sul;Lupionópolis (PR);Lupionópolis;4813;1;Pequeno I;121,066
411390;4113908;PR;41;4;Região Sul;Mallet (PR);Mallet;13428;1;Pequeno I;760,224
411400;4114005;PR;41;4;Região Sul;Mamborê (PR);Mamborê;13452;1;Pequeno I;788,061
411410;4114104;PR;41;4;Região Sul;Mandaguaçu (PR);Mandaguaçu;31457;2;Pequeno II;294,019
411420;4114203;PR;41;4;Região Sul;Mandaguari (PR);Mandaguari;36716;2;Pequeno II;335,814
411430;4114302;PR;41;4;Região Sul;Mandirituba (PR);Mandirituba;27439;2;Pequeno II;379,179
411435;4114351;PR;41;4;Região Sul;Manfrinópolis (PR);Manfrinópolis;2770;1;Pequeno I;215,779
411440;4114401;PR;41;4;Região Sul;Mangueirinha (PR);Mangueirinha;16603;1;Pequeno I;1055,458
411450;4114500;PR;41;4;Região Sul;Manoel Ribas (PR);Manoel Ribas;14240;1;Pequeno I;571,135
411460;4114609;PR;41;4;Região Sul;Marechal Cândido Rondon (PR);Marechal Cândido Rondon;55836;3;Médio;745,748
411470;4114708;PR;41;4;Região Sul;Maria Helena (PR);Maria Helena;5865;1;Pequeno I;486,224
411480;4114807;PR;41;4;Região Sul;Marialva (PR);Marialva;41851;2;Pequeno II;475,564
411490;4114906;PR;41;4;Região Sul;Marilândia do Sul (PR);Marilândia do Sul;8677;1;Pequeno I;384,424
411500;4115002;PR;41;4;Região Sul;Marilena (PR);Marilena;7253;1;Pequeno I;232,363
411510;4115101;PR;41;4;Região Sul;Mariluz (PR);Mariluz;9847;1;Pequeno I;433,17
411520;4115200;PR;41;4;Região Sul;Maringá (PR);Maringá;409657;4;Grande;487,012
411530;4115309;PR;41;4;Região Sul;Mariópolis (PR);Mariópolis;6371;1;Pequeno I;230,365
411535;4115358;PR;41;4;Região Sul;Maripá (PR);Maripá;6555;1;Pequeno I;283,793
411540;4115408;PR;41;4;Região Sul;Marmeleiro (PR);Marmeleiro;15901;1;Pequeno I;387,612
411545;4115457;PR;41;4;Região Sul;Marquinho (PR);Marquinho;4504;1;Pequeno I;503,858
411550;4115507;PR;41;4;Região Sul;Marumbi (PR);Marumbi;4699;1;Pequeno I;208,47
411560;4115606;PR;41;4;Região Sul;Matelândia (PR);Matelândia;18450;1;Pequeno I;639,746
411570;4115705;PR;41;4;Região Sul;Matinhos (PR);Matinhos;39259;2;Pequeno II;117,899
411573;4115739;PR;41;4;Região Sul;Mato Rico (PR);Mato Rico;3267;1;Pequeno I;394,533
411575;4115754;PR;41;4;Região Sul;Mauá da Serra (PR);Mauá da Serra;9383;1;Pequeno I;108,324
411580;4115804;PR;41;4;Região Sul;Medianeira (PR);Medianeira;54369;3;Médio;328,732
411585;4115853;PR;41;4;Região Sul;Mercedes (PR);Mercedes;5931;1;Pequeno I;197,136
411590;4115903;PR;41;4;Região Sul;Mirador (PR);Mirador;2238;1;Pequeno I;221,708
411600;4116000;PR;41;4;Região Sul;Miraselva (PR);Miraselva;1966;1;Pequeno I;90,294
411605;4116059;PR;41;4;Região Sul;Missal (PR);Missal;11064;1;Pequeno I;324,397
411610;4116109;PR;41;4;Região Sul;Moreira Sales (PR);Moreira Sales;11175;1;Pequeno I;353,772
411620;4116208;PR;41;4;Região Sul;Morretes (PR);Morretes;18309;1;Pequeno I;684,58
411630;4116307;PR;41;4;Região Sul;Munhoz de Melo (PR);Munhoz de Melo;3951;1;Pequeno I;137,018
411640;4116406;PR;41;4;Região Sul;Nossa Senhora das Graças (PR);Nossa Senhora Das Graças;3669;1;Pequeno I;185,769
411650;4116505;PR;41;4;Região Sul;Nova Aliança do Ivaí (PR);Nova Aliança do Ivaí;1323;1;Pequeno I;131,272
411660;4116604;PR;41;4;Região Sul;Nova América da Colina (PR);Nova América da Colina;3280;1;Pequeno I;129,476
411670;4116703;PR;41;4;Região Sul;Nova Aurora (PR);Nova Aurora;13765;1;Pequeno I;470,642
411680;4116802;PR;41;4;Região Sul;Nova Cantu (PR);Nova Cantu;6790;1;Pequeno I;555,488
411690;4116901;PR;41;4;Região Sul;Nova Esperança (PR);Nova Esperança;26585;2;Pequeno II;401,587
411695;4116950;PR;41;4;Região Sul;Nova Esperança do Sudoeste (PR);Nova Esperança do Sudoeste;5597;1;Pequeno I;208,472
411700;4117008;PR;41;4;Região Sul;Nova Fátima (PR);Nova Fátima;7225;1;Pequeno I;283,423
411705;4117057;PR;41;4;Região Sul;Nova Laranjeiras (PR);Nova Laranjeiras;12074;1;Pequeno I;1210,205
411710;4117107;PR;41;4;Região Sul;Nova Londrina (PR);Nova Londrina;12923;1;Pequeno I;269,389
411720;4117206;PR;41;4;Região Sul;Nova Olímpia (PR);Nova Olímpia;5833;1;Pequeno I;136,347
411721;4117214;PR;41;4;Região Sul;Nova Santa Bárbara (PR);Nova Santa Bárbara;4184;1;Pequeno I;76,887
411722;4117222;PR;41;4;Região Sul;Nova Santa Rosa (PR);Nova Santa Rosa;8322;1;Pequeno I;204,665
411725;4117255;PR;41;4;Região Sul;Nova Prata do Iguaçu (PR);Nova Prata do Iguaçu;12699;1;Pequeno I;352,565
411727;4117271;PR;41;4;Região Sul;Nova Tebas (PR);Nova Tebas;6848;1;Pequeno I;545,686
411729;4117297;PR;41;4;Região Sul;Novo Itacolomi (PR);Novo Itacolomi;3125;1;Pequeno I;161,411
411730;4117305;PR;41;4;Região Sul;Ortigueira (PR);Ortigueira;24192;2;Pequeno II;2429,52
411740;4117404;PR;41;4;Região Sul;Ourizona (PR);Ourizona;3187;1;Pequeno I;176,457
411745;4117453;PR;41;4;Região Sul;Ouro Verde do Oeste (PR);Ouro Verde do Oeste;6785;1;Pequeno I;293,042
411750;4117503;PR;41;4;Região Sul;Paiçandu (PR);Paiçandu;45962;2;Pequeno II;171,379
411760;4117602;PR;41;4;Região Sul;Palmas (PR);Palmas;48247;2;Pequeno II;1557,903
411770;4117701;PR;41;4;Região Sul;Palmeira (PR);Palmeira;33855;2;Pequeno II;1470,072
411780;4117800;PR;41;4;Região Sul;Palmital (PR);Palmital;13033;1;Pequeno I;817,647
411790;4117909;PR;41;4;Região Sul;Palotina (PR);Palotina;35011;2;Pequeno II;651,238
411800;4118006;PR;41;4;Região Sul;Paraíso do Norte (PR);Paraíso do Norte;13245;1;Pequeno I;204,564
411810;4118105;PR;41;4;Região Sul;Paranacity (PR);Paranacity;9557;1;Pequeno I;348,631
411820;4118204;PR;41;4;Região Sul;Paranaguá (PR);Paranaguá;145829;4;Grande;822,838
411830;4118303;PR;41;4;Região Sul;Paranapoema (PR);Paranapoema;2398;1;Pequeno I;175,875
411840;4118402;PR;41;4;Região Sul;Paranavaí (PR);Paranavaí;92001;3;Médio;1202,266
411845;4118451;PR;41;4;Região Sul;Pato Bragado (PR);Pato Bragado;5733;1;Pequeno I;135,6
411850;4118501;PR;41;4;Região Sul;Pato Branco (PR);Pato Branco;91836;3;Médio;539,087
411860;4118600;PR;41;4;Região Sul;Paula Freitas (PR);Paula Freitas;5666;1;Pequeno I;421,409
411870;4118709;PR;41;4;Região Sul;Paulo Frontin (PR);Paulo Frontin;6343;1;Pequeno I;363,351
411880;4118808;PR;41;4;Região Sul;Peabiru (PR);Peabiru;13346;1;Pequeno I;468,594
411885;4118857;PR;41;4;Região Sul;Perobal (PR);Perobal;7189;1;Pequeno I;409,05
411890;4118907;PR;41;4;Região Sul;Pérola (PR);Pérola;11878;1;Pequeno I;236,186
411900;4119004;PR;41;4;Região Sul;Pérola d'Oeste (PR);Pérola D´oeste;6221;1;Pequeno I;205,279
411910;4119103;PR;41;4;Região Sul;Piên (PR);Piên;13655;1;Pequeno I;254,792
411915;4119152;PR;41;4;Região Sul;Pinhais (PR);Pinhais;127019;4;Grande;60,869
411920;4119202;PR;41;4;Região Sul;Pinhalão (PR);Pinhalão;6566;1;Pequeno I;220,625
411925;4119251;PR;41;4;Região Sul;Pinhal de São Bento (PR);Pinhal de São Bento;2761;1;Pequeno I;97,463
411930;4119301;PR;41;4;Região Sul;Pinhão (PR);Pinhão;29886;2;Pequeno II;2001,588
411940;4119400;PR;41;4;Região Sul;Piraí do Sul (PR);Piraí do Sul;23651;2;Pequeno II;1345,417
411950;4119509;PR;41;4;Região Sul;Piraquara (PR);Piraquara;118730;4;Grande;227,042
411960;4119608;PR;41;4;Região Sul;Pitanga (PR);Pitanga;33567;2;Pequeno II;1663,747
411965;4119657;PR;41;4;Região Sul;Pitangueiras (PR);Pitangueiras;3046;1;Pequeno I;123,229
411970;4119707;PR;41;4;Região Sul;Planaltina do Paraná (PR);Planaltina do Paraná;4070;1;Pequeno I;356,192
411980;4119806;PR;41;4;Região Sul;Planalto (PR);Planalto;14374;1;Pequeno I;346,241
411990;4119905;PR;41;4;Região Sul;Ponta Grossa (PR);Ponta Grossa;358371;4;Grande;2054,732
411995;4119954;PR;41;4;Região Sul;Pontal do Paraná (PR);Pontal do Paraná;30425;2;Pequeno II;200,41
412000;4120002;PR;41;4;Região Sul;Porecatu (PR);Porecatu;11624;1;Pequeno I;291,663
412010;4120101;PR;41;4;Região Sul;Porto Amazonas (PR);Porto Amazonas;4098;1;Pequeno I;186,581
412015;4120150;PR;41;4;Região Sul;Porto Barreiro (PR);Porto Barreiro;3110;1;Pequeno I;361,02
412020;4120200;PR;41;4;Região Sul;Porto Rico (PR);Porto Rico;3182;1;Pequeno I;217,676
412030;4120309;PR;41;4;Região Sul;Porto Vitória (PR);Porto Vitória;3562;1;Pequeno I;213,013
412033;4120333;PR;41;4;Região Sul;Prado Ferreira (PR);Prado Ferreira;3709;1;Pequeno I;152,876
412035;4120358;PR;41;4;Região Sul;Pranchita (PR);Pranchita;5737;1;Pequeno I;226,14
412040;4120408;PR;41;4;Região Sul;Presidente Castelo Branco (PR);Presidente Castelo Branco;4336;1;Pequeno I;155,734
412050;4120507;PR;41;4;Região Sul;Primeiro de Maio (PR);Primeiro de Maio;10082;1;Pequeno I;414,442
412060;4120606;PR;41;4;Região Sul;Prudentópolis (PR);Prudentópolis;49393;2;Pequeno II;2247,141
412065;4120655;PR;41;4;Região Sul;Quarto Centenário (PR);Quarto Centenário;4201;1;Pequeno I;321,875
412070;4120705;PR;41;4;Região Sul;Quatiguá (PR);Quatiguá;8099;1;Pequeno I;112,689
412080;4120804;PR;41;4;Região Sul;Quatro Barras (PR);Quatro Barras;24191;2;Pequeno II;180,471
412085;4120853;PR;41;4;Região Sul;Quatro Pontes (PR);Quatro Pontes;4480;1;Pequeno I;114,393
412090;4120903;PR;41;4;Região Sul;Quedas do Iguaçu (PR);Quedas do Iguaçu;30738;2;Pequeno II;821,503
412100;4121000;PR;41;4;Região Sul;Querência do Norte (PR);Querência do Norte;10685;1;Pequeno I;914,763
412110;4121109;PR;41;4;Região Sul;Quinta do Sol (PR);Quinta do Sol;5001;1;Pequeno I;326,177
412120;4121208;PR;41;4;Região Sul;Quitandinha (PR);Quitandinha;18398;1;Pequeno I;447,024
412125;4121257;PR;41;4;Região Sul;Ramilândia (PR);Ramilândia;4221;1;Pequeno I;237,196
412130;4121307;PR;41;4;Região Sul;Rancho Alegre (PR);Rancho Alegre;3512;1;Pequeno I;167,646
412135;4121356;PR;41;4;Região Sul;Rancho Alegre D'Oeste (PR);Rancho Alegre D´oeste;2618;1;Pequeno I;241,386
412140;4121406;PR;41;4;Região Sul;Realeza (PR);Realeza;19247;1;Pequeno I;353,416
412150;4121505;PR;41;4;Região Sul;Rebouças (PR);Rebouças;14514;1;Pequeno I;481,84
412160;4121604;PR;41;4;Região Sul;Renascença (PR);Renascença;6845;1;Pequeno I;425,273
412170;4121703;PR;41;4;Região Sul;Reserva (PR);Reserva;24573;2;Pequeno II;1635,535
412175;4121752;PR;41;4;Região Sul;Reserva do Iguaçu (PR);Reserva do Iguaçu;6553;1;Pequeno I;834,232
412180;4121802;PR;41;4;Região Sul;Ribeirão Claro (PR);Ribeirão Claro;12364;1;Pequeno I;629,224
412190;4121901;PR;41;4;Região Sul;Ribeirão do Pinhal (PR);Ribeirão do Pinhal;13060;1;Pequeno I;374,732
412200;4122008;PR;41;4;Região Sul;Rio Azul (PR);Rio Azul;14025;1;Pequeno I;599,056
412210;4122107;PR;41;4;Região Sul;Rio Bom (PR);Rio Bom;3197;1;Pequeno I;177,836
412215;4122156;PR;41;4;Região Sul;Rio Bonito do Iguaçu (PR);Rio Bonito do Iguaçu;13929;1;Pequeno I;681,406
412217;4122172;PR;41;4;Região Sul;Rio Branco do Ivaí (PR);Rio Branco do Ivaí;3808;1;Pequeno I;376,109
412220;4122206;PR;41;4;Região Sul;Rio Branco do Sul (PR);Rio Branco do Sul;37558;2;Pequeno II;811,425
412230;4122305;PR;41;4;Região Sul;Rio Negro (PR);Rio Negro;31324;2;Pequeno II;604,138
412240;4122404;PR;41;4;Região Sul;Rolândia (PR);Rolândia;71670;3;Médio;459,024
412250;4122503;PR;41;4;Região Sul;Roncador (PR);Roncador;11251;1;Pequeno I;742,121
412260;4122602;PR;41;4;Região Sul;Rondon (PR);Rondon;9097;1;Pequeno I;555,125
412265;4122651;PR;41;4;Região Sul;Rosário do Ivaí (PR);Rosário do Ivaí;5435;1;Pequeno I;377,47
412270;4122701;PR;41;4;Região Sul;Sabáudia (PR);Sabáudia;8822;1;Pequeno I;190,329
412280;4122800;PR;41;4;Região Sul;Salgado Filho (PR);Salgado Filho;4075;1;Pequeno I;181,015
412290;4122909;PR;41;4;Região Sul;Salto do Itararé (PR);Salto do Itararé;5192;1;Pequeno I;200,52
412300;4123006;PR;41;4;Região Sul;Salto do Lontra (PR);Salto do Lontra;15223;1;Pequeno I;312,717
412310;4123105;PR;41;4;Região Sul;Santa Amélia (PR);Santa Amélia;3394;1;Pequeno I;78,045
412320;4123204;PR;41;4;Região Sul;Santa Cecília do Pavão (PR);Santa Cecília do Pavão;3365;1;Pequeno I;105,076
412330;4123303;PR;41;4;Região Sul;Santa Cruz de Monte Castelo (PR);Santa Cruz de Monte Castelo;8613;1;Pequeno I;442,013
412340;4123402;PR;41;4;Região Sul;Santa Fé (PR);Santa fé;11378;1;Pequeno I;276,241
412350;4123501;PR;41;4;Região Sul;Santa Helena (PR);Santa Helena;25492;2;Pequeno II;754,701
412360;4123600;PR;41;4;Região Sul;Santa Inês (PR);Santa Inês;1748;1;Pequeno I;156,935
412370;4123709;PR;41;4;Região Sul;Santa Isabel do Ivaí (PR);Santa Isabel do Ivaí;8912;1;Pequeno I;349,497
412380;4123808;PR;41;4;Região Sul;Santa Izabel do Oeste (PR);Santa Izabel do Oeste;14070;1;Pequeno I;321,182
412382;4123824;PR;41;4;Região Sul;Santa Lúcia (PR);Santa Lúcia;3644;1;Pequeno I;126,813
412385;4123857;PR;41;4;Região Sul;Santa Maria do Oeste (PR);Santa Maria do Oeste;9934;1;Pequeno I;836,669
412390;4123907;PR;41;4;Região Sul;Santa Mariana (PR);Santa Mariana;11066;1;Pequeno I;427,193
412395;4123956;PR;41;4;Região Sul;Santa Mônica (PR);Santa Mônica;3356;1;Pequeno I;259,957
412400;4124004;PR;41;4;Região Sul;Santana do Itararé (PR);Santana do Itararé;5514;1;Pequeno I;251,269
412402;4124020;PR;41;4;Região Sul;Santa Tereza do Oeste (PR);Santa Tereza do Oeste;13174;1;Pequeno I;326,19
412405;4124053;PR;41;4;Região Sul;Santa Terezinha de Itaipu (PR);Santa Terezinha de Itaipu;24262;2;Pequeno II;268,258
412410;4124103;PR;41;4;Região Sul;Santo Antônio da Platina (PR);Santo Antônio da Platina;44369;2;Pequeno II;721,472
412420;4124202;PR;41;4;Região Sul;Santo Antônio do Caiuá (PR);Santo Antônio do Caiuá;2493;1;Pequeno I;219,068
412430;4124301;PR;41;4;Região Sul;Santo Antônio do Paraíso (PR);Santo Antônio do Paraíso;2125;1;Pequeno I;167,014
412440;4124400;PR;41;4;Região Sul;Santo Antônio do Sudoeste (PR);Santo Antônio do Sudoeste;23673;2;Pequeno II;325,651
412450;4124509;PR;41;4;Região Sul;Santo Inácio (PR);Santo Inácio;6181;1;Pequeno I;280,133
412460;4124608;PR;41;4;Região Sul;São Carlos do Ivaí (PR);São Carlos do Ivaí;6587;1;Pequeno I;225,079
412470;4124707;PR;41;4;Região Sul;São Jerônimo da Serra (PR);São Jerônimo da Serra;10830;1;Pequeno I;823,774
412480;4124806;PR;41;4;Região Sul;São João (PR);São João;11886;1;Pequeno I;388,059
412490;4124905;PR;41;4;Região Sul;São João do Caiuá (PR);São João do Caiuá;5586;1;Pequeno I;304,413
412500;4125001;PR;41;4;Região Sul;São João do Ivaí (PR);São João do Ivaí;10667;1;Pequeno I;353,331
412510;4125100;PR;41;4;Região Sul;São João do Triunfo (PR);São João do Triunfo;13726;1;Pequeno I;720,407
412520;4125209;PR;41;4;Região Sul;São Jorge d'Oeste (PR);São Jorge D´oeste;9378;1;Pequeno I;379,545
412530;4125308;PR;41;4;Região Sul;São Jorge do Ivaí (PR);São Jorge do Ivaí;5168;1;Pequeno I;315,088
412535;4125357;PR;41;4;Região Sul;São Jorge do Patrocínio (PR);São Jorge do Patrocínio;6504;1;Pequeno I;406,413
412540;4125407;PR;41;4;Região Sul;São José da Boa Vista (PR);São José da Boa Vista;6040;1;Pequeno I;399,667
412545;4125456;PR;41;4;Região Sul;São José das Palmeiras (PR);São José Das Palmeiras;3957;1;Pequeno I;182,419
412550;4125506;PR;41;4;Região Sul;São José dos Pinhais (PR);São José Dos Pinhais;329628;4;Grande;946,435
412555;4125555;PR;41;4;Região Sul;São Manoel do Paraná (PR);São Manoel do Paraná;2138;1;Pequeno I;95,381
412560;4125605;PR;41;4;Região Sul;São Mateus do Sul (PR);São Mateus do Sul;42366;2;Pequeno II;1341,714
412570;4125704;PR;41;4;Região Sul;São Miguel do Iguaçu (PR);São Miguel do Iguaçu;29122;2;Pequeno II;851,917
412575;4125753;PR;41;4;Região Sul;São Pedro do Iguaçu (PR);São Pedro do Iguaçu;5784;1;Pequeno I;308,324
412580;4125803;PR;41;4;Região Sul;São Pedro do Ivaí (PR);São Pedro do Ivaí;8690;1;Pequeno I;322,692
412590;4125902;PR;41;4;Região Sul;São Pedro do Paraná (PR);São Pedro do Paraná;2661;1;Pequeno I;250,654
412600;4126009;PR;41;4;Região Sul;São Sebastião da Amoreira (PR);São Sebastião da Amoreira;8063;1;Pequeno I;226,872
412610;4126108;PR;41;4;Região Sul;São Tomé (PR);São Tomé;5232;1;Pequeno I;218,623
412620;4126207;PR;41;4;Região Sul;Sapopema (PR);Sapopema;6695;1;Pequeno I;677,609
412625;4126256;PR;41;4;Região Sul;Sarandi (PR);Sarandi;118455;4;Grande;103,501
412627;4126272;PR;41;4;Região Sul;Saudade do Iguaçu (PR);Saudade do Iguaçu;6108;1;Pequeno I;152,084
412630;4126306;PR;41;4;Região Sul;Sengés (PR);Sengés;17270;1;Pequeno I;1441,333
412635;4126355;PR;41;4;Região Sul;Serranópolis do Iguaçu (PR);Serranópolis do Iguaçu;5007;1;Pequeno I;482,394
412640;4126405;PR;41;4;Região Sul;Sertaneja (PR);Sertaneja;5616;1;Pequeno I;444,492
412650;4126504;PR;41;4;Região Sul;Sertanópolis (PR);Sertanópolis;15930;1;Pequeno I;505,532
412660;4126603;PR;41;4;Região Sul;Siqueira Campos (PR);Siqueira Campos;22811;2;Pequeno II;278,035
412665;4126652;PR;41;4;Região Sul;Sulina (PR);Sulina;3440;1;Pequeno I;170,759
412667;4126678;PR;41;4;Região Sul;Tamarana (PR);Tamarana;10707;1;Pequeno I;472,155
412670;4126702;PR;41;4;Região Sul;Tamboara (PR);Tamboara;4880;1;Pequeno I;193,346
412680;4126801;PR;41;4;Região Sul;Tapejara (PR);Tapejara;15869;1;Pequeno I;591,399
412690;4126900;PR;41;4;Região Sul;Tapira (PR);Tapira;5745;1;Pequeno I;434,371
412700;4127007;PR;41;4;Região Sul;Teixeira Soares (PR);Teixeira Soares;9547;1;Pequeno I;902,793
412710;4127106;PR;41;4;Região Sul;Telêmaco Borba (PR);Telêmaco Borba;75042;3;Médio;1382,86
412720;4127205;PR;41;4;Região Sul;Terra Boa (PR);Terra Boa;17568;1;Pequeno I;320,85
412730;4127304;PR;41;4;Região Sul;Terra Rica (PR);Terra Rica;14842;1;Pequeno I;700,599
412740;4127403;PR;41;4;Região Sul;Terra Roxa (PR);Terra Roxa;18119;1;Pequeno I;800,807
412750;4127502;PR;41;4;Região Sul;Tibagi (PR);Tibagi;19961;1;Pequeno I;2977,933
412760;4127601;PR;41;4;Região Sul;Tijucas do Sul (PR);Tijucas do Sul;17621;1;Pequeno I;671,889
412770;4127700;PR;41;4;Região Sul;Toledo (PR);Toledo;150470;4;Grande;1198,049
412780;4127809;PR;41;4;Região Sul;Tomazina (PR);Tomazina;8426;1;Pequeno I;591,438
412785;4127858;PR;41;4;Região Sul;Três Barras do Paraná (PR);Três Barras do Paraná;11135;1;Pequeno I;505,505
412788;4127882;PR;41;4;Região Sul;Tunas do Paraná (PR);Tunas do Paraná;6219;1;Pequeno I;668,478
412790;4127908;PR;41;4;Região Sul;Tuneiras do Oeste (PR);Tuneiras do Oeste;8067;1;Pequeno I;698,871
412795;4127957;PR;41;4;Região Sul;Tupãssi (PR);Tupãssi;8077;1;Pequeno I;299,769
412796;4127965;PR;41;4;Região Sul;Turvo (PR);Turvo;14231;1;Pequeno I;938,966
412800;4128005;PR;41;4;Região Sul;Ubiratã (PR);Ubiratã;24749;2;Pequeno II;652,581
412810;4128104;PR;41;4;Região Sul;Umuarama (PR);Umuarama;117095;4;Grande;1234,537
412820;4128203;PR;41;4;Região Sul;União da Vitória (PR);União da Vitória;55033;3;Médio;719,998
412830;4128302;PR;41;4;Região Sul;Uniflor (PR);Uniflor;2136;1;Pequeno I;94,819
412840;4128401;PR;41;4;Região Sul;Uraí (PR);Uraí;10406;1;Pequeno I;237,81
412850;4128500;PR;41;4;Região Sul;Wenceslau Braz (PR);Wenceslau Braz;19188;1;Pequeno I;397,916
412853;4128534;PR;41;4;Região Sul;Ventania (PR);Ventania;9681;1;Pequeno I;819,334
412855;4128559;PR;41;4;Região Sul;Vera Cruz do Oeste (PR);Vera Cruz do Oeste;8215;1;Pequeno I;327,09
412860;4128609;PR;41;4;Região Sul;Verê (PR);Verê;7932;1;Pequeno I;311,801
412862;4128625;PR;41;4;Região Sul;Alto Paraíso (PR);Vila Alta;3055;1;Pequeno I;967,772
412863;4128633;PR;41;4;Região Sul;Doutor Ulysses (PR);Doutor Ulysses;5697;1;Pequeno I;777,482
412865;4128658;PR;41;4;Região Sul;Virmond (PR);Virmond;3811;1;Pequeno I;249,094
412870;4128708;PR;41;4;Região Sul;Vitorino (PR);Vitorino;9706;1;Pequeno I;308,218
412880;4128807;PR;41;4;Região Sul;Xambrê (PR);Xambrê;5798;1;Pequeno I;359,712
420005;4200051;SC;42;4;Região Sul;Abdon Batista (SC);Abdon Batista;2598;1;Pequeno I;237,517
420010;4200101;SC;42;4;Região Sul;Abelardo Luz (SC);Abelardo Luz;17392;1;Pequeno I;953,992
420020;4200200;SC;42;4;Região Sul;Agrolândia (SC);Agrolândia;10990;1;Pequeno I;206,815
420030;4200309;SC;42;4;Região Sul;Agronômica (SC);Agronômica;6055;1;Pequeno I;129,774
420040;4200408;SC;42;4;Região Sul;Água Doce (SC);Água Doce;6508;1;Pequeno I;1319,137
420050;4200507;SC;42;4;Região Sul;Águas de Chapecó (SC);Águas de Chapecó;6036;1;Pequeno I;139,511
420055;4200556;SC;42;4;Região Sul;Águas Frias (SC);Águas Frias;2839;1;Pequeno I;76,631
420060;4200606;SC;42;4;Região Sul;Águas Mornas (SC);Águas Mornas;6743;1;Pequeno I;326,66
420070;4200705;SC;42;4;Região Sul;Alfredo Wagner (SC);Alfredo Wagner;10481;1;Pequeno I;733,489
420075;4200754;SC;42;4;Região Sul;Alto Bela Vista (SC);Alto Bela Vista;1856;1;Pequeno I;103,433
420080;4200804;SC;42;4;Região Sul;Anchieta (SC);Anchieta;5943;1;Pequeno I;232,348
420090;4200903;SC;42;4;Região Sul;Angelina (SC);Angelina;5358;1;Pequeno I;499,998
420100;4201000;SC;42;4;Região Sul;Anita Garibaldi (SC);Anita Garibaldi;8285;1;Pequeno I;589,812
420110;4201109;SC;42;4;Região Sul;Anitápolis (SC);Anitápolis;3593;1;Pequeno I;540,636
420120;4201208;SC;42;4;Região Sul;Antônio Carlos (SC);Antônio Carlos;11224;1;Pequeno I;234,422
420125;4201257;SC;42;4;Região Sul;Apiúna (SC);Apiúna;9811;1;Pequeno I;493,49
420127;4201273;SC;42;4;Região Sul;Arabutã (SC);Arabutã;4378;1;Pequeno I;132,779
420130;4201307;SC;42;4;Região Sul;Araquari (SC);Araquari;45283;2;Pequeno II;386,693
420140;4201406;SC;42;4;Região Sul;Araranguá (SC);Araranguá;71922;3;Médio;301,819
420150;4201505;SC;42;4;Região Sul;Armazém (SC);Armazém;8834;1;Pequeno I;173,958
420160;4201604;SC;42;4;Região Sul;Arroio Trinta (SC);Arroio Trinta;3556;1;Pequeno I;93,53
420165;4201653;SC;42;4;Região Sul;Arvoredo (SC);Arvoredo;2510;1;Pequeno I;90,503
420170;4201703;SC;42;4;Região Sul;Ascurra (SC);Ascurra;8319;1;Pequeno I;112,884
420180;4201802;SC;42;4;Região Sul;Atalanta (SC);Atalanta;3227;1;Pequeno I;94,383
420190;4201901;SC;42;4;Região Sul;Aurora (SC);Aurora;6780;1;Pequeno I;207,045
420195;4201950;SC;42;4;Região Sul;Balneário Arroio do Silva (SC);Balneário Arroio do Silva;15820;1;Pequeno I;94,477
420200;4202008;SC;42;4;Região Sul;Balneário Camboriú (SC);Balneário Camboriú;139155;4;Grande;45,214
420205;4202057;SC;42;4;Região Sul;Balneário Barra do Sul (SC);Balneário Barra do Sul;14912;1;Pequeno I;108,914
420207;4202073;SC;42;4;Região Sul;Balneário Gaivota (SC);Balneário Gaivota;15669;1;Pequeno I;146,834
420208;4202081;SC;42;4;Região Sul;Bandeirante (SC);Bandeirante;3144;1;Pequeno I;148,074
420209;4202099;SC;42;4;Região Sul;Barra Bonita (SC);Barra Bonita;1668;1;Pequeno I;92,561
420210;4202107;SC;42;4;Região Sul;Barra Velha (SC);Barra Velha;45369;2;Pequeno II;138,947
420213;4202131;SC;42;4;Região Sul;Bela Vista do Toldo (SC);Bela Vista do Toldo;5872;1;Pequeno I;535,682
420215;4202156;SC;42;4;Região Sul;Belmonte (SC);Belmonte;2658;1;Pequeno I;93,852
420220;4202206;SC;42;4;Região Sul;Benedito Novo (SC);Benedito Novo;10520;1;Pequeno I;388,291
420230;4202305;SC;42;4;Região Sul;Biguaçu (SC);Biguaçu;76773;3;Médio;365,755
420240;4202404;SC;42;4;Região Sul;Blumenau (SC);Blumenau;361261;4;Grande;518,619
420243;4202438;SC;42;4;Região Sul;Bocaina do Sul (SC);Bocaina do Sul;3515;1;Pequeno I;510,673
420245;4202453;SC;42;4;Região Sul;Bombinhas (SC);Bombinhas;25058;2;Pequeno II;35,143
420250;4202503;SC;42;4;Região Sul;Bom Jardim da Serra (SC);Bom Jardim da Serra;4026;1;Pequeno I;938,516
420253;4202537;SC;42;4;Região Sul;Bom Jesus (SC);Bom Jesus;2777;1;Pequeno I;63,883
420257;4202578;SC;42;4;Região Sul;Bom Jesus do Oeste (SC);Bom Jesus do Oeste;2187;1;Pequeno I;67,777
420260;4202602;SC;42;4;Região Sul;Bom Retiro (SC);Bom Retiro;8418;1;Pequeno I;1057,034
420270;4202701;SC;42;4;Região Sul;Botuverá (SC);Botuverá;5363;1;Pequeno I;296,256
420280;4202800;SC;42;4;Região Sul;Braço do Norte (SC);Braço do Norte;33773;2;Pequeno II;212,045
420285;4202859;SC;42;4;Região Sul;Braço do Trombudo (SC);Braço do Trombudo;4026;1;Pequeno I;89,411
420287;4202875;SC;42;4;Região Sul;Brunópolis (SC);Brunópolis;2489;1;Pequeno I;336,439
420290;4202909;SC;42;4;Região Sul;Brusque (SC);Brusque;141385;4;Grande;284,675
420300;4203006;SC;42;4;Região Sul;Caçador (SC);Caçador;73720;3;Médio;983,424
420310;4203105;SC;42;4;Região Sul;Caibi (SC);Caibi;6304;1;Pequeno I;173,079
420315;4203154;SC;42;4;Região Sul;Calmon (SC);Calmon;3443;1;Pequeno I;636,208
420320;4203204;SC;42;4;Região Sul;Camboriú (SC);Camboriú;103074;4;Grande;210,568
420325;4203253;SC;42;4;Região Sul;Capão Alto (SC);Capão Alto;2625;1;Pequeno I;1331,962
420330;4203303;SC;42;4;Região Sul;Campo Alegre (SC);Campo Alegre;12501;1;Pequeno I;499,216
420340;4203402;SC;42;4;Região Sul;Campo Belo do Sul (SC);Campo Belo do Sul;7257;1;Pequeno I;1025,638
420350;4203501;SC;42;4;Região Sul;Campo Erê (SC);Campo Erê;9623;1;Pequeno I;479,161
420360;4203600;SC;42;4;Região Sul;Campos Novos (SC);Campos Novos;36932;2;Pequeno II;1717,697
420370;4203709;SC;42;4;Região Sul;Canelinha (SC);Canelinha;12821;1;Pequeno I;151,008
420380;4203808;SC;42;4;Região Sul;Canoinhas (SC);Canoinhas;55016;3;Médio;1148,036
420390;4203907;SC;42;4;Região Sul;Capinzal (SC);Capinzal;23314;2;Pequeno II;244,057
420395;4203956;SC;42;4;Região Sul;Capivari de Baixo (SC);Capivari de Baixo;23975;2;Pequeno II;53,222
420400;4204004;SC;42;4;Região Sul;Catanduvas (SC);Catanduvas;10566;1;Pequeno I;199,166
420410;4204103;SC;42;4;Região Sul;Caxambu do Sul (SC);Caxambu do Sul;4614;1;Pequeno I;140,873
420415;4204152;SC;42;4;Região Sul;Celso Ramos (SC);Celso Ramos;2805;1;Pequeno I;208,391
420417;4204178;SC;42;4;Região Sul;Cerro Negro (SC);Cerro Negro;3317;1;Pequeno I;418,544
420419;4204194;SC;42;4;Região Sul;Chapadão do Lageado (SC);Chapadão do Lageado;2950;1;Pequeno I;124,866
420420;4204202;SC;42;4;Região Sul;Chapecó (SC);Chapecó;254785;4;Grande;624,846
420425;4204251;SC;42;4;Região Sul;Cocal do Sul (SC);Cocal do Sul;17240;1;Pequeno I;70,965
420430;4204301;SC;42;4;Região Sul;Concórdia (SC);Concórdia;81646;3;Médio;799,194
420435;4204350;SC;42;4;Região Sul;Cordilheira Alta (SC);Cordilheira Alta;4781;1;Pequeno I;83,556
420440;4204400;SC;42;4;Região Sul;Coronel Freitas (SC);Coronel Freitas;10388;1;Pequeno I;233,698
420445;4204459;SC;42;4;Região Sul;Coronel Martins (SC);Coronel Martins;2065;1;Pequeno I;107,502
420450;4204509;SC;42;4;Região Sul;Corupá (SC);Corupá;15267;1;Pequeno I;405,761
420455;4204558;SC;42;4;Região Sul;Correia Pinto (SC);Correia Pinto;15727;1;Pequeno I;647,388
420460;4204608;SC;42;4;Região Sul;Criciúma (SC);Criciúma;214493;4;Grande;234,865
420470;4204707;SC;42;4;Região Sul;Cunha Porã (SC);Cunha Porã;10953;1;Pequeno I;220,099
420475;4204756;SC;42;4;Região Sul;Cunhataí (SC);Cunhataí;1968;1;Pequeno I;54,811
420480;4204806;SC;42;4;Região Sul;Curitibanos (SC);Curitibanos;40045;2;Pequeno II;949,865
420490;4204905;SC;42;4;Região Sul;Descanso (SC);Descanso;8530;1;Pequeno I;287,057
420500;4205001;SC;42;4;Região Sul;Dionísio Cerqueira (SC);Dionísio Cerqueira;15008;1;Pequeno I;378,843
420510;4205100;SC;42;4;Região Sul;Dona Emma (SC);Dona Emma;4221;1;Pequeno I;178,157
420515;4205159;SC;42;4;Região Sul;Doutor Pedrinho (SC);Doutor Pedrinho;3637;1;Pequeno I;374,205
420517;4205175;SC;42;4;Região Sul;Entre Rios (SC);Entre Rios;3402;1;Pequeno I;103,888
420519;4205191;SC;42;4;Região Sul;Ermo (SC);Ermo;2269;1;Pequeno I;65,311
420520;4205209;SC;42;4;Região Sul;Erval Velho (SC);Erval Velho;4885;1;Pequeno I;208,841
420530;4205308;SC;42;4;Região Sul;Faxinal dos Guedes (SC);Faxinal Dos Guedes;11192;1;Pequeno I;340,07
420535;4205357;SC;42;4;Região Sul;Flor do Sertão (SC);Flor do Sertão;1783;1;Pequeno I;58,457
420540;4205407;SC;42;4;Região Sul;Florianópolis (SC);Florianópolis;537211;4;Grande;674,844
420543;4205431;SC;42;4;Região Sul;Formosa do Sul (SC);Formosa do Sul;2682;1;Pequeno I;100,408
420545;4205456;SC;42;4;Região Sul;Forquilhinha (SC);Forquilhinha;31431;2;Pequeno II;183,351
420550;4205506;SC;42;4;Região Sul;Fraiburgo (SC);Fraiburgo;33481;2;Pequeno II;549,188
420555;4205555;SC;42;4;Região Sul;Frei Rogério (SC);Frei Rogério;2411;1;Pequeno I;158,775
420560;4205605;SC;42;4;Região Sul;Galvão (SC);Galvão;3210;1;Pequeno I;139,836
420570;4205704;SC;42;4;Região Sul;Garopaba (SC);Garopaba;29959;2;Pequeno II;114,773
420580;4205803;SC;42;4;Região Sul;Garuva (SC);Garuva;18545;1;Pequeno I;503,595
420590;4205902;SC;42;4;Região Sul;Gaspar (SC);Gaspar;72570;3;Médio;386,616
420600;4206009;SC;42;4;Região Sul;Governador Celso Ramos (SC);Governador Celso Ramos;16915;1;Pequeno I;127,556
420610;4206108;SC;42;4;Região Sul;Grão-Pará (SC);Grão Pará;6277;1;Pequeno I;334,362
420620;4206207;SC;42;4;Região Sul;Gravatal (SC);Gravatal;12435;1;Pequeno I;165,718
420630;4206306;SC;42;4;Região Sul;Guabiruba (SC);Guabiruba;24543;2;Pequeno II;172,173
420640;4206405;SC;42;4;Região Sul;Guaraciaba (SC);Guaraciaba;10796;1;Pequeno I;331,766
420650;4206504;SC;42;4;Região Sul;Guaramirim (SC);Guaramirim;46711;2;Pequeno II;267,514
420660;4206603;SC;42;4;Região Sul;Guarujá do Sul (SC);Guarujá do Sul;4829;1;Pequeno I;100,63
420665;4206652;SC;42;4;Região Sul;Guatambú (SC);Guatambú;8425;1;Pequeno I;206,196
420670;4206702;SC;42;4;Região Sul;Herval d'Oeste (SC);Herval D´oeste;21724;2;Pequeno II;216,581
420675;4206751;SC;42;4;Região Sul;Ibiam (SC);Ibiam;2008;1;Pequeno I;146,009
420680;4206801;SC;42;4;Região Sul;Ibicaré (SC);Ibicaré;3269;1;Pequeno I;156,439
420690;4206900;SC;42;4;Região Sul;Ibirama (SC);Ibirama;19862;1;Pequeno I;247,102
420700;4207007;SC;42;4;Região Sul;Içara (SC);Içara;59035;3;Médio;230,393
420710;4207106;SC;42;4;Região Sul;Ilhota (SC);Ilhota;17046;1;Pequeno I;253,024
420720;4207205;SC;42;4;Região Sul;Imaruí (SC);Imaruí;11881;1;Pequeno I;542,238
420730;4207304;SC;42;4;Região Sul;Imbituba (SC);Imbituba;52579;3;Médio;181,577
420740;4207403;SC;42;4;Região Sul;Imbuia (SC);Imbuia;5982;1;Pequeno I;119,113
420750;4207502;SC;42;4;Região Sul;Indaial (SC);Indaial;71549;3;Médio;430,799
420757;4207577;SC;42;4;Região Sul;Iomerê (SC);Iomerê;2877;1;Pequeno I;113,986
420760;4207601;SC;42;4;Região Sul;Ipira (SC);Ipira;4578;1;Pequeno I;155,651
420765;4207650;SC;42;4;Região Sul;Iporã do Oeste (SC);Iporã do Oeste;9335;1;Pequeno I;200,96
420768;4207684;SC;42;4;Região Sul;Ipuaçu (SC);Ipuaçu;7730;1;Pequeno I;261,081
420770;4207700;SC;42;4;Região Sul;Ipumirim (SC);Ipumirim;7816;1;Pequeno I;245,921
420775;4207759;SC;42;4;Região Sul;Iraceminha (SC);Iraceminha;3986;1;Pequeno I;165,147
420780;4207809;SC;42;4;Região Sul;Irani (SC);Irani;10195;1;Pequeno I;325,862
420785;4207858;SC;42;4;Região Sul;Irati (SC);Irati;2069;1;Pequeno I;77,912
420790;4207908;SC;42;4;Região Sul;Irineópolis (SC);Irineópolis;10285;1;Pequeno I;589,698
420800;4208005;SC;42;4;Região Sul;Itá (SC);Itá;7067;1;Pequeno I;166,265
420810;4208104;SC;42;4;Região Sul;Itaiópolis (SC);Itaiópolis;22051;2;Pequeno II;1297,543
420820;4208203;SC;42;4;Região Sul;Itajaí (SC);Itajaí;264054;4;Grande;289,215
420830;4208302;SC;42;4;Região Sul;Itapema (SC);Itapema;75940;3;Médio;58,21
420840;4208401;SC;42;4;Região Sul;Itapiranga (SC);Itapiranga;16638;1;Pequeno I;281,782
420845;4208450;SC;42;4;Região Sul;Itapoá (SC);Itapoá;30750;2;Pequeno II;245,394
420850;4208500;SC;42;4;Região Sul;Ituporanga (SC);Ituporanga;26525;2;Pequeno II;336,588
420860;4208609;SC;42;4;Região Sul;Jaborá (SC);Jaborá;4310;1;Pequeno I;182,483
420870;4208708;SC;42;4;Região Sul;Jacinto Machado (SC);Jacinto Machado;10624;1;Pequeno I;430,704
420880;4208807;SC;42;4;Região Sul;Jaguaruna (SC);Jaguaruna;20375;2;Pequeno II;326,362
420890;4208906;SC;42;4;Região Sul;Jaraguá do Sul (SC);Jaraguá do Sul;182660;4;Grande;530,894
420895;4208955;SC;42;4;Região Sul;Jardinópolis (SC);Jardinópolis;1776;1;Pequeno I;68,499
420900;4209003;SC;42;4;Região Sul;Joaçaba (SC);Joaçaba;30146;2;Pequeno II;241,637
420910;4209102;SC;42;4;Região Sul;Joinville (SC);Joinville;616317;4;Grande;1127,947
420915;4209151;SC;42;4;Região Sul;José Boiteux (SC);José Boiteux;5985;1;Pequeno I;405,552
420917;4209177;SC;42;4;Região Sul;Jupiá (SC);Jupiá;2555;1;Pequeno I;91,448
420920;4209201;SC;42;4;Região Sul;Lacerdópolis (SC);Lacerdópolis;2248;1;Pequeno I;69,036
420930;4209300;SC;42;4;Região Sul;Lages (SC);Lages;164981;4;Grande;2637,66
420940;4209409;SC;42;4;Região Sul;Laguna (SC);Laguna;42785;2;Pequeno II;333,26
420945;4209458;SC;42;4;Região Sul;Lajeado Grande (SC);Lajeado Grande;1702;1;Pequeno I;65,348
420950;4209508;SC;42;4;Região Sul;Laurentino (SC);Laurentino;7932;1;Pequeno I;79,333
420960;4209607;SC;42;4;Região Sul;Lauro Müller (SC);Lauro Muller;14381;1;Pequeno I;271,852
420970;4209706;SC;42;4;Região Sul;Lebon Régis (SC);Lebon Régis;11472;1;Pequeno I;941,64
420980;4209805;SC;42;4;Região Sul;Leoberto Leal (SC);Leoberto Leal;3330;1;Pequeno I;293,6
420985;4209854;SC;42;4;Região Sul;Lindóia do Sul (SC);Lindóia do Sul;4549;1;Pequeno I;190,171
420990;4209904;SC;42;4;Região Sul;Lontras (SC);Lontras;12873;1;Pequeno I;197,586
421000;4210001;SC;42;4;Região Sul;Luiz Alves (SC);Luiz Alves;11684;1;Pequeno I;260,106
421003;4210035;SC;42;4;Região Sul;Luzerna (SC);Luzerna;5794;1;Pequeno I;117,099
421005;4210050;SC;42;4;Região Sul;Macieira (SC);Macieira;1778;1;Pequeno I;261,208
421010;4210100;SC;42;4;Região Sul;Mafra (SC);Mafra;55286;3;Médio;1404,084
421020;4210209;SC;42;4;Região Sul;Major Gercino (SC);Major Gercino;3214;1;Pequeno I;306,058
421030;4210308;SC;42;4;Região Sul;Major Vieira (SC);Major Vieira;7425;1;Pequeno I;520,816
421040;4210407;SC;42;4;Região Sul;Maracajá (SC);Maracajá;7815;1;Pequeno I;62,902
421050;4210506;SC;42;4;Região Sul;Maravilha (SC);Maravilha;28251;2;Pequeno II;170,339
421055;4210555;SC;42;4;Região Sul;Marema (SC);Marema;2184;1;Pequeno I;104,184
421060;4210605;SC;42;4;Região Sul;Massaranduba (SC);Massaranduba;17162;1;Pequeno I;374,459
421070;4210704;SC;42;4;Região Sul;Matos Costa (SC);Matos Costa;2761;1;Pequeno I;435,391
421080;4210803;SC;42;4;Região Sul;Meleiro (SC);Meleiro;7006;1;Pequeno I;186,439
421085;4210852;SC;42;4;Região Sul;Mirim Doce (SC);Mirim Doce;2511;1;Pequeno I;337,991
421090;4210902;SC;42;4;Região Sul;Modelo (SC);Modelo;4080;1;Pequeno I;92,346
421100;4211009;SC;42;4;Região Sul;Mondaí (SC);Mondaí;10066;1;Pequeno I;200,276
421105;4211058;SC;42;4;Região Sul;Monte Carlo (SC);Monte Carlo;9117;1;Pequeno I;191,278
421110;4211108;SC;42;4;Região Sul;Monte Castelo (SC);Monte Castelo;7736;1;Pequeno I;560,743
421120;4211207;SC;42;4;Região Sul;Morro da Fumaça (SC);Morro da Fumaça;18537;1;Pequeno I;82,818
421125;4211256;SC;42;4;Região Sul;Morro Grande (SC);Morro Grande;3010;1;Pequeno I;260,143
421130;4211306;SC;42;4;Região Sul;Navegantes (SC);Navegantes;86401;3;Médio;111,377
421140;4211405;SC;42;4;Região Sul;Nova Erechim (SC);Nova Erechim;5155;1;Pequeno I;65,087
421145;4211454;SC;42;4;Região Sul;Nova Itaberaba (SC);Nova Itaberaba;4536;1;Pequeno I;137,388
421150;4211504;SC;42;4;Região Sul;Nova Trento (SC);Nova Trento;13727;1;Pequeno I;402,852
421160;4211603;SC;42;4;Região Sul;Nova Veneza (SC);Nova Veneza;13664;1;Pequeno I;295,061
421165;4211652;SC;42;4;Região Sul;Novo Horizonte (SC);Novo Horizonte;2643;1;Pequeno I;151,722
421170;4211702;SC;42;4;Região Sul;Orleans (SC);Orleans;23661;2;Pequeno II;549,859
421175;4211751;SC;42;4;Região Sul;Otacílio Costa (SC);Otacílio Costa;17312;1;Pequeno I;847,253
421180;4211801;SC;42;4;Região Sul;Ouro (SC);Ouro;7032;1;Pequeno I;213,543
421185;4211850;SC;42;4;Região Sul;Ouro Verde (SC);Ouro Verde;2181;1;Pequeno I;188,568
421187;4211876;SC;42;4;Região Sul;Paial (SC);Paial;1927;1;Pequeno I;86,048
421189;4211892;SC;42;4;Região Sul;Painel (SC);Painel;2215;1;Pequeno I;738,331
421190;4211900;SC;42;4;Região Sul;Palhoça (SC);Palhoça;222598;4;Grande;394,85
421200;4212007;SC;42;4;Região Sul;Palma Sola (SC);Palma Sola;7605;1;Pequeno I;330,878
421205;4212056;SC;42;4;Região Sul;Palmeira (SC);Palmeira;2561;1;Pequeno I;289,097
421210;4212106;SC;42;4;Região Sul;Palmitos (SC);Palmitos;15626;1;Pequeno I;351,051
421220;4212205;SC;42;4;Região Sul;Papanduva (SC);Papanduva;19150;1;Pequeno I;764,737
421223;4212239;SC;42;4;Região Sul;Paraíso (SC);Paraíso;4267;1;Pequeno I;180,338
421225;4212254;SC;42;4;Região Sul;Passo de Torres (SC);Passo de Torres;12897;1;Pequeno I;92,638
421227;4212270;SC;42;4;Região Sul;Passos Maia (SC);Passos Maia;4034;1;Pequeno I;617,092
421230;4212304;SC;42;4;Região Sul;Paulo Lopes (SC);Paulo Lopes;9063;1;Pequeno I;446,165
421240;4212403;SC;42;4;Região Sul;Pedras Grandes (SC);Pedras Grandes;4245;1;Pequeno I;159,891
421250;4212502;SC;42;4;Região Sul;Penha (SC);Penha;33663;2;Pequeno II;57,752
421260;4212601;SC;42;4;Região Sul;Peritiba (SC);Peritiba;2992;1;Pequeno I;96,168
421265;4212650;SC;42;4;Região Sul;Pescaria Brava (SC);Pescaria Brava;10190;1;Pequeno I;106,853
421270;4212700;SC;42;4;Região Sul;Petrolândia (SC);Petrolândia;6716;1;Pequeno I;306,76
421280;4212809;SC;42;4;Região Sul;Balneário Piçarras (SC);Piçarras;27127;2;Pequeno II;99,355
421290;4212908;SC;42;4;Região Sul;Pinhalzinho (SC);Pinhalzinho;21972;2;Pequeno II;128,726
421300;4213005;SC;42;4;Região Sul;Pinheiro Preto (SC);Pinheiro Preto;3473;1;Pequeno I;61,011
421310;4213104;SC;42;4;Região Sul;Piratuba (SC);Piratuba;5769;1;Pequeno I;146,088
421315;4213153;SC;42;4;Região Sul;Planalto Alegre (SC);Planalto Alegre;2946;1;Pequeno I;63,1
421320;4213203;SC;42;4;Região Sul;Pomerode (SC);Pomerode;34289;2;Pequeno II;214,299
421330;4213302;SC;42;4;Região Sul;Ponte Alta (SC);Ponte Alta;4437;1;Pequeno I;575,17
421335;4213351;SC;42;4;Região Sul;Ponte Alta do Norte (SC);Ponte Alta do Norte;3210;1;Pequeno I;396,882
421340;4213401;SC;42;4;Região Sul;Ponte Serrada (SC);Ponte Serrada;10649;1;Pequeno I;560,731
421350;4213500;SC;42;4;Região Sul;Porto Belo (SC);Porto Belo;27688;2;Pequeno II;93,673
421360;4213609;SC;42;4;Região Sul;Porto União (SC);Porto União;32970;2;Pequeno II;848,779
421370;4213708;SC;42;4;Região Sul;Pouso Redondo (SC);Pouso Redondo;17123;1;Pequeno I;356,539
421380;4213807;SC;42;4;Região Sul;Praia Grande (SC);Praia Grande;8270;1;Pequeno I;284,36
421390;4213906;SC;42;4;Região Sul;Presidente Castello Branco (SC);Presidente Castelo Branco;1689;1;Pequeno I;65,433
421400;4214003;SC;42;4;Região Sul;Presidente Getúlio (SC);Presidente Getúlio;20010;2;Pequeno II;297,16
421410;4214102;SC;42;4;Região Sul;Presidente Nereu (SC);Presidente Nereu;2301;1;Pequeno I;224,748
421415;4214151;SC;42;4;Região Sul;Princesa (SC);Princesa;2964;1;Pequeno I;85,598
421420;4214201;SC;42;4;Região Sul;Quilombo (SC);Quilombo;11022;1;Pequeno I;278,983
421430;4214300;SC;42;4;Região Sul;Rancho Queimado (SC);Rancho Queimado;3279;1;Pequeno I;286,461
421440;4214409;SC;42;4;Região Sul;Rio das Antas (SC);Rio Das Antas;6253;1;Pequeno I;314,913
421450;4214508;SC;42;4;Região Sul;Rio do Campo (SC);Rio do Campo;6452;1;Pequeno I;502,095
421460;4214607;SC;42;4;Região Sul;Rio do Oeste (SC);Rio do Oeste;7747;1;Pequeno I;245,057
421470;4214706;SC;42;4;Região Sul;Rio dos Cedros (SC);Rio Dos Cedros;10865;1;Pequeno I;555,473
421480;4214805;SC;42;4;Região Sul;Rio do Sul (SC);Rio do Sul;72587;3;Médio;260,817
421490;4214904;SC;42;4;Região Sul;Rio Fortuna (SC);Rio Fortuna;4847;1;Pequeno I;302,39
421500;4215000;SC;42;4;Região Sul;Rio Negrinho (SC);Rio Negrinho;39261;2;Pequeno II;907,42
421505;4215059;SC;42;4;Região Sul;Rio Rufino (SC);Rio Rufino;2397;1;Pequeno I;282,571
421507;4215075;SC;42;4;Região Sul;Riqueza (SC);Riqueza;4768;1;Pequeno I;191,061
421510;4215109;SC;42;4;Região Sul;Rodeio (SC);Rodeio;12757;1;Pequeno I;129,001
421520;4215208;SC;42;4;Região Sul;Romelândia (SC);Romelândia;4823;1;Pequeno I;223,333
421530;4215307;SC;42;4;Região Sul;Salete (SC);Salete;7489;1;Pequeno I;177,887
421535;4215356;SC;42;4;Região Sul;Saltinho (SC);Saltinho;3632;1;Pequeno I;156,568
421540;4215406;SC;42;4;Região Sul;Salto Veloso (SC);Salto Veloso;4390;1;Pequeno I;104,531
421545;4215455;SC;42;4;Região Sul;Sangão (SC);Sangão;12882;1;Pequeno I;82,984
421550;4215505;SC;42;4;Região Sul;Santa Cecília (SC);Santa Cecília;15546;1;Pequeno I;1145,845
421555;4215554;SC;42;4;Região Sul;Santa Helena (SC);Santa Helena;2425;1;Pequeno I;81,004
421560;4215604;SC;42;4;Região Sul;Santa Rosa de Lima (SC);Santa Rosa de Lima;2088;1;Pequeno I;203,218
421565;4215653;SC;42;4;Região Sul;Santa Rosa do Sul (SC);Santa Rosa do Sul;9792;1;Pequeno I;150,299
421567;4215679;SC;42;4;Região Sul;Santa Terezinha (SC);Santa Terezinha;8066;1;Pequeno I;715,551
421568;4215687;SC;42;4;Região Sul;Santa Terezinha do Progresso (SC);Santa Terezinha do Progresso;2576;1;Pequeno I;119,653
421569;4215695;SC;42;4;Região Sul;Santiago do Sul (SC);Santiago do Sul;1651;1;Pequeno I;73,335
421570;4215703;SC;42;4;Região Sul;Santo Amaro da Imperatriz (SC);Santo Amaro da Imperatriz;27272;2;Pequeno II;344,235
421575;4215752;SC;42;4;Região Sul;São Bernardino (SC);São Bernardino;2684;1;Pequeno I;149,891
421580;4215802;SC;42;4;Região Sul;São Bento do Sul (SC);São Bento do Sul;83277;3;Médio;495,772
421590;4215901;SC;42;4;Região Sul;São Bonifácio (SC);São Bonifácio;2946;1;Pequeno I;461,438
421600;4216008;SC;42;4;Região Sul;São Carlos (SC);São Carlos;10282;1;Pequeno I;162,12
421605;4216057;SC;42;4;Região Sul;São Cristóvão do Sul (SC);São Cristovão do Sul;6084;1;Pequeno I;345,903
421610;4216107;SC;42;4;Região Sul;São Domingos (SC);São Domingos;9226;1;Pequeno I;367,525
421620;4216206;SC;42;4;Região Sul;São Francisco do Sul (SC);São Francisco do Sul;52674;3;Médio;493,266
421625;4216255;SC;42;4;Região Sul;São João do Oeste (SC);São João do Oeste;6295;1;Pequeno I;163,747
421630;4216305;SC;42;4;Região Sul;São João Batista (SC);São João Batista;32687;2;Pequeno II;200,765
421635;4216354;SC;42;4;Região Sul;São João do Itaperiú (SC);São João do Itaperiú;4463;1;Pequeno I;151,885
421640;4216404;SC;42;4;Região Sul;São João do Sul (SC);São João do Sul;8668;1;Pequeno I;184,375
421650;4216503;SC;42;4;Região Sul;São Joaquim (SC);São Joaquim;25939;2;Pequeno II;1888,634
421660;4216602;SC;42;4;Região Sul;São José (SC);São José;270299;4;Grande;150,499
421670;4216701;SC;42;4;Região Sul;São José do Cedro (SC);São José do Cedro;14167;1;Pequeno I;280,76
421680;4216800;SC;42;4;Região Sul;São José do Cerrito (SC);São José do Cerrito;8708;1;Pequeno I;948,714
421690;4216909;SC;42;4;Região Sul;São Lourenço do Oeste (SC);São Lourenço do Oeste;24791;2;Pequeno II;356,193
421700;4217006;SC;42;4;Região Sul;São Ludgero (SC);São Ludgero;13509;1;Pequeno I;106,765
421710;4217105;SC;42;4;Região Sul;São Martinho (SC);São Martinho;3405;1;Pequeno I;224,566
421715;4217154;SC;42;4;Região Sul;São Miguel da Boa Vista (SC);São Miguel da Boa Vista;1781;1;Pequeno I;72,755
421720;4217204;SC;42;4;Região Sul;São Miguel do Oeste (SC);São Miguel do Oeste;44330;2;Pequeno II;234,202
421725;4217253;SC;42;4;Região Sul;São Pedro de Alcântara (SC);São Pedro de Alcântara;5776;1;Pequeno I;139,196
421730;4217303;SC;42;4;Região Sul;Saudades (SC);Saudades;10265;1;Pequeno I;205,781
421740;4217402;SC;42;4;Região Sul;Schroeder (SC);Schroeder;20061;2;Pequeno II;165,237
421750;4217501;SC;42;4;Região Sul;Seara (SC);Seara;18620;1;Pequeno I;309,627
421755;4217550;SC;42;4;Região Sul;Serra Alta (SC);Serra Alta;3303;1;Pequeno I;90,564
421760;4217600;SC;42;4;Região Sul;Siderópolis (SC);Siderópolis;13714;1;Pequeno I;262,004
421770;4217709;SC;42;4;Região Sul;Sombrio (SC);Sombrio;29991;2;Pequeno II;143,457
421775;4217758;SC;42;4;Região Sul;Sul Brasil (SC);Sul Brasil;2832;1;Pequeno I;113,125
421780;4217808;SC;42;4;Região Sul;Taió (SC);Taió;18310;1;Pequeno I;693,847
421790;4217907;SC;42;4;Região Sul;Tangará (SC);Tangará;8143;1;Pequeno I;390,044
421795;4217956;SC;42;4;Região Sul;Tigrinhos (SC);Tigrinhos;2329;1;Pequeno I;56,962
421800;4218004;SC;42;4;Região Sul;Tijucas (SC);Tijucas;51592;3;Médio;279,159
421810;4218103;SC;42;4;Região Sul;Timbé do Sul (SC);Timbé do Sul;5386;1;Pequeno I;328,507
421820;4218202;SC;42;4;Região Sul;Timbó (SC);Timbó;46099;2;Pequeno II;128,313
421825;4218251;SC;42;4;Região Sul;Timbó Grande (SC);Timbó Grande;7342;1;Pequeno I;596,344
421830;4218301;SC;42;4;Região Sul;Três Barras (SC);Três Barras;19746;1;Pequeno I;436,496
421835;4218350;SC;42;4;Região Sul;Treviso (SC);Treviso;3782;1;Pequeno I;156,61
421840;4218400;SC;42;4;Região Sul;Treze de Maio (SC);Treze de Maio;7362;1;Pequeno I;159,833
421850;4218509;SC;42;4;Região Sul;Treze Tílias (SC);Treze Tílias;8787;1;Pequeno I;185,937
421860;4218608;SC;42;4;Região Sul;Trombudo Central (SC);Trombudo Central;7274;1;Pequeno I;109,648
421870;4218707;SC;42;4;Região Sul;Tubarão (SC);Tubarão;110088;4;Grande;301,485
421875;4218756;SC;42;4;Região Sul;Tunápolis (SC);Tunápolis;4916;1;Pequeno I;132,939
421880;4218806;SC;42;4;Região Sul;Turvo (SC);Turvo;13043;1;Pequeno I;235,104
421885;4218855;SC;42;4;Região Sul;União do Oeste (SC);União do Oeste;2774;1;Pequeno I;92,857
421890;4218905;SC;42;4;Região Sul;Urubici (SC);Urubici;10834;1;Pequeno I;1021,371
421895;4218954;SC;42;4;Região Sul;Urupema (SC);Urupema;2656;1;Pequeno I;350,472
421900;4219002;SC;42;4;Região Sul;Urussanga (SC);Urussanga;20919;2;Pequeno II;254,954
421910;4219101;SC;42;4;Região Sul;Vargeão (SC);Vargeão;3634;1;Pequeno I;166,685
421915;4219150;SC;42;4;Região Sul;Vargem (SC);Vargem;2627;1;Pequeno I;350,606
421917;4219176;SC;42;4;Região Sul;Vargem Bonita (SC);Vargem Bonita;4576;1;Pequeno I;299,807
421920;4219200;SC;42;4;Região Sul;Vidal Ramos (SC);Vidal Ramos;6189;1;Pequeno I;346,932
421930;4219309;SC;42;4;Região Sul;Videira (SC);Videira;55466;3;Médio;384,127
421935;4219358;SC;42;4;Região Sul;Vitor Meireles (SC);Vitor Meireles;5370;1;Pequeno I;370,414
421940;4219408;SC;42;4;Região Sul;Witmarsum (SC);Witmarsum;4255;1;Pequeno I;153,776
421950;4219507;SC;42;4;Região Sul;Xanxerê (SC);Xanxerê;51607;3;Médio;377,426
421960;4219606;SC;42;4;Região Sul;Xavantina (SC);Xavantina;3653;1;Pequeno I;218,032
421970;4219705;SC;42;4;Região Sul;Xaxim (SC);Xaxim;31918;2;Pequeno II;293,628
421985;4219853;SC;42;4;Região Sul;Zortéa (SC);Zortéa;3930;1;Pequeno I;190,179
422000;4220000;SC;42;4;Região Sul;Balneário Rincão (SC);Balneário Rincão;15981;1;Pequeno I;63,42
430003;4300034;RS;43;4;Região Sul;Aceguá (RS);Aceguá;4170;1;Pequeno I;1551,339
430005;4300059;RS;43;4;Região Sul;Água Santa (RS);Água Santa;3912;1;Pequeno I;291,503
430010;4300109;RS;43;4;Região Sul;Agudo (RS);Agudo;16041;1;Pequeno I;534,624
430020;4300208;RS;43;4;Região Sul;Ajuricaba (RS);Ajuricaba;6720;1;Pequeno I;322,674
430030;4300307;RS;43;4;Região Sul;Alecrim (RS);Alecrim;6123;1;Pequeno I;316,394
430040;4300406;RS;43;4;Região Sul;Alegrete (RS);Alegrete;72409;3;Médio;7800,428
430045;4300455;RS;43;4;Região Sul;Alegria (RS);Alegria;3651;1;Pequeno I;172,794
430047;4300471;RS;43;4;Região Sul;Almirante Tamandaré do Sul (RS);Almirante Tamandaré do Sul;1969;1;Pequeno I;265,042
430050;4300505;RS;43;4;Região Sul;Alpestre (RS);Alpestre;7117;1;Pequeno I;325,979
430055;4300554;RS;43;4;Região Sul;Alto Alegre (RS);Alto Alegre;1800;1;Pequeno I;115,335
430057;4300570;RS;43;4;Região Sul;Alto Feliz (RS);Alto Feliz;3072;1;Pequeno I;78,175
430060;4300604;RS;43;4;Região Sul;Alvorada (RS);Alvorada;187315;4;Grande;71,7
430063;4300638;RS;43;4;Região Sul;Amaral Ferrador (RS);Amaral Ferrador;5310;1;Pequeno I;505,983
430064;4300646;RS;43;4;Região Sul;Ametista do Sul (RS);Ametista do Sul;7650;1;Pequeno I;93,704
430066;4300661;RS;43;4;Região Sul;André da Rocha (RS);André da Rocha;1135;1;Pequeno I;331,208
430070;4300703;RS;43;4;Região Sul;Anta Gorda (RS);Anta Gorda;5957;1;Pequeno I;242,1
430080;4300802;RS;43;4;Região Sul;Antônio Prado (RS);Antônio Prado;13045;1;Pequeno I;347,541
430085;4300851;RS;43;4;Região Sul;Arambaré (RS);Arambaré;4112;1;Pequeno I;518,193
430087;4300877;RS;43;4;Região Sul;Araricá (RS);Araricá;8525;1;Pequeno I;35,391
430090;4300901;RS;43;4;Região Sul;Aratiba (RS);Aratiba;6483;1;Pequeno I;342,279
430100;4301008;RS;43;4;Região Sul;Arroio do Meio (RS);Arroio do Meio;21958;2;Pequeno II;157,088
430105;4301057;RS;43;4;Região Sul;Arroio do Sal (RS);Arroio do Sal;11057;1;Pequeno I;119,16
430107;4301073;RS;43;4;Região Sul;Arroio do Padre (RS);Arroio do Padre;2599;1;Pequeno I;124,693
430110;4301107;RS;43;4;Região Sul;Arroio dos Ratos (RS);Arroio Dos Ratos;14601;1;Pequeno I;425,791
430120;4301206;RS;43;4;Região Sul;Arroio do Tigre (RS);Arroio do Tigre;12058;1;Pequeno I;315,132
430130;4301305;RS;43;4;Região Sul;Arroio Grande (RS);Arroio Grande;17558;1;Pequeno I;2508,557
430140;4301404;RS;43;4;Região Sul;Arvorezinha (RS);Arvorezinha;10322;1;Pequeno I;269,31
430150;4301503;RS;43;4;Região Sul;Augusto Pestana (RS);Augusto Pestana;7149;1;Pequeno I;348,231
430155;4301552;RS;43;4;Região Sul;Áurea (RS);Áurea;3396;1;Pequeno I;156,727
430160;4301602;RS;43;4;Região Sul;Bagé (RS);Bagé;117938;4;Grande;4090,36
430163;4301636;RS;43;4;Região Sul;Balneário Pinhal (RS);Balneário Pinhal;14955;1;Pequeno I;102,387
430165;4301651;RS;43;4;Região Sul;Barão (RS);Barão;6461;1;Pequeno I;124,757
430170;4301701;RS;43;4;Região Sul;Barão de Cotegipe (RS);Barão de Cotegipe;7144;1;Pequeno I;260,505
430175;4301750;RS;43;4;Região Sul;Barão do Triunfo (RS);Barão do Triunfo;5889;1;Pequeno I;436,101
430180;4301800;RS;43;4;Região Sul;Barracão (RS);Barracão;4831;1;Pequeno I;515,469
430185;4301859;RS;43;4;Região Sul;Barra do Guarita (RS);Barra do Guarita;3161;1;Pequeno I;62,801
430187;4301875;RS;43;4;Região Sul;Barra do Quaraí (RS);Barra do Quaraí;4241;1;Pequeno I;1055,937
430190;4301909;RS;43;4;Região Sul;Barra do Ribeiro (RS);Barra do Ribeiro;12225;1;Pequeno I;729,316
430192;4301925;RS;43;4;Região Sul;Barra do Rio Azul (RS);Barra do Rio Azul;1696;1;Pequeno I;146,995
430195;4301958;RS;43;4;Região Sul;Barra Funda (RS);Barra Funda;2498;1;Pequeno I;60,437
430200;4302006;RS;43;4;Região Sul;Barros Cassal (RS);Barros Cassal;9296;1;Pequeno I;647,994
430205;4302055;RS;43;4;Região Sul;Benjamin Constant do Sul (RS);Benjamin Constant do Sul;2082;1;Pequeno I;132,351
430210;4302105;RS;43;4;Região Sul;Bento Gonçalves (RS);Bento Gonçalves;123151;4;Grande;272,287
430215;4302154;RS;43;4;Região Sul;Boa Vista das Missões (RS);Boa Vista Das Missões;1933;1;Pequeno I;196,064
430220;4302204;RS;43;4;Região Sul;Boa Vista do Buricá (RS);Boa Vista do Buricá;6966;1;Pequeno I;109,541
430222;4302220;RS;43;4;Região Sul;Boa Vista do Cadeado (RS);Boa Vista do Cadeado;2229;1;Pequeno I;701,221
430223;4302238;RS;43;4;Região Sul;Boa Vista do Incra (RS);Boa Vista do Incra;2271;1;Pequeno I;504,114
430225;4302253;RS;43;4;Região Sul;Boa Vista do Sul (RS);Boa Vista do Sul;2779;1;Pequeno I;94,399
430230;4302303;RS;43;4;Região Sul;Bom Jesus (RS);Bom Jesus;11202;1;Pequeno I;2622,837
430235;4302352;RS;43;4;Região Sul;Bom Princípio (RS);Bom Princípio;13142;1;Pequeno I;88,66
430237;4302378;RS;43;4;Região Sul;Bom Progresso (RS);Bom Progresso;2096;1;Pequeno I;89,206
430240;4302402;RS;43;4;Região Sul;Bom Retiro do Sul (RS);Bom Retiro do Sul;12294;1;Pequeno I;102,54
430245;4302451;RS;43;4;Região Sul;Boqueirão do Leão (RS);Boqueirão do Leão;6247;1;Pequeno I;265,952
430250;4302501;RS;43;4;Região Sul;Bossoroca (RS);Bossoroca;5890;1;Pequeno I;1610,056
430258;4302584;RS;43;4;Região Sul;Bozano (RS);Bozano;2151;1;Pequeno I;200,497
430260;4302600;RS;43;4;Região Sul;Braga (RS);Braga;3268;1;Pequeno I;132,044
430265;4302659;RS;43;4;Região Sul;Brochier (RS);Brochier;4966;1;Pequeno I;105,353
430270;4302709;RS;43;4;Região Sul;Butiá (RS);Butiá;19084;1;Pequeno I;752,187
430280;4302808;RS;43;4;Região Sul;Caçapava do Sul (RS);Caçapava do Sul;32515;2;Pequeno II;3048,147
430290;4302907;RS;43;4;Região Sul;Cacequi (RS);Cacequi;11157;1;Pequeno I;2373,507
430300;4303004;RS;43;4;Região Sul;Cachoeira do Sul (RS);Cachoeira do Sul;80070;3;Médio;3736,064
430310;4303103;RS;43;4;Região Sul;Cachoeirinha (RS);Cachoeirinha;136258;4;Grande;43,778
430320;4303202;RS;43;4;Região Sul;Cacique Doble (RS);Cacique Doble;4603;1;Pequeno I;204,055
430330;4303301;RS;43;4;Região Sul;Caibaté (RS);Caibaté;4704;1;Pequeno I;261,303
430340;4303400;RS;43;4;Região Sul;Caiçara (RS);Caiçara;4836;1;Pequeno I;189,16
430350;4303509;RS;43;4;Região Sul;Camaquã (RS);Camaquã;62200;3;Médio;1680,168
430355;4303558;RS;43;4;Região Sul;Camargo (RS);Camargo;2981;1;Pequeno I;138,069
430360;4303608;RS;43;4;Região Sul;Cambará do Sul (RS);Cambará do Sul;6361;1;Pequeno I;1181,811
430367;4303673;RS;43;4;Região Sul;Campestre da Serra (RS);Campestre da Serra;3242;1;Pequeno I;538,487
430370;4303707;RS;43;4;Região Sul;Campina das Missões (RS);Campina Das Missões;5882;1;Pequeno I;224,801
430380;4303806;RS;43;4;Região Sul;Campinas do Sul (RS);Campinas do Sul;5284;1;Pequeno I;276,162
430390;4303905;RS;43;4;Região Sul;Campo Bom (RS);Campo Bom;62886;3;Médio;60,579
430400;4304002;RS;43;4;Região Sul;Campo Novo (RS);Campo Novo;4975;1;Pequeno I;220,719
430410;4304101;RS;43;4;Região Sul;Campos Borges (RS);Campos Borges;3613;1;Pequeno I;226,202
430420;4304200;RS;43;4;Região Sul;Candelária (RS);Candelária;28906;2;Pequeno II;944,735
430430;4304309;RS;43;4;Região Sul;Cândido Godói (RS);Cândido Godói;6294;1;Pequeno I;247,047
430435;4304358;RS;43;4;Região Sul;Candiota (RS);Candiota;10710;1;Pequeno I;933,628
430440;4304408;RS;43;4;Região Sul;Canela (RS);Canela;48946;2;Pequeno II;253,002
430450;4304507;RS;43;4;Região Sul;Canguçu (RS);Canguçu;49680;2;Pequeno II;3526,253
430460;4304606;RS;43;4;Região Sul;Canoas (RS);Canoas;347657;4;Grande;130,789
430461;4304614;RS;43;4;Região Sul;Canudos do Vale (RS);Canudos do Vale;1656;1;Pequeno I;82,908
430462;4304622;RS;43;4;Região Sul;Capão Bonito do Sul (RS);Capão Bonito do Sul;1733;1;Pequeno I;526,85
430463;4304630;RS;43;4;Região Sul;Capão da Canoa (RS);Capão da Canoa;63594;3;Médio;98,383
430465;4304655;RS;43;4;Região Sul;Capão do Cipó (RS);Capão do Cipó;3119;1;Pequeno I;1007,796
430466;4304663;RS;43;4;Região Sul;Capão do Leão (RS);Capão do Leão;26487;2;Pequeno II;783,196
430467;4304671;RS;43;4;Região Sul;Capivari do Sul (RS);Capivari do Sul;3991;1;Pequeno I;412,889
430468;4304689;RS;43;4;Região Sul;Capela de Santana (RS);Capela de Santana;11159;1;Pequeno I;182,756
430469;4304697;RS;43;4;Região Sul;Capitão (RS);Capitão;2921;1;Pequeno I;73,967
430470;4304705;RS;43;4;Região Sul;Carazinho (RS);Carazinho;61804;3;Médio;666,694
430471;4304713;RS;43;4;Região Sul;Caraá (RS);Caraá;7394;1;Pequeno I;294,606
430480;4304804;RS;43;4;Região Sul;Carlos Barbosa (RS);Carlos Barbosa;30420;2;Pequeno II;230,061
430485;4304853;RS;43;4;Região Sul;Carlos Gomes (RS);Carlos Gomes;1368;1;Pequeno I;83,155
430490;4304903;RS;43;4;Região Sul;Casca (RS);Casca;9465;1;Pequeno I;272,041
430495;4304952;RS;43;4;Região Sul;Caseiros (RS);Caseiros;3000;1;Pequeno I;235,863
430500;4305009;RS;43;4;Região Sul;Catuípe (RS);Catuípe;8674;1;Pequeno I;583,184
430510;4305108;RS;43;4;Região Sul;Caxias do Sul (RS);Caxias do Sul;463501;4;Grande;1652,32
430511;4305116;RS;43;4;Região Sul;Centenário (RS);Centenário;2721;1;Pequeno I;134,23
430512;4305124;RS;43;4;Região Sul;Cerrito (RS);Cerrito;5808;1;Pequeno I;451,699
430513;4305132;RS;43;4;Região Sul;Cerro Branco (RS);Cerro Branco;3802;1;Pequeno I;158,025
430515;4305157;RS;43;4;Região Sul;Cerro Grande (RS);Cerro Grande;2379;1;Pequeno I;73,438
430517;4305173;RS;43;4;Região Sul;Cerro Grande do Sul (RS);Cerro Grande do Sul;9178;1;Pequeno I;324,908
430520;4305207;RS;43;4;Região Sul;Cerro Largo (RS);Cerro Largo;13705;1;Pequeno I;176,643
430530;4305306;RS;43;4;Região Sul;Chapada (RS);Chapada;9540;1;Pequeno I;684,247
430535;4305355;RS;43;4;Região Sul;Charqueadas (RS);Charqueadas;35012;2;Pequeno II;217,362
430537;4305371;RS;43;4;Região Sul;Charrua (RS);Charrua;2768;1;Pequeno I;198,748
430540;4305405;RS;43;4;Região Sul;Chiapetta (RS);Chiapetta;3913;1;Pequeno I;397,179
430543;4305439;RS;43;4;Região Sul;Chuí (RS);Chuí;6262;1;Pequeno I;202,387
430544;4305447;RS;43;4;Região Sul;Chuvisca (RS);Chuvisca;4597;1;Pequeno I;220,471
430545;4305454;RS;43;4;Região Sul;Cidreira (RS);Cidreira;17071;1;Pequeno I;243,419
430550;4305504;RS;43;4;Região Sul;Ciríaco (RS);Ciríaco;4149;1;Pequeno I;274,35
430558;4305587;RS;43;4;Região Sul;Colinas (RS);Colinas;2423;1;Pequeno I;60,732
430560;4305603;RS;43;4;Região Sul;Colorado (RS);Colorado;3258;1;Pequeno I;286,295
430570;4305702;RS;43;4;Região Sul;Condor (RS);Condor;6406;1;Pequeno I;463,568
430580;4305801;RS;43;4;Região Sul;Constantina (RS);Constantina;10385;1;Pequeno I;203,614
430583;4305835;RS;43;4;Região Sul;Coqueiro Baixo (RS);Coqueiro Baixo;1290;1;Pequeno I;112,638
430585;4305850;RS;43;4;Região Sul;Coqueiros do Sul (RS);Coqueiros do Sul;2211;1;Pequeno I;277,147
430587;4305871;RS;43;4;Região Sul;Coronel Barros (RS);Coronel Barros;2822;1;Pequeno I;163,684
430590;4305900;RS;43;4;Região Sul;Coronel Bicaco (RS);Coronel Bicaco;6144;1;Pequeno I;492,303
430593;4305934;RS;43;4;Região Sul;Coronel Pilar (RS);Coronel Pilar;1607;1;Pequeno I;105,668
430595;4305959;RS;43;4;Região Sul;Cotiporã (RS);Cotiporã;3846;1;Pequeno I;173,207
430597;4305975;RS;43;4;Região Sul;Coxilha (RS);Coxilha;2667;1;Pequeno I;422,101
430600;4306007;RS;43;4;Região Sul;Crissiumal (RS);Crissiumal;12886;1;Pequeno I;362,194
430605;4306056;RS;43;4;Região Sul;Cristal (RS);Cristal;7299;1;Pequeno I;682,138
430607;4306072;RS;43;4;Região Sul;Cristal do Sul (RS);Cristal do Sul;2692;1;Pequeno I;97,077
430610;4306106;RS;43;4;Região Sul;Cruz Alta (RS);Cruz Alta;58913;3;Médio;1360,548
430613;4306130;RS;43;4;Região Sul;Cruzaltense (RS);Cruzaltense;1635;1;Pequeno I;166,883
430620;4306205;RS;43;4;Região Sul;Cruzeiro do Sul (RS);Cruzeiro do Sul;11600;1;Pequeno I;155,058
430630;4306304;RS;43;4;Região Sul;David Canabarro (RS);David Canabarro;4321;1;Pequeno I;174,734
430632;4306320;RS;43;4;Região Sul;Derrubadas (RS);Derrubadas;2751;1;Pequeno I;360,851
430635;4306353;RS;43;4;Região Sul;Dezesseis de Novembro (RS);Dezesseis de Novembro;2507;1;Pequeno I;217,363
430637;4306379;RS;43;4;Região Sul;Dilermando de Aguiar (RS);Dilermando de Aguiar;2806;1;Pequeno I;600,518
430640;4306403;RS;43;4;Região Sul;Dois Irmãos (RS);Dois Irmãos;30709;2;Pequeno II;66,114
430642;4306429;RS;43;4;Região Sul;Dois Irmãos das Missões (RS);Dois Irmãos Das Missões;2090;1;Pequeno I;226,072
430645;4306452;RS;43;4;Região Sul;Dois Lajeados (RS);Dois Lajeados;3097;1;Pequeno I;133,535
430650;4306502;RS;43;4;Região Sul;Dom Feliciano (RS);Dom Feliciano;13051;1;Pequeno I;1355,195
430655;4306551;RS;43;4;Região Sul;Dom Pedro de Alcântara (RS);Dom Pedro de Alcântara;2562;1;Pequeno I;78,219
430660;4306601;RS;43;4;Região Sul;Dom Pedrito (RS);Dom Pedrito;36981;2;Pequeno II;5194,051
430670;4306700;RS;43;4;Região Sul;Dona Francisca (RS);Dona Francisca;3079;1;Pequeno I;114,149
430673;4306734;RS;43;4;Região Sul;Doutor Maurício Cardoso (RS);Doutor Maurício Cardoso;4470;1;Pequeno I;255,731
430675;4306759;RS;43;4;Região Sul;Doutor Ricardo (RS);Doutor Ricardo;1888;1;Pequeno I;107,96
430676;4306767;RS;43;4;Região Sul;Eldorado do Sul (RS);Eldorado do Sul;39559;2;Pequeno II;509,614
430680;4306809;RS;43;4;Região Sul;Encantado (RS);Encantado;22962;2;Pequeno II;140,006
430690;4306908;RS;43;4;Região Sul;Encruzilhada do Sul (RS);Encruzilhada do Sul;23819;2;Pequeno II;3347,861
430692;4306924;RS;43;4;Região Sul;Engenho Velho (RS);Engenho Velho;1296;1;Pequeno I;71,191
430693;4306932;RS;43;4;Região Sul;Entre-Ijuís (RS);Entre-ijuís;9158;1;Pequeno I;552,986
430695;4306957;RS;43;4;Região Sul;Entre Rios do Sul (RS);Entre Rios do Sul;2685;1;Pequeno I;119,912
430697;4306973;RS;43;4;Região Sul;Erebango (RS);Erebango;3054;1;Pequeno I;152,793
430700;4307005;RS;43;4;Região Sul;Erechim (RS);Erechim;105705;4;Grande;429,164
430705;4307054;RS;43;4;Região Sul;Ernestina (RS);Ernestina;3034;1;Pequeno I;238,558
430710;4307104;RS;43;4;Região Sul;Herval (RS);Herval;6191;1;Pequeno I;1759,717
430720;4307203;RS;43;4;Região Sul;Erval Grande (RS);Erval Grande;4930;1;Pequeno I;285,677
430730;4307302;RS;43;4;Região Sul;Erval Seco (RS);Erval Seco;6787;1;Pequeno I;357,181
430740;4307401;RS;43;4;Região Sul;Esmeralda (RS);Esmeralda;3195;1;Pequeno I;829,587
430745;4307450;RS;43;4;Região Sul;Esperança do Sul (RS);Esperança do Sul;3226;1;Pequeno I;148,909
430750;4307500;RS;43;4;Região Sul;Espumoso (RS);Espumoso;15173;1;Pequeno I;783,642
430755;4307559;RS;43;4;Região Sul;Estação (RS);Estação;5582;1;Pequeno I;99,757
430760;4307609;RS;43;4;Região Sul;Estância Velha (RS);Estância Velha;47924;2;Pequeno II;51,779
430770;4307708;RS;43;4;Região Sul;Esteio (RS);Esteio;76137;3;Médio;27,676
430780;4307807;RS;43;4;Região Sul;Estrela (RS);Estrela;32183;2;Pequeno II;185,026
430781;4307815;RS;43;4;Região Sul;Estrela Velha (RS);Estrela Velha;3070;1;Pequeno I;281,613
430783;4307831;RS;43;4;Região Sul;Eugênio de Castro (RS);Eugênio de Castro;2633;1;Pequeno I;418,069
430786;4307864;RS;43;4;Região Sul;Fagundes Varela (RS);Fagundes Varela;2566;1;Pequeno I;134,295
430790;4307906;RS;43;4;Região Sul;Farroupilha (RS);Farroupilha;70286;3;Médio;361,341
430800;4308003;RS;43;4;Região Sul;Faxinal do Soturno (RS);Faxinal do Soturno;6702;1;Pequeno I;169,514
430805;4308052;RS;43;4;Região Sul;Faxinalzinho (RS);Faxinalzinho;2520;1;Pequeno I;143,321
430807;4308078;RS;43;4;Região Sul;Fazenda Vilanova (RS);Fazenda Vilanova;4291;1;Pequeno I;84,794
430810;4308102;RS;43;4;Região Sul;Feliz (RS);Feliz;13764;1;Pequeno I;94,832
430820;4308201;RS;43;4;Região Sul;Flores da Cunha (RS);Flores da Cunha;30892;2;Pequeno II;276,241
430825;4308250;RS;43;4;Região Sul;Floriano Peixoto (RS);Floriano Peixoto;1668;1;Pequeno I;168,521
430830;4308300;RS;43;4;Região Sul;Fontoura Xavier (RS);Fontoura Xavier;9550;1;Pequeno I;583,239
430840;4308409;RS;43;4;Região Sul;Formigueiro (RS);Formigueiro;6413;1;Pequeno I;578,875
430843;4308433;RS;43;4;Região Sul;Forquetinha (RS);Forquetinha;2393;1;Pequeno I;93,275
430845;4308458;RS;43;4;Região Sul;Fortaleza dos Valos (RS);Fortaleza Dos Valos;4477;1;Pequeno I;650,512
430850;4308508;RS;43;4;Região Sul;Frederico Westphalen (RS);Frederico Westphalen;32627;2;Pequeno II;265,181
430860;4308607;RS;43;4;Região Sul;Garibaldi (RS);Garibaldi;34335;2;Pequeno II;168,492
430865;4308656;RS;43;4;Região Sul;Garruchos (RS);Garruchos;2688;1;Pequeno I;803,737
430870;4308706;RS;43;4;Região Sul;Gaurama (RS);Gaurama;5665;1;Pequeno I;204,428
430880;4308805;RS;43;4;Região Sul;General Câmara (RS);General Câmara;7612;1;Pequeno I;510,01
430885;4308854;RS;43;4;Região Sul;Gentil (RS);Gentil;1744;1;Pequeno I;184,715
430890;4308904;RS;43;4;Região Sul;Getúlio Vargas (RS);Getúlio Vargas;16602;1;Pequeno I;287,466
430900;4309001;RS;43;4;Região Sul;Giruá (RS);Giruá;16013;1;Pequeno I;857,059
430905;4309050;RS;43;4;Região Sul;Glorinha (RS);Glorinha;7658;1;Pequeno I;323,955
430910;4309100;RS;43;4;Região Sul;Gramado (RS);Gramado;40134;2;Pequeno II;239,341
430912;4309126;RS;43;4;Região Sul;Gramado dos Loureiros (RS);Gramado Dos Loureiros;2014;1;Pequeno I;131,396
430915;4309159;RS;43;4;Região Sul;Gramado Xavier (RS);Gramado Xavier;3304;1;Pequeno I;217,515
430920;4309209;RS;43;4;Região Sul;Gravataí (RS);Gravataí;265074;4;Grande;468,288
430925;4309258;RS;43;4;Região Sul;Guabiju (RS);Guabiju;1417;1;Pequeno I;146,925
430930;4309308;RS;43;4;Região Sul;Guaíba (RS);Guaíba;92924;3;Médio;376,166
430940;4309407;RS;43;4;Região Sul;Guaporé (RS);Guaporé;25268;2;Pequeno II;297,545
430950;4309506;RS;43;4;Região Sul;Guarani das Missões (RS);Guarani Das Missões;7415;1;Pequeno I;290,7
430955;4309555;RS;43;4;Região Sul;Harmonia (RS);Harmonia;5378;1;Pequeno I;48,557
430957;4309571;RS;43;4;Região Sul;Herveiras (RS);Herveiras;2565;1;Pequeno I;118,261
430960;4309605;RS;43;4;Região Sul;Horizontina (RS);Horizontina;18851;1;Pequeno I;229,694
430965;4309654;RS;43;4;Região Sul;Hulha Negra (RS);Hulha Negra;5976;1;Pequeno I;822,608
430970;4309704;RS;43;4;Região Sul;Humaitá (RS);Humaitá;4681;1;Pequeno I;135,01
430975;4309753;RS;43;4;Região Sul;Ibarama (RS);Ibarama;3732;1;Pequeno I;195,426
430980;4309803;RS;43;4;Região Sul;Ibiaçá (RS);Ibiaçá;4527;1;Pequeno I;348,778
430990;4309902;RS;43;4;Região Sul;Ibiraiaras (RS);Ibiraiaras;6776;1;Pequeno I;292,16
430995;4309951;RS;43;4;Região Sul;Ibirapuitã (RS);Ibirapuitã;3723;1;Pequeno I;307,164
431000;4310009;RS;43;4;Região Sul;Ibirubá (RS);Ibirubá;21583;2;Pequeno II;607,185
431010;4310108;RS;43;4;Região Sul;Igrejinha (RS);Igrejinha;32808;2;Pequeno II;138,303
431020;4310207;RS;43;4;Região Sul;Ijuí (RS);Ijuí;84780;3;Médio;688,982
431030;4310306;RS;43;4;Região Sul;Ilópolis (RS);Ilópolis;4157;1;Pequeno I;123,602
431033;4310330;RS;43;4;Região Sul;Imbé (RS);Imbé;26824;2;Pequeno II;39,766
431036;4310363;RS;43;4;Região Sul;Imigrante (RS);Imigrante;3080;1;Pequeno I;71,716
431040;4310405;RS;43;4;Região Sul;Independência (RS);Independência;6427;1;Pequeno I;358,283
431041;4310413;RS;43;4;Região Sul;Inhacorá (RS);Inhacorá;2014;1;Pequeno I;113,749
431043;4310439;RS;43;4;Região Sul;Ipê (RS);Ipê;5399;1;Pequeno I;599,032
431046;4310462;RS;43;4;Região Sul;Ipiranga do Sul (RS);Ipiranga do Sul;1720;1;Pequeno I;158,71
431050;4310504;RS;43;4;Região Sul;Iraí (RS);Iraí;7482;1;Pequeno I;181,579
431053;4310538;RS;43;4;Região Sul;Itaara (RS);Itaara;5572;1;Pequeno I;172,801
431055;4310553;RS;43;4;Região Sul;Itacurubi (RS);Itacurubi;2995;1;Pequeno I;1120,874
431057;4310579;RS;43;4;Região Sul;Itapuca (RS);Itapuca;1937;1;Pequeno I;184,673
431060;4310603;RS;43;4;Região Sul;Itaqui (RS);Itaqui;35768;2;Pequeno II;3406,606
431065;4310652;RS;43;4;Região Sul;Itati (RS);Itati;2638;1;Pequeno I;205,06
431070;4310702;RS;43;4;Região Sul;Itatiba do Sul (RS);Itatiba do Sul;3208;1;Pequeno I;212,669
431075;4310751;RS;43;4;Região Sul;Ivorá (RS);Ivorá;1929;1;Pequeno I;122,93
431080;4310801;RS;43;4;Região Sul;Ivoti (RS);Ivoti;22983;2;Pequeno II;63,092
431085;4310850;RS;43;4;Região Sul;Jaboticaba (RS);Jaboticaba;3779;1;Pequeno I;127,589
431087;4310876;RS;43;4;Região Sul;Jacuizinho (RS);Jacuizinho;2040;1;Pequeno I;339,399
431090;4310900;RS;43;4;Região Sul;Jacutinga (RS);Jacutinga;3338;1;Pequeno I;178,009
431100;4311007;RS;43;4;Região Sul;Jaguarão (RS);Jaguarão;26603;2;Pequeno II;2051,845
431110;4311106;RS;43;4;Região Sul;Jaguari (RS);Jaguari;10579;1;Pequeno I;675,314
431112;4311122;RS;43;4;Região Sul;Jaquirana (RS);Jaquirana;3690;1;Pequeno I;908,879
431113;4311130;RS;43;4;Região Sul;Jari (RS);Jari;3349;1;Pequeno I;853,08
431115;4311155;RS;43;4;Região Sul;Jóia (RS);Jóia;7184;1;Pequeno I;1238,918
431120;4311205;RS;43;4;Região Sul;Júlio de Castilhos (RS);Júlio de Castilhos;18226;1;Pequeno I;1929,544
431123;4311239;RS;43;4;Região Sul;Lagoa Bonita do Sul (RS);Lagoa Bonita do Sul;2251;1;Pequeno I;109,758
431125;4311254;RS;43;4;Região Sul;Lagoão (RS);Lagoão;5341;1;Pequeno I;387,486
431127;4311270;RS;43;4;Região Sul;Lagoa dos Três Cantos (RS);Lagoa Dos Três Cantos;1738;1;Pequeno I;138,602
431130;4311304;RS;43;4;Região Sul;Lagoa Vermelha (RS);Lagoa Vermelha;27659;2;Pequeno II;1260,227
431140;4311403;RS;43;4;Região Sul;Lajeado (RS);Lajeado;93646;3;Médio;91,231
431142;4311429;RS;43;4;Região Sul;Lajeado do Bugre (RS);Lajeado do Bugre;2601;1;Pequeno I;67,947
431150;4311502;RS;43;4;Região Sul;Lavras do Sul (RS);Lavras do Sul;7157;1;Pequeno I;2600,969
431160;4311601;RS;43;4;Região Sul;Liberato Salzano (RS);Liberato Salzano;4781;1;Pequeno I;245,627
431162;4311627;RS;43;4;Região Sul;Lindolfo Collor (RS);Lindolfo Collor;6248;1;Pequeno I;33,351
431164;4311643;RS;43;4;Região Sul;Linha Nova (RS);Linha Nova;1683;1;Pequeno I;63,502
431170;4311700;RS;43;4;Região Sul;Machadinho (RS);Machadinho;5735;1;Pequeno I;335,198
431171;4311718;RS;43;4;Região Sul;Maçambará (RS);Maçambara;4425;1;Pequeno I;1682,82
431173;4311734;RS;43;4;Região Sul;Mampituba (RS);Mampituba;3131;1;Pequeno I;156,653
431175;4311759;RS;43;4;Região Sul;Manoel Viana (RS);Manoel Viana;6801;1;Pequeno I;1390,696
431177;4311775;RS;43;4;Região Sul;Maquiné (RS);Maquiné;7418;1;Pequeno I;613,58
431179;4311791;RS;43;4;Região Sul;Maratá (RS);Maratá;2470;1;Pequeno I;82,063
431180;4311809;RS;43;4;Região Sul;Marau (RS);Marau;45124;2;Pequeno II;649,77
431190;4311908;RS;43;4;Região Sul;Marcelino Ramos (RS);Marcelino Ramos;4320;1;Pequeno I;229,759
431198;4311981;RS;43;4;Região Sul;Mariana Pimentel (RS);Mariana Pimentel;3916;1;Pequeno I;338,45
431200;4312005;RS;43;4;Região Sul;Mariano Moro (RS);Mariano Moro;1858;1;Pequeno I;98,727
431205;4312054;RS;43;4;Região Sul;Marques de Souza (RS);Marques de Souza;3969;1;Pequeno I;125,714
431210;4312104;RS;43;4;Região Sul;Mata (RS);Mata;4698;1;Pequeno I;316,121
431213;4312138;RS;43;4;Região Sul;Mato Castelhano (RS);Mato Castelhano;2553;1;Pequeno I;238,268
431215;4312153;RS;43;4;Região Sul;Mato Leitão (RS);Mato Leitão;4859;1;Pequeno I;46,799
431217;4312179;RS;43;4;Região Sul;Mato Queimado (RS);Mato Queimado;1795;1;Pequeno I;114,653
431220;4312203;RS;43;4;Região Sul;Maximiliano de Almeida (RS);Maximiliano de Almeida;4191;1;Pequeno I;208,439
431225;4312252;RS;43;4;Região Sul;Minas do Leão (RS);Minas do Leão;7505;1;Pequeno I;424,339
431230;4312302;RS;43;4;Região Sul;Miraguaí (RS);Miraguaí;4427;1;Pequeno I;131,236
431235;4312351;RS;43;4;Região Sul;Montauri (RS);Montauri;1499;1;Pequeno I;82,23
431237;4312377;RS;43;4;Região Sul;Monte Alegre dos Campos (RS);Monte Alegre Dos Campos;3180;1;Pequeno I;549,455
431238;4312385;RS;43;4;Região Sul;Monte Belo do Sul (RS);Monte Belo do Sul;2557;1;Pequeno I;69,726
431240;4312401;RS;43;4;Região Sul;Montenegro (RS);Montenegro;64322;3;Médio;425,023
431242;4312427;RS;43;4;Região Sul;Mormaço (RS);Mormaço;2756;1;Pequeno I;146,191
431244;4312443;RS;43;4;Região Sul;Morrinhos do Sul (RS);Morrinhos do Sul;3071;1;Pequeno I;166,224
431245;4312450;RS;43;4;Região Sul;Morro Redondo (RS);Morro Redondo;6046;1;Pequeno I;244,645
431247;4312476;RS;43;4;Região Sul;Morro Reuter (RS);Morro Reuter;6029;1;Pequeno I;89,412
431250;4312500;RS;43;4;Região Sul;Mostardas (RS);Mostardas;12090;1;Pequeno I;1977,442
431260;4312609;RS;43;4;Região Sul;Muçum (RS);Muçum;4601;1;Pequeno I;111,247
431261;4312617;RS;43;4;Região Sul;Muitos Capões (RS);Muitos Capões;2879;1;Pequeno I;1193,23
431262;4312625;RS;43;4;Região Sul;Muliterno (RS);Muliterno;1721;1;Pequeno I;111,132
431265;4312658;RS;43;4;Região Sul;Não-Me-Toque (RS);Não-me-toque;17898;1;Pequeno I;361,689
431267;4312674;RS;43;4;Região Sul;Nicolau Vergueiro (RS);Nicolau Vergueiro;1932;1;Pequeno I;154,995
431270;4312708;RS;43;4;Região Sul;Nonoai (RS);Nonoai;13719;1;Pequeno I;468,962
431275;4312757;RS;43;4;Região Sul;Nova Alvorada (RS);Nova Alvorada;3163;1;Pequeno I;148,861
431280;4312807;RS;43;4;Região Sul;Nova Araçá (RS);Nova Araçá;4954;1;Pequeno I;75,514
431290;4312906;RS;43;4;Região Sul;Nova Bassano (RS);Nova Bassano;9649;1;Pequeno I;211,611
431295;4312955;RS;43;4;Região Sul;Nova Boa Vista (RS);Nova Boa Vista;2042;1;Pequeno I;93,733
431300;4313003;RS;43;4;Região Sul;Nova Bréscia (RS);Nova Bréscia;3044;1;Pequeno I;102,994
431301;4313011;RS;43;4;Região Sul;Nova Candelária (RS);Nova Candelária;3061;1;Pequeno I;97,579
431303;4313037;RS;43;4;Região Sul;Nova Esperança do Sul (RS);Nova Esperança do Sul;4865;1;Pequeno I;191
431306;4313060;RS;43;4;Região Sul;Nova Hartz (RS);Nova Hartz;20088;2;Pequeno II;62,319
431308;4313086;RS;43;4;Região Sul;Nova Pádua (RS);Nova Pádua;2343;1;Pequeno I;102,643
431310;4313102;RS;43;4;Região Sul;Nova Palma (RS);Nova Palma;5586;1;Pequeno I;314,613
431320;4313201;RS;43;4;Região Sul;Nova Petrópolis (RS);Nova Petrópolis;23300;2;Pequeno II;290,164
431330;4313300;RS;43;4;Região Sul;Nova Prata (RS);Nova Prata;25692;2;Pequeno II;259,941
431333;4313334;RS;43;4;Região Sul;Nova Ramada (RS);Nova Ramada;2163;1;Pequeno I;255,264
431335;4313359;RS;43;4;Região Sul;Nova Roma do Sul (RS);Nova Roma do Sul;3466;1;Pequeno I;149,767
431337;4313375;RS;43;4;Região Sul;Nova Santa Rita (RS);Nova Santa Rita;29024;2;Pequeno II;218,153
431339;4313391;RS;43;4;Região Sul;Novo Cabrais (RS);Novo Cabrais;3568;1;Pequeno I;192,998
431340;4313409;RS;43;4;Região Sul;Novo Hamburgo (RS);Novo Hamburgo;227646;4;Grande;222,536
431342;4313425;RS;43;4;Região Sul;Novo Machado (RS);Novo Machado;3198;1;Pequeno I;218,836
431344;4313441;RS;43;4;Região Sul;Novo Tiradentes (RS);Novo Tiradentes;2146;1;Pequeno I;75,428
431346;4313466;RS;43;4;Região Sul;Novo Xingu (RS);Novo Xingu;1646;1;Pequeno I;79,851
431349;4313490;RS;43;4;Região Sul;Novo Barreiro (RS);Novo Barreiro;4272;1;Pequeno I;123,344
431350;4313508;RS;43;4;Região Sul;Osório (RS);Osório;47396;2;Pequeno II;663,878
431360;4313607;RS;43;4;Região Sul;Paim Filho (RS);Paim Filho;3629;1;Pequeno I;182,115
431365;4313656;RS;43;4;Região Sul;Palmares do Sul (RS);Palmares do Sul;12844;1;Pequeno I;949,201
431370;4313706;RS;43;4;Região Sul;Palmeira das Missões (RS);Palmeira Das Missões;33216;2;Pequeno II;1421,101
431380;4313805;RS;43;4;Região Sul;Palmitinho (RS);Palmitinho;7839;1;Pequeno I;144,181
431390;4313904;RS;43;4;Região Sul;Panambi (RS);Panambi;43515;2;Pequeno II;491,57
431395;4313953;RS;43;4;Região Sul;Pantano Grande (RS);Pantano Grande;10212;1;Pequeno I;841,225
431400;4314001;RS;43;4;Região Sul;Paraí (RS);Paraí;7194;1;Pequeno I;121,745
431402;4314027;RS;43;4;Região Sul;Paraíso do Sul (RS);Paraíso do Sul;6519;1;Pequeno I;337,534
431403;4314035;RS;43;4;Região Sul;Pareci Novo (RS);Pareci Novo;4319;1;Pequeno I;57,485
431405;4314050;RS;43;4;Região Sul;Parobé (RS);Parobé;52058;3;Médio;108,707
431406;4314068;RS;43;4;Região Sul;Passa Sete (RS);Passa Sete;3983;1;Pequeno I;304,266
431407;4314076;RS;43;4;Região Sul;Passo do Sobrado (RS);Passo do Sobrado;6025;1;Pequeno I;265,133
431410;4314100;RS;43;4;Região Sul;Passo Fundo (RS);Passo Fundo;206215;4;Grande;784,407
431413;4314134;RS;43;4;Região Sul;Paulo Bento (RS);Paulo Bento;2144;1;Pequeno I;149,669
431415;4314159;RS;43;4;Região Sul;Paverama (RS);Paverama;7978;1;Pequeno I;171,863
431417;4314175;RS;43;4;Região Sul;Pedras Altas (RS);Pedras Altas;2061;1;Pequeno I;1373,985
431420;4314209;RS;43;4;Região Sul;Pedro Osório (RS);Pedro Osório;7484;1;Pequeno I;603,757
431430;4314308;RS;43;4;Região Sul;Pejuçara (RS);Pejuçara;3745;1;Pequeno I;414,106
431440;4314407;RS;43;4;Região Sul;Pelotas (RS);Pelotas;325685;4;Grande;1608,78
431442;4314423;RS;43;4;Região Sul;Picada Café (RS);Picada Café;5351;1;Pequeno I;84,28
431445;4314456;RS;43;4;Região Sul;Pinhal (RS);Pinhal;2959;1;Pequeno I;68,222
431446;4314464;RS;43;4;Região Sul;Pinhal da Serra (RS);Pinhal da Serra;2248;1;Pequeno I;438,11
431447;4314472;RS;43;4;Região Sul;Pinhal Grande (RS);Pinhal Grande;3805;1;Pequeno I;478,11
431449;4314498;RS;43;4;Região Sul;Pinheirinho do Vale (RS);Pinheirinho do Vale;4540;1;Pequeno I;105,385
431450;4314506;RS;43;4;Região Sul;Pinheiro Machado (RS);Pinheiro Machado;11214;1;Pequeno I;2249,176
431454;4314548;RS;43;4;Região Sul;Pinto Bandeira (RS);Pinto Bandeira;2723;1;Pequeno I;104,801
431455;4314555;RS;43;4;Região Sul;Pirapó (RS);Pirapó;2260;1;Pequeno I;293,723
431460;4314605;RS;43;4;Região Sul;Piratini (RS);Piratini;17504;1;Pequeno I;3538,3
431470;4314704;RS;43;4;Região Sul;Planalto (RS);Planalto;10406;1;Pequeno I;228,552
431475;4314753;RS;43;4;Região Sul;Poço das Antas (RS);Poço Das Antas;2171;1;Pequeno I;67,618
431477;4314779;RS;43;4;Região Sul;Pontão (RS);Pontão;3296;1;Pequeno I;502,709
431478;4314787;RS;43;4;Região Sul;Ponte Preta (RS);Ponte Preta;1575;1;Pequeno I;99,504
431480;4314803;RS;43;4;Região Sul;Portão (RS);Portão;34071;2;Pequeno II;159,298
431490;4314902;RS;43;4;Região Sul;Porto Alegre (RS);Porto Alegre;1332845;5;Metrópole;495,39
431500;4315008;RS;43;4;Região Sul;Porto Lucena (RS);Porto Lucena;4360;1;Pequeno I;250,876
431505;4315057;RS;43;4;Região Sul;Porto Mauá (RS);Porto Mauá;2142;1;Pequeno I;105,811
431507;4315073;RS;43;4;Região Sul;Porto Vera Cruz (RS);Porto Vera Cruz;1560;1;Pequeno I;114,284
431510;4315107;RS;43;4;Região Sul;Porto Xavier (RS);Porto Xavier;9938;1;Pequeno I;281,497
431513;4315131;RS;43;4;Região Sul;Pouso Novo (RS);Pouso Novo;1739;1;Pequeno I;105,338
431514;4315149;RS;43;4;Região Sul;Presidente Lucena (RS);Presidente Lucena;3077;1;Pequeno I;49,628
431515;4315156;RS;43;4;Região Sul;Progresso (RS);Progresso;5340;1;Pequeno I;256,039
431517;4315172;RS;43;4;Região Sul;Protásio Alves (RS);Protásio Alves;2025;1;Pequeno I;171,994
431520;4315206;RS;43;4;Região Sul;Putinga (RS);Putinga;3747;1;Pequeno I;216,159
431530;4315305;RS;43;4;Região Sul;Quaraí (RS);Quaraí;23500;2;Pequeno II;3139,995
431531;4315313;RS;43;4;Região Sul;Quatro Irmãos (RS);Quatro Irmãos;1552;1;Pequeno I;268,971
431532;4315321;RS;43;4;Região Sul;Quevedos (RS);Quevedos;2507;1;Pequeno I;543,359
431535;4315354;RS;43;4;Região Sul;Quinze de Novembro (RS);Quinze de Novembro;3910;1;Pequeno I;223,072
431540;4315404;RS;43;4;Região Sul;Redentora (RS);Redentora;9738;1;Pequeno I;303,705
431545;4315453;RS;43;4;Região Sul;Relvado (RS);Relvado;1796;1;Pequeno I;108,188
431550;4315503;RS;43;4;Região Sul;Restinga Sêca (RS);Restinga Seca;14939;1;Pequeno I;968,62
431555;4315552;RS;43;4;Região Sul;Rio dos Índios (RS);Rio Dos Índios;2835;1;Pequeno I;235,854
431560;4315602;RS;43;4;Região Sul;Rio Grande (RS);Rio Grande;191900;4;Grande;2682,867
431570;4315701;RS;43;4;Região Sul;Rio Pardo (RS);Rio Pardo;34654;2;Pequeno II;2051,112
431575;4315750;RS;43;4;Região Sul;Riozinho (RS);Riozinho;4473;1;Pequeno I;239,09
431580;4315800;RS;43;4;Região Sul;Roca Sales (RS);Roca Sales;10418;1;Pequeno I;208,108
431590;4315909;RS;43;4;Região Sul;Rodeio Bonito (RS);Rodeio Bonito;6654;1;Pequeno I;83,278
431595;4315958;RS;43;4;Região Sul;Rolador (RS);Rolador;2291;1;Pequeno I;295,326
431600;4316006;RS;43;4;Região Sul;Rolante (RS);Rolante;21253;2;Pequeno II;296,09
431610;4316105;RS;43;4;Região Sul;Ronda Alta (RS);Ronda Alta;9777;1;Pequeno I;418,675
431620;4316204;RS;43;4;Região Sul;Rondinha (RS);Rondinha;4991;1;Pequeno I;252,454
431630;4316303;RS;43;4;Região Sul;Roque Gonzales (RS);Roque Gonzales;6576;1;Pequeno I;349,074
431640;4316402;RS;43;4;Região Sul;Rosário do Sul (RS);Rosário do Sul;36630;2;Pequeno II;4343,656
431642;4316428;RS;43;4;Região Sul;Sagrada Família (RS);Sagrada Família;2480;1;Pequeno I;77,889
431643;4316436;RS;43;4;Região Sul;Saldanha Marinho (RS);Saldanha Marinho;2575;1;Pequeno I;221,554
431645;4316451;RS;43;4;Região Sul;Salto do Jacuí (RS);Salto do Jacuí;10203;1;Pequeno I;507,698
431647;4316477;RS;43;4;Região Sul;Salvador das Missões (RS);Salvador Das Missões;2877;1;Pequeno I;94,312
431650;4316501;RS;43;4;Região Sul;Salvador do Sul (RS);Salvador do Sul;6879;1;Pequeno I;99,156
431660;4316600;RS;43;4;Região Sul;Sananduva (RS);Sananduva;16399;1;Pequeno I;504,438
431670;4316709;RS;43;4;Região Sul;Santa Bárbara do Sul (RS);Santa Bárbara do Sul;8122;1;Pequeno I;975,799
431673;4316733;RS;43;4;Região Sul;Santa Cecília do Sul (RS);Santa Cecília do Sul;1674;1;Pequeno I;200,056
431675;4316758;RS;43;4;Região Sul;Santa Clara do Sul (RS);Santa Clara do Sul;6887;1;Pequeno I;86,442
431680;4316808;RS;43;4;Região Sul;Santa Cruz do Sul (RS);Santa Cruz do Sul;133230;4;Grande;733,898
431690;4316907;RS;43;4;Região Sul;Santa Maria (RS);Santa Maria;271735;4;Grande;1780,194
431695;4316956;RS;43;4;Região Sul;Santa Maria do Herval (RS);Santa Maria do Herval;6340;1;Pequeno I;140,437
431697;4316972;RS;43;4;Região Sul;Santa Margarida do Sul (RS);Santa Margarida do Sul;2596;1;Pequeno I;955,299
431700;4317004;RS;43;4;Região Sul;Santana da Boa Vista (RS);Santana da Boa Vista;7024;1;Pequeno I;1418,805
431710;4317103;RS;43;4;Região Sul;Sant'Ana do Livramento (RS);Santana do Livramento;84421;3;Médio;6946,407
431720;4317202;RS;43;4;Região Sul;Santa Rosa (RS);Santa Rosa;76963;3;Médio;489,38
431725;4317251;RS;43;4;Região Sul;Santa Tereza (RS);Santa Tereza;1505;1;Pequeno I;73,669
431730;4317301;RS;43;4;Região Sul;Santa Vitória do Palmar (RS);Santa Vitória do Palmar;30983;2;Pequeno II;5206,977
431740;4317400;RS;43;4;Região Sul;Santiago (RS);Santiago;48938;2;Pequeno II;2414,195
431750;4317509;RS;43;4;Região Sul;Santo Ângelo (RS);Santo Ângelo;76917;3;Médio;679,34
431755;4317558;RS;43;4;Região Sul;Santo Antônio do Palma (RS);Santo Antônio do Palma;2091;1;Pequeno I;126,094
431760;4317608;RS;43;4;Região Sul;Santo Antônio da Patrulha (RS);Santo Antônio da Patrulha;42947;2;Pequeno II;1049,583
431770;4317707;RS;43;4;Região Sul;Santo Antônio das Missões (RS);Santo Antônio Das Missões;10300;1;Pequeno I;1710,869
431775;4317756;RS;43;4;Região Sul;Santo Antônio do Planalto (RS);Santo Antônio do Planalto;2089;1;Pequeno I;203,44
431780;4317806;RS;43;4;Região Sul;Santo Augusto (RS);Santo Augusto;13902;1;Pequeno I;467,775
431790;4317905;RS;43;4;Região Sul;Santo Cristo (RS);Santo Cristo;15320;1;Pequeno I;367,202
431795;4317954;RS;43;4;Região Sul;Santo Expedito do Sul (RS);Santo Expedito do Sul;2349;1;Pequeno I;125,595
431800;4318002;RS;43;4;Região Sul;São Borja (RS);São Borja;59676;3;Médio;3616,69
431805;4318051;RS;43;4;Região Sul;São Domingos do Sul (RS);São Domingos do Sul;2754;1;Pequeno I;78,67
431810;4318101;RS;43;4;Região Sul;São Francisco de Assis (RS);São Francisco de Assis;17618;1;Pequeno I;2506,975
431820;4318200;RS;43;4;Região Sul;São Francisco de Paula (RS);São Francisco de Paula;21893;2;Pequeno II;3317,794
431830;4318309;RS;43;4;Região Sul;São Gabriel (RS);São Gabriel;58487;3;Médio;5053,46
431840;4318408;RS;43;4;Região Sul;São Jerônimo (RS);São Jerônimo;21028;2;Pequeno II;935,596
431842;4318424;RS;43;4;Região Sul;São João da Urtiga (RS);São João da Urtiga;4461;1;Pequeno I;171,029
431843;4318432;RS;43;4;Região Sul;São João do Polêsine (RS);São João do Polêsine;2649;1;Pequeno I;78,32
431844;4318440;RS;43;4;Região Sul;São Jorge (RS);São Jorge;2912;1;Pequeno I;125,62
431845;4318457;RS;43;4;Região Sul;São José das Missões (RS);São José Das Missões;2362;1;Pequeno I;98,125
431846;4318465;RS;43;4;Região Sul;São José do Herval (RS);São José do Herval;1902;1;Pequeno I;102,912
431848;4318481;RS;43;4;Região Sul;São José do Hortêncio (RS);São José do Hortêncio;4447;1;Pequeno I;63,709
431849;4318499;RS;43;4;Região Sul;São José do Inhacorá (RS);São José do Inhacorá;2406;1;Pequeno I;77,732
431850;4318507;RS;43;4;Região Sul;São José do Norte (RS);São José do Norte;25443;2;Pequeno II;1071,824
431860;4318606;RS;43;4;Região Sul;São José do Ouro (RS);São José do Ouro;6834;1;Pequeno I;335,287
431861;4318614;RS;43;4;Região Sul;São José do Sul (RS);São José do Sul;2380;1;Pequeno I;54,764
431862;4318622;RS;43;4;Região Sul;São José dos Ausentes (RS);São José Dos Ausentes;4172;1;Pequeno I;1173,907
431870;4318705;RS;43;4;Região Sul;São Leopoldo (RS);São Leopoldo;217409;4;Grande;103,009
431880;4318804;RS;43;4;Região Sul;São Lourenço do Sul (RS);São Lourenço do Sul;41989;2;Pequeno II;2036,125
431890;4318903;RS;43;4;Região Sul;São Luiz Gonzaga (RS);São Luiz Gonzaga;34752;2;Pequeno II;1295,522
431900;4319000;RS;43;4;Região Sul;São Marcos (RS);São Marcos;21084;2;Pequeno II;256,159
431910;4319109;RS;43;4;Região Sul;São Martinho (RS);São Martinho;5481;1;Pequeno I;171,245
431912;4319125;RS;43;4;Região Sul;São Martinho da Serra (RS);São Martinho da Serra;2860;1;Pequeno I;669,547
431915;4319158;RS;43;4;Região Sul;São Miguel das Missões (RS);São Miguel Das Missões;7056;1;Pequeno I;1228,447
431920;4319208;RS;43;4;Região Sul;São Nicolau (RS);São Nicolau;5118;1;Pequeno I;485,588
431930;4319307;RS;43;4;Região Sul;São Paulo das Missões (RS);São Paulo Das Missões;5846;1;Pequeno I;223,942
431935;4319356;RS;43;4;Região Sul;São Pedro da Serra (RS);São Pedro da Serra;3548;1;Pequeno I;35,207
431936;4319364;RS;43;4;Região Sul;São Pedro das Missões (RS);São Pedro Das Missões;1757;1;Pequeno I;79,894
431937;4319372;RS;43;4;Região Sul;São Pedro do Butiá (RS);São Pedro do Butiá;3070;1;Pequeno I;107,559
431940;4319406;RS;43;4;Região Sul;São Pedro do Sul (RS);São Pedro do Sul;15577;1;Pequeno I;873,394
431950;4319505;RS;43;4;Região Sul;São Sebastião do Caí (RS);São Sebastião do Caí;24428;2;Pequeno II;114,293
431960;4319604;RS;43;4;Região Sul;São Sepé (RS);São Sepé;21219;2;Pequeno II;2204,779
431970;4319703;RS;43;4;Região Sul;São Valentim (RS);São Valentim;3264;1;Pequeno I;154,45
431971;4319711;RS;43;4;Região Sul;São Valentim do Sul (RS);São Valentim do Sul;2207;1;Pequeno I;91,898
431973;4319737;RS;43;4;Região Sul;São Valério do Sul (RS);São Valério do Sul;2543;1;Pequeno I;107,402
431975;4319752;RS;43;4;Região Sul;São Vendelino (RS);São Vendelino;2251;1;Pequeno I;31,935
431980;4319802;RS;43;4;Região Sul;São Vicente do Sul (RS);São Vicente do Sul;8097;1;Pequeno I;1174,822
431990;4319901;RS;43;4;Região Sul;Sapiranga (RS);Sapiranga;75648;3;Médio;136,473
432000;4320008;RS;43;4;Região Sul;Sapucaia do Sul (RS);Sapucaia do Sul;132107;4;Grande;58,247
432010;4320107;RS;43;4;Região Sul;Sarandi (RS);Sarandi;22851;2;Pequeno II;351,717
432020;4320206;RS;43;4;Região Sul;Seberi (RS);Seberi;11950;1;Pequeno I;300,827
432023;4320230;RS;43;4;Região Sul;Sede Nova (RS);Sede Nova;2704;1;Pequeno I;119,312
432026;4320263;RS;43;4;Região Sul;Segredo (RS);Segredo;6009;1;Pequeno I;245,17
432030;4320305;RS;43;4;Região Sul;Selbach (RS);Selbach;5107;1;Pequeno I;176,471
432032;4320321;RS;43;4;Região Sul;Senador Salgado Filho (RS);Senador Salgado Filho;2673;1;Pequeno I;147,068
432035;4320354;RS;43;4;Região Sul;Sentinela do Sul (RS);Sentinela do Sul;5306;1;Pequeno I;282,13
432040;4320404;RS;43;4;Região Sul;Serafina Corrêa (RS);Serafina Corrêa;16961;1;Pequeno I;163,31
432045;4320453;RS;43;4;Região Sul;Sério (RS);Sério;1941;1;Pequeno I;98,131
432050;4320503;RS;43;4;Região Sul;Sertão (RS);Sertão;5541;1;Pequeno I;440,631
432055;4320552;RS;43;4;Região Sul;Sertão Santana (RS);Sertão Santana;5863;1;Pequeno I;252,013
432057;4320578;RS;43;4;Região Sul;Sete de Setembro (RS);Sete de Setembro;1830;1;Pequeno I;129,238
432060;4320602;RS;43;4;Região Sul;Severiano de Almeida (RS);Severiano de Almeida;3406;1;Pequeno I;167,598
432065;4320651;RS;43;4;Região Sul;Silveira Martins (RS);Silveira Martins;2028;1;Pequeno I;119,285
432067;4320677;RS;43;4;Região Sul;Sinimbu (RS);Sinimbu;8578;1;Pequeno I;510,213
432070;4320701;RS;43;4;Região Sul;Sobradinho (RS);Sobradinho;14226;1;Pequeno I;128,823
432080;4320800;RS;43;4;Região Sul;Soledade (RS);Soledade;29991;2;Pequeno II;1215,056
432085;4320859;RS;43;4;Região Sul;Tabaí (RS);Tabaí;4461;1;Pequeno I;94,754
432090;4320909;RS;43;4;Região Sul;Tapejara (RS);Tapejara;24557;2;Pequeno II;238,082
432100;4321006;RS;43;4;Região Sul;Tapera (RS);Tapera;10592;1;Pequeno I;179,935
432110;4321105;RS;43;4;Região Sul;Tapes (RS);Tapes;14695;1;Pequeno I;805,452
432120;4321204;RS;43;4;Região Sul;Taquara (RS);Taquara;53242;3;Médio;452,572
432130;4321303;RS;43;4;Região Sul;Taquari (RS);Taquari;25198;2;Pequeno II;349,967
432132;4321329;RS;43;4;Região Sul;Taquaruçu do Sul (RS);Taquaruçu do Sul;3119;1;Pequeno I;76,917
432135;4321352;RS;43;4;Região Sul;Tavares (RS);Tavares;5212;1;Pequeno I;610,106
432140;4321402;RS;43;4;Região Sul;Tenente Portela (RS);Tenente Portela;14497;1;Pequeno I;337,495
432143;4321436;RS;43;4;Região Sul;Terra de Areia (RS);Terra de Areia;10334;1;Pequeno I;142,304
432145;4321451;RS;43;4;Região Sul;Teutônia (RS);Teutônia;32797;2;Pequeno II;177,795
432146;4321469;RS;43;4;Região Sul;Tio Hugo (RS);Tio Hugo;3267;1;Pequeno I;113,944
432147;4321477;RS;43;4;Região Sul;Tiradentes do Sul (RS);Tiradentes do Sul;5129;1;Pequeno I;236,653
432149;4321493;RS;43;4;Região Sul;Toropi (RS);Toropi;2554;1;Pequeno I;198,316
432150;4321501;RS;43;4;Região Sul;Torres (RS);Torres;41751;2;Pequeno II;161,627
432160;4321600;RS;43;4;Região Sul;Tramandaí (RS);Tramandaí;54387;3;Médio;142,878
432162;4321626;RS;43;4;Região Sul;Travesseiro (RS);Travesseiro;2152;1;Pequeno I;80,681
432163;4321634;RS;43;4;Região Sul;Três Arroios (RS);Três Arroios;2591;1;Pequeno I;148,601
432166;4321667;RS;43;4;Região Sul;Três Cachoeiras (RS);Três Cachoeiras;10962;1;Pequeno I;251,483
432170;4321709;RS;43;4;Região Sul;Três Coroas (RS);Três Coroas;24425;2;Pequeno II;165,285
432180;4321808;RS;43;4;Região Sul;Três de Maio (RS);Três de Maio;24916;2;Pequeno II;421,461
432183;4321832;RS;43;4;Região Sul;Três Forquilhas (RS);Três Forquilhas;2760;1;Pequeno I;217,386
432185;4321857;RS;43;4;Região Sul;Três Palmeiras (RS);Três Palmeiras;4716;1;Pequeno I;180,599
432190;4321907;RS;43;4;Região Sul;Três Passos (RS);Três Passos;25436;2;Pequeno II;268,902
432195;4321956;RS;43;4;Região Sul;Trindade do Sul (RS);Trindade do Sul;7556;1;Pequeno I;268,417
432200;4322004;RS;43;4;Região Sul;Triunfo (RS);Triunfo;27498;2;Pequeno II;817,625
432210;4322103;RS;43;4;Região Sul;Tucunduva (RS);Tucunduva;5542;1;Pequeno I;181,198
432215;4322152;RS;43;4;Região Sul;Tunas (RS);Tunas;3681;1;Pequeno I;217,302
432218;4322186;RS;43;4;Região Sul;Tupanci do Sul (RS);Tupanci do Sul;1374;1;Pequeno I;135,243
432220;4322202;RS;43;4;Região Sul;Tupanciretã (RS);Tupanciretã;20005;2;Pequeno II;2253,234
432225;4322251;RS;43;4;Região Sul;Tupandi (RS);Tupandi;5029;1;Pequeno I;59,447
432230;4322301;RS;43;4;Região Sul;Tuparendi (RS);Tuparendi;8363;1;Pequeno I;307,71
432232;4322327;RS;43;4;Região Sul;Turuçu (RS);Turuçu;3419;1;Pequeno I;253,635
432234;4322343;RS;43;4;Região Sul;Ubiretama (RS);Ubiretama;1994;1;Pequeno I;125,876
432235;4322350;RS;43;4;Região Sul;União da Serra (RS);União da Serra;1170;1;Pequeno I;131,154
432237;4322376;RS;43;4;Região Sul;Unistalda (RS);Unistalda;1995;1;Pequeno I;602,387
432240;4322400;RS;43;4;Região Sul;Uruguaiana (RS);Uruguaiana;117210;4;Grande;5702,098
432250;4322509;RS;43;4;Região Sul;Vacaria (RS);Vacaria;64197;3;Médio;2124,492
432252;4322525;RS;43;4;Região Sul;Vale Verde (RS);Vale Verde;3150;1;Pequeno I;329,727
432253;4322533;RS;43;4;Região Sul;Vale do Sol (RS);Vale do Sol;9897;1;Pequeno I;328,275
432254;4322541;RS;43;4;Região Sul;Vale Real (RS);Vale Real;6058;1;Pequeno I;45,085
432255;4322558;RS;43;4;Região Sul;Vanini (RS);Vanini;2004;1;Pequeno I;64,905
432260;4322608;RS;43;4;Região Sul;Venâncio Aires (RS);Venâncio Aires;68763;3;Médio;772,588
432270;4322707;RS;43;4;Região Sul;Vera Cruz (RS);Vera Cruz;26710;2;Pequeno II;309,621
432280;4322806;RS;43;4;Região Sul;Veranópolis (RS);Veranópolis;24021;2;Pequeno II;289,397
432285;4322855;RS;43;4;Região Sul;Vespasiano Corrêa (RS);Vespasiano Correa;1818;1;Pequeno I;113,622
432290;4322905;RS;43;4;Região Sul;Viadutos (RS);Viadutos;4769;1;Pequeno I;268,072
432300;4323002;RS;43;4;Região Sul;Viamão (RS);Viamão;224112;4;Grande;1496,506
432310;4323101;RS;43;4;Região Sul;Vicente Dutra (RS);Vicente Dutra;4665;1;Pequeno I;193,025
432320;4323200;RS;43;4;Região Sul;Victor Graeff (RS);Victor Graeff;2780;1;Pequeno I;238,133
432330;4323309;RS;43;4;Região Sul;Vila Flores (RS);Vila Flores;3646;1;Pequeno I;107,703
432335;4323358;RS;43;4;Região Sul;Vila Lângaro (RS);Vila Lângaro;2079;1;Pequeno I;151,695
432340;4323408;RS;43;4;Região Sul;Vila Maria (RS);Vila Maria;4413;1;Pequeno I;181,061
432345;4323457;RS;43;4;Região Sul;Vila Nova do Sul (RS);Vila Nova do Sul;3863;1;Pequeno I;508,278
432350;4323507;RS;43;4;Região Sul;Vista Alegre (RS);Vista Alegre;2660;1;Pequeno I;77,63
432360;4323606;RS;43;4;Região Sul;Vista Alegre do Prata (RS);Vista Alegre do Prata;1590;1;Pequeno I;119,327
432370;4323705;RS;43;4;Região Sul;Vista Gaúcha (RS);Vista Gaúcha;2783;1;Pequeno I;90,022
432375;4323754;RS;43;4;Região Sul;Vitória das Missões (RS);Vitória Das Missões;3260;1;Pequeno I;258,312
432377;4323770;RS;43;4;Região Sul;Westfália (RS);Westfalia;3098;1;Pequeno I;63,665
432380;4323804;RS;43;4;Região Sul;Xangri-lá (RS);Xangri-lá;16463;1;Pequeno I;60,756
500020;5000203;MS;50;5;Região Centro-Oeste;Água Clara (MS);Água Clara;16741;1;Pequeno I;7781,558
500025;5000252;MS;50;5;Região Centro-Oeste;Alcinópolis (MS);Alcinópolis;4537;1;Pequeno I;4397,518
500060;5000609;MS;50;5;Região Centro-Oeste;Amambai (MS);Amambaí;39325;2;Pequeno II;4193,742
500070;5000708;MS;50;5;Região Centro-Oeste;Anastácio (MS);Anastácio;24114;2;Pequeno II;2913,177
500080;5000807;MS;50;5;Região Centro-Oeste;Anaurilândia (MS);Anaurilândia;7653;1;Pequeno I;3415,657
500085;5000856;MS;50;5;Região Centro-Oeste;Angélica (MS);Angélica;10729;1;Pequeno I;1283,627
500090;5000906;MS;50;5;Região Centro-Oeste;Antônio João (MS);Antônio João;9303;1;Pequeno I;1142,895
500100;5001003;MS;50;5;Região Centro-Oeste;Aparecida do Taboado (MS);Aparecida do Taboado;27674;2;Pequeno II;2751,485
500110;5001102;MS;50;5;Região Centro-Oeste;Aquidauana (MS);Aquidauana;46803;2;Pequeno II;17087,021
500124;5001243;MS;50;5;Região Centro-Oeste;Aral Moreira (MS);Aral Moreira;10748;1;Pequeno I;1653,86
500150;5001508;MS;50;5;Região Centro-Oeste;Bandeirantes (MS);Bandeirantes;7940;1;Pequeno I;3357,926
500190;5001904;MS;50;5;Região Centro-Oeste;Bataguassu (MS);Bataguassu;23031;2;Pequeno II;2392,476
500200;5002001;MS;50;5;Região Centro-Oeste;Batayporã (MS);Batayporã;10712;1;Pequeno I;1826,578
500210;5002100;MS;50;5;Região Centro-Oeste;Bela Vista (MS);Bela Vista;21613;2;Pequeno II;4899,44
500215;5002159;MS;50;5;Região Centro-Oeste;Bodoquena (MS);Bodoquena;8567;1;Pequeno I;2591,933
500220;5002209;MS;50;5;Região Centro-Oeste;Bonito (MS);Bonito;23659;2;Pequeno II;5373,016
500230;5002308;MS;50;5;Região Centro-Oeste;Brasilândia (MS);Brasilândia;11579;1;Pequeno I;5803,542
500240;5002407;MS;50;5;Região Centro-Oeste;Caarapó (MS);Caarapó;30612;2;Pequeno II;2115,73
500260;5002605;MS;50;5;Região Centro-Oeste;Camapuã (MS);Camapuã;13583;1;Pequeno I;6238,127
500270;5002704;MS;50;5;Região Centro-Oeste;Campo Grande (MS);Campo Grande;898100;4;Grande;8082,978
500280;5002803;MS;50;5;Região Centro-Oeste;Caracol (MS);Caracol;5036;1;Pequeno I;2943,206
500290;5002902;MS;50;5;Região Centro-Oeste;Cassilândia (MS);Cassilândia;20988;2;Pequeno II;3658,252
500295;5002951;MS;50;5;Região Centro-Oeste;Chapadão do Sul (MS);Chapadão do Sul;30993;2;Pequeno II;3252,327
500310;5003108;MS;50;5;Região Centro-Oeste;Corguinho (MS);Corguinho;4783;1;Pequeno I;2639,657
500315;5003157;MS;50;5;Região Centro-Oeste;Coronel Sapucaia (MS);Coronel Sapucaia;14289;1;Pequeno I;1023,727
500320;5003207;MS;50;5;Região Centro-Oeste;Corumbá (MS);Corumbá;96268;3;Médio;64432,45
500325;5003256;MS;50;5;Região Centro-Oeste;Costa Rica (MS);Costa Rica;26037;2;Pequeno II;4159,384
500330;5003306;MS;50;5;Região Centro-Oeste;Coxim (MS);Coxim;32151;2;Pequeno II;6391,486
500345;5003454;MS;50;5;Região Centro-Oeste;Deodápolis (MS);Deodápolis;13663;1;Pequeno I;828,533
500348;5003488;MS;50;5;Região Centro-Oeste;Dois Irmãos do Buriti (MS);Dois Irmãos do Buriti;11100;1;Pequeno I;2431,609
500350;5003504;MS;50;5;Região Centro-Oeste;Douradina (MS);Douradina;5578;1;Pequeno I;280,457
500370;5003702;MS;50;5;Região Centro-Oeste;Dourados (MS);Dourados;243367;4;Grande;4062,236
500375;5003751;MS;50;5;Região Centro-Oeste;Eldorado (MS);Eldorado;11386;1;Pequeno I;1012,796
500380;5003801;MS;50;5;Região Centro-Oeste;Fátima do Sul (MS);Fátima do Sul;20609;2;Pequeno II;315,333
500390;5003900;MS;50;5;Região Centro-Oeste;Figueirão (MS);Figueirão;3539;1;Pequeno I;4879,932
500400;5004007;MS;50;5;Região Centro-Oeste;Glória de Dourados (MS);Glória de Dourados;10444;1;Pequeno I;493,434
500410;5004106;MS;50;5;Região Centro-Oeste;Guia Lopes da Laguna (MS);Guia Lopes da Laguna;9940;1;Pequeno I;1225,426
500430;5004304;MS;50;5;Região Centro-Oeste;Iguatemi (MS);Iguatemi;13808;1;Pequeno I;2957,41
500440;5004403;MS;50;5;Região Centro-Oeste;Inocência (MS);Inocência;8404;1;Pequeno I;5761,19
500450;5004502;MS;50;5;Região Centro-Oeste;Itaporã (MS);Itaporã;24137;2;Pequeno II;1342,764
500460;5004601;MS;50;5;Região Centro-Oeste;Itaquiraí (MS);Itaquiraí;19423;1;Pequeno I;2063,717
500470;5004700;MS;50;5;Região Centro-Oeste;Ivinhema (MS);Ivinhema;27821;2;Pequeno II;2003,43
500480;5004809;MS;50;5;Região Centro-Oeste;Japorã (MS);Japorã;8148;1;Pequeno I;416,605
500490;5004908;MS;50;5;Região Centro-Oeste;Jaraguari (MS);Jaraguari;7139;1;Pequeno I;2912,836
500500;5005004;MS;50;5;Região Centro-Oeste;Jardim (MS);Jardim;23981;2;Pequeno II;2126,133
500510;5005103;MS;50;5;Região Centro-Oeste;Jateí (MS);Jateí;3586;1;Pequeno I;1933,316
500515;5005152;MS;50;5;Região Centro-Oeste;Juti (MS);Juti;6729;1;Pequeno I;1569,176
500520;5005202;MS;50;5;Região Centro-Oeste;Ladário (MS);Ladário;21522;2;Pequeno II;354,255
500525;5005251;MS;50;5;Região Centro-Oeste;Laguna Carapã (MS);Laguna Carapã;6799;1;Pequeno I;1725,78
500540;5005400;MS;50;5;Região Centro-Oeste;Maracaju (MS);Maracaju;45047;2;Pequeno II;5396,905
500560;5005608;MS;50;5;Região Centro-Oeste;Miranda (MS);Miranda;25536;2;Pequeno II;5471,436
500568;5005681;MS;50;5;Região Centro-Oeste;Mundo Novo (MS);Mundo Novo;19193;1;Pequeno I;478,38
500570;5005707;MS;50;5;Região Centro-Oeste;Naviraí (MS);Naviraí;50457;3;Médio;3189,667
500580;5005806;MS;50;5;Região Centro-Oeste;Nioaque (MS);Nioaque;13220;1;Pequeno I;3909,44
500600;5006002;MS;50;5;Região Centro-Oeste;Nova Alvorada do Sul (MS);Nova Alvorada do Sul;21822;2;Pequeno II;4025,012
500620;5006200;MS;50;5;Região Centro-Oeste;Nova Andradina (MS);Nova Andradina;48563;2;Pequeno II;4770,685
500625;5006259;MS;50;5;Região Centro-Oeste;Novo Horizonte do Sul (MS);Novo Horizonte do Sul;4721;1;Pequeno I;849,19
500627;5006275;MS;50;5;Região Centro-Oeste;Paraíso das Águas (MS);Paraíso das Águas;5510;1;Pequeno I;5061,433
500630;5006309;MS;50;5;Região Centro-Oeste;Paranaíba (MS);Paranaíba;40957;2;Pequeno II;5405,48
500635;5006358;MS;50;5;Região Centro-Oeste;Paranhos (MS);Paranhos;12921;1;Pequeno I;1307,092
500640;5006408;MS;50;5;Região Centro-Oeste;Pedro Gomes (MS);Pedro Gomes;6941;1;Pequeno I;3553,782
500660;5006606;MS;50;5;Região Centro-Oeste;Ponta Porã (MS);Ponta Porã;92017;3;Médio;5359,354
500690;5006903;MS;50;5;Região Centro-Oeste;Porto Murtinho (MS);Porto Murtinho;12859;1;Pequeno I;17505,2
500710;5007109;MS;50;5;Região Centro-Oeste;Ribas do Rio Pardo (MS);Ribas do Rio Pardo;23150;2;Pequeno II;17315,283
500720;5007208;MS;50;5;Região Centro-Oeste;Rio Brilhante (MS);Rio Brilhante;37601;2;Pequeno II;3983,562
500730;5007307;MS;50;5;Região Centro-Oeste;Rio Negro (MS);Rio Negro;4841;1;Pequeno I;1828,8
500740;5007406;MS;50;5;Região Centro-Oeste;Rio Verde de Mato Grosso (MS);Rio Verde de Mato Grosso;19818;1;Pequeno I;8173,868
500750;5007505;MS;50;5;Região Centro-Oeste;Rochedo (MS);Rochedo;5199;1;Pequeno I;1309,574
500755;5007554;MS;50;5;Região Centro-Oeste;Santa Rita do Pardo (MS);Santa Rita do Pardo;7027;1;Pequeno I;6142,001
500769;5007695;MS;50;5;Região Centro-Oeste;São Gabriel do Oeste (MS);São Gabriel do Oeste;29579;2;Pequeno II;3849,875
500770;5007703;MS;50;5;Região Centro-Oeste;Sete Quedas (MS);Sete Quedas;10994;1;Pequeno I;839,117
500780;5007802;MS;50;5;Região Centro-Oeste;Selvíria (MS);Selvíria;8142;1;Pequeno I;3254,917
500790;5007901;MS;50;5;Região Centro-Oeste;Sidrolândia (MS);Sidrolândia;47118;2;Pequeno II;5265,695
500793;5007935;MS;50;5;Região Centro-Oeste;Sonora (MS);Sonora;14516;1;Pequeno I;4185,528
500795;5007950;MS;50;5;Região Centro-Oeste;Tacuru (MS);Tacuru;10808;1;Pequeno I;1784,207
500797;5007976;MS;50;5;Região Centro-Oeste;Taquarussu (MS);Taquarussu;3625;1;Pequeno I;1052,232
500800;5008008;MS;50;5;Região Centro-Oeste;Terenos (MS);Terenos;17652;1;Pequeno I;2845,723
500830;5008305;MS;50;5;Região Centro-Oeste;Três Lagoas (MS);Três Lagoas;132152;4;Grande;10217,071
500840;5008404;MS;50;5;Região Centro-Oeste;Vicentina (MS);Vicentina;6336;1;Pequeno I;312,429
510010;5100102;MT;51;5;Região Centro-Oeste;Acorizal (MT);Acorizal;5014;1;Pequeno I;850,763
510020;5100201;MT;51;5;Região Centro-Oeste;Água Boa (MT);Água Boa;29219;2;Pequeno II;7549,308
510025;5100250;MT;51;5;Região Centro-Oeste;Alta Floresta (MT);Alta Floresta;58613;3;Médio;8955,41
510030;5100300;MT;51;5;Região Centro-Oeste;Alto Araguaia (MT);Alto Araguaia;17193;1;Pequeno I;5402,308
510035;5100359;MT;51;5;Região Centro-Oeste;Alto Boa Vista (MT);Alto Boa Vista;5715;1;Pequeno I;2248,414
510040;5100409;MT;51;5;Região Centro-Oeste;Alto Garças (MT);Alto Garças;13052;1;Pequeno I;3858,153
510050;5100508;MT;51;5;Região Centro-Oeste;Alto Paraguai (MT);Alto Paraguai;8009;1;Pequeno I;1847,354
510060;5100607;MT;51;5;Região Centro-Oeste;Alto Taquari (MT);Alto Taquari;10904;1;Pequeno I;1436,582
510080;5100805;MT;51;5;Região Centro-Oeste;Apiacás (MT);Apiacás;8590;1;Pequeno I;20489,023
510100;5101001;MT;51;5;Região Centro-Oeste;Araguaiana (MT);Araguaiana;3795;1;Pequeno I;6380,7
510120;5101209;MT;51;5;Região Centro-Oeste;Araguainha (MT);Araguainha;1010;1;Pequeno I;675,231
510125;5101258;MT;51;5;Região Centro-Oeste;Araputanga (MT);Araputanga;14786;1;Pequeno I;1639,733
510130;5101308;MT;51;5;Região Centro-Oeste;Arenápolis (MT);Arenápolis;10576;1;Pequeno I;417,337
510140;5101407;MT;51;5;Região Centro-Oeste;Aripuanã (MT);Aripuanã;24626;2;Pequeno II;24678,135
510160;5101605;MT;51;5;Região Centro-Oeste;Barão de Melgaço (MT);Barão de Melgaço;7253;1;Pequeno I;11374,872
510170;5101704;MT;51;5;Região Centro-Oeste;Barra do Bugres (MT);Barra do Bugres;29403;2;Pequeno II;5976,864
510180;5101803;MT;51;5;Região Centro-Oeste;Barra do Garças (MT);Barra do Garças;69210;3;Médio;8363,149
510185;5101852;MT;51;5;Região Centro-Oeste;Bom Jesus do Araguaia (MT);Bom Jesus do Araguaia;7280;1;Pequeno I;4266,636
510190;5101902;MT;51;5;Região Centro-Oeste;Brasnorte (MT);Brasnorte;17004;1;Pequeno I;15968,355
510250;5102504;MT;51;5;Região Centro-Oeste;Cáceres (MT);Cáceres;89681;3;Médio;24495,51
510260;5102603;MT;51;5;Região Centro-Oeste;Campinápolis (MT);Campinápolis;15347;1;Pequeno I;5978,985
510263;5102637;MT;51;5;Região Centro-Oeste;Campo Novo do Parecis (MT);Campo Novo do Parecis;45899;2;Pequeno II;9428,586
510267;5102678;MT;51;5;Região Centro-Oeste;Campo Verde (MT);Campo Verde;44585;2;Pequeno II;4770,631
510268;5102686;MT;51;5;Região Centro-Oeste;Campos de Júlio (MT);Campos de Júlio;8822;1;Pequeno I;6792,808
510269;5102694;MT;51;5;Região Centro-Oeste;Canabrava do Norte (MT);Canabrava do Norte;4485;1;Pequeno I;3449,037
510270;5102702;MT;51;5;Região Centro-Oeste;Canarana (MT);Canarana;25858;2;Pequeno II;10855,181
510279;5102793;MT;51;5;Região Centro-Oeste;Carlinda (MT);Carlinda;10332;1;Pequeno I;2421,788
510285;5102850;MT;51;5;Região Centro-Oeste;Castanheira (MT);Castanheira;7506;1;Pequeno I;3713,466
510300;5103007;MT;51;5;Região Centro-Oeste;Chapada dos Guimarães (MT);Chapada Dos Guimarães;18990;1;Pequeno I;6603,252
510305;5103056;MT;51;5;Região Centro-Oeste;Cláudia (MT);Cláudia;9593;1;Pequeno I;3843,561
510310;5103106;MT;51;5;Região Centro-Oeste;Cocalinho (MT);Cocalinho;6220;1;Pequeno I;16563,137
510320;5103205;MT;51;5;Região Centro-Oeste;Colíder (MT);Colíder;31370;2;Pequeno II;3112,091
510325;5103254;MT;51;5;Região Centro-Oeste;Colniza (MT);Colniza;25766;2;Pequeno II;27960,236
510330;5103304;MT;51;5;Região Centro-Oeste;Comodoro (MT);Comodoro;18238;1;Pequeno I;21485,018
510335;5103353;MT;51;5;Região Centro-Oeste;Confresa (MT);Confresa;35075;2;Pequeno II;5802,314
510336;5103361;MT;51;5;Região Centro-Oeste;Conquista D'Oeste (MT);Conquista D´oeste;3760;1;Pequeno I;2684,676
510337;5103379;MT;51;5;Região Centro-Oeste;Cotriguaçu (MT);Cotriguaçu;11011;1;Pequeno I;9469,957
510340;5103403;MT;51;5;Região Centro-Oeste;Cuiabá (MT);Cuiabá;650877;4;Grande;4327,448
510343;5103437;MT;51;5;Região Centro-Oeste;Curvelândia (MT);Curvelândia;4903;1;Pequeno I;357,128
510345;5103452;MT;51;5;Região Centro-Oeste;Denise (MT);Denise;7014;1;Pequeno I;1273,178
510350;5103502;MT;51;5;Região Centro-Oeste;Diamantino (MT);Diamantino;21941;2;Pequeno II;8263,397
510360;5103601;MT;51;5;Região Centro-Oeste;Dom Aquino (MT);Dom Aquino;7872;1;Pequeno I;2183,603
510370;5103700;MT;51;5;Região Centro-Oeste;Feliz Natal (MT);Feliz Natal;10521;1;Pequeno I;11661,514
510380;5103809;MT;51;5;Região Centro-Oeste;Figueirópolis D'Oeste (MT);Figueirópolis D´oeste;3187;1;Pequeno I;891,448
510385;5103858;MT;51;5;Região Centro-Oeste;Gaúcha do Norte (MT);Gaúcha do Norte;8642;1;Pequeno I;16908,375
510390;5103908;MT;51;5;Região Centro-Oeste;General Carneiro (MT);General Carneiro;6037;1;Pequeno I;4514,917
510395;5103957;MT;51;5;Região Centro-Oeste;Glória D'Oeste (MT);Glória D´oeste;2905;1;Pequeno I;833,13
510410;5104104;MT;51;5;Região Centro-Oeste;Guarantã do Norte (MT);Guarantã do Norte;31024;2;Pequeno II;4725,281
510420;5104203;MT;51;5;Região Centro-Oeste;Guiratinga (MT);Guiratinga;10966;1;Pequeno I;5043,899
510450;5104500;MT;51;5;Região Centro-Oeste;Indiavaí (MT);Indiavaí;2213;1;Pequeno I;592,495
510452;5104526;MT;51;5;Região Centro-Oeste;Ipiranga do Norte (MT);Ipiranga do Norte;7815;1;Pequeno I;3422,016
510454;5104542;MT;51;5;Região Centro-Oeste;Itanhangá (MT);Itanhangá;7539;1;Pequeno I;2909,745
510455;5104559;MT;51;5;Região Centro-Oeste;Itaúba (MT);Itaúba;5020;1;Pequeno I;4521,79
510460;5104609;MT;51;5;Região Centro-Oeste;Itiquira (MT);Itiquira;12236;1;Pequeno I;8698,814
510480;5104807;MT;51;5;Região Centro-Oeste;Jaciara (MT);Jaciara;28569;2;Pequeno II;2429,678
510490;5104906;MT;51;5;Região Centro-Oeste;Jangada (MT);Jangada;7426;1;Pequeno I;1114,302
510500;5105002;MT;51;5;Região Centro-Oeste;Jauru (MT);Jauru;8367;1;Pequeno I;1345,411
510510;5105101;MT;51;5;Região Centro-Oeste;Juara (MT);Juara;34906;2;Pequeno II;22632,713
510515;5105150;MT;51;5;Região Centro-Oeste;Juína (MT);Juína;45869;2;Pequeno II;26397,174
510517;5105176;MT;51;5;Região Centro-Oeste;Juruena (MT);Juruena;10213;1;Pequeno I;3207,837
510520;5105200;MT;51;5;Região Centro-Oeste;Juscimeira (MT);Juscimeira;11480;1;Pequeno I;2291,307
510523;5105234;MT;51;5;Região Centro-Oeste;Lambari D'Oeste (MT);Lambari D´oeste;4790;1;Pequeno I;1810,547
510525;5105259;MT;51;5;Região Centro-Oeste;Lucas do Rio Verde (MT);Lucas do Rio Verde;83798;3;Médio;3674,596
510530;5105309;MT;51;5;Região Centro-Oeste;Luciara (MT);Luciára;2509;1;Pequeno I;4282,733
510550;5105507;MT;51;5;Região Centro-Oeste;Vila Bela da Santíssima Trindade (MT);Vila Bela da Santíssima Trindade;16774;1;Pequeno I;13484,71
510558;5105580;MT;51;5;Região Centro-Oeste;Marcelândia (MT);Marcelândia;11396;1;Pequeno I;12285,486
510560;5105606;MT;51;5;Região Centro-Oeste;Matupá (MT);Matupá;20091;2;Pequeno II;5228,272
510562;5105622;MT;51;5;Região Centro-Oeste;Mirassol d'Oeste (MT);Mirassol D´oeste;26785;2;Pequeno II;1085,486
510590;5105903;MT;51;5;Região Centro-Oeste;Nobres (MT);Nobres;15492;1;Pequeno I;3908,739
510600;5106000;MT;51;5;Região Centro-Oeste;Nortelândia (MT);Nortelândia;5956;1;Pequeno I;1336,754
510610;5106109;MT;51;5;Região Centro-Oeste;Nossa Senhora do Livramento (MT);Nossa Senhora do Livramento;12940;1;Pequeno I;5537,413
510615;5106158;MT;51;5;Região Centro-Oeste;Nova Bandeirantes (MT);Nova Bandeirantes;13635;1;Pequeno I;9556,661
510617;5106174;MT;51;5;Região Centro-Oeste;Nova Nazaré (MT);Nova Nazaré;4200;1;Pequeno I;4034,539
510618;5106182;MT;51;5;Região Centro-Oeste;Nova Lacerda (MT);Nova Lacerda;6670;1;Pequeno I;4780,426
510619;5106190;MT;51;5;Região Centro-Oeste;Nova Santa Helena (MT);Nova Santa Helena;4239;1;Pequeno I;2385,611
510620;5106208;MT;51;5;Região Centro-Oeste;Nova Brasilândia (MT);Nova Brasilândia;3932;1;Pequeno I;3290,032
510621;5106216;MT;51;5;Região Centro-Oeste;Nova Canaã do Norte (MT);Nova Canaã do Norte;11707;1;Pequeno I;5953,099
510622;5106224;MT;51;5;Região Centro-Oeste;Nova Mutum (MT);Nova Mutum;55839;3;Médio;9536,814
510623;5106232;MT;51;5;Região Centro-Oeste;Nova Olímpia (MT);Nova Olímpia;16352;1;Pequeno I;1327,266
510624;5106240;MT;51;5;Região Centro-Oeste;Nova Ubiratã (MT);Nova Ubiratã;11530;1;Pequeno I;12460,736
510625;5106257;MT;51;5;Região Centro-Oeste;Nova Xavantina (MT);Nova Xavantina;24345;2;Pequeno II;5491,972
510626;5106265;MT;51;5;Região Centro-Oeste;Novo Mundo (MT);Novo Mundo;6520;1;Pequeno I;5800,759
510627;5106273;MT;51;5;Região Centro-Oeste;Novo Horizonte do Norte (MT);Novo Horizonte do Norte;3349;1;Pequeno I;920,048
510628;5106281;MT;51;5;Região Centro-Oeste;Novo São Joaquim (MT);Novo São Joaquim;6919;1;Pequeno I;5225,595
510629;5106299;MT;51;5;Região Centro-Oeste;Paranaíta (MT);Paranaíta;11671;1;Pequeno I;4814,149
510630;5106307;MT;51;5;Região Centro-Oeste;Paranatinga (MT);Paranatinga;26423;2;Pequeno II;24166,633
510631;5106315;MT;51;5;Região Centro-Oeste;Novo Santo Antônio (MT);Novo Santo Antônio;2015;1;Pequeno I;4394,78
510637;5106372;MT;51;5;Região Centro-Oeste;Pedra Preta (MT);Pedra Preta;18066;1;Pequeno I;3841,672
510642;5106422;MT;51;5;Região Centro-Oeste;Peixoto de Azevedo (MT);Peixoto de Azevedo;32714;2;Pequeno II;14433,775
510645;5106455;MT;51;5;Região Centro-Oeste;Planalto da Serra (MT);Planalto da Serra;3166;1;Pequeno I;2437,59
510650;5106505;MT;51;5;Região Centro-Oeste;Poconé (MT);Poconé;31217;2;Pequeno II;17156,76
510665;5106653;MT;51;5;Região Centro-Oeste;Pontal do Araguaia (MT);Pontal do Araguaia;6932;1;Pequeno I;2742,482
510670;5106703;MT;51;5;Região Centro-Oeste;Ponte Branca (MT);Ponte Branca;2008;1;Pequeno I;701,138
510675;5106752;MT;51;5;Região Centro-Oeste;Pontes e Lacerda (MT);Pontes e Lacerda;52018;3;Médio;8545,292
510677;5106778;MT;51;5;Região Centro-Oeste;Porto Alegre do Norte (MT);Porto Alegre do Norte;12127;1;Pequeno I;3971,721
510680;5106802;MT;51;5;Região Centro-Oeste;Porto dos Gaúchos (MT);Porto Dos Gaúchos;5593;1;Pequeno I;6846,668
510682;5106828;MT;51;5;Região Centro-Oeste;Porto Esperidião (MT);Porto Esperidião;10204;1;Pequeno I;5835,278
510685;5106851;MT;51;5;Região Centro-Oeste;Porto Estrela (MT);Porto Estrela;3224;1;Pequeno I;2045,467
510700;5107008;MT;51;5;Região Centro-Oeste;Poxoréu (MT);Poxoréo;23283;2;Pequeno II;6915,298
510704;5107040;MT;51;5;Região Centro-Oeste;Primavera do Leste (MT);Primavera do Leste;85146;3;Médio;5470,383
510706;5107065;MT;51;5;Região Centro-Oeste;Querência (MT);Querência;26769;2;Pequeno II;17799,988
510710;5107107;MT;51;5;Região Centro-Oeste;São José dos Quatro Marcos (MT);São José Dos Quatro Marcos;17849;1;Pequeno I;1282,763
510715;5107156;MT;51;5;Região Centro-Oeste;Reserva do Cabaçal (MT);Reserva do Cabaçal;2122;1;Pequeno I;1331,677
510718;5107180;MT;51;5;Região Centro-Oeste;Ribeirão Cascalheira (MT);Ribeirão Cascalheira;10089;1;Pequeno I;11354,555
510719;5107198;MT;51;5;Região Centro-Oeste;Ribeirãozinho (MT);Ribeirãozinho;2593;1;Pequeno I;624,997
510720;5107206;MT;51;5;Região Centro-Oeste;Rio Branco (MT);Rio Branco;4535;1;Pequeno I;539,287
510724;5107248;MT;51;5;Região Centro-Oeste;Santa Carmem (MT);Santa Carmem;5374;1;Pequeno I;3812,09
510726;5107263;MT;51;5;Região Centro-Oeste;Santo Afonso (MT);Santo Afonso;2519;1;Pequeno I;1166,382
510729;5107297;MT;51;5;Região Centro-Oeste;São José do Povo (MT);São José do Povo;2875;1;Pequeno I;489,737
510730;5107305;MT;51;5;Região Centro-Oeste;São José do Rio Claro (MT);São José do Rio Claro;14911;1;Pequeno I;4525,304
510735;5107354;MT;51;5;Região Centro-Oeste;São José do Xingu (MT);São José do Xingu;5964;1;Pequeno I;7465,563
510740;5107404;MT;51;5;Região Centro-Oeste;São Pedro da Cipa (MT);São Pedro da Cipa;4191;1;Pequeno I;344,33
510757;5107578;MT;51;5;Região Centro-Oeste;Rondolândia (MT);Rondolândia;3505;1;Pequeno I;12658,341
510760;5107602;MT;51;5;Região Centro-Oeste;Rondonópolis (MT);Rondonópolis;244911;4;Grande;4824,02
510770;5107701;MT;51;5;Região Centro-Oeste;Rosário Oeste (MT);Rosário Oeste;15453;1;Pequeno I;7339,443
510774;5107743;MT;51;5;Região Centro-Oeste;Santa Cruz do Xingu (MT);Santa Cruz do Xingu;2661;1;Pequeno I;5623,39
510775;5107750;MT;51;5;Região Centro-Oeste;Salto do Céu (MT);Salto do Céu;3679;1;Pequeno I;1753,378
510776;5107768;MT;51;5;Região Centro-Oeste;Santa Rita do Trivelato (MT);Santa Rita do Trivelato;3276;1;Pequeno I;4747,042
510777;5107776;MT;51;5;Região Centro-Oeste;Santa Terezinha (MT);Santa Terezinha;7596;1;Pequeno I;6466,223
510779;5107792;MT;51;5;Região Centro-Oeste;Santo Antônio do Leste (MT);Santo Antônio do Leste;4099;1;Pequeno I;3403,593
510780;5107800;MT;51;5;Região Centro-Oeste;Santo Antônio de Leverger (MT);Santo Antônio do Leverger;15246;1;Pequeno I;9469,139
510785;5107859;MT;51;5;Região Centro-Oeste;São Félix do Araguaia (MT);São Félix do Araguaia;13621;1;Pequeno I;16682,473
510787;5107875;MT;51;5;Região Centro-Oeste;Sapezal (MT);Sapezal;28944;2;Pequeno II;13614,552
510788;5107883;MT;51;5;Região Centro-Oeste;Serra Nova Dourada (MT);Serra Nova Dourada;1800;1;Pequeno I;1490,793
510790;5107909;MT;51;5;Região Centro-Oeste;Sinop (MT);Sinop;196312;4;Grande;3990,87
510792;5107925;MT;51;5;Região Centro-Oeste;Sorriso (MT);Sorriso;110635;4;Grande;9293,629
510794;5107941;MT;51;5;Região Centro-Oeste;Tabaporã (MT);Tabaporã;9818;1;Pequeno I;8439,05
510795;5107958;MT;51;5;Região Centro-Oeste;Tangará da Serra (MT);Tangará da Serra;106434;4;Grande;11636,825
510800;5108006;MT;51;5;Região Centro-Oeste;Tapurah (MT);Tapurah;14370;1;Pequeno I;4492,539
510805;5108055;MT;51;5;Região Centro-Oeste;Terra Nova do Norte (MT);Terra Nova do Norte;10616;1;Pequeno I;2399,736
510810;5108105;MT;51;5;Região Centro-Oeste;Tesouro (MT);Tesouro;3025;1;Pequeno I;4244,073
510820;5108204;MT;51;5;Região Centro-Oeste;Torixoréu (MT);Torixoréu;4164;1;Pequeno I;2398,383
510830;5108303;MT;51;5;Região Centro-Oeste;União do Sul (MT);União do Sul;3838;1;Pequeno I;4590,628
510835;5108352;MT;51;5;Região Centro-Oeste;Vale de São Domingos (MT);Vale de São Domingos;2904;1;Pequeno I;1901,545
510840;5108402;MT;51;5;Região Centro-Oeste;Várzea Grande (MT);Várzea Grande;300078;4;Grande;724,279
510850;5108501;MT;51;5;Região Centro-Oeste;Vera (MT);Vera;12800;1;Pequeno I;3058,364
510860;5108600;MT;51;5;Região Centro-Oeste;Vila Rica (MT);Vila Rica;19888;1;Pequeno I;7436,383
510880;5108808;MT;51;5;Região Centro-Oeste;Nova Guarita (MT);Nova Guarita;4590;1;Pequeno I;1121,928
510885;5108857;MT;51;5;Região Centro-Oeste;Nova Marilândia (MT);Nova Marilândia;3529;1;Pequeno I;1905,744
510890;5108907;MT;51;5;Região Centro-Oeste;Nova Maringá (MT);Nova Maringá;5846;1;Pequeno I;11553,479
510895;5108956;MT;51;5;Região Centro-Oeste;Nova Monte Verde (MT);Nova Monte Verde;8313;1;Pequeno I;5139,307
520005;5200050;GO;52;5;Região Centro-Oeste;Abadia de Goiás (GO);Abadia de Goiás;19128;1;Pequeno I;143,357
520010;5200100;GO;52;5;Região Centro-Oeste;Abadiânia (GO);Abadiânia;17232;1;Pequeno I;1044,555
520013;5200134;GO;52;5;Região Centro-Oeste;Acreúna (GO);Acreúna;21568;2;Pequeno II;1566,742
520015;5200159;GO;52;5;Região Centro-Oeste;Adelândia (GO);Adelândia;2297;1;Pequeno I;115,385
520017;5200175;GO;52;5;Região Centro-Oeste;Água Fria de Goiás (GO);Água Fria de Goiás;4954;1;Pequeno I;2023,636
520020;5200209;GO;52;5;Região Centro-Oeste;Água Limpa (GO);Água Limpa;1858;1;Pequeno I;458,836
520025;5200258;GO;52;5;Região Centro-Oeste;Águas Lindas de Goiás (GO);Águas Lindas de Goiás;225693;4;Grande;191,817
520030;5200308;GO;52;5;Região Centro-Oeste;Alexânia (GO);Alexânia;27008;2;Pequeno II;846,876
520050;5200506;GO;52;5;Região Centro-Oeste;Aloândia (GO);Aloândia;1973;1;Pequeno I;102,094
520055;5200555;GO;52;5;Região Centro-Oeste;Alto Horizonte (GO);Alto Horizonte;6072;1;Pequeno I;500,342
520060;5200605;GO;52;5;Região Centro-Oeste;Alto Paraíso de Goiás (GO);Alto Paraíso de Goiás;10306;1;Pequeno I;2594,998
520080;5200803;GO;52;5;Região Centro-Oeste;Alvorada do Norte (GO);Alvorada do Norte;8446;1;Pequeno I;1268,347
520082;5200829;GO;52;5;Região Centro-Oeste;Amaralina (GO);Amaralina;3268;1;Pequeno I;1343,742
520085;5200852;GO;52;5;Região Centro-Oeste;Americano do Brasil (GO);Americano do Brasil;5259;1;Pequeno I;133,834
520090;5200902;GO;52;5;Região Centro-Oeste;Amorinópolis (GO);Amorinópolis;3007;1;Pequeno I;406,93
520110;5201108;GO;52;5;Região Centro-Oeste;Anápolis (GO);Anápolis;398869;4;Grande;935,672
520120;5201207;GO;52;5;Região Centro-Oeste;Anhanguera (GO);Anhanguera;924;1;Pequeno I;55,569
520130;5201306;GO;52;5;Região Centro-Oeste;Anicuns (GO);Anicuns;18503;1;Pequeno I;976,038
520140;5201405;GO;52;5;Região Centro-Oeste;Aparecida de Goiânia (GO);Aparecida de Goiânia;527796;4;Grande;279,954
520145;5201454;GO;52;5;Região Centro-Oeste;Aparecida do Rio Doce (GO);Aparecida do Rio Doce;2907;1;Pequeno I;603,254
520150;5201504;GO;52;5;Região Centro-Oeste;Aporé (GO);Aporé;4325;1;Pequeno I;2899,237
520160;5201603;GO;52;5;Região Centro-Oeste;Araçu (GO);Araçu;3799;1;Pequeno I;149,776
520170;5201702;GO;52;5;Região Centro-Oeste;Aragarças (GO);Aragarças;18390;1;Pequeno I;661,677
520180;5201801;GO;52;5;Região Centro-Oeste;Aragoiânia (GO);Aragoiânia;11890;1;Pequeno I;218,125
520215;5202155;GO;52;5;Região Centro-Oeste;Araguapaz (GO);Araguapaz;7153;1;Pequeno I;2188,1
520235;5202353;GO;52;5;Região Centro-Oeste;Arenópolis (GO);Arenópolis;2946;1;Pequeno I;1075,535
520250;5202502;GO;52;5;Região Centro-Oeste;Aruanã (GO);Aruanã;8300;1;Pequeno I;3054,773
520260;5202601;GO;52;5;Região Centro-Oeste;Aurilândia (GO);Aurilândia;3284;1;Pequeno I;565,514
520280;5202809;GO;52;5;Região Centro-Oeste;Avelinópolis (GO);Avelinópolis;2868;1;Pequeno I;170,228
520310;5203104;GO;52;5;Região Centro-Oeste;Baliza (GO);Baliza;3351;1;Pequeno I;1780,173
520320;5203203;GO;52;5;Região Centro-Oeste;Barro Alto (GO);Barro Alto;10371;1;Pequeno I;1080,268
520330;5203302;GO;52;5;Região Centro-Oeste;Bela Vista de Goiás (GO);Bela Vista de Goiás;34445;2;Pequeno II;1274,034
520340;5203401;GO;52;5;Região Centro-Oeste;Bom Jardim de Goiás (GO);Bom Jardim de Goiás;7826;1;Pequeno I;1901,137
520350;5203500;GO;52;5;Região Centro-Oeste;Bom Jesus de Goiás (GO);Bom Jesus de Goiás;23958;2;Pequeno II;1405,605
520355;5203559;GO;52;5;Região Centro-Oeste;Bonfinópolis (GO);Bonfinópolis;10296;1;Pequeno I;121,915
520357;5203575;GO;52;5;Região Centro-Oeste;Bonópolis (GO);Bonópolis;3299;1;Pequeno I;1635,319
520360;5203609;GO;52;5;Região Centro-Oeste;Brazabrantes (GO);Brazabrantes;3992;1;Pequeno I;125,326
520380;5203807;GO;52;5;Região Centro-Oeste;Britânia (GO);Britânia;5695;1;Pequeno I;1458,459
520390;5203906;GO;52;5;Região Centro-Oeste;Buriti Alegre (GO);Buriti Alegre;10495;1;Pequeno I;901,932
520393;5203939;GO;52;5;Região Centro-Oeste;Buriti de Goiás (GO);Buriti de Goiás;2732;1;Pequeno I;202,576
520396;5203962;GO;52;5;Região Centro-Oeste;Buritinópolis (GO);Buritinópolis;3145;1;Pequeno I;246,075
520400;5204003;GO;52;5;Região Centro-Oeste;Cabeceiras (GO);Cabeceiras;7560;1;Pequeno I;1126,434
520410;5204102;GO;52;5;Região Centro-Oeste;Cachoeira Alta (GO);Cachoeira Alta;11513;1;Pequeno I;1657,226
520420;5204201;GO;52;5;Região Centro-Oeste;Cachoeira de Goiás (GO);Cachoeira de Goiás;1405;1;Pequeno I;424,49
520425;5204250;GO;52;5;Região Centro-Oeste;Cachoeira Dourada (GO);Cachoeira Dourada;7782;1;Pequeno I;528,281
520430;5204300;GO;52;5;Região Centro-Oeste;Caçu (GO);Caçu;13774;1;Pequeno I;2254,34
520440;5204409;GO;52;5;Região Centro-Oeste;Caiapônia (GO);Caiapônia;16513;1;Pequeno I;8627,961
520450;5204508;GO;52;5;Região Centro-Oeste;Caldas Novas (GO);Caldas Novas;98622;3;Médio;1608,523
520455;5204557;GO;52;5;Região Centro-Oeste;Caldazinha (GO);Caldazinha;4507;1;Pequeno I;251,72
520460;5204607;GO;52;5;Região Centro-Oeste;Campestre de Goiás (GO);Campestre de Goiás;3755;1;Pequeno I;272,734
520465;5204656;GO;52;5;Região Centro-Oeste;Campinaçu (GO);Campinaçu;3708;1;Pequeno I;1978,386
520470;5204706;GO;52;5;Região Centro-Oeste;Campinorte (GO);Campinorte;12510;1;Pequeno I;1064,541
520480;5204805;GO;52;5;Região Centro-Oeste;Campo Alegre de Goiás (GO);Campo Alegre de Goiás;7422;1;Pequeno I;2450,111
520485;5204854;GO;52;5;Região Centro-Oeste;Campo Limpo de Goiás (GO);Campo Limpo de Goiás;8081;1;Pequeno I;156,113
520490;5204904;GO;52;5;Região Centro-Oeste;Campos Belos (GO);Campos Belos;18108;1;Pequeno I;735,126
520495;5204953;GO;52;5;Região Centro-Oeste;Campos Verdes (GO);Campos Verdes;4005;1;Pequeno I;443,125
520500;5205000;GO;52;5;Região Centro-Oeste;Carmo do Rio Verde (GO);Carmo do Rio Verde;9710;1;Pequeno I;419,821
520505;5205059;GO;52;5;Região Centro-Oeste;Castelândia (GO);Castelândia;2985;1;Pequeno I;299,228
520510;5205109;GO;52;5;Região Centro-Oeste;Catalão (GO);Catalão;114427;4;Grande;3826,37
520520;5205208;GO;52;5;Região Centro-Oeste;Caturaí (GO);Caturaí;5184;1;Pequeno I;205,065
520530;5205307;GO;52;5;Região Centro-Oeste;Cavalcante (GO);Cavalcante;9583;1;Pequeno I;6948,78
520540;5205406;GO;52;5;Região Centro-Oeste;Ceres (GO);Ceres;22046;2;Pequeno II;213,07
520545;5205455;GO;52;5;Região Centro-Oeste;Cezarina (GO);Cezarina;8090;1;Pequeno I;417,08
520547;5205471;GO;52;5;Região Centro-Oeste;Chapadão do Céu (GO);Chapadão do Céu;12870;1;Pequeno I;2184,076
520549;5205497;GO;52;5;Região Centro-Oeste;Cidade Ocidental (GO);Cidade Ocidental;91767;3;Médio;389,984
520551;5205513;GO;52;5;Região Centro-Oeste;Cocalzinho de Goiás (GO);Cocalzinho de Goiás;25016;2;Pequeno II;1785,339
520552;5205521;GO;52;5;Região Centro-Oeste;Colinas do Sul (GO);Colinas do Sul;4030;1;Pequeno I;1707,519
520570;5205703;GO;52;5;Região Centro-Oeste;Córrego do Ouro (GO);Córrego do Ouro;2454;1;Pequeno I;458,077
520580;5205802;GO;52;5;Região Centro-Oeste;Corumbá de Goiás (GO);Corumbá de Goiás;10562;1;Pequeno I;1064,833
520590;5205901;GO;52;5;Região Centro-Oeste;Corumbaíba (GO);Corumbaíba;9164;1;Pequeno I;1864,277
520620;5206206;GO;52;5;Região Centro-Oeste;Cristalina (GO);Cristalina;62337;3;Médio;6153,921
520630;5206305;GO;52;5;Região Centro-Oeste;Cristianópolis (GO);Cristianópolis;3504;1;Pequeno I;221,624
520640;5206404;GO;52;5;Região Centro-Oeste;Crixás (GO);Crixás;17065;1;Pequeno I;4673,039
520650;5206503;GO;52;5;Região Centro-Oeste;Cromínia (GO);Cromínia;3883;1;Pequeno I;364,918
520660;5206602;GO;52;5;Região Centro-Oeste;Cumari (GO);Cumari;2927;1;Pequeno I;568,365
520670;5206701;GO;52;5;Região Centro-Oeste;Damianópolis (GO);Damianópolis;3770;1;Pequeno I;417,625
520680;5206800;GO;52;5;Região Centro-Oeste;Damolândia (GO);Damolândia;2724;1;Pequeno I;86,057
520690;5206909;GO;52;5;Região Centro-Oeste;Davinópolis (GO);Davinópolis;1902;1;Pequeno I;482,857
520710;5207105;GO;52;5;Região Centro-Oeste;Diorama (GO);Diorama;2062;1;Pequeno I;685,382
520725;5207253;GO;52;5;Região Centro-Oeste;Doverlândia (GO);Doverlândia;6956;1;Pequeno I;3227,558
520735;5207352;GO;52;5;Região Centro-Oeste;Edealina (GO);Edealina;4001;1;Pequeno I;598,218
520740;5207402;GO;52;5;Região Centro-Oeste;Edéia (GO);Edéia;11747;1;Pequeno I;1469,099
520750;5207501;GO;52;5;Região Centro-Oeste;Estrela do Norte (GO);Estrela do Norte;3205;1;Pequeno I;301,139
520753;5207535;GO;52;5;Região Centro-Oeste;Faina (GO);Faina;7070;1;Pequeno I;1949,685
520760;5207600;GO;52;5;Região Centro-Oeste;Fazenda Nova (GO);Fazenda Nova;5877;1;Pequeno I;1279,107
520780;5207808;GO;52;5;Região Centro-Oeste;Firminópolis (GO);Firminópolis;10419;1;Pequeno I;422,34
520790;5207907;GO;52;5;Região Centro-Oeste;Flores de Goiás (GO);Flores de Goiás;13744;1;Pequeno I;3695,106
520800;5208004;GO;52;5;Região Centro-Oeste;Formosa (GO);Formosa;115901;4;Grande;5804,292
520810;5208103;GO;52;5;Região Centro-Oeste;Formoso (GO);Formoso;4660;1;Pequeno I;843,42
520815;5208152;GO;52;5;Região Centro-Oeste;Gameleira de Goiás (GO);Gameleira de Goiás;3456;1;Pequeno I;588,328
520830;5208301;GO;52;5;Região Centro-Oeste;Divinópolis de Goiás (GO);Divinópolis de Goiás;4457;1;Pequeno I;828,874
520840;5208400;GO;52;5;Região Centro-Oeste;Goianápolis (GO);Goianápolis;13967;1;Pequeno I;166,642
520850;5208509;GO;52;5;Região Centro-Oeste;Goiandira (GO);Goiandira;4973;1;Pequeno I;569,917
520860;5208608;GO;52;5;Região Centro-Oeste;Goianésia (GO);Goianésia;73707;3;Médio;1547,319
520870;5208707;GO;52;5;Região Centro-Oeste;Goiânia (GO);Goiânia;1437366;5;Metrópole;729,296
520880;5208806;GO;52;5;Região Centro-Oeste;Goianira (GO);Goianira;71916;3;Médio;213,772
520890;5208905;GO;52;5;Região Centro-Oeste;Goiás (GO);Goiás;24071;2;Pequeno II;3108,423
520910;5209101;GO;52;5;Região Centro-Oeste;Goiatuba (GO);Goiatuba;35664;2;Pequeno II;2479,591
520915;5209150;GO;52;5;Região Centro-Oeste;Gouvelândia (GO);Gouvelândia;4390;1;Pequeno I;827,373
520920;5209200;GO;52;5;Região Centro-Oeste;Guapó (GO);Guapó;19545;1;Pequeno I;514,178
520929;5209291;GO;52;5;Região Centro-Oeste;Guaraíta (GO);Guaraíta;2188;1;Pequeno I;205,533
520940;5209408;GO;52;5;Região Centro-Oeste;Guarani de Goiás (GO);Guarani de Goiás;4085;1;Pequeno I;1221,054
520945;5209457;GO;52;5;Região Centro-Oeste;Guarinos (GO);Guarinos;2161;1;Pequeno I;593,188
520960;5209606;GO;52;5;Região Centro-Oeste;Heitoraí (GO);Heitoraí;3354;1;Pequeno I;228,615
520970;5209705;GO;52;5;Região Centro-Oeste;Hidrolândia (GO);Hidrolândia;27742;2;Pequeno II;952,122
520980;5209804;GO;52;5;Região Centro-Oeste;Hidrolina (GO);Hidrolina;3545;1;Pequeno I;583,756
520990;5209903;GO;52;5;Região Centro-Oeste;Iaciara (GO);Iaciara;10584;1;Pequeno I;1547,183
520993;5209937;GO;52;5;Região Centro-Oeste;Inaciolândia (GO);Inaciolândia;5954;1;Pequeno I;689,201
520995;5209952;GO;52;5;Região Centro-Oeste;Indiara (GO);Indiara;17061;1;Pequeno I;955,419
521000;5210000;GO;52;5;Região Centro-Oeste;Inhumas (GO);Inhumas;52204;3;Médio;614,887
521010;5210109;GO;52;5;Região Centro-Oeste;Ipameri (GO);Ipameri;25548;2;Pequeno II;4382,863
521015;5210158;GO;52;5;Região Centro-Oeste;Ipiranga de Goiás (GO);Ipiranga de Goiás;2919;1;Pequeno I;244,209
521020;5210208;GO;52;5;Região Centro-Oeste;Iporá (GO);Iporá;35684;2;Pequeno II;1027,249
521030;5210307;GO;52;5;Região Centro-Oeste;Israelândia (GO);Israelândia;2560;1;Pequeno I;579,19
521040;5210406;GO;52;5;Região Centro-Oeste;Itaberaí (GO);Itaberaí;44734;2;Pequeno II;1461,916
521056;5210562;GO;52;5;Região Centro-Oeste;Itaguari (GO);Itaguari;4963;1;Pequeno I;142,652
521060;5210604;GO;52;5;Região Centro-Oeste;Itaguaru (GO);Itaguaru;4904;1;Pequeno I;241,029
521080;5210802;GO;52;5;Região Centro-Oeste;Itajá (GO);Itajá;4380;1;Pequeno I;2082,736
521090;5210901;GO;52;5;Região Centro-Oeste;Itapaci (GO);Itapaci;21087;2;Pequeno II;952,998
521100;5211008;GO;52;5;Região Centro-Oeste;Itapirapuã (GO);Itapirapuã;8007;1;Pequeno I;2047,874
521120;5211206;GO;52;5;Região Centro-Oeste;Itapuranga (GO);Itapuranga;26113;2;Pequeno II;1281,404
521130;5211305;GO;52;5;Região Centro-Oeste;Itarumã (GO);Itarumã;6101;1;Pequeno I;3437,367
521140;5211404;GO;52;5;Região Centro-Oeste;Itauçu (GO);Itauçu;7736;1;Pequeno I;383,066
521150;5211503;GO;52;5;Região Centro-Oeste;Itumbiara (GO);Itumbiara;107970;4;Grande;2447,014
521160;5211602;GO;52;5;Região Centro-Oeste;Ivolândia (GO);Ivolândia;2693;1;Pequeno I;1260,841
521170;5211701;GO;52;5;Região Centro-Oeste;Jandaia (GO);Jandaia;6272;1;Pequeno I;863,087
521180;5211800;GO;52;5;Região Centro-Oeste;Jaraguá (GO);Jaraguá;45223;2;Pequeno II;1848,947
521190;5211909;GO;52;5;Região Centro-Oeste;Jataí (GO);Jataí;105729;4;Grande;7178,792
521200;5212006;GO;52;5;Região Centro-Oeste;Jaupaci (GO);Jaupaci;2924;1;Pequeno I;528,783
521205;5212055;GO;52;5;Região Centro-Oeste;Jesúpolis (GO);Jesúpolis;2123;1;Pequeno I;115,211
521210;5212105;GO;52;5;Região Centro-Oeste;Joviânia (GO);Joviânia;7159;1;Pequeno I;446,258
521220;5212204;GO;52;5;Região Centro-Oeste;Jussara (GO);Jussara;19620;1;Pequeno I;4092,34
521225;5212253;GO;52;5;Região Centro-Oeste;Lagoa Santa (GO);Lagoa Santa;1390;1;Pequeno I;463,289
521230;5212303;GO;52;5;Região Centro-Oeste;Leopoldo de Bulhões (GO);Leopoldo de Bulhões;8745;1;Pequeno I;476,137
521250;5212501;GO;52;5;Região Centro-Oeste;Luziânia (GO);Luziânia;209129;4;Grande;3962,107
521260;5212600;GO;52;5;Região Centro-Oeste;Mairipotaba (GO);Mairipotaba;2561;1;Pequeno I;468,029
521270;5212709;GO;52;5;Região Centro-Oeste;Mambaí (GO);Mambaí;8124;1;Pequeno I;858,27
521280;5212808;GO;52;5;Região Centro-Oeste;Mara Rosa (GO);Mara Rosa;10700;1;Pequeno I;1695,463
521290;5212907;GO;52;5;Região Centro-Oeste;Marzagão (GO);Marzagão;2758;1;Pequeno I;225,518
521295;5212956;GO;52;5;Região Centro-Oeste;Matrinchã (GO);Matrinchã;4042;1;Pequeno I;1150,503
521300;5213004;GO;52;5;Região Centro-Oeste;Maurilândia (GO);Maurilândia;10304;1;Pequeno I;389,959
521305;5213053;GO;52;5;Região Centro-Oeste;Mimoso de Goiás (GO);Mimoso de Goiás;2614;1;Pequeno I;1380,701
521308;5213087;GO;52;5;Região Centro-Oeste;Minaçu (GO);Minaçu;27075;2;Pequeno II;2854,137
521310;5213103;GO;52;5;Região Centro-Oeste;Mineiros (GO);Mineiros;70081;3;Médio;9042,844
521340;5213400;GO;52;5;Região Centro-Oeste;Moiporá (GO);Moiporá;1685;1;Pequeno I;452,314
521350;5213509;GO;52;5;Região Centro-Oeste;Monte Alegre de Goiás (GO);Monte Alegre de Goiás;6692;1;Pequeno I;3119,86
521370;5213707;GO;52;5;Região Centro-Oeste;Montes Claros de Goiás (GO);Montes Claros de Goiás;8756;1;Pequeno I;2900,397
521375;5213756;GO;52;5;Região Centro-Oeste;Montividiu (GO);Montividiu;12521;1;Pequeno I;1869,581
521377;5213772;GO;52;5;Região Centro-Oeste;Montividiu do Norte (GO);Montividiu do Norte;3779;1;Pequeno I;1337,232
521380;5213806;GO;52;5;Região Centro-Oeste;Morrinhos (GO);Morrinhos;51351;3;Médio;2846,299
521385;5213855;GO;52;5;Região Centro-Oeste;Morro Agudo de Goiás (GO);Morro Agudo de Goiás;2456;1;Pequeno I;282,333
521390;5213905;GO;52;5;Região Centro-Oeste;Mossâmedes (GO);Mossâmedes;4654;1;Pequeno I;684,882
521400;5214002;GO;52;5;Região Centro-Oeste;Mozarlândia (GO);Mozarlândia;14750;1;Pequeno I;1738,516
521405;5214051;GO;52;5;Região Centro-Oeste;Mundo Novo (GO);Mundo Novo;6189;1;Pequeno I;2141,534
521410;5214101;GO;52;5;Região Centro-Oeste;Mutunópolis (GO);Mutunópolis;3564;1;Pequeno I;955,069
521440;5214408;GO;52;5;Região Centro-Oeste;Nazário (GO);Nazário;8189;1;Pequeno I;281,147
521450;5214507;GO;52;5;Região Centro-Oeste;Nerópolis (GO);Nerópolis;31932;2;Pequeno II;204,713
521460;5214606;GO;52;5;Região Centro-Oeste;Niquelândia (GO);Niquelândia;34964;2;Pequeno II;9846,293
521470;5214705;GO;52;5;Região Centro-Oeste;Nova América (GO);Nova América;2337;1;Pequeno I;209,432
521480;5214804;GO;52;5;Região Centro-Oeste;Nova Aurora (GO);Nova Aurora;2101;1;Pequeno I;307,335
521483;5214838;GO;52;5;Região Centro-Oeste;Nova Crixás (GO);Nova Crixás;12815;1;Pequeno I;7308,681
521486;5214861;GO;52;5;Região Centro-Oeste;Nova Glória (GO);Nova Glória;8310;1;Pequeno I;411,753
521487;5214879;GO;52;5;Região Centro-Oeste;Nova Iguaçu de Goiás (GO);Nova Iguaçu de Goiás;3010;1;Pequeno I;625,625
521490;5214903;GO;52;5;Região Centro-Oeste;Nova Roma (GO);Nova Roma;3076;1;Pequeno I;2136,725
521500;5215009;GO;52;5;Região Centro-Oeste;Nova Veneza (GO);Nova Veneza;9481;1;Pequeno I;122,354
521520;5215207;GO;52;5;Região Centro-Oeste;Novo Brasil (GO);Novo Brasil;3527;1;Pequeno I;649,349
521523;5215231;GO;52;5;Região Centro-Oeste;Novo Gama (GO);Novo Gama;103804;4;Grande;192,285
521525;5215256;GO;52;5;Região Centro-Oeste;Novo Planalto (GO);Novo Planalto;3716;1;Pequeno I;1254,491
521530;5215306;GO;52;5;Região Centro-Oeste;Orizona (GO);Orizona;16399;1;Pequeno I;1971,265
521540;5215405;GO;52;5;Região Centro-Oeste;Ouro Verde de Goiás (GO);Ouro Verde de Goiás;4057;1;Pequeno I;208,804
521550;5215504;GO;52;5;Região Centro-Oeste;Ouvidor (GO);Ouvidor;7200;1;Pequeno I;411,318
521560;5215603;GO;52;5;Região Centro-Oeste;Padre Bernardo (GO);Padre Bernardo;34967;2;Pequeno II;3142,615
521565;5215652;GO;52;5;Região Centro-Oeste;Palestina de Goiás (GO);Palestina de Goiás;3132;1;Pequeno I;1318,047
521570;5215702;GO;52;5;Região Centro-Oeste;Palmeiras de Goiás (GO);Palmeiras de Goiás;31858;2;Pequeno II;1537,196
521580;5215801;GO;52;5;Região Centro-Oeste;Palmelo (GO);Palmelo;2259;1;Pequeno I;59,809
521590;5215900;GO;52;5;Região Centro-Oeste;Palminópolis (GO);Palminópolis;3851;1;Pequeno I;393,326
521600;5216007;GO;52;5;Região Centro-Oeste;Panamá (GO);Panamá;2455;1;Pequeno I;432,204
521630;5216304;GO;52;5;Região Centro-Oeste;Paranaiguara (GO);Paranaiguara;7607;1;Pequeno I;1153,415
521640;5216403;GO;52;5;Região Centro-Oeste;Paraúna (GO);Paraúna;10659;1;Pequeno I;3786,578
521645;5216452;GO;52;5;Região Centro-Oeste;Perolândia (GO);Perolândia;2964;1;Pequeno I;1033,657
521680;5216809;GO;52;5;Região Centro-Oeste;Petrolina de Goiás (GO);Petrolina de Goiás;9573;1;Pequeno I;530,49
521690;5216908;GO;52;5;Região Centro-Oeste;Pilar de Goiás (GO);Pilar de Goiás;2328;1;Pequeno I;906,048
521710;5217104;GO;52;5;Região Centro-Oeste;Piracanjuba (GO);Piracanjuba;24883;2;Pequeno II;2374,232
521720;5217203;GO;52;5;Região Centro-Oeste;Piranhas (GO);Piranhas;11712;1;Pequeno I;2045,088
521730;5217302;GO;52;5;Região Centro-Oeste;Pirenópolis (GO);Pirenópolis;26690;2;Pequeno II;2200,369
521740;5217401;GO;52;5;Região Centro-Oeste;Pires do Rio (GO);Pires do Rio;32373;2;Pequeno II;1077,641
521760;5217609;GO;52;5;Região Centro-Oeste;Planaltina (GO);Planaltina;105031;4;Grande;2558,924
521770;5217708;GO;52;5;Região Centro-Oeste;Pontalina (GO);Pontalina;18309;1;Pequeno I;1434,289
521800;5218003;GO;52;5;Região Centro-Oeste;Porangatu (GO);Porangatu;44317;2;Pequeno II;4825,287
521805;5218052;GO;52;5;Região Centro-Oeste;Porteirão (GO);Porteirão;4070;1;Pequeno I;606,262
521810;5218102;GO;52;5;Região Centro-Oeste;Portelândia (GO);Portelândia;3280;1;Pequeno I;553,411
521830;5218300;GO;52;5;Região Centro-Oeste;Posse (GO);Posse;34914;2;Pequeno II;2076,99
521839;5218391;GO;52;5;Região Centro-Oeste;Professor Jamil (GO);Professor Jamil;3649;1;Pequeno I;356,292
521850;5218508;GO;52;5;Região Centro-Oeste;Quirinópolis (GO);Quirinópolis;48447;2;Pequeno II;3786,026
521860;5218607;GO;52;5;Região Centro-Oeste;Rialma (GO);Rialma;12165;1;Pequeno I;268,291
521870;5218706;GO;52;5;Região Centro-Oeste;Rianápolis (GO);Rianápolis;3980;1;Pequeno I;157,379
521878;5218789;GO;52;5;Região Centro-Oeste;Rio Quente (GO);Rio Quente;3864;1;Pequeno I;244,655
521880;5218805;GO;52;5;Região Centro-Oeste;Rio Verde (GO);Rio Verde;225696;4;Grande;8374,255
521890;5218904;GO;52;5;Região Centro-Oeste;Rubiataba (GO);Rubiataba;19788;1;Pequeno I;750,659
521900;5219001;GO;52;5;Região Centro-Oeste;Sanclerlândia (GO);Sanclerlândia;7918;1;Pequeno I;509,402
521910;5219100;GO;52;5;Região Centro-Oeste;Santa Bárbara de Goiás (GO);Santa Bárbara de Goiás;6149;1;Pequeno I;140,957
521920;5219209;GO;52;5;Região Centro-Oeste;Santa Cruz de Goiás (GO);Santa Cruz de Goiás;3002;1;Pequeno I;1109,007
521925;5219258;GO;52;5;Região Centro-Oeste;Santa Fé de Goiás (GO);Santa fé de Goiás;4951;1;Pequeno I;1164,186
521930;5219308;GO;52;5;Região Centro-Oeste;Santa Helena de Goiás (GO);Santa Helena de Goiás;38492;2;Pequeno II;1142,337
521935;5219357;GO;52;5;Região Centro-Oeste;Santa Isabel (GO);Santa Isabel;3538;1;Pequeno I;812,756
521940;5219407;GO;52;5;Região Centro-Oeste;Santa Rita do Araguaia (GO);Santa Rita do Araguaia;5924;1;Pequeno I;1357,197
521945;5219456;GO;52;5;Região Centro-Oeste;Santa Rita do Novo Destino (GO);Santa Rita do Novo Destino;2689;1;Pequeno I;970,448
521950;5219506;GO;52;5;Região Centro-Oeste;Santa Rosa de Goiás (GO);Santa Rosa de Goiás;2820;1;Pequeno I;166,44
521960;5219605;GO;52;5;Região Centro-Oeste;Santa Tereza de Goiás (GO);Santa Tereza de Goiás;3293;1;Pequeno I;789,544
521970;5219704;GO;52;5;Região Centro-Oeste;Santa Terezinha de Goiás (GO);Santa Terezinha de Goiás;10645;1;Pequeno I;1206,6
521971;5219712;GO;52;5;Região Centro-Oeste;Santo Antônio da Barra (GO);Santo Antônio da Barra;4267;1;Pequeno I;450,336
521973;5219738;GO;52;5;Região Centro-Oeste;Santo Antônio de Goiás (GO);Santo Antônio de Goiás;7386;1;Pequeno I;135,022
521975;5219753;GO;52;5;Região Centro-Oeste;Santo Antônio do Descoberto (GO);Santo Antônio do Descoberto;72127;3;Médio;943,948
521980;5219803;GO;52;5;Região Centro-Oeste;São Domingos (GO);São Domingos;9711;1;Pequeno I;3335,999
521990;5219902;GO;52;5;Região Centro-Oeste;São Francisco de Goiás (GO);São Francisco de Goiás;6378;1;Pequeno I;416,535
522000;5220009;GO;52;5;Região Centro-Oeste;São João d'Aliança (GO);São João D´aliança;14041;1;Pequeno I;3334,455
522005;5220058;GO;52;5;Região Centro-Oeste;São João da Paraúna (GO);São João da Paraúna;1774;1;Pequeno I;286,979
522010;5220108;GO;52;5;Região Centro-Oeste;São Luís de Montes Belos (GO);São Luís de Montes Belos;33852;2;Pequeno II;829,62
522015;5220157;GO;52;5;Região Centro-Oeste;São Luiz do Norte (GO);São Luíz do Norte;4837;1;Pequeno I;583,832
522020;5220207;GO;52;5;Região Centro-Oeste;São Miguel do Araguaia (GO);São Miguel do Araguaia;21900;2;Pequeno II;6150,179
522026;5220264;GO;52;5;Região Centro-Oeste;São Miguel do Passa Quatro (GO);São Miguel do Passa Quatro;4464;1;Pequeno I;537,347
522028;5220280;GO;52;5;Região Centro-Oeste;São Patrício (GO);São Patrício;2143;1;Pequeno I;172,763
522040;5220405;GO;52;5;Região Centro-Oeste;São Simão (GO);São Simão;17020;1;Pequeno I;415,015
522045;5220454;GO;52;5;Região Centro-Oeste;Senador Canedo (GO);Senador Canedo;155635;4;Grande;247,005
522050;5220504;GO;52;5;Região Centro-Oeste;Serranópolis (GO);Serranópolis;8027;1;Pequeno I;5521,774
522060;5220603;GO;52;5;Região Centro-Oeste;Silvânia (GO);Silvânia;22245;2;Pequeno II;2349,924
522068;5220686;GO;52;5;Região Centro-Oeste;Simolândia (GO);Simolândia;5742;1;Pequeno I;346,811
522070;5220702;GO;52;5;Região Centro-Oeste;Sítio d'Abadia (GO);Sítio D´abadia;2927;1;Pequeno I;1611,851
522100;5221007;GO;52;5;Região Centro-Oeste;Taquaral de Goiás (GO);Taquaral de Goiás;4026;1;Pequeno I;205,665
522108;5221080;GO;52;5;Região Centro-Oeste;Teresina de Goiás (GO);Teresina de Goiás;2701;1;Pequeno I;784,793
522119;5221197;GO;52;5;Região Centro-Oeste;Terezópolis de Goiás (GO);Terezópolis de Goiás;7944;1;Pequeno I;107,407
522130;5221304;GO;52;5;Região Centro-Oeste;Três Ranchos (GO);Três Ranchos;2921;1;Pequeno I;284,034
522140;5221403;GO;52;5;Região Centro-Oeste;Trindade (GO);Trindade;142431;4;Grande;712,69
522145;5221452;GO;52;5;Região Centro-Oeste;Trombas (GO);Trombas;3120;1;Pequeno I;802,905
522150;5221502;GO;52;5;Região Centro-Oeste;Turvânia (GO);Turvânia;4480;1;Pequeno I;482,317
522155;5221551;GO;52;5;Região Centro-Oeste;Turvelândia (GO);Turvelândia;4985;1;Pequeno I;935,659
522157;5221577;GO;52;5;Região Centro-Oeste;Uirapuru (GO);Uirapuru;2798;1;Pequeno I;1154,305
522160;5221601;GO;52;5;Região Centro-Oeste;Uruaçu (GO);Uruaçu;42546;2;Pequeno II;2142,484
522170;5221700;GO;52;5;Região Centro-Oeste;Uruana (GO);Uruana;13729;1;Pequeno I;522,904
522180;5221809;GO;52;5;Região Centro-Oeste;Urutaí (GO);Urutaí;3553;1;Pequeno I;623,821
522185;5221858;GO;52;5;Região Centro-Oeste;Valparaíso de Goiás (GO);Valparaíso de Goiás;198861;4;Grande;61,488
522190;5221908;GO;52;5;Região Centro-Oeste;Varjão (GO);Varjão;3716;1;Pequeno I;517,402
522200;5222005;GO;52;5;Região Centro-Oeste;Vianópolis (GO);Vianópolis;14956;1;Pequeno I;954,115
522205;5222054;GO;52;5;Região Centro-Oeste;Vicentinópolis (GO);Vicentinópolis;8768;1;Pequeno I;733,794
522220;5222203;GO;52;5;Região Centro-Oeste;Vila Boa (GO);Vila Boa;4215;1;Pequeno I;1052,593
522230;5222302;GO;52;5;Região Centro-Oeste;Vila Propício (GO);Vila Propício;5815;1;Pequeno I;2181,593
530010;5300108;DF;53;5;Região Centro-Oeste;Brasília (DF);Brasília;2817381;5;Metrópole;5760,784
