nome_municipio,geocodigo,mesorregiao,codigo_ibge,regiao,sigla_uf,georef_location,codigo_ibge_uf,uf_municipio,nome_uf
Godofredo Viana,2104305,OESTE MARANHENSE,210430,Nordeste,MA,"-1.4030000\,-45.7800000",21,MA-Godofredo Viana,Maranhão
Fernão,3515657,MARILIA,351565,Sudeste,SP,"-22.3590000\,-49.5210000",35,SP-Fernão,São Paulo
Tocantinópolis,1721208,OCIDENTAL DO TOCANTINS,172120,Norte,TO,"-6.3290000\,-47.4160000",17,TO-Tocantinópolis,Tocantins
Lafaiete Coutinho,2918704,CENTRO SUL BAIANO,291870,Nordeste,BA,"-13.6560000\,-40.2130000",29,BA-Lafaiete Coutinho,Bahia
Camaçari,2905701,METROPOLITANA DE SALVADOR,290570,Nordeste,BA,"-12.6980000\,-38.3240000",29,BA-Camaçari,Bahia
Mato Rico,4115739,CENTRO-SUL PARANAENSE,411573,Sul,PR,"-24.7050000\,-52.1460000",41,PR-Mato Rico,Paraná
Macapá,1600303,SUL DO AMAPA,160030,Norte,AP,"0.0390000\,-51.0660000",16,AP-Macapá,Amapá
Emas,2505907,SERTAO PARAIBANO,250590,Nordeste,PB,"-7.1080000\,-37.7160000",25,PB-Emas,Paraíba
Materlândia,3140605,VALE DO RIO DOCE,314060,Sudeste,MG,"-18.4740000\,-43.0600000",31,MG-Materlândia,Minas Gerais
Buritirana,2102358,OESTE MARANHENSE,210235,Nordeste,MA,"-5.5930000\,-47.0180000",21,MA-Buritirana,Maranhão
Santa Cruz do Escalvado,3157401,ZONA DA MATA,315740,Sudeste,MG,"-20.2360000\,-42.8140000",31,MG-Santa Cruz do Escalvado,Minas Gerais
Felipe Guerra,2403707,OESTE POTIGUAR,240370,Nordeste,RN,"-5.6030000\,-37.6890000",24,RN-Felipe Guerra,Rio Grande do Norte
Mirangaba,2921401,CENTRO NORTE BAIANO,292140,Nordeste,BA,"-10.9540000\,-40.5760000",29,BA-Mirangaba,Bahia
Laje,2918803,CENTRO SUL BAIANO,291880,Nordeste,BA,"-13.1820000\,-39.4250000",29,BA-Laje,Bahia
Guaiúba,2304954,METROPOLITANA DE FORTALEZA,230495,Nordeste,CE,"-4.0400000\,-38.6370000",23,CE-Guaiúba,Ceará
Lagoa Vermelha,4311304,NORDESTE RIO-GRANDENSE,431130,Sul,RS,"-28.2090000\,-51.5260000",43,RS-Lagoa Vermelha,Rio Grande do Sul
Tremembé,3554805,VALE DO PARAIBA PAULISTA,355480,Sudeste,SP,"-22.9580000\,-45.5490000",35,SP-Tremembé,São Paulo
Boituva,3507001,ITAPETININGA,350700,Sudeste,SP,"-23.2830000\,-47.6720000",35,SP-Boituva,São Paulo
Cambé,4103701,NORTE CENTRAL PARANAENSE,410370,Sul,PR,"-23.2760000\,-51.2780000",41,PR-Cambé,Paraná
Parnamirim,2610400,SERTAO PERNAMBUCANO,261040,Nordeste,PE,"-8.0910000\,-39.5780000",26,PE-Parnamirim,Pernambuco
Ribeirão Corrente,3543105,RIBEIRAO PRETO,354310,Sudeste,SP,"-20.4570000\,-47.5900000",35,SP-Ribeirão Corrente,São Paulo
Lajeado,4311403,CENTRO ORIENTAL RIO-GRANDENSE,431140,Sul,RS,"-29.4670000\,-51.9610000",43,RS-Lajeado,Rio Grande do Sul
Piranguinho,3151008,SUL/SUDOESTE DE MINAS,315100,Sudeste,MG,"-22.4010000\,-45.5320000",31,MG-Piranguinho,Minas Gerais
Lago dos Rodrigues,2105948,CENTRO MARANHENSE,210594,Nordeste,MA,"-4.6090000\,-44.9800000",21,MA-Lago dos Rodrigues,Maranhão
Central do Maranhão,2103125,NORTE MARANHENSE,210312,Nordeste,MA,"-2.1990000\,-44.8260000",21,MA-Central do Maranhão,Maranhão
Macaparana,2609006,MATA PERNAMBUCANA,260900,Nordeste,PE,"-7.5550000\,-35.4530000",26,PE-Macaparana,Pernambuco
Igaporã,2913408,CENTRO SUL BAIANO,291340,Nordeste,BA,"-13.7730000\,-42.7140000",29,BA-Igaporã,Bahia
Planaltina do Paraná,4119707,NOROESTE PARANAENSE,411970,Sul,PR,"-23.0070000\,-52.9140000",41,PR-Planaltina do Paraná,Paraná
Alta Floresta D'Oeste,1100015,LESTE RONDONIENSE,110001,Norte,RO,"-11.9290000\,-61.9960000",11,RO-Alta Floresta D'Oeste,Rondônia
Santa Maria,4316907,CENTRO OCIDENTAL RIO-GRANDENSE,431690,Sul,RS,"-29.6840000\,-53.8070000",43,RS-Santa Maria,Rio Grande do Sul
Colorado,4105904,NORTE CENTRAL PARANAENSE,410590,Sul,PR,"-22.8380000\,-51.9730000",41,PR-Colorado,Paraná
Carnaubal,2303402,NOROESTE CEARENSE,230340,Nordeste,CE,"-4.1670000\,-40.9430000",23,CE-Carnaubal,Ceará
Rio Espera,3155207,ZONA DA MATA,315520,Sudeste,MG,"-20.8550000\,-43.4740000",31,MG-Rio Espera,Minas Gerais
Centenário do Sul,4105102,NORTE CENTRAL PARANAENSE,410510,Sul,PR,"-22.8210000\,-51.5950000",41,PR-Centenário do Sul,Paraná
São Pedro da Aldeia,3305208,BAIXADAS,330520,Sudeste,RJ,"-22.8390000\,-42.1030000",33,RJ-São Pedro da Aldeia,Rio de Janeiro
Pontão,4314779,NOROESTE RIO-GRANDENSE,431477,Sul,RS,"-28.0590000\,-52.6770000",43,RS-Pontão,Rio Grande do Sul
Guabiju,4309258,NORDESTE RIO-GRANDENSE,430925,Sul,RS,"-28.5410000\,-51.6900000",43,RS-Guabiju,Rio Grande do Sul
Santo Amaro,2928604,METROPOLITANA DE SALVADOR,292860,Nordeste,BA,"-12.5470000\,-38.7120000",29,BA-Santo Amaro,Bahia
Assis Chateaubriand,4102000,OESTE PARANAENSE,410200,Sul,PR,"-24.4200000\,-53.5210000",41,PR-Assis Chateaubriand,Paraná
Queimadas,2925808,NORDESTE BAIANO,292580,Nordeste,BA,"-10.9780000\,-39.6240000",29,BA-Queimadas,Bahia
Nova Olímpia,5106232,SUDOESTE MATO-GROSSENSE,510623,Centro-Oeste,MT,"-14.7970000\,-57.2880000",51,MT-Nova Olímpia,Mato Grosso
Miguel Calmon,2921203,CENTRO NORTE BAIANO,292120,Nordeste,BA,"-11.4290000\,-40.5950000",29,BA-Miguel Calmon,Bahia
Pedras de Fogo,2511202,MATA PARAIBANA,251120,Nordeste,PB,"-7.4020000\,-35.1160000",25,PB-Pedras de Fogo,Paraíba
Ribeira do Pombal,2926608,NORDESTE BAIANO,292660,Nordeste,BA,"-10.8340000\,-38.5360000",29,BA-Ribeira do Pombal,Bahia
Theobroma,1101609,LESTE RONDONIENSE,110160,Norte,RO,"-10.2440000\,-62.3550000",11,RO-Theobroma,Rondônia
Bonfim,1400159,NORTE DE RORAIMA,140015,Norte,RR,"3.3600000\,-59.8330000",14,RR-Bonfim,Roraima
Porto Esperidião,5106828,SUDOESTE MATO-GROSSENSE,510682,Centro-Oeste,MT,"-15.8530000\,-58.4600000",51,MT-Porto Esperidião,Mato Grosso
Presidente Prudente,3541406,PRESIDENTE PRUDENTE,354140,Sudeste,SP,"-22.1260000\,-51.3890000",35,SP-Presidente Prudente,São Paulo
Recreio,3154101,ZONA DA MATA,315410,Sudeste,MG,"-21.5250000\,-42.4690000",31,MG-Recreio,Minas Gerais
Ibatiba,3202454,SUL ESPIRITO-SANTENSE,320245,Sudeste,ES,"-20.2340000\,-41.5110000",32,ES-Ibatiba,Espírito Santo
Poço Branco,2410108,AGRESTE POTIGUAR,241010,Nordeste,RN,"-5.6230000\,-35.6630000",24,RN-Poço Branco,Rio Grande do Norte
Hulha Negra,4309654,SUDOESTE RIO-GRANDENSE,430965,Sul,RS,"-31.4040000\,-53.8690000",43,RS-Hulha Negra,Rio Grande do Sul
Conde,2504603,MATA PARAIBANA,250460,Nordeste,PB,"-7.2600000\,-34.9080000",25,PB-Conde,Paraíba
Doutor Ulysses,4128633,METROPOLITANA DE CURITIBA,412863,Sul,PR,"-24.5680000\,-49.4200000",41,PR-Doutor Ulysses,Paraná
Moreira Sales,4116109,CENTRO OCIDENTAL PARANAENSE,411610,Sul,PR,"-24.0620000\,-53.0070000",41,PR-Moreira Sales,Paraná
Valparaíso,3556305,ARACATUBA,355630,Sudeste,SP,"-21.2280000\,-50.8680000",35,SP-Valparaíso,São Paulo
Não-Me-Toque,4312658,NOROESTE RIO-GRANDENSE,431265,Sul,RS,"-28.4590000\,-52.8210000",43,RS-Não-Me-Toque,Rio Grande do Sul
Mulungu do Morro,2922052,CENTRO NORTE BAIANO,292205,Nordeste,BA,"-11.9660000\,-41.6390000",29,BA-Mulungu do Morro,Bahia
Orindiúva,3534203,SAO JOSE DO RIO PRETO,353420,Sudeste,SP,"-20.1820000\,-49.3510000",35,SP-Orindiúva,São Paulo
Juruena,5105176,NORTE MATO-GROSSENSE,510517,Centro-Oeste,MT,"-10.3180000\,-58.3590000",51,MT-Juruena,Mato Grosso
Planalto,4314704,NOROESTE RIO-GRANDENSE,431470,Sul,RS,"-27.3290000\,-53.0590000",43,RS-Planalto,Rio Grande do Sul
Valentim Gentil,3556107,SAO JOSE DO RIO PRETO,355610,Sudeste,SP,"-20.4220000\,-50.0880000",35,SP-Valentim Gentil,São Paulo
Maiquinique,2920007,CENTRO SUL BAIANO,292000,Nordeste,BA,"-15.6210000\,-40.2660000",29,BA-Maiquinique,Bahia
Assunção,2501351,BORBOREMA,250135,Nordeste,PB,"-7.0740000\,-36.7310000",25,PB-Assunção,Paraíba
Santa Maria do Pará,1506609,NORDESTE PARAENSE,150660,Norte,PA,"-1.3520000\,-47.5760000",15,PA-Santa Maria do Pará,Pará
Almirante Tamandaré,4100400,METROPOLITANA DE CURITIBA,410040,Sul,PR,"-25.3250000\,-49.3100000",41,PR-Almirante Tamandaré,Paraná
Amarante,2200509,CENTRO-NORTE PIAUIENSE,220050,Nordeste,PI,"-6.2410000\,-42.8550000",22,PI-Amarante,Piauí
Belmonte,4202156,OESTE CATARINENSE,420215,Sul,SC,"-26.8410000\,-53.5760000",42,SC-Belmonte,Santa Catarina
Campestre do Maranhão,2102556,SUL MARANHENSE,210255,Nordeste,MA,"-6.1720000\,-47.3640000",21,MA-Campestre do Maranhão,Maranhão
Candeias,2906501,METROPOLITANA DE SALVADOR,290650,Nordeste,BA,"-12.6680000\,-38.5510000",29,BA-Candeias,Bahia
São Francisco do Brejão,2110856,OESTE MARANHENSE,211085,Nordeste,MA,"-5.1230000\,-47.3860000",21,MA-São Francisco do Brejão,Maranhão
Santiago do Sul,4215695,OESTE CATARINENSE,421569,Sul,SC,"-26.6390000\,-52.6850000",42,SC-Santiago do Sul,Santa Catarina
Cafelândia,3508801,BAURU,350880,Sudeste,SP,"-21.8030000\,-49.6100000",35,SP-Cafelândia,São Paulo
Papagaios,3146909,METROPOLITANA DE BELO HORIZONTE,314690,Sudeste,MG,"-19.4490000\,-44.7480000",31,MG-Papagaios,Minas Gerais
Viana,2112803,NORTE MARANHENSE,211280,Nordeste,MA,"-3.2200000\,-45.0040000",21,MA-Viana,Maranhão
Santa Helena de Goiás,5219308,SUL GOIANO,521930,Centro-Oeste,GO,"-17.8140000\,-50.5970000",52,GO-Santa Helena de Goiás,Goiás
Guapiara,3517604,ITAPETININGA,351760,Sudeste,SP,"-24.1850000\,-48.5330000",35,SP-Guapiara,São Paulo
Santo Antônio do Planalto,4317756,NOROESTE RIO-GRANDENSE,431775,Sul,RS,"-28.3960000\,-52.6910000",43,RS-Santo Antônio do Planalto,Rio Grande do Sul
Japorã,5004809,SUDOESTE DE MATO GROSSO DO SUL,500480,Centro-Oeste,MS,"-23.8910000\,-54.4040000",50,MS-Japorã,Mato Grosso do Sul
Cocalzinho de Goiás,5205513,LESTE GOIANO,520551,Centro-Oeste,GO,"-15.7940000\,-48.7760000",52,GO-Cocalzinho de Goiás,Goiás
Quissamã,3304151,NORTE FLUMINENSE,330415,Sudeste,RJ,"-22.1070000\,-41.4720000",33,RJ-Quissamã,Rio de Janeiro
Guaraci,3517901,SAO JOSE DO RIO PRETO,351790,Sudeste,SP,"-20.4990000\,-48.9450000",35,SP-Guaraci,São Paulo
Campina do Monte Alegre,3509452,ITAPETININGA,350945,Sudeste,SP,"-23.5920000\,-48.4770000",35,SP-Campina do Monte Alegre,São Paulo
Granjeiro,2304806,SUL CEARENSE,230480,Nordeste,CE,"-6.8880000\,-39.2180000",23,CE-Granjeiro,Ceará
Tanque Novo,2931053,CENTRO SUL BAIANO,293105,Nordeste,BA,"-13.5460000\,-42.4910000",29,BA-Tanque Novo,Bahia
Medina,3141405,JEQUITINHONHA,314140,Sudeste,MG,"-16.2230000\,-41.4770000",31,MG-Medina,Minas Gerais
Santa Maria das Barreiras,1506583,SUDESTE PARAENSE,150658,Norte,PA,"-8.8550000\,-49.7220000",15,PA-Santa Maria das Barreiras,Pará
Marco,2307809,NOROESTE CEARENSE,230780,Nordeste,CE,"-3.1240000\,-40.1470000",23,CE-Marco,Ceará
Lima Campos,2106003,CENTRO MARANHENSE,210600,Nordeste,MA,"-4.5200000\,-44.4670000",21,MA-Lima Campos,Maranhão
Itacajá,1710508,ORIENTAL DO TOCANTINS,171050,Norte,TO,"-8.3920000\,-47.7680000",17,TO-Itacajá,Tocantins
Campo Alegre do Fidalgo,2202117,SUDESTE PIAUIENSE,220211,Nordeste,PI,"-8.3760000\,-41.8360000",22,PI-Campo Alegre do Fidalgo,Piauí
Joinville,4209102,NORTE CATARINENSE,420910,Sul,SC,"-26.3040000\,-48.8460000",42,SC-Joinville,Santa Catarina
Goiás,5208905,NOROESTE GOIANO,520890,Centro-Oeste,GO,"-15.9340000\,-50.1400000",52,GO-Goiás,Goiás
Entre Rios de Minas,3123908,METROPOLITANA DE BELO HORIZONTE,312390,Sudeste,MG,"-20.6710000\,-44.0660000",31,MG-Entre Rios de Minas,Minas Gerais
Aparecida,2500775,SERTAO PARAIBANO,250077,Nordeste,PB,"-6.7840000\,-38.0870000",25,PB-Aparecida,Paraíba
Camocim de São Félix,2603504,AGRESTE PERNAMBUCANO,260350,Nordeste,PE,"-8.3590000\,-35.7620000",26,PE-Camocim de São Félix,Pernambuco
Sumé,2516300,BORBOREMA,251630,Nordeste,PB,"-7.6720000\,-36.8800000",25,PB-Sumé,Paraíba
Dobrada,3514007,ARARAQUARA,351400,Sudeste,SP,"-21.5170000\,-48.3940000",35,SP-Dobrada,São Paulo
Agudos do Sul,4100301,METROPOLITANA DE CURITIBA,410030,Sul,PR,"-25.9930000\,-49.3350000",41,PR-Agudos do Sul,Paraná
Salgado Filho,4122800,SUDOESTE PARANAENSE,412280,Sul,PR,"-26.1700000\,-53.3610000",41,PR-Salgado Filho,Paraná
Joaquim Pires,2205409,NORTE PIAUIENSE,220540,Nordeste,PI,"-3.5080000\,-42.1980000",22,PI-Joaquim Pires,Piauí
Cotiporã,4305959,NORDESTE RIO-GRANDENSE,430595,Sul,RS,"-28.9940000\,-51.6960000",43,RS-Cotiporã,Rio Grande do Sul
Curralinho,1502806,MARAJO,150280,Norte,PA,"-1.8140000\,-49.7950000",15,PA-Curralinho,Pará
Pindaré-Mirim,2108504,OESTE MARANHENSE,210850,Nordeste,MA,"-3.6080000\,-45.3430000",21,MA-Pindaré-Mirim,Maranhão
Mangaratiba,3302601,METROPOLITANA DO RIO DE JANEIRO,330260,Sudeste,RJ,"-22.9600000\,-44.0410000",33,RJ-Mangaratiba,Rio de Janeiro
Canutama,1300904,SUL AMAZONENSE,130090,Norte,AM,"-6.5340000\,-64.3830000",13,AM-Canutama,Amazonas
Vale de São Domingos,5108352,SUDOESTE MATO-GROSSENSE,510835,Centro-Oeste,MT,"-15.2940000\,-59.0610000",51,MT-Vale de São Domingos,Mato Grosso
José Gonçalves de Minas,3136520,JEQUITINHONHA,313652,Sudeste,MG,"-16.9070000\,-42.6040000",31,MG-José Gonçalves de Minas,Minas Gerais
Porto Alegre do Piauí,2208551,SUDOESTE PIAUIENSE,220855,Nordeste,PI,"-6.9670000\,-44.1820000",22,PI-Porto Alegre do Piauí,Piauí
Varre-Sai,3306156,NOROESTE FLUMINENSE,330615,Sudeste,RJ,"-20.9310000\,-41.8690000",33,RJ-Varre-Sai,Rio de Janeiro
Serrana,3551504,RIBEIRAO PRETO,355150,Sudeste,SP,"-21.2110000\,-47.5960000",35,SP-Serrana,São Paulo
Salgueiro,2612208,SERTAO PERNAMBUCANO,261220,Nordeste,PE,"-8.0670000\,-39.1200000",26,PE-Salgueiro,Pernambuco
Itatiaiuçu,3133709,METROPOLITANA DE BELO HORIZONTE,313370,Sudeste,MG,"-20.1970000\,-44.4210000",31,MG-Itatiaiuçu,Minas Gerais
Pedrinópolis,3149200,TRIANGULO MINEIRO/ALTO PARANAIBA,314920,Sudeste,MG,"-19.2280000\,-47.4620000",31,MG-Pedrinópolis,Minas Gerais
Presidente Dutra,2925600,CENTRO NORTE BAIANO,292560,Nordeste,BA,"-11.2960000\,-41.9870000",29,BA-Presidente Dutra,Bahia
Aurilândia,5202601,CENTRO GOIANO,520260,Centro-Oeste,GO,"-16.6820000\,-50.4650000",52,GO-Aurilândia,Goiás
Leme do Prado,3138351,JEQUITINHONHA,313835,Sudeste,MG,"-17.0830000\,-42.6930000",31,MG-Leme do Prado,Minas Gerais
São José do Campestre,2412302,AGRESTE POTIGUAR,241230,Nordeste,RN,"-6.3160000\,-35.7140000",24,RN-São José do Campestre,Rio Grande do Norte
Novo Hamburgo,4313409,METROPOLITANA DE PORTO ALEGRE,431340,Sul,RS,"-29.6780000\,-51.1310000",43,RS-Novo Hamburgo,Rio Grande do Sul
Pilar,2706901,LESTE ALAGOANO,270690,Nordeste,AL,"-9.5970000\,-35.9570000",27,AL-Pilar,Alagoas
Severiano de Almeida,4320602,NOROESTE RIO-GRANDENSE,432060,Sul,RS,"-27.4330000\,-52.1160000",43,RS-Severiano de Almeida,Rio Grande do Sul
Alto Piquiri,4100707,NOROESTE PARANAENSE,410070,Sul,PR,"-24.0280000\,-53.4410000",41,PR-Alto Piquiri,Paraná
Santa Brígida,2927606,NORDESTE BAIANO,292760,Nordeste,BA,"-9.7360000\,-38.1260000",29,BA-Santa Brígida,Bahia
São Sebastião de Lagoa de Roça,2515104,AGRESTE PARAIBANO,251510,Nordeste,PB,"-7.0830000\,-35.8350000",25,PB-São Sebastião de Lagoa de Roça,Paraíba
Taciba,3552908,PRESIDENTE PRUDENTE,355290,Sudeste,SP,"-22.3900000\,-51.2850000",35,SP-Taciba,São Paulo
Bebedouro,3506102,RIBEIRAO PRETO,350610,Sudeste,SP,"-20.9490000\,-48.4790000",35,SP-Bebedouro,São Paulo
Pontes e Lacerda,5106752,SUDOESTE MATO-GROSSENSE,510675,Centro-Oeste,MT,"-15.2260000\,-59.3350000",51,MT-Pontes e Lacerda,Mato Grosso
Osvaldo Cruz,3534609,PRESIDENTE PRUDENTE,353460,Sudeste,SP,"-21.7970000\,-50.8900000",35,SP-Osvaldo Cruz,São Paulo
Álvares Florence,3501202,SAO JOSE DO RIO PRETO,350120,Sudeste,SP,"-20.3210000\,-49.9110000",35,SP-Álvares Florence,São Paulo
Caracol,2202505,SUDOESTE PIAUIENSE,220250,Nordeste,PI,"-9.2790000\,-43.3300000",22,PI-Caracol,Piauí
Lamarão,2919108,NORDESTE BAIANO,291910,Nordeste,BA,"-11.7830000\,-38.9000000",29,BA-Lamarão,Bahia
Major Vieira,4210308,NORTE CATARINENSE,421030,Sul,SC,"-26.3680000\,-50.3280000",42,SC-Major Vieira,Santa Catarina
Ourilândia do Norte,1505437,SUDESTE PARAENSE,150543,Norte,PA,"-6.7550000\,-51.0840000",15,PA-Ourilândia do Norte,Pará
Belmiro Braga,3106101,ZONA DA MATA,310610,Sudeste,MG,"-21.9490000\,-43.4150000",31,MG-Belmiro Braga,Minas Gerais
Breu Branco,1501782,SUDESTE PARAENSE,150178,Norte,PA,"-4.0090000\,-49.4610000",15,PA-Breu Branco,Pará
Sumidouro,3305703,CENTRO FLUMINENSE,330570,Sudeste,RJ,"-22.0500000\,-42.6750000",33,RJ-Sumidouro,Rio de Janeiro
Maranguape,2307700,METROPOLITANA DE FORTALEZA,230770,Nordeste,CE,"-3.8900000\,-38.6860000",23,CE-Maranguape,Ceará
Morretes,4116208,METROPOLITANA DE CURITIBA,411620,Sul,PR,"-25.4770000\,-48.8340000",41,PR-Morretes,Paraná
Jandaia,5211701,SUL GOIANO,521170,Centro-Oeste,GO,"-17.0490000\,-50.1460000",52,GO-Jandaia,Goiás
Alpestre,4300505,NOROESTE RIO-GRANDENSE,430050,Sul,RS,"-27.2490000\,-53.0350000",43,RS-Alpestre,Rio Grande do Sul
Vitorino Freire,2113009,OESTE MARANHENSE,211300,Nordeste,MA,"-4.2820000\,-45.2510000",21,MA-Vitorino Freire,Maranhão
Cruzeiro,3513405,VALE DO PARAIBA PAULISTA,351340,Sudeste,SP,"-22.5760000\,-44.9630000",35,SP-Cruzeiro,São Paulo
Planalto Alegre,4213153,OESTE CATARINENSE,421315,Sul,SC,"-27.0700000\,-52.8660000",42,SC-Planalto Alegre,Santa Catarina
Bofete,3506904,BAURU,350690,Sudeste,SP,"-23.1020000\,-48.2580000",35,SP-Bofete,São Paulo
São Paulo das Missões,4319307,NOROESTE RIO-GRANDENSE,431930,Sul,RS,"-28.0210000\,-54.9360000",43,RS-São Paulo das Missões,Rio Grande do Sul
São João do Paraíso,3162708,NORTE DE MINAS,316270,Sudeste,MG,"-15.3140000\,-42.0140000",31,MG-São João do Paraíso,Minas Gerais
Buritis,3109303,NOROESTE DE MINAS,310930,Sudeste,MG,"-15.6180000\,-46.4230000",31,MG-Buritis,Minas Gerais
Altos,2200400,CENTRO-NORTE PIAUIENSE,220040,Nordeste,PI,"-5.0390000\,-42.4610000",22,PI-Altos,Piauí
Cumaru do Norte,1502764,SUDESTE PARAENSE,150276,Norte,PA,"-7.8250000\,-50.7730000",15,PA-Cumaru do Norte,Pará
Santana dos Montes,3159100,METROPOLITANA DE BELO HORIZONTE,315910,Sudeste,MG,"-20.7880000\,-43.6920000",31,MG-Santana dos Montes,Minas Gerais
Boca da Mata,2701001,LESTE ALAGOANO,270100,Nordeste,AL,"-9.6410000\,-36.2200000",27,AL-Boca da Mata,Alagoas
São Fernando,2411809,CENTRAL POTIGUAR,241180,Nordeste,RN,"-6.3760000\,-37.1840000",24,RN-São Fernando,Rio Grande do Norte
Santa Tereza do Oeste,4124020,OESTE PARANAENSE,412402,Sul,PR,"-25.0520000\,-53.6330000",41,PR-Santa Tereza do Oeste,Paraná
Monte Azul,3142908,NORTE DE MINAS,314290,Sudeste,MG,"-15.1550000\,-42.8750000",31,MG-Monte Azul,Minas Gerais
Santa Bárbara do Monte Verde,3157278,ZONA DA MATA,315727,Sudeste,MG,"-21.9590000\,-43.7020000",31,MG-Santa Bárbara do Monte Verde,Minas Gerais
Campina Grande do Sul,4104006,METROPOLITANA DE CURITIBA,410400,Sul,PR,"-25.3060000\,-49.0550000",41,PR-Campina Grande do Sul,Paraná
Irapuru,3521606,PRESIDENTE PRUDENTE,352160,Sudeste,SP,"-21.5710000\,-51.3450000",35,SP-Irapuru,São Paulo
Águia Branca,3200136,NOROESTE ESPIRITO-SANTENSE,320013,Sudeste,ES,"-18.9830000\,-40.7400000",32,ES-Águia Branca,Espírito Santo
Formoso do Araguaia,1708205,OCIDENTAL DO TOCANTINS,170820,Norte,TO,"-11.7970000\,-49.5290000",17,TO-Formoso do Araguaia,Tocantins
Almenara,3101706,JEQUITINHONHA,310170,Sudeste,MG,"-16.1840000\,-40.6940000",31,MG-Almenara,Minas Gerais
Dionísio Cerqueira,4205001,OESTE CATARINENSE,420500,Sul,SC,"-26.2550000\,-53.6400000",42,SC-Dionísio Cerqueira,Santa Catarina
Cônego Marinho,3117836,NORTE DE MINAS,311783,Sudeste,MG,"-15.2940000\,-44.4180000",31,MG-Cônego Marinho,Minas Gerais
Cruzeiro do Oeste,4106605,NOROESTE PARANAENSE,410660,Sul,PR,"-23.7850000\,-53.0730000",41,PR-Cruzeiro do Oeste,Paraná
Três Passos,4321907,NOROESTE RIO-GRANDENSE,432190,Sul,RS,"-27.4560000\,-53.9320000",43,RS-Três Passos,Rio Grande do Sul
Teofilândia,2931509,NORDESTE BAIANO,293150,Nordeste,BA,"-11.4890000\,-38.9980000",29,BA-Teofilândia,Bahia
Limoeiro do Norte,2307601,JAGUARIBE,230760,Nordeste,CE,"-5.1460000\,-38.0980000",23,CE-Limoeiro do Norte,Ceará
Belford Roxo,3300456,METROPOLITANA DO RIO DE JANEIRO,330045,Sudeste,RJ,"-22.7640000\,-43.3990000",33,RJ-Belford Roxo,Rio de Janeiro
Aratuba,2301406,NORTE CEARENSE,230140,Nordeste,CE,"-4.4180000\,-39.0450000",23,CE-Aratuba,Ceará
Pau Brasil,2923902,SUL BAIANO,292390,Nordeste,BA,"-15.4640000\,-39.6510000",29,BA-Pau Brasil,Bahia
Lagamar,3137106,NOROESTE DE MINAS,313710,Sudeste,MG,"-18.1780000\,-46.8080000",31,MG-Lagamar,Minas Gerais
Guaraciaba do Norte,2305001,NOROESTE CEARENSE,230500,Nordeste,CE,"-4.1670000\,-40.7480000",23,CE-Guaraciaba do Norte,Ceará
Lima Duarte,3138609,ZONA DA MATA,313860,Sudeste,MG,"-21.8430000\,-43.7930000",31,MG-Lima Duarte,Minas Gerais
Anápolis,5201108,CENTRO GOIANO,520110,Centro-Oeste,GO,"-16.3270000\,-48.9530000",52,GO-Anápolis,Goiás
Tarauacá,1200609,VALE DO JURUA,120060,Norte,AC,"-8.1610000\,-70.7660000",12,AC-Tarauacá,Acre
Andirá,4101101,NORTE PIONEIRO PARANAENSE,410110,Sul,PR,"-23.0510000\,-50.2290000",41,PR-Andirá,Paraná
Natividade,3303104,NOROESTE FLUMINENSE,330310,Sudeste,RJ,"-21.0420000\,-41.9730000",33,RJ-Natividade,Rio de Janeiro
Bom Jesus,2401701,AGRESTE POTIGUAR,240170,Nordeste,RN,"-5.9840000\,-35.5810000",24,RN-Bom Jesus,Rio Grande do Norte
Ibiam,4206751,OESTE CATARINENSE,420675,Sul,SC,"-27.1810000\,-51.2370000",42,SC-Ibiam,Santa Catarina
Guarujá do Sul,4206603,OESTE CATARINENSE,420660,Sul,SC,"-26.3850000\,-53.5280000",42,SC-Guarujá do Sul,Santa Catarina
Rio Bonito,3304300,METROPOLITANA DO RIO DE JANEIRO,330430,Sudeste,RJ,"-22.7080000\,-42.6260000",33,RJ-Rio Bonito,Rio de Janeiro
Bilac,3506409,ARACATUBA,350640,Sudeste,SP,"-21.4030000\,-50.4710000",35,SP-Bilac,São Paulo
Prata,2512200,BORBOREMA,251220,Nordeste,PB,"-7.6910000\,-37.0800000",25,PB-Prata,Paraíba
Três Ranchos,5221304,SUL GOIANO,522130,Centro-Oeste,GO,"-18.3540000\,-47.7830000",52,GO-Três Ranchos,Goiás
Chaval,2303907,NOROESTE CEARENSE,230390,Nordeste,CE,"-3.0340000\,-41.2440000",23,CE-Chaval,Ceará
Cristal do Sul,4306072,NOROESTE RIO-GRANDENSE,430607,Sul,RS,"-27.4540000\,-53.2460000",43,RS-Cristal do Sul,Rio Grande do Sul
Simões Filho,2930709,METROPOLITANA DE SALVADOR,293070,Nordeste,BA,"-12.7840000\,-38.4040000",29,BA-Simões Filho,Bahia
Jaguaruana,2307007,JAGUARIBE,230700,Nordeste,CE,"-4.8340000\,-37.7810000",23,CE-Jaguaruana,Ceará
Igreja Nova,2703205,LESTE ALAGOANO,270320,Nordeste,AL,"-10.1250000\,-36.6620000",27,AL-Igreja Nova,Alagoas
Perdões,3149903,OESTE DE MINAS,314990,Sudeste,MG,"-21.0910000\,-45.0910000",31,MG-Perdões,Minas Gerais
Ladainha,3137007,VALE DO MUCURI,313700,Sudeste,MG,"-17.6320000\,-41.7380000",31,MG-Ladainha,Minas Gerais
São Lourenço,3163706,SUL/SUDOESTE DE MINAS,316370,Sudeste,MG,"-22.1160000\,-45.0540000",31,MG-São Lourenço,Minas Gerais
Flores,2605608,SERTAO PERNAMBUCANO,260560,Nordeste,PE,"-7.8660000\,-37.9750000",26,PE-Flores,Pernambuco
Palmitos,4212106,OESTE CATARINENSE,421210,Sul,SC,"-27.0680000\,-53.1610000",42,SC-Palmitos,Santa Catarina
Guaíra,4108809,OESTE PARANAENSE,410880,Sul,PR,"-24.0800000\,-54.2560000",41,PR-Guaíra,Paraná
Goianésia,5208608,CENTRO GOIANO,520860,Centro-Oeste,GO,"-15.3170000\,-49.1170000",52,GO-Goianésia,Goiás
Dom Aquino,5103601,SUDESTE MATO-GROSSENSE,510360,Centro-Oeste,MT,"-15.8110000\,-54.9180000",51,MT-Dom Aquino,Mato Grosso
São Miguel do Gostoso,2412559,LESTE POTIGUAR,241255,Nordeste,RN,"-5.1250000\,-35.6390000",24,RN-São Miguel do Gostoso,Rio Grande do Norte
Urânia,3555802,SAO JOSE DO RIO PRETO,355580,Sudeste,SP,"-20.2460000\,-50.6430000",35,SP-Urânia,São Paulo
Ribeirão do Sul,3543204,ASSIS,354320,Sudeste,SP,"-22.7840000\,-49.9340000",35,SP-Ribeirão do Sul,São Paulo
São Thomé das Letras,3165206,SUL/SUDOESTE DE MINAS,316520,Sudeste,MG,"-21.7220000\,-44.9850000",31,MG-São Thomé das Letras,Minas Gerais
Mundo Novo,5214051,NOROESTE GOIANO,521405,Centro-Oeste,GO,"-13.7760000\,-50.2810000",52,GO-Mundo Novo,Goiás
São João da Ponte,3162401,NORTE DE MINAS,316240,Sudeste,MG,"-15.9290000\,-44.0080000",31,MG-São João da Ponte,Minas Gerais
Grossos,2404408,OESTE POTIGUAR,240440,Nordeste,RN,"-4.9800000\,-37.1550000",24,RN-Grossos,Rio Grande do Norte
Bom Retiro,4202602,SERRANA,420260,Sul,SC,"-27.7970000\,-49.4890000",42,SC-Bom Retiro,Santa Catarina
Campo Belo,3111200,OESTE DE MINAS,311120,Sudeste,MG,"-20.8970000\,-45.2770000",31,MG-Campo Belo,Minas Gerais
Amparo do Serra,3102506,ZONA DA MATA,310250,Sudeste,MG,"-20.5070000\,-42.8030000",31,MG-Amparo do Serra,Minas Gerais
Saubara,2929750,METROPOLITANA DE SALVADOR,292975,Nordeste,BA,"-12.7380000\,-38.7690000",29,BA-Saubara,Bahia
Palmeirópolis,1715754,OCIDENTAL DO TOCANTINS,171575,Norte,TO,"-13.0440000\,-48.4020000",17,TO-Palmeirópolis,Tocantins
Dois Riachos,2702504,SERTAO ALAGOANO,270250,Nordeste,AL,"-9.3930000\,-37.1010000",27,AL-Dois Riachos,Alagoas
Laguna,4209409,SUL CATARINENSE,420940,Sul,SC,"-28.4830000\,-48.7810000",42,SC-Laguna,Santa Catarina
Frecheirinha,2304509,NOROESTE CEARENSE,230450,Nordeste,CE,"-3.7600000\,-40.8160000",23,CE-Frecheirinha,Ceará
Itarantim,2916807,CENTRO SUL BAIANO,291680,Nordeste,BA,"-15.6600000\,-40.0660000",29,BA-Itarantim,Bahia
Coronel Barros,4305871,NOROESTE RIO-GRANDENSE,430587,Sul,RS,"-28.3830000\,-54.0660000",43,RS-Coronel Barros,Rio Grande do Sul
Morada Nova,2308708,JAGUARIBE,230870,Nordeste,CE,"-5.1070000\,-38.3730000",23,CE-Morada Nova,Ceará
Angical do Piauí,2200608,CENTRO-NORTE PIAUIENSE,220060,Nordeste,PI,"-6.0860000\,-42.7390000",22,PI-Angical do Piauí,Piauí
Machacalis,3138906,VALE DO MUCURI,313890,Sudeste,MG,"-17.0770000\,-40.7160000",31,MG-Machacalis,Minas Gerais
Espigão Alto do Iguaçu,4107546,CENTRO-SUL PARANAENSE,410754,Sul,PR,"-25.4240000\,-52.8360000",41,PR-Espigão Alto do Iguaçu,Paraná
Caiabu,3508900,PRESIDENTE PRUDENTE,350890,Sudeste,SP,"-22.0120000\,-51.2360000",35,SP-Caiabu,São Paulo
Duas Estradas,2505808,AGRESTE PARAIBANO,250580,Nordeste,PB,"-6.6850000\,-35.4180000",25,PB-Duas Estradas,Paraíba
Cachoeira do Sul,4303004,CENTRO ORIENTAL RIO-GRANDENSE,430300,Sul,RS,"-30.0390000\,-52.8940000",43,RS-Cachoeira do Sul,Rio Grande do Sul
Piranhas,5217203,NOROESTE GOIANO,521720,Centro-Oeste,GO,"-16.4270000\,-51.8220000",52,GO-Piranhas,Goiás
Bom Sucesso do Sul,4103222,SUDOESTE PARANAENSE,410322,Sul,PR,"-26.0760000\,-52.8340000",41,PR-Bom Sucesso do Sul,Paraná
Itaberaí,5210406,CENTRO GOIANO,521040,Centro-Oeste,GO,"-16.0200000\,-49.8100000",52,GO-Itaberaí,Goiás
União Paulista,3555703,SAO JOSE DO RIO PRETO,355570,Sudeste,SP,"-20.8870000\,-49.8970000",35,SP-União Paulista,São Paulo
Moraújo,2308807,NOROESTE CEARENSE,230880,Nordeste,CE,"-3.4670000\,-40.6810000",23,CE-Moraújo,Ceará
Pelotas,4314407,SUDESTE RIO-GRANDENSE,431440,Sul,RS,"-31.7720000\,-52.3430000",43,RS-Pelotas,Rio Grande do Sul
Morpará,2921609,VALE SAO-FRANCISCANO DA BAHIA,292160,Nordeste,BA,"-11.5590000\,-43.2810000",29,BA-Morpará,Bahia
Pitangueiras,3539509,RIBEIRAO PRETO,353950,Sudeste,SP,"-21.0090000\,-48.2220000",35,SP-Pitangueiras,São Paulo
Moema,3142403,CENTRAL MINEIRA,314240,Sudeste,MG,"-19.8430000\,-45.4110000",31,MG-Moema,Minas Gerais
Lagoa,2508109,SERTAO PARAIBANO,250810,Nordeste,PB,"-6.5710000\,-37.9160000",25,PB-Lagoa,Paraíba
Regente Feijó,3542404,PRESIDENTE PRUDENTE,354240,Sudeste,SP,"-22.2210000\,-51.3030000",35,SP-Regente Feijó,São Paulo
Governador Lindenberg,3202256,NOROESTE ESPIRITO-SANTENSE,320225,Sudeste,ES,"-19.2520000\,-40.4610000",32,ES-Governador Lindenberg,Espírito Santo
Paineiras,3146404,CENTRAL MINEIRA,314640,Sudeste,MG,"-18.9080000\,-45.5320000",31,MG-Paineiras,Minas Gerais
Monsenhor Paulo,3142601,SUL/SUDOESTE DE MINAS,314260,Sudeste,MG,"-21.7580000\,-45.5410000",31,MG-Monsenhor Paulo,Minas Gerais
Colinas do Tocantins,1705508,OCIDENTAL DO TOCANTINS,170550,Norte,TO,"-8.0590000\,-48.4750000",17,TO-Colinas do Tocantins,Tocantins
Monte Castelo,4211108,NORTE CATARINENSE,421110,Sul,SC,"-26.4620000\,-50.2310000",42,SC-Monte Castelo,Santa Catarina
Uruoca,2313906,NOROESTE CEARENSE,231390,Nordeste,CE,"-3.3140000\,-40.5570000",23,CE-Uruoca,Ceará
Dom Expedito Lopes,2203404,SUDESTE PIAUIENSE,220340,Nordeste,PI,"-6.9590000\,-41.6410000",22,PI-Dom Expedito Lopes,Piauí
Alfredo Marcondes,3500808,PRESIDENTE PRUDENTE,350080,Sudeste,SP,"-21.9550000\,-51.4130000",35,SP-Alfredo Marcondes,São Paulo
Brejo do Piauí,2201988,SUDOESTE PIAUIENSE,220198,Nordeste,PI,"-8.2140000\,-42.8260000",22,PI-Brejo do Piauí,Piauí
Descanso,4204905,OESTE CATARINENSE,420490,Sul,SC,"-26.8260000\,-53.5020000",42,SC-Descanso,Santa Catarina
Lagoa Real,2918753,CENTRO SUL BAIANO,291875,Nordeste,BA,"-14.0350000\,-42.1420000",29,BA-Lagoa Real,Bahia
Currais,2203230,SUDOESTE PIAUIENSE,220323,Nordeste,PI,"-9.0070000\,-44.4110000",22,PI-Currais,Piauí
Nova Aurora,4116703,OESTE PARANAENSE,411670,Sul,PR,"-24.5290000\,-53.2560000",41,PR-Nova Aurora,Paraná
Ilha Solteira,3520442,ARACATUBA,352044,Sudeste,SP,"-20.4330000\,-51.3430000",35,SP-Ilha Solteira,São Paulo
Cidreira,4305454,METROPOLITANA DE PORTO ALEGRE,430545,Sul,RS,"-30.1610000\,-50.2340000",43,RS-Cidreira,Rio Grande do Sul
Serranópolis de Minas,3166956,NORTE DE MINAS,316695,Sudeste,MG,"-15.8290000\,-42.8710000",31,MG-Serranópolis de Minas,Minas Gerais
Santo Antônio do Leste,5107792,NORDESTE MATO-GROSSENSE,510779,Centro-Oeste,MT,"-14.7960000\,-53.6400000",51,MT-Santo Antônio do Leste,Mato Grosso
Acari,2400109,CENTRAL POTIGUAR,240010,Nordeste,RN,"-6.4360000\,-36.6390000",24,RN-Acari,Rio Grande do Norte
São José do Divino,2210052,NORTE PIAUIENSE,221005,Nordeste,PI,"-3.8110000\,-41.8330000",22,PI-São José do Divino,Piauí
Campina das Missões,4303707,NOROESTE RIO-GRANDENSE,430370,Sul,RS,"-27.9890000\,-54.8390000",43,RS-Campina das Missões,Rio Grande do Sul
Paranaíta,5106299,NORTE MATO-GROSSENSE,510629,Centro-Oeste,MT,"-9.6650000\,-56.4770000",51,MT-Paranaíta,Mato Grosso
Itabirito,3131901,METROPOLITANA DE BELO HORIZONTE,313190,Sudeste,MG,"-20.2530000\,-43.8010000",31,MG-Itabirito,Minas Gerais
Arataca,2902252,SUL BAIANO,290225,Nordeste,BA,"-15.2630000\,-39.4140000",29,BA-Arataca,Bahia
Alvorada do Sul,4100806,NORTE CENTRAL PARANAENSE,410080,Sul,PR,"-22.7800000\,-51.2310000",41,PR-Alvorada do Sul,Paraná
Corbélia,4106308,OESTE PARANAENSE,410630,Sul,PR,"-24.7990000\,-53.3070000",41,PR-Corbélia,Paraná
Naque,3144359,VALE DO RIO DOCE,314435,Sudeste,MG,"-19.2300000\,-42.3280000",31,MG-Naque,Minas Gerais
São Francisco do Conde,2929206,METROPOLITANA DE SALVADOR,292920,Nordeste,BA,"-12.6280000\,-38.6800000",29,BA-São Francisco do Conde,Bahia
Paraíso do Tocantins,1716109,OCIDENTAL DO TOCANTINS,171610,Norte,TO,"-10.1760000\,-48.8670000",17,TO-Paraíso do Tocantins,Tocantins
Monte Alto,3531308,RIBEIRAO PRETO,353130,Sudeste,SP,"-21.2610000\,-48.4960000",35,SP-Monte Alto,São Paulo
Ipanguaçu,2404705,OESTE POTIGUAR,240470,Nordeste,RN,"-5.4980000\,-36.8550000",24,RN-Ipanguaçu,Rio Grande do Norte
Vila Flores,4323309,NORDESTE RIO-GRANDENSE,432330,Sul,RS,"-28.8630000\,-51.5330000",43,RS-Vila Flores,Rio Grande do Sul
Pindaí,2924504,CENTRO SUL BAIANO,292450,Nordeste,BA,"-14.4930000\,-42.6870000",29,BA-Pindaí,Bahia
Itapeva,3133600,SUL/SUDOESTE DE MINAS,313360,Sudeste,MG,"-22.7680000\,-46.2210000",31,MG-Itapeva,Minas Gerais
Santa Rita d'Oeste,3547403,SAO JOSE DO RIO PRETO,354740,Sudeste,SP,"-20.1430000\,-50.8330000",35,SP-Santa Rita d'Oeste,São Paulo
Davinópolis,5206909,SUL GOIANO,520690,Centro-Oeste,GO,"-18.1530000\,-47.5620000",52,GO-Davinópolis,Goiás
Passagem Franca,2107902,LESTE MARANHENSE,210790,Nordeste,MA,"-6.1800000\,-43.7840000",21,MA-Passagem Franca,Maranhão
Jardim Olinda,4112603,NOROESTE PARANAENSE,411260,Sul,PR,"-22.5490000\,-52.0610000",41,PR-Jardim Olinda,Paraná
Candeias,3112000,OESTE DE MINAS,311200,Sudeste,MG,"-20.7670000\,-45.2760000",31,MG-Candeias,Minas Gerais
Carapicuíba,3510609,METROPOLITANA DE SAO PAULO,351060,Sudeste,SP,"-23.5230000\,-46.8360000",35,SP-Carapicuíba,São Paulo
Estrela Velha,4307815,CENTRO ORIENTAL RIO-GRANDENSE,430781,Sul,RS,"-29.1770000\,-53.1590000",43,RS-Estrela Velha,Rio Grande do Sul
São José da Tapera,2708402,SERTAO ALAGOANO,270840,Nordeste,AL,"-9.5580000\,-37.3810000",27,AL-São José da Tapera,Alagoas
Novo Itacolomi,4117297,NORTE CENTRAL PARANAENSE,411729,Sul,PR,"-23.7640000\,-51.5070000",41,PR-Novo Itacolomi,Paraná
Ipameri,5210109,SUL GOIANO,521010,Centro-Oeste,GO,"-17.7220000\,-48.1600000",52,GO-Ipameri,Goiás
Ponte Branca,5106703,SUDESTE MATO-GROSSENSE,510670,Centro-Oeste,MT,"-16.7640000\,-52.8330000",51,MT-Ponte Branca,Mato Grosso
Joanópolis,3525508,MACRO METROPOLITANA PAULISTA,352550,Sudeste,SP,"-22.9300000\,-46.2760000",35,SP-Joanópolis,São Paulo
Cajuri,3110202,ZONA DA MATA,311020,Sudeste,MG,"-20.7910000\,-42.7970000",31,MG-Cajuri,Minas Gerais
Souto Soares,2930808,CENTRO NORTE BAIANO,293080,Nordeste,BA,"-12.0890000\,-41.6380000",29,BA-Souto Soares,Bahia
Pinheiro Preto,4213005,OESTE CATARINENSE,421300,Sul,SC,"-27.0510000\,-51.2310000",42,SC-Pinheiro Preto,Santa Catarina
Paracambi,3303609,METROPOLITANA DO RIO DE JANEIRO,330360,Sudeste,RJ,"-22.6110000\,-43.7090000",33,RJ-Paracambi,Rio de Janeiro
Neópolis,2804409,LESTE SERGIPANO,280440,Nordeste,SE,"-10.3200000\,-36.5790000",28,SE-Neópolis,Sergipe
Umbuzeiro,2517001,AGRESTE PARAIBANO,251700,Nordeste,PB,"-7.6960000\,-35.6640000",25,PB-Umbuzeiro,Paraíba
Divino,3122009,ZONA DA MATA,312200,Sudeste,MG,"-20.6140000\,-42.1490000",31,MG-Divino,Minas Gerais
São Luiz do Paraitinga,3550001,VALE DO PARAIBA PAULISTA,355000,Sudeste,SP,"-23.2220000\,-45.3100000",35,SP-São Luiz do Paraitinga,São Paulo
Santa Maria Madalena,3304607,CENTRO FLUMINENSE,330460,Sudeste,RJ,"-21.9550000\,-42.0080000",33,RJ-Santa Maria Madalena,Rio de Janeiro
Rio do Sul,4214805,VALE DO ITAJAI,421480,Sul,SC,"-27.2140000\,-49.6430000",42,SC-Rio do Sul,Santa Catarina
Amparo,3501905,CAMPINAS,350190,Sudeste,SP,"-22.7010000\,-46.7640000",35,SP-Amparo,São Paulo
Princesa Isabel,2512309,SERTAO PARAIBANO,251230,Nordeste,PB,"-7.7370000\,-37.9930000",25,PB-Princesa Isabel,Paraíba
Laranjeiras do Sul,4113304,CENTRO-SUL PARANAENSE,411330,Sul,PR,"-25.4080000\,-52.4160000",41,PR-Laranjeiras do Sul,Paraná
Altamira,1500602,SUDOESTE PARAENSE,150060,Norte,PA,"-3.2030000\,-52.2060000",15,PA-Altamira,Pará
Olho d'Água das Cunhãs,2107407,CENTRO MARANHENSE,210740,Nordeste,MA,"-4.1390000\,-45.1200000",21,MA-Olho d'Água das Cunhãs,Maranhão
Presidente Kennedy,3204302,SUL ESPIRITO-SANTENSE,320430,Sudeste,ES,"-21.0990000\,-41.0470000",32,ES-Presidente Kennedy,Espírito Santo
Vila Propício,5222302,LESTE GOIANO,522230,Centro-Oeste,GO,"-15.4570000\,-48.8890000",52,GO-Vila Propício,Goiás
Feliz Deserto,2702702,LESTE ALAGOANO,270270,Nordeste,AL,"-10.2920000\,-36.3060000",27,AL-Feliz Deserto,Alagoas
Casserengue,2504157,AGRESTE PARAIBANO,250415,Nordeste,PB,"-6.7830000\,-35.8210000",25,PB-Casserengue,Paraíba
Quevedos,4315321,CENTRO OCIDENTAL RIO-GRANDENSE,431532,Sul,RS,"-29.3530000\,-54.0720000",43,RS-Quevedos,Rio Grande do Sul
João Pessoa,2507507,MATA PARAIBANA,250750,Nordeste,PB,"-7.1150000\,-34.8630000",25,PB-João Pessoa,Paraíba
Milagres,2921302,CENTRO SUL BAIANO,292130,Nordeste,BA,"-12.8700000\,-39.8590000",29,BA-Milagres,Bahia
Buritinópolis,5203962,LESTE GOIANO,520396,Centro-Oeste,GO,"-14.4790000\,-46.4080000",52,GO-Buritinópolis,Goiás
Garrafão do Norte,1503077,NORDESTE PARAENSE,150307,Norte,PA,"-1.9340000\,-47.0530000",15,PA-Garrafão do Norte,Pará
Mato Leitão,4312153,CENTRO ORIENTAL RIO-GRANDENSE,431215,Sul,RS,"-29.5240000\,-52.1290000",43,RS-Mato Leitão,Rio Grande do Sul
Almino Afonso,2400604,OESTE POTIGUAR,240060,Nordeste,RN,"-6.1520000\,-37.7660000",24,RN-Almino Afonso,Rio Grande do Norte
Caruaru,2604106,AGRESTE PERNAMBUCANO,260410,Nordeste,PE,"-8.2830000\,-35.9760000",26,PE-Caruaru,Pernambuco
Japoatã,2803401,LESTE SERGIPANO,280340,Nordeste,SE,"-10.3470000\,-36.8010000",28,SE-Japoatã,Sergipe
Nova Timboteua,1505007,NORDESTE PARAENSE,150500,Norte,PA,"-1.2060000\,-47.3860000",15,PA-Nova Timboteua,Pará
Nova Soure,2922904,NORDESTE BAIANO,292290,Nordeste,BA,"-11.2330000\,-38.4830000",29,BA-Nova Soure,Bahia
Oriximiná,1505304,BAIXO AMAZONAS,150530,Norte,PA,"-1.7660000\,-55.8660000",15,PA-Oriximiná,Pará
Glorinha,4309050,METROPOLITANA DE PORTO ALEGRE,430905,Sul,RS,"-29.8810000\,-50.7670000",43,RS-Glorinha,Rio Grande do Sul
Dezesseis de Novembro,4306353,NOROESTE RIO-GRANDENSE,430635,Sul,RS,"-28.2130000\,-55.0680000",43,RS-Dezesseis de Novembro,Rio Grande do Sul
Porto Real,3304110,SUL FLUMINENSE,330411,Sudeste,RJ,"-22.4200000\,-44.2900000",33,RJ-Porto Real,Rio de Janeiro
Miguel Pereira,3302908,METROPOLITANA DO RIO DE JANEIRO,330290,Sudeste,RJ,"-22.4540000\,-43.4690000",33,RJ-Miguel Pereira,Rio de Janeiro
Engenheiro Beltrão,4107504,CENTRO OCIDENTAL PARANAENSE,410750,Sul,PR,"-23.7970000\,-52.2690000",41,PR-Engenheiro Beltrão,Paraná
Itapemirim,3202801,SUL ESPIRITO-SANTENSE,320280,Sudeste,ES,"-21.0110000\,-40.8340000",32,ES-Itapemirim,Espírito Santo
Frutal,3127107,TRIANGULO MINEIRO/ALTO PARANAIBA,312710,Sudeste,MG,"-20.0250000\,-48.9410000",31,MG-Frutal,Minas Gerais
Oriente,3534104,MARILIA,353410,Sudeste,SP,"-22.1530000\,-50.0910000",35,SP-Oriente,São Paulo
Carnaubeira da Penha,2603926,SAO FRANCISCO PERNAMBUCANO,260392,Nordeste,PE,"-8.3220000\,-38.7440000",26,PE-Carnaubeira da Penha,Pernambuco
Iretama,4110805,CENTRO OCIDENTAL PARANAENSE,411080,Sul,PR,"-24.4240000\,-52.1060000",41,PR-Iretama,Paraná
Nova Resende,3145109,SUL/SUDOESTE DE MINAS,314510,Sudeste,MG,"-21.1260000\,-46.4200000",31,MG-Nova Resende,Minas Gerais
Brejinho,2401800,AGRESTE POTIGUAR,240180,Nordeste,RN,"-6.1910000\,-35.3570000",24,RN-Brejinho,Rio Grande do Norte
Alto Jequitibá,3153509,ZONA DA MATA,315350,Sudeste,MG,"-20.4240000\,-41.9660000",31,MG-Alto Jequitibá,Minas Gerais
Bom Despacho,3107406,CENTRAL MINEIRA,310740,Sudeste,MG,"-19.7360000\,-45.2520000",31,MG-Bom Despacho,Minas Gerais
Mairi,2920106,CENTRO NORTE BAIANO,292010,Nordeste,BA,"-11.7110000\,-40.1490000",29,BA-Mairi,Bahia
Rodeiro,3156304,ZONA DA MATA,315630,Sudeste,MG,"-21.2000000\,-42.8650000",31,MG-Rodeiro,Minas Gerais
Marilândia do Sul,4114906,NORTE CENTRAL PARANAENSE,411490,Sul,PR,"-23.7450000\,-51.3080000",41,PR-Marilândia do Sul,Paraná
Amparo de São Francisco,2800100,LESTE SERGIPANO,280010,Nordeste,SE,"-10.1340000\,-36.9300000",28,SE-Amparo de São Francisco,Sergipe
Eusébio,2304285,METROPOLITANA DE FORTALEZA,230428,Nordeste,CE,"-3.8900000\,-38.4510000",23,CE-Eusébio,Ceará
Nova Europa,3532900,ARARAQUARA,353290,Sudeste,SP,"-21.7780000\,-48.5610000",35,SP-Nova Europa,São Paulo
Muçum,4312609,CENTRO ORIENTAL RIO-GRANDENSE,431260,Sul,RS,"-29.1650000\,-51.8680000",43,RS-Muçum,Rio Grande do Sul
Croatá,2304236,NOROESTE CEARENSE,230423,Nordeste,CE,"-4.4000000\,-40.9110000",23,CE-Croatá,Ceará
Major Gercino,4210209,GRANDE FLORIANOPOLIS,421020,Sul,SC,"-27.4180000\,-48.9510000",42,SC-Major Gercino,Santa Catarina
Diamante do Sul,4107124,OESTE PARANAENSE,410712,Sul,PR,"-25.0430000\,-52.6800000",41,PR-Diamante do Sul,Paraná
Cascalho Rico,3115003,TRIANGULO MINEIRO/ALTO PARANAIBA,311500,Sudeste,MG,"-18.5760000\,-47.8770000",31,MG-Cascalho Rico,Minas Gerais
Antônio Almeida,2200806,SUDOESTE PIAUIENSE,220080,Nordeste,PI,"-7.2190000\,-44.1980000",22,PI-Antônio Almeida,Piauí
Paulo Jacinto,2706604,AGRESTE ALAGOANO,270660,Nordeste,AL,"-9.3660000\,-36.3700000",27,AL-Paulo Jacinto,Alagoas
Campo Verde,5102678,SUDESTE MATO-GROSSENSE,510267,Centro-Oeste,MT,"-15.5470000\,-55.1690000",51,MT-Campo Verde,Mato Grosso
São Benedito,2312304,NOROESTE CEARENSE,231230,Nordeste,CE,"-4.0490000\,-40.8650000",23,CE-São Benedito,Ceará
Tejuçuoca,2313351,NORTE CEARENSE,231335,Nordeste,CE,"-3.9890000\,-39.5810000",23,CE-Tejuçuoca,Ceará
São Gonçalo do Abaeté,3161700,NOROESTE DE MINAS,316170,Sudeste,MG,"-18.3380000\,-45.8330000",31,MG-São Gonçalo do Abaeté,Minas Gerais
Aracatu,2902005,CENTRO SUL BAIANO,290200,Nordeste,BA,"-14.4280000\,-41.4620000",29,BA-Aracatu,Bahia
Pau D'Arco,1505551,SUDESTE PARAENSE,150555,Norte,PA,"-7.8330000\,-50.0440000",15,PA-Pau D'Arco,Pará
Rubiácea,3544400,ARACATUBA,354440,Sudeste,SP,"-21.3010000\,-50.7270000",35,SP-Rubiácea,São Paulo
Sorocaba,3552205,MACRO METROPOLITANA PAULISTA,355220,Sudeste,SP,"-23.5020000\,-47.4580000",35,SP-Sorocaba,São Paulo
Vila Maria,4323408,NOROESTE RIO-GRANDENSE,432340,Sul,RS,"-28.5350000\,-52.1540000",43,RS-Vila Maria,Rio Grande do Sul
Canabrava do Norte,5102694,NORDESTE MATO-GROSSENSE,510269,Centro-Oeste,MT,"-11.0540000\,-51.8310000",51,MT-Canabrava do Norte,Mato Grosso
Cafezal do Sul,4103479,NOROESTE PARANAENSE,410347,Sul,PR,"-23.9020000\,-53.5130000",41,PR-Cafezal do Sul,Paraná
São Félix do Tocantins,1720150,ORIENTAL DO TOCANTINS,172015,Norte,TO,"-10.1680000\,-46.6590000",17,TO-São Félix do Tocantins,Tocantins
Borebi,3507456,BAURU,350745,Sudeste,SP,"-22.5690000\,-48.9710000",35,SP-Borebi,São Paulo
Dilermando de Aguiar,4306379,CENTRO OCIDENTAL RIO-GRANDENSE,430637,Sul,RS,"-29.7060000\,-54.2080000",43,RS-Dilermando de Aguiar,Rio Grande do Sul
Boa Vista do Ramos,1300680,CENTRO AMAZONENSE,130068,Norte,AM,"-2.9700000\,-57.5900000",13,AM-Boa Vista do Ramos,Amazonas
Vargem Bonita,3170602,OESTE DE MINAS,317060,Sudeste,MG,"-20.3270000\,-46.3660000",31,MG-Vargem Bonita,Minas Gerais
Uruburetama,2313807,NORTE CEARENSE,231380,Nordeste,CE,"-3.6250000\,-39.5080000",23,CE-Uruburetama,Ceará
Itapecuru Mirim,2105401,NORTE MARANHENSE,210540,Nordeste,MA,"-3.3930000\,-44.3590000",21,MA-Itapecuru Mirim,Maranhão
Poço de José de Moura,2512077,SERTAO PARAIBANO,251207,Nordeste,PB,"-6.5750000\,-38.5120000",25,PB-Poço de José de Moura,Paraíba
Maracaçumé,2106326,OESTE MARANHENSE,210632,Nordeste,MA,"-2.0430000\,-45.9590000",21,MA-Maracaçumé,Maranhão
Davinópolis,2103752,OESTE MARANHENSE,210375,Nordeste,MA,"-5.5580000\,-47.4260000",21,MA-Davinópolis,Maranhão
Coroados,3512506,ARACATUBA,351250,Sudeste,SP,"-21.3520000\,-50.2810000",35,SP-Coroados,São Paulo
Caetés,2603207,AGRESTE PERNAMBUCANO,260320,Nordeste,PE,"-8.7730000\,-36.6230000",26,PE-Caetés,Pernambuco
Baía Formosa,2401404,LESTE POTIGUAR,240140,Nordeste,RN,"-6.3690000\,-35.0080000",24,RN-Baía Formosa,Rio Grande do Norte
Dois Vizinhos,4107207,SUDOESTE PARANAENSE,410720,Sul,PR,"-25.7340000\,-53.0570000",41,PR-Dois Vizinhos,Paraná
Quatro Irmãos,4315313,NOROESTE RIO-GRANDENSE,431531,Sul,RS,"-27.8210000\,-52.4390000",43,RS-Quatro Irmãos,Rio Grande do Sul
Carmo de Minas,3114105,SUL/SUDOESTE DE MINAS,311410,Sudeste,MG,"-22.1220000\,-45.1290000",31,MG-Carmo de Minas,Minas Gerais
Santa Cecília do Pavão,4123204,NORTE PIONEIRO PARANAENSE,412320,Sul,PR,"-23.5170000\,-50.7840000",41,PR-Santa Cecília do Pavão,Paraná
Poço Fundo,3151701,SUL/SUDOESTE DE MINAS,315170,Sudeste,MG,"-21.7810000\,-45.9650000",31,MG-Poço Fundo,Minas Gerais
Chorozinho,2303956,NORTE CEARENSE,230395,Nordeste,CE,"-4.3000000\,-38.4970000",23,CE-Chorozinho,Ceará
Júlio Borges,2205524,SUDOESTE PIAUIENSE,220552,Nordeste,PI,"-10.3230000\,-44.2380000",22,PI-Júlio Borges,Piauí
Cachoeira Dourada,3109808,TRIANGULO MINEIRO/ALTO PARANAIBA,310980,Sudeste,MG,"-18.5150000\,-49.5010000",31,MG-Cachoeira Dourada,Minas Gerais
Guzolândia,3518909,SAO JOSE DO RIO PRETO,351890,Sudeste,SP,"-20.6500000\,-50.6620000",35,SP-Guzolândia,São Paulo
Bom Jesus,4202537,OESTE CATARINENSE,420253,Sul,SC,"-26.7340000\,-52.3940000",42,SC-Bom Jesus,Santa Catarina
Primavera,1506104,NORDESTE PARAENSE,150610,Norte,PA,"-0.9430000\,-47.1160000",15,PA-Primavera,Pará
Nova Ipixuna,1504976,SUDESTE PARAENSE,150497,Norte,PA,"-4.9210000\,-49.0770000",15,PA-Nova Ipixuna,Pará
Poço Redondo,2805406,SERTAO SERGIPANO,280540,Nordeste,SE,"-9.8060000\,-37.6850000",28,SE-Poço Redondo,Sergipe
Consolação,3118502,SUL/SUDOESTE DE MINAS,311850,Sudeste,MG,"-22.5510000\,-45.9210000",31,MG-Consolação,Minas Gerais
Itaporã,5004502,SUDOESTE DE MATO GROSSO DO SUL,500450,Centro-Oeste,MS,"-22.0790000\,-54.7890000",50,MS-Itaporã,Mato Grosso do Sul
Urupês,3556008,SAO JOSE DO RIO PRETO,355600,Sudeste,SP,"-21.2020000\,-49.2900000",35,SP-Urupês,São Paulo
Bauru,3506003,BAURU,350600,Sudeste,SP,"-22.3150000\,-49.0610000",35,SP-Bauru,São Paulo
Oliveira Fortes,3145703,ZONA DA MATA,314570,Sudeste,MG,"-21.3390000\,-43.4560000",31,MG-Oliveira Fortes,Minas Gerais
Mantena,3139607,VALE DO RIO DOCE,313960,Sudeste,MG,"-18.7820000\,-40.9800000",31,MG-Mantena,Minas Gerais
Caraíbas,2906899,CENTRO SUL BAIANO,290689,Nordeste,BA,"-14.6000000\,-41.3350000",29,BA-Caraíbas,Bahia
Porto Vitória,4120309,SUDESTE PARANAENSE,412030,Sul,PR,"-26.1610000\,-51.2320000",41,PR-Porto Vitória,Paraná
São José do Belmonte,2613503,SERTAO PERNAMBUCANO,261350,Nordeste,PE,"-7.8610000\,-38.7600000",26,PE-São José do Belmonte,Pernambuco
Carmo do Cajuru,3114204,OESTE DE MINAS,311420,Sudeste,MG,"-20.1840000\,-44.7710000",31,MG-Carmo do Cajuru,Minas Gerais
Boa Vista do Tupim,2903805,CENTRO NORTE BAIANO,290380,Nordeste,BA,"-12.6600000\,-40.6090000",29,BA-Boa Vista do Tupim,Bahia
Caseara,1703909,OCIDENTAL DO TOCANTINS,170390,Norte,TO,"-9.2780000\,-49.9560000",17,TO-Caseara,Tocantins
Cumaru,2604908,AGRESTE PERNAMBUCANO,260490,Nordeste,PE,"-8.0060000\,-35.6970000",26,PE-Cumaru,Pernambuco
Juru,2508000,SERTAO PARAIBANO,250800,Nordeste,PB,"-7.5370000\,-37.8190000",25,PB-Juru,Paraíba
Teodoro Sampaio,2931400,CENTRO NORTE BAIANO,293140,Nordeste,BA,"-12.3030000\,-38.6430000",29,BA-Teodoro Sampaio,Bahia
Capetinga,3112406,SUL/SUDOESTE DE MINAS,311240,Sudeste,MG,"-20.6160000\,-47.0540000",31,MG-Capetinga,Minas Gerais
Bodó,2401651,CENTRAL POTIGUAR,240165,Nordeste,RN,"-5.9880000\,-36.4130000",24,RN-Bodó,Rio Grande do Norte
Simplício Mendes,2210805,SUDESTE PIAUIENSE,221080,Nordeste,PI,"-7.8540000\,-41.9100000",22,PI-Simplício Mendes,Piauí
Açu,2400208,OESTE POTIGUAR,240020,Nordeste,RN,"-5.5770000\,-36.9090000",24,RN-Açu,Rio Grande do Norte
Jardim,5005004,SUDOESTE DE MATO GROSSO DO SUL,500500,Centro-Oeste,MS,"-21.4800000\,-56.1380000",50,MS-Jardim,Mato Grosso do Sul
Santana,2928208,EXTREMO OESTE BAIANO,292820,Nordeste,BA,"-12.9830000\,-44.0510000",29,BA-Santana,Bahia
Livramento de Nossa Senhora,2919504,CENTRO SUL BAIANO,291950,Nordeste,BA,"-13.6430000\,-41.8410000",29,BA-Livramento de Nossa Senhora,Bahia
Colinas,2103505,LESTE MARANHENSE,210350,Nordeste,MA,"-6.0260000\,-44.2490000",21,MA-Colinas,Maranhão
Araponga,3103702,ZONA DA MATA,310370,Sudeste,MG,"-20.6670000\,-42.5210000",31,MG-Araponga,Minas Gerais
Montalvânia,3142700,NORTE DE MINAS,314270,Sudeste,MG,"-14.4230000\,-44.3660000",31,MG-Montalvânia,Minas Gerais
São Caetano do Sul,3548807,METROPOLITANA DE SAO PAULO,354880,Sudeste,SP,"-23.6230000\,-46.5510000",35,SP-São Caetano do Sul,São Paulo
Itápolis,3522703,ARARAQUARA,352270,Sudeste,SP,"-21.5960000\,-48.8130000",35,SP-Itápolis,São Paulo
Ilhéus,2913606,SUL BAIANO,291360,Nordeste,BA,"-14.7890000\,-39.0490000",29,BA-Ilhéus,Bahia
Nazareno,3144508,CAMPO DAS VERTENTES,314450,Sudeste,MG,"-21.2160000\,-44.6110000",31,MG-Nazareno,Minas Gerais
Sebastianópolis do Sul,3551306,SAO JOSE DO RIO PRETO,355130,Sudeste,SP,"-20.6550000\,-49.9210000",35,SP-Sebastianópolis do Sul,São Paulo
Choró,2303931,SERTOES CEARENSES,230393,Nordeste,CE,"-4.8430000\,-39.1410000",23,CE-Choró,Ceará
Pirassununga,3539301,CAMPINAS,353930,Sudeste,SP,"-21.9960000\,-47.4260000",35,SP-Pirassununga,São Paulo
Ribeirão Bonito,3542909,ARARAQUARA,354290,Sudeste,SP,"-22.0670000\,-48.1760000",35,SP-Ribeirão Bonito,São Paulo
Carinhanha,2907103,VALE SAO-FRANCISCANO DA BAHIA,290710,Nordeste,BA,"-14.3050000\,-43.7650000",29,BA-Carinhanha,Bahia
Sirinhaém,2614204,MATA PERNAMBUCANA,261420,Nordeste,PE,"-8.5910000\,-35.1160000",26,PE-Sirinhaém,Pernambuco
Itaqui,4310603,SUDOESTE RIO-GRANDENSE,431060,Sul,RS,"-29.1250000\,-56.5530000",43,RS-Itaqui,Rio Grande do Sul
Itanhangá,5104542,NORTE MATO-GROSSENSE,510454,Centro-Oeste,MT,"-12.1720000\,-56.6800000",51,MT-Itanhangá,Mato Grosso
São Mateus do Maranhão,2111508,CENTRO MARANHENSE,211150,Nordeste,MA,"-4.0400000\,-44.4700000",21,MA-São Mateus do Maranhão,Maranhão
Fernando de Noronha,2605459,METROPOLITANA DE RECIFE,260545,Nordeste,PE,"-3.8400000\,-32.4110000",26,PE-Fernando de Noronha,Pernambuco
Auriflama,3504206,SAO JOSE DO RIO PRETO,350420,Sudeste,SP,"-20.6860000\,-50.5550000",35,SP-Auriflama,São Paulo
Riversul,3543501,ITAPETININGA,354350,Sudeste,SP,"-23.8280000\,-49.4290000",35,SP-Riversul,São Paulo
Canelinha,4203709,GRANDE FLORIANOPOLIS,420370,Sul,SC,"-27.2650000\,-48.7680000",42,SC-Canelinha,Santa Catarina
Nova Rosalândia,1715002,OCIDENTAL DO TOCANTINS,171500,Norte,TO,"-10.5670000\,-48.9140000",17,TO-Nova Rosalândia,Tocantins
Praia Norte,1718303,OCIDENTAL DO TOCANTINS,171830,Norte,TO,"-5.3930000\,-47.8110000",17,TO-Praia Norte,Tocantins
Adustina,2900355,NORDESTE BAIANO,290035,Nordeste,BA,"-10.5330000\,-38.1000000",29,BA-Adustina,Bahia
Cidade Ocidental,5205497,LESTE GOIANO,520549,Centro-Oeste,GO,"-16.0770000\,-47.9250000",52,GO-Cidade Ocidental,Goiás
Alto Paraíso,4128625,NOROESTE PARANAENSE,412862,Sul,PR,"-23.5080000\,-53.7280000",41,PR-Alto Paraíso,Paraná
Apuí,1300144,SUL AMAZONENSE,130014,Norte,AM,"-7.1970000\,-59.8910000",13,AM-Apuí,Amazonas
Açailândia,2100055,OESTE MARANHENSE,210005,Nordeste,MA,"-4.9470000\,-47.5050000",21,MA-Açailândia,Maranhão
Divinolândia,3513900,CAMPINAS,351390,Sudeste,SP,"-21.6610000\,-46.7390000",35,SP-Divinolândia,São Paulo
Sagrada Família,4316428,NOROESTE RIO-GRANDENSE,431642,Sul,RS,"-27.7070000\,-53.1360000",43,RS-Sagrada Família,Rio Grande do Sul
Pongaí,3540101,BAURU,354010,Sudeste,SP,"-21.7360000\,-49.3670000",35,SP-Pongaí,São Paulo
Mombaça,2308500,SERTOES CEARENSES,230850,Nordeste,CE,"-5.7430000\,-39.6280000",23,CE-Mombaça,Ceará
Irecê,2914604,CENTRO NORTE BAIANO,291460,Nordeste,BA,"-11.3040000\,-41.8560000",29,BA-Irecê,Bahia
Água Branca,2700102,SERTAO ALAGOANO,270010,Nordeste,AL,"-9.2620000\,-37.9380000",27,AL-Água Branca,Alagoas
Plácido de Castro,1200385,VALE DO ACRE,120038,Norte,AC,"-10.3350000\,-67.1840000",12,AC-Plácido de Castro,Acre
Bernardino Batista,2502052,SERTAO PARAIBANO,250205,Nordeste,PB,"-6.4520000\,-38.5510000",25,PB-Bernardino Batista,Paraíba
Vitória do Jari,1600808,SUL DO AMAPA,160080,Norte,AP,"-0.9380000\,-52.4240000",16,AP-Vitória do Jari,Amapá
Itabi,2803104,SERTAO SERGIPANO,280310,Nordeste,SE,"-10.1260000\,-37.1030000",28,SE-Itabi,Sergipe
São Brás,2708204,AGRESTE ALAGOANO,270820,Nordeste,AL,"-10.1280000\,-36.9010000",27,AL-São Brás,Alagoas
Passa e Fica,2409100,AGRESTE POTIGUAR,240910,Nordeste,RN,"-6.4360000\,-35.6430000",24,RN-Passa e Fica,Rio Grande do Norte
Lunardelli,4113759,NORTE CENTRAL PARANAENSE,411375,Sul,PR,"-24.0790000\,-51.7380000",41,PR-Lunardelli,Paraná
Piedade,3537800,MACRO METROPOLITANA PAULISTA,353780,Sudeste,SP,"-23.7120000\,-47.4280000",35,SP-Piedade,São Paulo
Dom Silvério,3122702,ZONA DA MATA,312270,Sudeste,MG,"-20.1600000\,-42.9680000",31,MG-Dom Silvério,Minas Gerais
Una,2932507,SUL BAIANO,293250,Nordeste,BA,"-15.2930000\,-39.0750000",29,BA-Una,Bahia
Bannach,1501253,SUDESTE PARAENSE,150125,Norte,PA,"-7.3480000\,-50.3960000",15,PA-Bannach,Pará
Condeúba,2908705,CENTRO SUL BAIANO,290870,Nordeste,BA,"-14.8950000\,-41.9690000",29,BA-Condeúba,Bahia
Madalena,2307635,SERTOES CEARENSES,230763,Nordeste,CE,"-4.8570000\,-39.5770000",23,CE-Madalena,Ceará
Jandaíra,2917904,NORDESTE BAIANO,291790,Nordeste,BA,"-11.5640000\,-37.7840000",29,BA-Jandaíra,Bahia
Piumhi,3151503,OESTE DE MINAS,315150,Sudeste,MG,"-20.4650000\,-45.9580000",31,MG-Piumhi,Minas Gerais
Sarandi,4126256,NORTE CENTRAL PARANAENSE,412625,Sul,PR,"-23.4440000\,-51.8740000",41,PR-Sarandi,Paraná
Juripiranga,2507903,MATA PARAIBANA,250790,Nordeste,PB,"-7.3730000\,-35.2380000",25,PB-Juripiranga,Paraíba
Calçado,2603306,AGRESTE PERNAMBUCANO,260330,Nordeste,PE,"-8.7420000\,-36.3340000",26,PE-Calçado,Pernambuco
Aliança do Tocantins,1700350,OCIDENTAL DO TOCANTINS,170035,Norte,TO,"-11.3060000\,-48.9360000",17,TO-Aliança do Tocantins,Tocantins
Esteio,4307708,METROPOLITANA DE PORTO ALEGRE,430770,Sul,RS,"-29.8610000\,-51.1790000",43,RS-Esteio,Rio Grande do Sul
Axixá,2101103,NORTE MARANHENSE,210110,Nordeste,MA,"-2.8370000\,-44.0530000",21,MA-Axixá,Maranhão
Itatiba do Sul,4310702,NOROESTE RIO-GRANDENSE,431070,Sul,RS,"-27.3870000\,-52.4530000",43,RS-Itatiba do Sul,Rio Grande do Sul
Botumirim,3108503,NORTE DE MINAS,310850,Sudeste,MG,"-16.8720000\,-43.0110000",31,MG-Botumirim,Minas Gerais
São Sebastião do Anta,3164472,VALE DO RIO DOCE,316447,Sudeste,MG,"-19.4980000\,-41.9840000",31,MG-São Sebastião do Anta,Minas Gerais
Santo Hipólito,3160603,CENTRAL MINEIRA,316060,Sudeste,MG,"-18.2970000\,-44.2230000",31,MG-Santo Hipólito,Minas Gerais
Barreira,2301950,NORTE CEARENSE,230195,Nordeste,CE,"-4.2870000\,-38.6430000",23,CE-Barreira,Ceará
Arapongas,4101507,NORTE CENTRAL PARANAENSE,410150,Sul,PR,"-23.4190000\,-51.4240000",41,PR-Arapongas,Paraná
Crisópolis,2909604,NORDESTE BAIANO,290960,Nordeste,BA,"-11.5110000\,-38.1500000",29,BA-Crisópolis,Bahia
Cruz do Espírito Santo,2504900,MATA PARAIBANA,250490,Nordeste,PB,"-7.1400000\,-35.0860000",25,PB-Cruz do Espírito Santo,Paraíba
Carmolândia,1703883,OCIDENTAL DO TOCANTINS,170388,Norte,TO,"-7.0330000\,-48.3960000",17,TO-Carmolândia,Tocantins
Itambacuri,3132701,VALE DO RIO DOCE,313270,Sudeste,MG,"-18.0310000\,-41.6850000",31,MG-Itambacuri,Minas Gerais
Itapuranga,5211206,CENTRO GOIANO,521120,Centro-Oeste,GO,"-15.5620000\,-49.9490000",52,GO-Itapuranga,Goiás
Sítio Novo,2413706,AGRESTE POTIGUAR,241370,Nordeste,RN,"-6.1040000\,-35.9110000",24,RN-Sítio Novo,Rio Grande do Norte
Elesbão Veloso,2203503,CENTRO-NORTE PIAUIENSE,220350,Nordeste,PI,"-6.2020000\,-42.1400000",22,PI-Elesbão Veloso,Piauí
Aparecida do Taboado,5001003,LESTE DE MATO GROSSO DO SUL,500100,Centro-Oeste,MS,"-20.0870000\,-51.0940000",50,MS-Aparecida do Taboado,Mato Grosso do Sul
Uruçuca,2932705,SUL BAIANO,293270,Nordeste,BA,"-14.5930000\,-39.2840000",29,BA-Uruçuca,Bahia
Lagoa Dourada,3137403,CAMPO DAS VERTENTES,313740,Sudeste,MG,"-20.9140000\,-44.0780000",31,MG-Lagoa Dourada,Minas Gerais
Rafael Fernandes,2410504,OESTE POTIGUAR,241050,Nordeste,RN,"-6.1950000\,-38.2260000",24,RN-Rafael Fernandes,Rio Grande do Norte
Mata Verde,3140555,JEQUITINHONHA,314055,Sudeste,MG,"-15.6860000\,-40.7410000",31,MG-Mata Verde,Minas Gerais
Antas,2901601,NORDESTE BAIANO,290160,Nordeste,BA,"-10.4000000\,-38.3330000",29,BA-Antas,Bahia
Jundiá,2406155,AGRESTE POTIGUAR,240615,Nordeste,RN,"-6.2710000\,-35.3450000",24,RN-Jundiá,Rio Grande do Norte
Santa Fé de Minas,3157609,NORTE DE MINAS,315760,Sudeste,MG,"-16.6900000\,-45.4140000",31,MG-Santa Fé de Minas,Minas Gerais
Amargosa,2901007,CENTRO SUL BAIANO,290100,Nordeste,BA,"-13.0300000\,-39.6050000",29,BA-Amargosa,Bahia
Marcação,2509057,MATA PARAIBANA,250905,Nordeste,PB,"-6.7700000\,-35.0150000",25,PB-Marcação,Paraíba
Pilõezinhos,2511707,AGRESTE PARAIBANO,251170,Nordeste,PB,"-6.8440000\,-35.5310000",25,PB-Pilõezinhos,Paraíba
Santa Lúcia,3546900,ARARAQUARA,354690,Sudeste,SP,"-21.6850000\,-48.0840000",35,SP-Santa Lúcia,São Paulo
Wenceslau Braz,4128500,NORTE PIONEIRO PARANAENSE,412850,Sul,PR,"-23.8740000\,-49.8030000",41,PR-Wenceslau Braz,Paraná
Ulianópolis,1508126,SUDESTE PARAENSE,150812,Norte,PA,"-3.7560000\,-47.5010000",15,PA-Ulianópolis,Pará
Campestre de Goiás,5204607,SUL GOIANO,520460,Centro-Oeste,GO,"-16.7620000\,-49.6940000",52,GO-Campestre de Goiás,Goiás
Paulistana,2207801,SUDESTE PIAUIENSE,220780,Nordeste,PI,"-8.1440000\,-41.1500000",22,PI-Paulistana,Piauí
Uberaba,3170107,TRIANGULO MINEIRO/ALTO PARANAIBA,317010,Sudeste,MG,"-19.7480000\,-47.9320000",31,MG-Uberaba,Minas Gerais
Caçapava,3508504,VALE DO PARAIBA PAULISTA,350850,Sudeste,SP,"-23.1010000\,-45.7070000",35,SP-Caçapava,São Paulo
Carolina,2102804,SUL MARANHENSE,210280,Nordeste,MA,"-7.3330000\,-47.4690000",21,MA-Carolina,Maranhão
São Joaquim de Bicas,3162922,METROPOLITANA DE BELO HORIZONTE,316292,Sudeste,MG,"-20.0490000\,-44.2740000",31,MG-São Joaquim de Bicas,Minas Gerais
Capão do Cipó,4304655,CENTRO OCIDENTAL RIO-GRANDENSE,430465,Sul,RS,"-28.9250000\,-54.6920000",43,RS-Capão do Cipó,Rio Grande do Sul
Aldeias Altas,2100303,LESTE MARANHENSE,210030,Nordeste,MA,"-4.6280000\,-43.4710000",21,MA-Aldeias Altas,Maranhão
Guarani de Goiás,5209408,LESTE GOIANO,520940,Centro-Oeste,GO,"-13.9360000\,-46.4800000",52,GO-Guarani de Goiás,Goiás
Duque Bacelar,2103901,LESTE MARANHENSE,210390,Nordeste,MA,"-4.1560000\,-42.9440000",21,MA-Duque Bacelar,Maranhão
Lagarto,2803500,AGRESTE SERGIPANO,280350,Nordeste,SE,"-10.9170000\,-37.6500000",28,SE-Lagarto,Sergipe
Cabeceiras,5204003,LESTE GOIANO,520400,Centro-Oeste,GO,"-15.8010000\,-46.9270000",52,GO-Cabeceiras,Goiás
Carlos Barbosa,4304804,NORDESTE RIO-GRANDENSE,430480,Sul,RS,"-29.2980000\,-51.5040000",43,RS-Carlos Barbosa,Rio Grande do Sul
Cláudia,5103056,NORTE MATO-GROSSENSE,510305,Centro-Oeste,MT,"-11.5150000\,-54.8910000",51,MT-Cláudia,Mato Grosso
Assis Brasil,1200054,VALE DO ACRE,120005,Norte,AC,"-10.9410000\,-69.5670000",12,AC-Assis Brasil,Acre
Érico Cardoso,2900504,CENTRO SUL BAIANO,290050,Nordeste,BA,"-13.4180000\,-42.1400000",29,BA-Érico Cardoso,Bahia
Antônio João,5000906,SUDOESTE DE MATO GROSSO DO SUL,500090,Centro-Oeste,MS,"-22.1910000\,-55.9480000",50,MS-Antônio João,Mato Grosso do Sul
Carnaíba,2603900,SERTAO PERNAMBUCANO,260390,Nordeste,PE,"-7.8050000\,-37.7940000",26,PE-Carnaíba,Pernambuco
Uchoa,3555604,SAO JOSE DO RIO PRETO,355560,Sudeste,SP,"-20.9530000\,-49.1750000",35,SP-Uchoa,São Paulo
Santópolis do Aguapeí,3548401,ARACATUBA,354840,Sudeste,SP,"-21.6380000\,-50.5000000",35,SP-Santópolis do Aguapeí,São Paulo
Rio de Janeiro,3304557,METROPOLITANA DO RIO DE JANEIRO,330455,Sudeste,RJ,"-22.9030000\,-43.2080000",33,RJ-Rio de Janeiro,Rio de Janeiro
Luzilândia,2205805,NORTE PIAUIENSE,220580,Nordeste,PI,"-3.4580000\,-42.3700000",22,PI-Luzilândia,Piauí
Lagoa do Ouro,2608602,AGRESTE PERNAMBUCANO,260860,Nordeste,PE,"-9.1270000\,-36.4590000",26,PE-Lagoa do Ouro,Pernambuco
Coronel Pilar,4305934,NORDESTE RIO-GRANDENSE,430593,Sul,RS,"-29.2730000\,-51.6870000",43,RS-Coronel Pilar,Rio Grande do Sul
Governador Dix-Sept Rosado,2404309,OESTE POTIGUAR,240430,Nordeste,RN,"-5.4590000\,-37.5210000",24,RN-Governador Dix-Sept Rosado,Rio Grande do Norte
Montes Claros de Goiás,5213707,NOROESTE GOIANO,521370,Centro-Oeste,GO,"-16.0080000\,-51.3970000",52,GO-Montes Claros de Goiás,Goiás
Borba,1300805,SUL AMAZONENSE,130080,Norte,AM,"-4.3880000\,-59.5940000",13,AM-Borba,Amazonas
Vitória da Conquista,2933307,CENTRO SUL BAIANO,293330,Nordeste,BA,"-14.8660000\,-40.8390000",29,BA-Vitória da Conquista,Bahia
São Paulo do Potengi,2412609,AGRESTE POTIGUAR,241260,Nordeste,RN,"-5.8950000\,-35.7630000",24,RN-São Paulo do Potengi,Rio Grande do Norte
Ribeirão Vermelho,3154705,CAMPO DAS VERTENTES,315470,Sudeste,MG,"-21.1910000\,-45.0620000",31,MG-Ribeirão Vermelho,Minas Gerais
Presidente Dutra,2109106,CENTRO MARANHENSE,210910,Nordeste,MA,"-5.2900000\,-44.4900000",21,MA-Presidente Dutra,Maranhão
Itapé,2916203,SUL BAIANO,291620,Nordeste,BA,"-14.8980000\,-39.4210000",29,BA-Itapé,Bahia
Teixeirópolis,1101559,LESTE RONDONIENSE,110155,Norte,RO,"-10.9180000\,-62.2490000",11,RO-Teixeirópolis,Rondônia
Águas Belas,2600500,AGRESTE PERNAMBUCANO,260050,Nordeste,PE,"-9.1110000\,-37.1230000",26,PE-Águas Belas,Pernambuco
Tambaú,3553302,CAMPINAS,355330,Sudeste,SP,"-21.7050000\,-47.2740000",35,SP-Tambaú,São Paulo
Dois Irmãos,4306403,METROPOLITANA DE PORTO ALEGRE,430640,Sul,RS,"-29.5800000\,-51.0850000",43,RS-Dois Irmãos,Rio Grande do Sul
Angelândia,3102852,JEQUITINHONHA,310285,Sudeste,MG,"-17.7300000\,-42.2650000",31,MG-Angelândia,Minas Gerais
Olinda,2609600,METROPOLITANA DE RECIFE,260960,Nordeste,PE,"-8.0090000\,-34.8550000",26,PE-Olinda,Pernambuco
São João do Araguaia,1507508,SUDESTE PARAENSE,150750,Norte,PA,"-5.3580000\,-48.7910000",15,PA-São João do Araguaia,Pará
Lagoa Grande do Maranhão,2105963,OESTE MARANHENSE,210596,Nordeste,MA,"-4.8130000\,-45.3300000",21,MA-Lagoa Grande do Maranhão,Maranhão
Caratinga,3113404,VALE DO RIO DOCE,311340,Sudeste,MG,"-19.7900000\,-42.1390000",31,MG-Caratinga,Minas Gerais
Camanducaia,3110509,SUL/SUDOESTE DE MINAS,311050,Sudeste,MG,"-22.7550000\,-46.1450000",31,MG-Camanducaia,Minas Gerais
Pracinha,3540853,PRESIDENTE PRUDENTE,354085,Sudeste,SP,"-21.8510000\,-51.0870000",35,SP-Pracinha,São Paulo
Arês,2401206,LESTE POTIGUAR,240120,Nordeste,RN,"-6.1940000\,-35.1600000",24,RN-Arês,Rio Grande do Norte
São João do Itaperiú,4216354,VALE DO ITAJAI,421635,Sul,SC,"-26.6180000\,-48.7680000",42,SC-São João do Itaperiú,Santa Catarina
Carmo,3301207,CENTRO FLUMINENSE,330120,Sudeste,RJ,"-21.9340000\,-42.6090000",33,RJ-Carmo,Rio de Janeiro
Pitanga,4119608,CENTRO-SUL PARANAENSE,411960,Sul,PR,"-24.7570000\,-51.7610000",41,PR-Pitanga,Paraná
Manoel Ribas,4114500,NORTE CENTRAL PARANAENSE,411450,Sul,PR,"-24.5160000\,-51.6680000",41,PR-Manoel Ribas,Paraná
Lutécia,3527900,ASSIS,352790,Sudeste,SP,"-22.3400000\,-50.3920000",35,SP-Lutécia,São Paulo
União,2211100,CENTRO-NORTE PIAUIENSE,221110,Nordeste,PI,"-4.5860000\,-42.8640000",22,PI-União,Piauí
Marcelino Ramos,4311908,NOROESTE RIO-GRANDENSE,431190,Sul,RS,"-27.4620000\,-51.9060000",43,RS-Marcelino Ramos,Rio Grande do Sul
Argirita,3104403,ZONA DA MATA,310440,Sudeste,MG,"-21.6100000\,-42.8360000",31,MG-Argirita,Minas Gerais
Santa Gertrudes,3546702,PIRACICABA,354670,Sudeste,SP,"-22.4570000\,-47.5300000",35,SP-Santa Gertrudes,São Paulo
Pontalinda,3540259,SAO JOSE DO RIO PRETO,354025,Sudeste,SP,"-20.4410000\,-50.5230000",35,SP-Pontalinda,São Paulo
Bombinhas,4202453,VALE DO ITAJAI,420245,Sul,SC,"-27.1380000\,-48.5170000",42,SC-Bombinhas,Santa Catarina
Santa Adélia,3545605,SAO JOSE DO RIO PRETO,354560,Sudeste,SP,"-21.2430000\,-48.8040000",35,SP-Santa Adélia,São Paulo
Guarará,3128501,ZONA DA MATA,312850,Sudeste,MG,"-21.7320000\,-43.0380000",31,MG-Guarará,Minas Gerais
Lagoa dos Gatos,2608701,AGRESTE PERNAMBUCANO,260870,Nordeste,PE,"-8.6580000\,-35.9000000",26,PE-Lagoa dos Gatos,Pernambuco
Guapiaçu,3517505,SAO JOSE DO RIO PRETO,351750,Sudeste,SP,"-20.7950000\,-49.2200000",35,SP-Guapiaçu,São Paulo
Combinado,1705557,ORIENTAL DO TOCANTINS,170555,Norte,TO,"-12.7920000\,-46.5390000",17,TO-Combinado,Tocantins
Cabedelo,2503209,MATA PARAIBANA,250320,Nordeste,PB,"-6.9810000\,-34.8340000",25,PB-Cabedelo,Paraíba
Matipó,3140902,ZONA DA MATA,314090,Sudeste,MG,"-20.2840000\,-42.3410000",31,MG-Matipó,Minas Gerais
Uruguaiana,4322400,SUDOESTE RIO-GRANDENSE,432240,Sul,RS,"-29.7550000\,-57.0880000",43,RS-Uruguaiana,Rio Grande do Sul
São José da Vitória,2929354,SUL BAIANO,292935,Nordeste,BA,"-15.0840000\,-39.3390000",29,BA-São José da Vitória,Bahia
Itatinga,3523503,BAURU,352350,Sudeste,SP,"-23.1020000\,-48.6160000",35,SP-Itatinga,São Paulo
Iperó,3521002,MACRO METROPOLITANA PAULISTA,352100,Sudeste,SP,"-23.3500000\,-47.6890000",35,SP-Iperó,São Paulo
Joaçaba,4209003,OESTE CATARINENSE,420900,Sul,SC,"-27.1780000\,-51.5050000",42,SC-Joaçaba,Santa Catarina
Três Arroios,4321634,NOROESTE RIO-GRANDENSE,432163,Sul,RS,"-27.4990000\,-52.1470000",43,RS-Três Arroios,Rio Grande do Sul
Marechal Deodoro,2704708,LESTE ALAGOANO,270470,Nordeste,AL,"-9.7100000\,-35.8950000",27,AL-Marechal Deodoro,Alagoas
Salto da Divisa,3157104,JEQUITINHONHA,315710,Sudeste,MG,"-16.0030000\,-39.9470000",31,MG-Salto da Divisa,Minas Gerais
Tarumirim,3168408,VALE DO RIO DOCE,316840,Sudeste,MG,"-19.2810000\,-42.0070000",31,MG-Tarumirim,Minas Gerais
Frei Gaspar,3126802,VALE DO MUCURI,312680,Sudeste,MG,"-18.0660000\,-41.4290000",31,MG-Frei Gaspar,Minas Gerais
Maravilha,2704609,SERTAO ALAGOANO,270460,Nordeste,AL,"-9.2360000\,-37.3500000",27,AL-Maravilha,Alagoas
Teresina de Goiás,5221080,NORTE GOIANO,522108,Centro-Oeste,GO,"-13.7760000\,-47.2650000",52,GO-Teresina de Goiás,Goiás
Estância,2802106,LESTE SERGIPANO,280210,Nordeste,SE,"-11.2680000\,-37.4380000",28,SE-Estância,Sergipe
Barão de Antonina,3505005,ITAPETININGA,350500,Sudeste,SP,"-23.6270000\,-49.5610000",35,SP-Barão de Antonina,São Paulo
Antônio Martins,2400901,OESTE POTIGUAR,240090,Nordeste,RN,"-6.2130000\,-37.9060000",24,RN-Antônio Martins,Rio Grande do Norte
Acaraú,2300200,NOROESTE CEARENSE,230020,Nordeste,CE,"-2.8860000\,-40.1200000",23,CE-Acaraú,Ceará
Acajutiba,2900306,NORDESTE BAIANO,290030,Nordeste,BA,"-11.6620000\,-38.0170000",29,BA-Acajutiba,Bahia
Morro Reuter,4312476,METROPOLITANA DE PORTO ALEGRE,431247,Sul,RS,"-29.5380000\,-51.0810000",43,RS-Morro Reuter,Rio Grande do Sul
Entre-Ijuís,4306932,NOROESTE RIO-GRANDENSE,430693,Sul,RS,"-28.3600000\,-54.2680000",43,RS-Entre-Ijuís,Rio Grande do Sul
Floresta,2605707,SAO FRANCISCO PERNAMBUCANO,260570,Nordeste,PE,"-8.6010000\,-38.5680000",26,PE-Floresta,Pernambuco
Itaguajé,4110904,NORTE CENTRAL PARANAENSE,411090,Sul,PR,"-22.6180000\,-51.9660000",41,PR-Itaguajé,Paraná
Petrolina de Goiás,5216809,CENTRO GOIANO,521680,Centro-Oeste,GO,"-16.0950000\,-49.3380000",52,GO-Petrolina de Goiás,Goiás
Campina do Simão,4103958,CENTRO-SUL PARANAENSE,410395,Sul,PR,"-25.0790000\,-51.8270000",41,PR-Campina do Simão,Paraná
Ararendá,2301257,SERTOES CEARENSES,230125,Nordeste,CE,"-4.7530000\,-40.8330000",23,CE-Ararendá,Ceará
Nova Hartz,4313060,METROPOLITANA DE PORTO ALEGRE,431306,Sul,RS,"-29.5830000\,-50.9020000",43,RS-Nova Hartz,Rio Grande do Sul
Salvador,2927408,METROPOLITANA DE SALVADOR,292740,Nordeste,BA,"-12.9710000\,-38.5110000",29,BA-Salvador,Bahia
Cariús,2303303,CENTRO-SUL CEARENSE,230330,Nordeste,CE,"-6.5370000\,-39.4970000",23,CE-Cariús,Ceará
Jaguaribe,2306900,JAGUARIBE,230690,Nordeste,CE,"-5.8910000\,-38.6220000",23,CE-Jaguaribe,Ceará
Poção,2611200,AGRESTE PERNAMBUCANO,261120,Nordeste,PE,"-8.1860000\,-36.7050000",26,PE-Poção,Pernambuco
Santo Antônio da Platina,4124103,NORTE PIONEIRO PARANAENSE,412410,Sul,PR,"-23.2950000\,-50.0770000",41,PR-Santo Antônio da Platina,Paraná
São Jerônimo,4318408,METROPOLITANA DE PORTO ALEGRE,431840,Sul,RS,"-29.9590000\,-51.7220000",43,RS-São Jerônimo,Rio Grande do Sul
Dormentes,2605152,SAO FRANCISCO PERNAMBUCANO,260515,Nordeste,PE,"-8.4470000\,-40.7710000",26,PE-Dormentes,Pernambuco
Jacaré dos Homens,2703403,SERTAO ALAGOANO,270340,Nordeste,AL,"-9.6360000\,-37.2050000",27,AL-Jacaré dos Homens,Alagoas
Cerqueira César,3511409,BAURU,351140,Sudeste,SP,"-23.0360000\,-49.1660000",35,SP-Cerqueira César,São Paulo
Pimenta Bueno,1100189,LESTE RONDONIENSE,110018,Norte,RO,"-11.6730000\,-61.1930000",11,RO-Pimenta Bueno,Rondônia
Granja,2304707,NOROESTE CEARENSE,230470,Nordeste,CE,"-3.1200000\,-40.8260000",23,CE-Granja,Ceará
Três Corações,3169307,SUL/SUDOESTE DE MINAS,316930,Sudeste,MG,"-21.6970000\,-45.2530000",31,MG-Três Corações,Minas Gerais
São Lourenço do Oeste,4216909,OESTE CATARINENSE,421690,Sul,SC,"-26.3590000\,-52.8510000",42,SC-São Lourenço do Oeste,Santa Catarina
Arenópolis,5202353,NOROESTE GOIANO,520235,Centro-Oeste,GO,"-16.3860000\,-51.5600000",52,GO-Arenópolis,Goiás
Ilhota,4207106,VALE DO ITAJAI,420710,Sul,SC,"-26.9000000\,-48.8270000",42,SC-Ilhota,Santa Catarina
Galiléia,3127305,VALE DO RIO DOCE,312730,Sudeste,MG,"-18.9990000\,-41.5380000",31,MG-Galiléia,Minas Gerais
Guaimbê,3517307,BAURU,351730,Sudeste,SP,"-21.9100000\,-49.8970000",35,SP-Guaimbê,São Paulo
Santa Tereza,4317251,NORDESTE RIO-GRANDENSE,431725,Sul,RS,"-29.1690000\,-51.7350000",43,RS-Santa Tereza,Rio Grande do Sul
Campo Bonito,4104055,OESTE PARANAENSE,410405,Sul,PR,"-25.0310000\,-52.9930000",41,PR-Campo Bonito,Paraná
Pindoba,2707008,LESTE ALAGOANO,270700,Nordeste,AL,"-9.4750000\,-36.2900000",27,AL-Pindoba,Alagoas
Pedro Teixeira,3149408,ZONA DA MATA,314940,Sudeste,MG,"-21.7060000\,-43.7460000",31,MG-Pedro Teixeira,Minas Gerais
São Sebastião do Uatumã,1303957,CENTRO AMAZONENSE,130395,Norte,AM,"-2.5720000\,-57.8710000",13,AM-São Sebastião do Uatumã,Amazonas
Quirinópolis,5218508,SUL GOIANO,521850,Centro-Oeste,GO,"-18.4480000\,-50.4520000",52,GO-Quirinópolis,Goiás
São Raimundo Nonato,2210607,SUDOESTE PIAUIENSE,221060,Nordeste,PI,"-9.0150000\,-42.6990000",22,PI-São Raimundo Nonato,Piauí
Urupá,1101708,LESTE RONDONIENSE,110170,Norte,RO,"-11.1250000\,-62.3760000",11,RO-Urupá,Rondônia
Nossa Senhora das Dores,2804607,AGRESTE SERGIPANO,280460,Nordeste,SE,"-10.4920000\,-37.1930000",28,SE-Nossa Senhora das Dores,Sergipe
Pedra Azul,3148707,JEQUITINHONHA,314870,Sudeste,MG,"-16.0050000\,-41.2970000",31,MG-Pedra Azul,Minas Gerais
Campo Bom,4303905,METROPOLITANA DE PORTO ALEGRE,430390,Sul,RS,"-29.6790000\,-51.0530000",43,RS-Campo Bom,Rio Grande do Sul
São Bento do Sul,4215802,NORTE CATARINENSE,421580,Sul,SC,"-26.2500000\,-49.3790000",42,SC-São Bento do Sul,Santa Catarina
Serro,3167103,METROPOLITANA DE BELO HORIZONTE,316710,Sudeste,MG,"-18.6050000\,-43.3790000",31,MG-Serro,Minas Gerais
Abel Figueiredo,1500131,SUDESTE PARAENSE,150013,Norte,PA,"-4.9540000\,-48.3930000",15,PA-Abel Figueiredo,Pará
Águas Lindas de Goiás,5200258,LESTE GOIANO,520025,Centro-Oeste,GO,"-15.7620000\,-48.2820000",52,GO-Águas Lindas de Goiás,Goiás
Olho d'Água das Flores,2705705,SERTAO ALAGOANO,270570,Nordeste,AL,"-9.5360000\,-37.2940000",27,AL-Olho d'Água das Flores,Alagoas
Nazária,2206720,SUDOESTE PIAUIENSE,220672,Nordeste,PI,"-6.9730000\,-42.6720000",22,PI-Nazária,Piauí
Formosa do Rio Preto,2911105,EXTREMO OESTE BAIANO,291110,Nordeste,BA,"-11.0480000\,-45.1930000",29,BA-Formosa do Rio Preto,Bahia
Londrina,4113700,NORTE CENTRAL PARANAENSE,411370,Sul,PR,"-23.3100000\,-51.1630000",41,PR-Londrina,Paraná
Padre Carvalho,3146255,NORTE DE MINAS,314625,Sudeste,MG,"-16.3640000\,-42.5150000",31,MG-Padre Carvalho,Minas Gerais
Rodeio,4215109,VALE DO ITAJAI,421510,Sul,SC,"-26.9230000\,-49.3660000",42,SC-Rodeio,Santa Catarina
Jaguaretama,2306702,JAGUARIBE,230670,Nordeste,CE,"-5.6130000\,-38.7670000",23,CE-Jaguaretama,Ceará
Mamonas,3139250,NORTE DE MINAS,313925,Sudeste,MG,"-15.0500000\,-42.9490000",31,MG-Mamonas,Minas Gerais
Santa Cruz,2513208,SERTAO PARAIBANO,251320,Nordeste,PB,"-6.5330000\,-38.0620000",25,PB-Santa Cruz,Paraíba
Maracanã,1504307,NORDESTE PARAENSE,150430,Norte,PA,"-0.7650000\,-47.4500000",15,PA-Maracanã,Pará
Casca,4304903,NOROESTE RIO-GRANDENSE,430490,Sul,RS,"-28.5610000\,-51.9780000",43,RS-Casca,Rio Grande do Sul
Alagoa Nova,2500403,AGRESTE PARAIBANO,250040,Nordeste,PB,"-7.0710000\,-35.7580000",25,PB-Alagoa Nova,Paraíba
Britânia,5203807,NOROESTE GOIANO,520380,Centro-Oeste,GO,"-15.2410000\,-51.1610000",52,GO-Britânia,Goiás
Serra,3205002,CENTRAL ESPIRITO-SANTENSE,320500,Sudeste,ES,"-20.1290000\,-40.3080000",32,ES-Serra,Espírito Santo
Buriti de Goiás,5203939,CENTRO GOIANO,520393,Centro-Oeste,GO,"-16.1810000\,-50.4310000",52,GO-Buriti de Goiás,Goiás
Bagre,1501105,MARAJO,150110,Norte,PA,"-1.9000000\,-50.1640000",15,PA-Bagre,Pará
Lajedo do Tabocal,2919058,CENTRO SUL BAIANO,291905,Nordeste,BA,"-13.4750000\,-40.2240000",29,BA-Lajedo do Tabocal,Bahia
Crixás,5206404,NOROESTE GOIANO,520640,Centro-Oeste,GO,"-14.5490000\,-49.9690000",52,GO-Crixás,Goiás
São Francisco,3549003,SAO JOSE DO RIO PRETO,354900,Sudeste,SP,"-20.3590000\,-50.6970000",35,SP-São Francisco,São Paulo
Tocantínia,1721109,ORIENTAL DO TOCANTINS,172110,Norte,TO,"-9.5640000\,-48.3770000",17,TO-Tocantínia,Tocantins
Iuiu,2917334,CENTRO SUL BAIANO,291733,Nordeste,BA,"-14.4140000\,-43.5540000",29,BA-Iuiu,Bahia
Peixe-Boi,1505601,NORDESTE PARAENSE,150560,Norte,PA,"-1.1920000\,-47.3140000",15,PA-Peixe-Boi,Pará
Berizal,3106655,NORTE DE MINAS,310665,Sudeste,MG,"-15.6130000\,-41.7450000",31,MG-Berizal,Minas Gerais
Mangueirinha,4114401,CENTRO-SUL PARANAENSE,411440,Sul,PR,"-25.9410000\,-52.1760000",41,PR-Mangueirinha,Paraná
Monte Belo,3143005,SUL/SUDOESTE DE MINAS,314300,Sudeste,MG,"-21.3260000\,-46.3680000",31,MG-Monte Belo,Minas Gerais
Cotia,3513009,METROPOLITANA DE SAO PAULO,351300,Sudeste,SP,"-23.6040000\,-46.9190000",35,SP-Cotia,São Paulo
Biquinhas,3107000,CENTRAL MINEIRA,310700,Sudeste,MG,"-18.7830000\,-45.5020000",31,MG-Biquinhas,Minas Gerais
Ivinhema,5004700,SUDOESTE DE MATO GROSSO DO SUL,500470,Centro-Oeste,MS,"-22.3050000\,-53.8150000",50,MS-Ivinhema,Mato Grosso do Sul
Arantina,3103603,SUL/SUDOESTE DE MINAS,310360,Sudeste,MG,"-21.9110000\,-44.2560000",31,MG-Arantina,Minas Gerais
Crisólita,3120151,VALE DO MUCURI,312015,Sudeste,MG,"-17.2370000\,-40.9120000",31,MG-Crisólita,Minas Gerais
Redenção,2311603,NORTE CEARENSE,231160,Nordeste,CE,"-4.2260000\,-38.7310000",23,CE-Redenção,Ceará
São José da Barra,3162948,SUL/SUDOESTE DE MINAS,316294,Sudeste,MG,"-20.7180000\,-46.3110000",31,MG-São José da Barra,Minas Gerais
Serra dos Aimorés,3166709,VALE DO MUCURI,316670,Sudeste,MG,"-17.7830000\,-40.2480000",31,MG-Serra dos Aimorés,Minas Gerais
São Pedro,3550407,PIRACICABA,355040,Sudeste,SP,"-22.5490000\,-47.9140000",35,SP-São Pedro,São Paulo
Itararé,3523206,ITAPETININGA,352320,Sudeste,SP,"-24.1150000\,-49.3410000",35,SP-Itararé,São Paulo
Mimoso de Goiás,5213053,LESTE GOIANO,521305,Centro-Oeste,GO,"-15.0560000\,-48.1610000",52,GO-Mimoso de Goiás,Goiás
Paramoti,2310407,NORTE CEARENSE,231040,Nordeste,CE,"-4.0970000\,-39.2390000",23,CE-Paramoti,Ceará
Durandé,3123528,ZONA DA MATA,312352,Sudeste,MG,"-20.2030000\,-41.7980000",31,MG-Durandé,Minas Gerais
Alexandria,2400505,OESTE POTIGUAR,240050,Nordeste,RN,"-6.4130000\,-38.0160000",24,RN-Alexandria,Rio Grande do Norte
Assaí,4101903,NORTE PIONEIRO PARANAENSE,410190,Sul,PR,"-23.3730000\,-50.8410000",41,PR-Assaí,Paraná
Mirim Doce,4210852,VALE DO ITAJAI,421085,Sul,SC,"-27.1960000\,-50.0770000",42,SC-Mirim Doce,Santa Catarina
Siriri,2807204,LESTE SERGIPANO,280720,Nordeste,SE,"-10.6040000\,-37.1130000",28,SE-Siriri,Sergipe
Brejolândia,2904407,EXTREMO OESTE BAIANO,290440,Nordeste,BA,"-12.4830000\,-43.9660000",29,BA-Brejolândia,Bahia
São Patrício,5220280,CENTRO GOIANO,522028,Centro-Oeste,GO,"-15.3500000\,-49.8180000",52,GO-São Patrício,Goiás
Ipiranga do Piauí,2204808,SUDESTE PIAUIENSE,220480,Nordeste,PI,"-6.8280000\,-41.7410000",22,PI-Ipiranga do Piauí,Piauí
Ibititá,2913101,CENTRO NORTE BAIANO,291310,Nordeste,BA,"-11.5470000\,-41.9780000",29,BA-Ibititá,Bahia
Itapeva,3522406,ITAPETININGA,352240,Sudeste,SP,"-23.9820000\,-48.8760000",35,SP-Itapeva,São Paulo
Amajari,1400027,NORTE DE RORAIMA,140002,Norte,RR,"3.6520000\,-61.3710000",14,RR-Amajari,Roraima
Riacho dos Machados,3154507,NORTE DE MINAS,315450,Sudeste,MG,"-16.0060000\,-43.0490000",31,MG-Riacho dos Machados,Minas Gerais
Jussari,2918555,SUL BAIANO,291855,Nordeste,BA,"-15.1910000\,-39.4950000",29,BA-Jussari,Bahia
Araçás,2902054,NORDESTE BAIANO,290205,Nordeste,BA,"-12.2200000\,-38.2030000",29,BA-Araçás,Bahia
Presidente Venceslau,3541505,PRESIDENTE PRUDENTE,354150,Sudeste,SP,"-21.8760000\,-51.8440000",35,SP-Presidente Venceslau,São Paulo
Jundiaí do Sul,4112900,NORTE PIONEIRO PARANAENSE,411290,Sul,PR,"-23.4370000\,-50.2480000",41,PR-Jundiaí do Sul,Paraná
Tracunhaém,2615508,MATA PERNAMBUCANA,261550,Nordeste,PE,"-7.8050000\,-35.2400000",26,PE-Tracunhaém,Pernambuco
Vila Bela da Santíssima Trindade,5105507,SUDOESTE MATO-GROSSENSE,510550,Centro-Oeste,MT,"-15.0080000\,-59.9510000",51,MT-Vila Bela da Santíssima Trindade,Mato Grosso
São Domingos,2806800,AGRESTE SERGIPANO,280680,Nordeste,SE,"-10.7910000\,-37.5680000",28,SE-São Domingos,Sergipe
Uru,3555901,BAURU,355590,Sudeste,SP,"-21.7840000\,-49.2810000",35,SP-Uru,São Paulo
Parazinho,2408805,AGRESTE POTIGUAR,240880,Nordeste,RN,"-5.2230000\,-35.8380000",24,RN-Parazinho,Rio Grande do Norte
Olho d'Água do Casado,2705804,SERTAO ALAGOANO,270580,Nordeste,AL,"-9.5010000\,-37.8320000",27,AL-Olho d'Água do Casado,Alagoas
Massapê,2308005,NOROESTE CEARENSE,230800,Nordeste,CE,"-3.5230000\,-40.3430000",23,CE-Massapê,Ceará
Luiziânia,3527702,ARACATUBA,352770,Sudeste,SP,"-21.6760000\,-50.3270000",35,SP-Luiziânia,São Paulo
Águas da Prata,3500402,CAMPINAS,350040,Sudeste,SP,"-21.9370000\,-46.7170000",35,SP-Águas da Prata,São Paulo
Turmalina,3169703,JEQUITINHONHA,316970,Sudeste,MG,"-17.2860000\,-42.7300000",31,MG-Turmalina,Minas Gerais
Torres,4321501,METROPOLITANA DE PORTO ALEGRE,432150,Sul,RS,"-29.3350000\,-49.7270000",43,RS-Torres,Rio Grande do Sul
Cacaulândia,1100601,LESTE RONDONIENSE,110060,Norte,RO,"-10.3400000\,-62.8960000",11,RO-Cacaulândia,Rondônia
São Carlos,4216008,OESTE CATARINENSE,421600,Sul,SC,"-27.0780000\,-53.0040000",42,SC-São Carlos,Santa Catarina
Munhoz de Melo,4116307,NORTE CENTRAL PARANAENSE,411630,Sul,PR,"-23.1480000\,-51.7740000",41,PR-Munhoz de Melo,Paraná
Itaparica,2916104,METROPOLITANA DE SALVADOR,291610,Nordeste,BA,"-12.8880000\,-38.6790000",29,BA-Itaparica,Bahia
São José de Caiana,2514305,SERTAO PARAIBANO,251430,Nordeste,PB,"-7.2490000\,-38.3010000",25,PB-São José de Caiana,Paraíba
Guapirama,4109005,NORTE PIONEIRO PARANAENSE,410900,Sul,PR,"-23.5160000\,-50.0400000",41,PR-Guapirama,Paraná
Santo Expedito do Sul,4317954,NOROESTE RIO-GRANDENSE,431795,Sul,RS,"-27.9080000\,-51.6450000",43,RS-Santo Expedito do Sul,Rio Grande do Sul
Altamira do Maranhão,2100402,OESTE MARANHENSE,210040,Nordeste,MA,"-4.1650000\,-45.4700000",21,MA-Altamira do Maranhão,Maranhão
Minduri,3141900,SUL/SUDOESTE DE MINAS,314190,Sudeste,MG,"-21.6820000\,-44.6040000",31,MG-Minduri,Minas Gerais
Ouro Velho,2510600,BORBOREMA,251060,Nordeste,PB,"-7.6200000\,-37.1520000",25,PB-Ouro Velho,Paraíba
Maranhãozinho,2106375,OESTE MARANHENSE,210637,Nordeste,MA,"-2.2410000\,-45.8510000",21,MA-Maranhãozinho,Maranhão
Caibaté,4303301,NOROESTE RIO-GRANDENSE,430330,Sul,RS,"-28.2880000\,-54.6380000",43,RS-Caibaté,Rio Grande do Sul
Vera Cruz,4322707,CENTRO ORIENTAL RIO-GRANDENSE,432270,Sul,RS,"-29.7150000\,-52.5060000",43,RS-Vera Cruz,Rio Grande do Sul
Contagem,3118601,METROPOLITANA DE BELO HORIZONTE,311860,Sudeste,MG,"-19.9320000\,-44.0540000",31,MG-Contagem,Minas Gerais
Santanópolis,2928307,CENTRO NORTE BAIANO,292830,Nordeste,BA,"-12.0170000\,-38.8670000",29,BA-Santanópolis,Bahia
São João da Ponta,1507466,NORDESTE PARAENSE,150746,Norte,PA,"-0.8500000\,-47.9200000",15,PA-São João da Ponta,Pará
Boa Vista do Buricá,4302204,NOROESTE RIO-GRANDENSE,430220,Sul,RS,"-27.6690000\,-54.1100000",43,RS-Boa Vista do Buricá,Rio Grande do Sul
Talismã,1720978,OCIDENTAL DO TOCANTINS,172097,Norte,TO,"-12.7950000\,-49.0930000",17,TO-Talismã,Tocantins
Americano do Brasil,5200852,CENTRO GOIANO,520085,Centro-Oeste,GO,"-16.2550000\,-49.9830000",52,GO-Americano do Brasil,Goiás
Imaculada,2506707,SERTAO PARAIBANO,250670,Nordeste,PB,"-7.3900000\,-37.5090000",25,PB-Imaculada,Paraíba
Cândido Sales,2906709,CENTRO SUL BAIANO,290670,Nordeste,BA,"-15.5050000\,-41.2390000",29,BA-Cândido Sales,Bahia
Ribeirópolis,2806008,SERTAO SERGIPANO,280600,Nordeste,SE,"-10.5390000\,-37.4170000",28,SE-Ribeirópolis,Sergipe
Brasília de Minas,3108602,NORTE DE MINAS,310860,Sudeste,MG,"-16.2080000\,-44.4290000",31,MG-Brasília de Minas,Minas Gerais
Taquara,4321204,METROPOLITANA DE PORTO ALEGRE,432120,Sul,RS,"-29.6510000\,-50.7810000",43,RS-Taquara,Rio Grande do Sul
Abdon Batista,4200051,SERRANA,420005,Sul,SC,"-27.6110000\,-51.0230000",42,SC-Abdon Batista,Santa Catarina
Divino das Laranjeiras,3122108,VALE DO RIO DOCE,312210,Sudeste,MG,"-18.7780000\,-41.4800000",31,MG-Divino das Laranjeiras,Minas Gerais
Turuçu,4322327,SUDESTE RIO-GRANDENSE,432232,Sul,RS,"-31.4220000\,-52.1780000",43,RS-Turuçu,Rio Grande do Sul
Reginópolis,3542503,BAURU,354250,Sudeste,SP,"-21.8880000\,-49.2250000",35,SP-Reginópolis,São Paulo
Jucurutu,2406106,OESTE POTIGUAR,240610,Nordeste,RN,"-6.0340000\,-37.0200000",24,RN-Jucurutu,Rio Grande do Norte
Nossa Senhora do Livramento,5106109,CENTRO-SUL MATO-GROSSENSE,510610,Centro-Oeste,MT,"-15.7750000\,-56.3460000",51,MT-Nossa Senhora do Livramento,Mato Grosso
Caieiras,3509007,METROPOLITANA DE SAO PAULO,350900,Sudeste,SP,"-23.3640000\,-46.7410000",35,SP-Caieiras,São Paulo
São João da Serra,2209906,CENTRO-NORTE PIAUIENSE,220990,Nordeste,PI,"-5.5140000\,-41.8990000",22,PI-São João da Serra,Piauí
Terra Alta,1507961,NORDESTE PARAENSE,150796,Norte,PA,"-1.0380000\,-47.9080000",15,PA-Terra Alta,Pará
Porteirão,5218052,SUL GOIANO,521805,Centro-Oeste,GO,"-17.8150000\,-50.1640000",52,GO-Porteirão,Goiás
Capitão de Campos,2202406,CENTRO-NORTE PIAUIENSE,220240,Nordeste,PI,"-4.4570000\,-41.9440000",22,PI-Capitão de Campos,Piauí
Varginha,3170701,SUL/SUDOESTE DE MINAS,317070,Sudeste,MG,"-21.5510000\,-45.4300000",31,MG-Varginha,Minas Gerais
Maria Helena,4114708,NOROESTE PARANAENSE,411470,Sul,PR,"-23.6160000\,-53.2050000",41,PR-Maria Helena,Paraná
Piracuruca,2208304,NORTE PIAUIENSE,220830,Nordeste,PI,"-3.9280000\,-41.7090000",22,PI-Piracuruca,Piauí
Rio Verde,5218805,SUL GOIANO,521880,Centro-Oeste,GO,"-17.7980000\,-50.9280000",52,GO-Rio Verde,Goiás
Cabo Verde,3109501,SUL/SUDOESTE DE MINAS,310950,Sudeste,MG,"-21.4720000\,-46.3960000",31,MG-Cabo Verde,Minas Gerais
Malhada de Pedras,2920304,CENTRO SUL BAIANO,292030,Nordeste,BA,"-14.3880000\,-41.8790000",29,BA-Malhada de Pedras,Bahia
Pires do Rio,5217401,SUL GOIANO,521740,Centro-Oeste,GO,"-17.3010000\,-48.2800000",52,GO-Pires do Rio,Goiás
Santo Antônio dos Milagres,2209450,CENTRO-NORTE PIAUIENSE,220945,Nordeste,PI,"-6.0470000\,-42.7100000",22,PI-Santo Antônio dos Milagres,Piauí
Angelim,2601003,AGRESTE PERNAMBUCANO,260100,Nordeste,PE,"-8.8900000\,-36.2860000",26,PE-Angelim,Pernambuco
Cafarnaum,2905305,CENTRO NORTE BAIANO,290530,Nordeste,BA,"-11.6940000\,-41.4680000",29,BA-Cafarnaum,Bahia
Santa Ernestina,3546504,RIBEIRAO PRETO,354650,Sudeste,SP,"-21.4630000\,-48.3910000",35,SP-Santa Ernestina,São Paulo
Toledo,4127700,OESTE PARANAENSE,412770,Sul,PR,"-24.7140000\,-53.7430000",41,PR-Toledo,Paraná
Nova Russas,2309300,SERTOES CEARENSES,230930,Nordeste,CE,"-4.7070000\,-40.5630000",23,CE-Nova Russas,Ceará
Ituberá,2917300,SUL BAIANO,291730,Nordeste,BA,"-13.7320000\,-39.1490000",29,BA-Ituberá,Bahia
Anicuns,5201306,CENTRO GOIANO,520130,Centro-Oeste,GO,"-16.4610000\,-49.9620000",52,GO-Anicuns,Goiás
Cabrália Paulista,3508306,BAURU,350830,Sudeste,SP,"-22.4560000\,-49.3380000",35,SP-Cabrália Paulista,São Paulo
Altaneira,2300606,SUL CEARENSE,230060,Nordeste,CE,"-7.0020000\,-39.7410000",23,CE-Altaneira,Ceará
Tuntum,2112308,CENTRO MARANHENSE,211230,Nordeste,MA,"-5.2580000\,-44.6490000",21,MA-Tuntum,Maranhão
São Francisco do Piauí,2209708,SUDOESTE PIAUIENSE,220970,Nordeste,PI,"-7.2510000\,-42.5430000",22,PI-São Francisco do Piauí,Piauí
Vitória,3205309,CENTRAL ESPIRITO-SANTENSE,320530,Sudeste,ES,"-20.3190000\,-40.3380000",32,ES-Vitória,Espírito Santo
Camargo,4303558,NOROESTE RIO-GRANDENSE,430355,Sul,RS,"-28.5870000\,-52.2020000",43,RS-Camargo,Rio Grande do Sul
Westfália,4323770,CENTRO ORIENTAL RIO-GRANDENSE,432377,Sul,RS,"-29.4170000\,-51.7650000",43,RS-Westfália,Rio Grande do Sul
Angical,2901403,EXTREMO OESTE BAIANO,290140,Nordeste,BA,"-12.0070000\,-44.6940000",29,BA-Angical,Bahia
Cordeiros,2909000,CENTRO SUL BAIANO,290900,Nordeste,BA,"-15.0390000\,-41.9350000",29,BA-Cordeiros,Bahia
Ibiara,2506608,SERTAO PARAIBANO,250660,Nordeste,PB,"-7.5010000\,-38.4050000",25,PB-Ibiara,Paraíba
Monte Azul Paulista,3531506,RIBEIRAO PRETO,353150,Sudeste,SP,"-20.9070000\,-48.6410000",35,SP-Monte Azul Paulista,São Paulo
Castilho,3511003,ARACATUBA,351100,Sudeste,SP,"-20.8720000\,-51.4880000",35,SP-Castilho,São Paulo
Santa Terezinha do Progresso,4215687,OESTE CATARINENSE,421568,Sul,SC,"-26.6190000\,-53.2020000",42,SC-Santa Terezinha do Progresso,Santa Catarina
Peritoró,2108454,LESTE MARANHENSE,210845,Nordeste,MA,"-4.3830000\,-44.3330000",21,MA-Peritoró,Maranhão
Campina Verde,3111101,TRIANGULO MINEIRO/ALTO PARANAIBA,311110,Sudeste,MG,"-19.5360000\,-49.4860000",31,MG-Campina Verde,Minas Gerais
Pedra Preta,5106372,SUDESTE MATO-GROSSENSE,510637,Centro-Oeste,MT,"-16.6230000\,-54.4740000",51,MT-Pedra Preta,Mato Grosso
Matozinhos,3141108,METROPOLITANA DE BELO HORIZONTE,314110,Sudeste,MG,"-19.5580000\,-44.0810000",31,MG-Matozinhos,Minas Gerais
Itaverava,3133907,METROPOLITANA DE BELO HORIZONTE,313390,Sudeste,MG,"-20.6780000\,-43.6100000",31,MG-Itaverava,Minas Gerais
Santa Quitéria do Maranhão,2110104,LESTE MARANHENSE,211010,Nordeste,MA,"-3.5160000\,-42.5470000",21,MA-Santa Quitéria do Maranhão,Maranhão
Formosa da Serra Negra,2104099,CENTRO MARANHENSE,210409,Nordeste,MA,"-6.4350000\,-46.1910000",21,MA-Formosa da Serra Negra,Maranhão
Indiana,3520608,PRESIDENTE PRUDENTE,352060,Sudeste,SP,"-22.1740000\,-51.2520000",35,SP-Indiana,São Paulo
Umuarama,4128104,NOROESTE PARANAENSE,412810,Sul,PR,"-23.7660000\,-53.3250000",41,PR-Umuarama,Paraná
Pedro Régis,2512721,MATA PARAIBANA,251272,Nordeste,PB,"-6.6330000\,-35.2970000",25,PB-Pedro Régis,Paraíba
Francisco Ayres,2204105,CENTRO-NORTE PIAUIENSE,220410,Nordeste,PI,"-6.6230000\,-42.6930000",22,PI-Francisco Ayres,Piauí
Martinho Campos,3140506,CENTRAL MINEIRA,314050,Sudeste,MG,"-19.3320000\,-45.2370000",31,MG-Martinho Campos,Minas Gerais
Caarapó,5002407,SUDOESTE DE MATO GROSSO DO SUL,500240,Centro-Oeste,MS,"-22.6340000\,-54.8220000",50,MS-Caarapó,Mato Grosso do Sul
Dois Irmãos do Tocantins,1707207,OCIDENTAL DO TOCANTINS,170720,Norte,TO,"-9.2580000\,-49.0640000",17,TO-Dois Irmãos do Tocantins,Tocantins
Canápolis,3111804,TRIANGULO MINEIRO/ALTO PARANAIBA,311180,Sudeste,MG,"-18.7250000\,-49.2040000",31,MG-Canápolis,Minas Gerais
Arcoverde,2601201,SERTAO PERNAMBUCANO,260120,Nordeste,PE,"-8.4190000\,-37.0540000",26,PE-Arcoverde,Pernambuco
Fundão,3202207,LITORAL NORTE ESPIRITO-SANTENSE,320220,Sudeste,ES,"-19.9330000\,-40.4070000",32,ES-Fundão,Espírito Santo
Araporã,3103751,TRIANGULO MINEIRO/ALTO PARANAIBA,310375,Sudeste,MG,"-18.4370000\,-49.1870000",31,MG-Araporã,Minas Gerais
Jequeri,3135506,ZONA DA MATA,313550,Sudeste,MG,"-20.4560000\,-42.6660000",31,MG-Jequeri,Minas Gerais
Dois Córregos,3514106,BAURU,351410,Sudeste,SP,"-22.3660000\,-48.3800000",35,SP-Dois Córregos,São Paulo
Guanambi,2911709,CENTRO SUL BAIANO,291170,Nordeste,BA,"-14.2230000\,-42.7810000",29,BA-Guanambi,Bahia
Santa Rita do Tocantins,1718899,OCIDENTAL DO TOCANTINS,171889,Norte,TO,"-10.8610000\,-48.9140000",17,TO-Santa Rita do Tocantins,Tocantins
Barra de São Miguel,2501708,BORBOREMA,250170,Nordeste,PB,"-7.7510000\,-36.3180000",25,PB-Barra de São Miguel,Paraíba
São Pedro do Ivaí,4125803,NORTE CENTRAL PARANAENSE,412580,Sul,PR,"-23.8650000\,-51.8560000",41,PR-São Pedro do Ivaí,Paraná
São Tomé,4126108,NOROESTE PARANAENSE,412610,Sul,PR,"-23.5380000\,-52.5910000",41,PR-São Tomé,Paraná
Itamarati de Minas,3132602,ZONA DA MATA,313260,Sudeste,MG,"-21.4160000\,-42.8180000",31,MG-Itamarati de Minas,Minas Gerais
Pedro Osório,4314209,SUDESTE RIO-GRANDENSE,431420,Sul,RS,"-31.8640000\,-52.8230000",43,RS-Pedro Osório,Rio Grande do Sul
Passo de Camaragibe,2706505,LESTE ALAGOANO,270650,Nordeste,AL,"-9.2380000\,-35.4930000",27,AL-Passo de Camaragibe,Alagoas
Goiatins,1709005,ORIENTAL DO TOCANTINS,170900,Norte,TO,"-7.7100000\,-47.3140000",17,TO-Goiatins,Tocantins
Ouriçangas,2923308,CENTRO NORTE BAIANO,292330,Nordeste,BA,"-12.0170000\,-38.6170000",29,BA-Ouriçangas,Bahia
Santa Filomena,2612554,SERTAO PERNAMBUCANO,261255,Nordeste,PE,"-8.1630000\,-40.6160000",26,PE-Santa Filomena,Pernambuco
Cerro Azul,4105201,METROPOLITANA DE CURITIBA,410520,Sul,PR,"-24.8240000\,-49.2610000",41,PR-Cerro Azul,Paraná
Barão de Melgaço,5101605,CENTRO-SUL MATO-GROSSENSE,510160,Centro-Oeste,MT,"-16.2790000\,-55.9580000",51,MT-Barão de Melgaço,Mato Grosso
Ouro Preto do Oeste,1100155,LESTE RONDONIENSE,110015,Norte,RO,"-10.7160000\,-62.2480000",11,RO-Ouro Preto do Oeste,Rondônia
Itamonte,3133006,SUL/SUDOESTE DE MINAS,313300,Sudeste,MG,"-22.2840000\,-44.8700000",31,MG-Itamonte,Minas Gerais
Parobé,4314050,METROPOLITANA DE PORTO ALEGRE,431405,Sul,RS,"-29.6290000\,-50.8350000",43,RS-Parobé,Rio Grande do Sul
Assunção do Piauí,2201051,CENTRO-NORTE PIAUIENSE,220105,Nordeste,PI,"-5.1980000\,-41.0440000",22,PI-Assunção do Piauí,Piauí
Romelândia,4215208,OESTE CATARINENSE,421520,Sul,SC,"-26.6760000\,-53.3140000",42,SC-Romelândia,Santa Catarina
Santa Salete,3547650,SAO JOSE DO RIO PRETO,354765,Sudeste,SP,"-20.2450000\,-50.6880000",35,SP-Santa Salete,São Paulo
Wenceslau Braz,3172202,SUL/SUDOESTE DE MINAS,317220,Sudeste,MG,"-22.5340000\,-45.3630000",31,MG-Wenceslau Braz,Minas Gerais
Duartina,3514502,BAURU,351450,Sudeste,SP,"-22.4140000\,-49.4040000",35,SP-Duartina,São Paulo
Araguaçu,1702000,OCIDENTAL DO TOCANTINS,170200,Norte,TO,"-12.9310000\,-49.8260000",17,TO-Araguaçu,Tocantins
Niterói,3303302,METROPOLITANA DO RIO DE JANEIRO,330330,Sudeste,RJ,"-22.8830000\,-43.1040000",33,RJ-Niterói,Rio de Janeiro
Palmeiras de Goiás,5215702,SUL GOIANO,521570,Centro-Oeste,GO,"-16.8050000\,-49.9260000",52,GO-Palmeiras de Goiás,Goiás
Ribeira,3542800,ITAPETININGA,354280,Sudeste,SP,"-24.6570000\,-49.0090000",35,SP-Ribeira,São Paulo
Iporanga,3521200,ITAPETININGA,352120,Sudeste,SP,"-24.5860000\,-48.5930000",35,SP-Iporanga,São Paulo
Santana da Vargem,3158300,SUL/SUDOESTE DE MINAS,315830,Sudeste,MG,"-21.2490000\,-45.5070000",31,MG-Santana da Vargem,Minas Gerais
Sapucaia,3305406,CENTRO FLUMINENSE,330540,Sudeste,RJ,"-21.9950000\,-42.9140000",33,RJ-Sapucaia,Rio de Janeiro
Lagoa Alegre,2205557,CENTRO-NORTE PIAUIENSE,220555,Nordeste,PI,"-4.5160000\,-42.6250000",22,PI-Lagoa Alegre,Piauí
Colares,1502608,NORDESTE PARAENSE,150260,Norte,PA,"-0.9370000\,-48.2820000",15,PA-Colares,Pará
Lajedinho,2919009,CENTRO NORTE BAIANO,291900,Nordeste,BA,"-12.3560000\,-40.9060000",29,BA-Lajedinho,Bahia
Arroio do Meio,4301008,CENTRO ORIENTAL RIO-GRANDENSE,430100,Sul,RS,"-29.4010000\,-51.9450000",43,RS-Arroio do Meio,Rio Grande do Sul
Guaraniaçu,4109302,OESTE PARANAENSE,410930,Sul,PR,"-25.1010000\,-52.8780000",41,PR-Guaraniaçu,Paraná
Santana do Itararé,4124004,NORTE PIONEIRO PARANAENSE,412400,Sul,PR,"-23.7550000\,-49.6290000",41,PR-Santana do Itararé,Paraná
Patis,3147956,NORTE DE MINAS,314795,Sudeste,MG,"-16.0760000\,-44.0820000",31,MG-Patis,Minas Gerais
Faina,5207535,NOROESTE GOIANO,520753,Centro-Oeste,GO,"-15.4460000\,-50.3610000",52,GO-Faina,Goiás
Lagoão,4311254,NOROESTE RIO-GRANDENSE,431125,Sul,RS,"-29.2350000\,-52.7960000",43,RS-Lagoão,Rio Grande do Sul
Tocos do Moji,3169059,SUL/SUDOESTE DE MINAS,316905,Sudeste,MG,"-22.3710000\,-46.0960000",31,MG-Tocos do Moji,Minas Gerais
Manoel Viana,4311759,SUDOESTE RIO-GRANDENSE,431175,Sul,RS,"-29.5890000\,-55.4830000",43,RS-Manoel Viana,Rio Grande do Sul
Astolfo Dutra,3104601,ZONA DA MATA,310460,Sudeste,MG,"-21.3150000\,-42.8620000",31,MG-Astolfo Dutra,Minas Gerais
Itapejara d'Oeste,4111209,SUDOESTE PARANAENSE,411120,Sul,PR,"-25.9650000\,-52.8160000",41,PR-Itapejara d'Oeste,Paraná
Tenente Laurentino Cruz,2414159,CENTRAL POTIGUAR,241415,Nordeste,RN,"-6.1480000\,-36.7190000",24,RN-Tenente Laurentino Cruz,Rio Grande do Norte
Garuva,4205803,NORTE CATARINENSE,420580,Sul,SC,"-26.0270000\,-48.8550000",42,SC-Garuva,Santa Catarina
Areal,3300225,CENTRO FLUMINENSE,330022,Sudeste,RJ,"-22.2310000\,-43.1060000",33,RJ-Areal,Rio de Janeiro
Jataúba,2608008,AGRESTE PERNAMBUCANO,260800,Nordeste,PE,"-7.9900000\,-36.4960000",26,PE-Jataúba,Pernambuco
São Raimundo do Doca Bezerra,2111631,CENTRO MARANHENSE,211163,Nordeste,MA,"-5.1050000\,-45.0770000",21,MA-São Raimundo do Doca Bezerra,Maranhão
Bocaina,2201804,SUDESTE PIAUIENSE,220180,Nordeste,PI,"-6.9430000\,-41.3230000",22,PI-Bocaina,Piauí
Três de Maio,4321808,NOROESTE RIO-GRANDENSE,432180,Sul,RS,"-27.7730000\,-54.2400000",43,RS-Três de Maio,Rio Grande do Sul
Pilão Arcado,2924405,VALE SAO-FRANCISCANO DA BAHIA,292440,Nordeste,BA,"-10.0030000\,-42.5040000",29,BA-Pilão Arcado,Bahia
Adelândia,5200159,CENTRO GOIANO,520015,Centro-Oeste,GO,"-16.4150000\,-50.1660000",52,GO-Adelândia,Goiás
Biguaçu,4202305,GRANDE FLORIANOPOLIS,420230,Sul,SC,"-27.4940000\,-48.6560000",42,SC-Biguaçu,Santa Catarina
Castanheira,5102850,NORTE MATO-GROSSENSE,510285,Centro-Oeste,MT,"-11.1330000\,-58.6030000",51,MT-Castanheira,Mato Grosso
Bonfinópolis de Minas,3108206,NOROESTE DE MINAS,310820,Sudeste,MG,"-16.5670000\,-45.9900000",31,MG-Bonfinópolis de Minas,Minas Gerais
Dom Viçoso,3122801,SUL/SUDOESTE DE MINAS,312280,Sudeste,MG,"-22.2540000\,-45.1610000",31,MG-Dom Viçoso,Minas Gerais
Poção de Pedras,2108900,CENTRO MARANHENSE,210890,Nordeste,MA,"-4.7460000\,-44.9430000",21,MA-Poção de Pedras,Maranhão
Mandaguaçu,4114104,NORTE CENTRAL PARANAENSE,411410,Sul,PR,"-23.3470000\,-52.0950000",41,PR-Mandaguaçu,Paraná
Porteirinha,3152204,NORTE DE MINAS,315220,Sudeste,MG,"-15.7430000\,-43.0280000",31,MG-Porteirinha,Minas Gerais
Campos dos Goytacazes,3301009,NORTE FLUMINENSE,330100,Sudeste,RJ,"-21.7540000\,-41.3240000",33,RJ-Campos dos Goytacazes,Rio de Janeiro
Cosmópolis,3512803,CAMPINAS,351280,Sudeste,SP,"-22.6460000\,-47.1960000",35,SP-Cosmópolis,São Paulo
Graça,2304657,NOROESTE CEARENSE,230465,Nordeste,CE,"-4.0460000\,-40.7530000",23,CE-Graça,Ceará
Mariana,3140001,METROPOLITANA DE BELO HORIZONTE,314000,Sudeste,MG,"-20.3780000\,-43.4160000",31,MG-Mariana,Minas Gerais
Queluzito,3153806,METROPOLITANA DE BELO HORIZONTE,315380,Sudeste,MG,"-20.7400000\,-43.8840000",31,MG-Queluzito,Minas Gerais
Itapirapuã Paulista,3522653,ITAPETININGA,352265,Sudeste,SP,"-24.5740000\,-49.1680000",35,SP-Itapirapuã Paulista,São Paulo
Nova Aliança,3532801,SAO JOSE DO RIO PRETO,353280,Sudeste,SP,"-21.0160000\,-49.4960000",35,SP-Nova Aliança,São Paulo
Lambari,3137809,SUL/SUDOESTE DE MINAS,313780,Sudeste,MG,"-21.9760000\,-45.3500000",31,MG-Lambari,Minas Gerais
Godoy Moreira,4108551,NORTE CENTRAL PARANAENSE,410855,Sul,PR,"-24.1770000\,-51.9240000",41,PR-Godoy Moreira,Paraná
Upanema,2414605,OESTE POTIGUAR,241460,Nordeste,RN,"-5.6420000\,-37.2580000",24,RN-Upanema,Rio Grande do Norte
Paranaíba,5006309,LESTE DE MATO GROSSO DO SUL,500630,Centro-Oeste,MS,"-19.6770000\,-51.1910000",50,MS-Paranaíba,Mato Grosso do Sul
Cardeal da Silva,2907004,NORDESTE BAIANO,290700,Nordeste,BA,"-11.9420000\,-37.9490000",29,BA-Cardeal da Silva,Bahia
Piedade do Rio Grande,3150307,CAMPO DAS VERTENTES,315030,Sudeste,MG,"-21.4690000\,-44.1960000",31,MG-Piedade do Rio Grande,Minas Gerais
Monte Alegre de Goiás,5213509,NORTE GOIANO,521350,Centro-Oeste,GO,"-13.2560000\,-46.9010000",52,GO-Monte Alegre de Goiás,Goiás
Natuba,2509909,AGRESTE PARAIBANO,250990,Nordeste,PB,"-7.6410000\,-35.5500000",25,PB-Natuba,Paraíba
São Carlos,3548906,ARARAQUARA,354890,Sudeste,SP,"-22.0180000\,-47.8910000",35,SP-São Carlos,São Paulo
Vera Cruz,2933208,METROPOLITANA DE SALVADOR,293320,Nordeste,BA,"-12.9600000\,-38.6090000",29,BA-Vera Cruz,Bahia
Riachuelo,2805901,LESTE SERGIPANO,280590,Nordeste,SE,"-10.7280000\,-37.1870000",28,SE-Riachuelo,Sergipe
Anajatuba,2100709,NORTE MARANHENSE,210070,Nordeste,MA,"-3.2640000\,-44.6200000",21,MA-Anajatuba,Maranhão
São Miguel do Iguaçu,4125704,OESTE PARANAENSE,412570,Sul,PR,"-25.3480000\,-54.2380000",41,PR-São Miguel do Iguaçu,Paraná
Santa Bárbara do Leste,3157252,VALE DO RIO DOCE,315725,Sudeste,MG,"-19.9780000\,-42.1400000",31,MG-Santa Bárbara do Leste,Minas Gerais
São José dos Basílios,2111250,CENTRO MARANHENSE,211125,Nordeste,MA,"-5.0510000\,-44.5840000",21,MA-São José dos Basílios,Maranhão
Rio Pomba,3155801,ZONA DA MATA,315580,Sudeste,MG,"-21.2750000\,-43.1790000",31,MG-Rio Pomba,Minas Gerais
Araras,3503307,PIRACICABA,350330,Sudeste,SP,"-22.3570000\,-47.3840000",35,SP-Araras,São Paulo
Tiradentes,3168804,CAMPO DAS VERTENTES,316880,Sudeste,MG,"-21.1100000\,-44.1780000",31,MG-Tiradentes,Minas Gerais
Divinolândia de Minas,3122207,VALE DO RIO DOCE,312220,Sudeste,MG,"-18.8040000\,-42.5980000",31,MG-Divinolândia de Minas,Minas Gerais
Centro do Guilherme,2103158,OESTE MARANHENSE,210315,Nordeste,MA,"-2.3690000\,-46.0020000",21,MA-Centro do Guilherme,Maranhão
Pacujá,2309904,NOROESTE CEARENSE,230990,Nordeste,CE,"-3.9880000\,-40.6970000",23,CE-Pacujá,Ceará
Salvador do Sul,4316501,METROPOLITANA DE PORTO ALEGRE,431650,Sul,RS,"-29.4380000\,-51.5110000",43,RS-Salvador do Sul,Rio Grande do Sul
Conceição,2504405,SERTAO PARAIBANO,250440,Nordeste,PB,"-7.5620000\,-38.5090000",25,PB-Conceição,Paraíba
Sertânia,2614105,SERTAO PERNAMBUCANO,261410,Nordeste,PE,"-8.0740000\,-37.2640000",26,PE-Sertânia,Pernambuco
Pombos,2611309,MATA PERNAMBUCANA,261130,Nordeste,PE,"-8.1410000\,-35.3960000",26,PE-Pombos,Pernambuco
Votuporanga,3557105,SAO JOSE DO RIO PRETO,355710,Sudeste,SP,"-20.4230000\,-49.9730000",35,SP-Votuporanga,São Paulo
Santa Cruz Cabrália,2927705,SUL BAIANO,292770,Nordeste,BA,"-16.2780000\,-39.0250000",29,BA-Santa Cruz Cabrália,Bahia
Novo Horizonte do Sul,5006259,SUDOESTE DE MATO GROSSO DO SUL,500625,Centro-Oeste,MS,"-22.6690000\,-53.8600000",50,MS-Novo Horizonte do Sul,Mato Grosso do Sul
Santo André,3547809,METROPOLITANA DE SAO PAULO,354780,Sudeste,SP,"-23.6640000\,-46.5380000",35,SP-Santo André,São Paulo
Coronel Freitas,4204400,OESTE CATARINENSE,420440,Sul,SC,"-26.9090000\,-52.7030000",42,SC-Coronel Freitas,Santa Catarina
Gabriel Monteiro,3516507,ARACATUBA,351650,Sudeste,SP,"-21.5310000\,-50.5550000",35,SP-Gabriel Monteiro,São Paulo
Coroatá,2103604,LESTE MARANHENSE,210360,Nordeste,MA,"-4.1300000\,-44.1240000",21,MA-Coroatá,Maranhão
Jacutinga,4310900,NOROESTE RIO-GRANDENSE,431090,Sul,RS,"-27.7290000\,-52.5350000",43,RS-Jacutinga,Rio Grande do Sul
Geminiano,2204352,SUDESTE PIAUIENSE,220435,Nordeste,PI,"-7.1580000\,-41.3610000",22,PI-Geminiano,Piauí
Muricilândia,1713957,OCIDENTAL DO TOCANTINS,171395,Norte,TO,"-7.1470000\,-48.6110000",17,TO-Muricilândia,Tocantins
Porto,2208502,NORTE PIAUIENSE,220850,Nordeste,PI,"-3.8930000\,-42.7100000",22,PI-Porto,Piauí
Criciúma,4204608,SUL CATARINENSE,420460,Sul,SC,"-28.6780000\,-49.3700000",42,SC-Criciúma,Santa Catarina
Valente,2933000,NORDESTE BAIANO,293300,Nordeste,BA,"-11.4120000\,-39.4620000",29,BA-Valente,Bahia
Mari,2509107,MATA PARAIBANA,250910,Nordeste,PB,"-7.0600000\,-35.3190000",25,PB-Mari,Paraíba
Jundiaí,3525904,MACRO METROPOLITANA PAULISTA,352590,Sudeste,SP,"-23.1860000\,-46.8840000",35,SP-Jundiaí,São Paulo
Setubinha,3165552,VALE DO MUCURI,316555,Sudeste,MG,"-17.6000000\,-42.1590000",31,MG-Setubinha,Minas Gerais
Rio do Pires,2926905,CENTRO SUL BAIANO,292690,Nordeste,BA,"-13.1280000\,-42.2920000",29,BA-Rio do Pires,Bahia
Natal,2408102,LESTE POTIGUAR,240810,Nordeste,RN,"-5.7950000\,-35.2090000",24,RN-Natal,Rio Grande do Norte
Babaçulândia,1703008,OCIDENTAL DO TOCANTINS,170300,Norte,TO,"-7.2050000\,-47.7570000",17,TO-Babaçulândia,Tocantins
Galvão,4205605,OESTE CATARINENSE,420560,Sul,SC,"-26.4550000\,-52.6860000",42,SC-Galvão,Santa Catarina
Itinga,3134004,JEQUITINHONHA,313400,Sudeste,MG,"-16.6130000\,-41.7650000",31,MG-Itinga,Minas Gerais
Gandu,2911204,SUL BAIANO,291120,Nordeste,BA,"-13.7440000\,-39.4870000",29,BA-Gandu,Bahia
Governador Edison Lobão,2104552,OESTE MARANHENSE,210455,Nordeste,MA,"-5.7490000\,-47.3610000",21,MA-Governador Edison Lobão,Maranhão
Baraúna,2401453,OESTE POTIGUAR,240145,Nordeste,RN,"-5.0800000\,-37.6170000",24,RN-Baraúna,Rio Grande do Norte
Jaíba,3135050,NORTE DE MINAS,313505,Sudeste,MG,"-15.3380000\,-43.6740000",31,MG-Jaíba,Minas Gerais
São Simão,5220405,SUL GOIANO,522040,Centro-Oeste,GO,"-18.9910000\,-50.5440000",52,GO-São Simão,Goiás
Patrocínio,3148103,TRIANGULO MINEIRO/ALTO PARANAIBA,314810,Sudeste,MG,"-18.9440000\,-46.9930000",31,MG-Patrocínio,Minas Gerais
Pareci Novo,4314035,METROPOLITANA DE PORTO ALEGRE,431403,Sul,RS,"-29.6380000\,-51.3980000",43,RS-Pareci Novo,Rio Grande do Sul
Arapoti,4101606,CENTRO ORIENTAL PARANAENSE,410160,Sul,PR,"-24.1580000\,-49.8270000",41,PR-Arapoti,Paraná
Igaci,2703106,AGRESTE ALAGOANO,270310,Nordeste,AL,"-9.5370000\,-36.6340000",27,AL-Igaci,Alagoas
Rio do Prado,3155108,JEQUITINHONHA,315510,Sudeste,MG,"-16.6080000\,-40.5700000",31,MG-Rio do Prado,Minas Gerais
Tapiraí,3553500,MACRO METROPOLITANA PAULISTA,355350,Sudeste,SP,"-23.9640000\,-47.5070000",35,SP-Tapiraí,São Paulo
Santa Isabel do Ivaí,4123709,NOROESTE PARANAENSE,412370,Sul,PR,"-23.0030000\,-53.1970000",41,PR-Santa Isabel do Ivaí,Paraná
Planalto da Serra,5106455,NORTE MATO-GROSSENSE,510645,Centro-Oeste,MT,"-14.6580000\,-54.7740000",51,MT-Planalto da Serra,Mato Grosso
São Sebastião do Maranhão,3164506,VALE DO RIO DOCE,316450,Sudeste,MG,"-18.0840000\,-42.5710000",31,MG-São Sebastião do Maranhão,Minas Gerais
Piacatu,3537701,ARACATUBA,353770,Sudeste,SP,"-21.5920000\,-50.5990000",35,SP-Piacatu,São Paulo
Manfrinópolis,4114351,SUDOESTE PARANAENSE,411435,Sul,PR,"-26.1440000\,-53.3110000",41,PR-Manfrinópolis,Paraná
Dom Inocêncio,2203453,SUDOESTE PIAUIENSE,220345,Nordeste,PI,"-9.0020000\,-41.9740000",22,PI-Dom Inocêncio,Piauí
Nova Marilândia,5108857,CENTRO-SUL MATO-GROSSENSE,510885,Centro-Oeste,MT,"-14.3640000\,-56.9690000",51,MT-Nova Marilândia,Mato Grosso
Conceição da Aparecida,3117108,SUL/SUDOESTE DE MINAS,311710,Sudeste,MG,"-21.0940000\,-46.2040000",31,MG-Conceição da Aparecida,Minas Gerais
Pinhalão,4119202,NORTE PIONEIRO PARANAENSE,411920,Sul,PR,"-23.7930000\,-50.0560000",41,PR-Pinhalão,Paraná
São Pedro do Suaçuí,3164100,VALE DO RIO DOCE,316410,Sudeste,MG,"-18.3660000\,-42.6030000",31,MG-São Pedro do Suaçuí,Minas Gerais
Caroebe,1400233,SUL DE RORAIMA,140023,Norte,RR,"0.8840000\,-59.6960000",14,RR-Caroebe,Roraima
São Bentinho,2513927,SERTAO PARAIBANO,251392,Nordeste,PB,"-6.9010000\,-37.7290000",25,PB-São Bentinho,Paraíba
Poá,3539806,METROPOLITANA DE SAO PAULO,353980,Sudeste,SP,"-23.5280000\,-46.3450000",35,SP-Poá,São Paulo
Esmeralda,4307401,NORDESTE RIO-GRANDENSE,430740,Sul,RS,"-28.0540000\,-51.1900000",43,RS-Esmeralda,Rio Grande do Sul
Sapopema,4126207,NORTE PIONEIRO PARANAENSE,412620,Sul,PR,"-23.9110000\,-50.5800000",41,PR-Sapopema,Paraná
Paço do Lumiar,2107506,NORTE MARANHENSE,210750,Nordeste,MA,"-2.5320000\,-44.1080000",21,MA-Paço do Lumiar,Maranhão
Caatiba,2904803,CENTRO SUL BAIANO,290480,Nordeste,BA,"-14.9770000\,-40.4080000",29,BA-Caatiba,Bahia
Aporá,2901908,NORDESTE BAIANO,290190,Nordeste,BA,"-11.6600000\,-38.0810000",29,BA-Aporá,Bahia
Campinas do Sul,4303806,NOROESTE RIO-GRANDENSE,430380,Sul,RS,"-27.7160000\,-52.6280000",43,RS-Campinas do Sul,Rio Grande do Sul
Caçador,4203006,OESTE CATARINENSE,420300,Sul,SC,"-26.7750000\,-51.0150000",42,SC-Caçador,Santa Catarina
Boa Esperança do Sul,3506706,ARARAQUARA,350670,Sudeste,SP,"-21.9930000\,-48.3910000",35,SP-Boa Esperança do Sul,São Paulo
Juquitiba,3526209,METROPOLITANA DE SAO PAULO,352620,Sudeste,SP,"-23.9320000\,-47.0680000",35,SP-Juquitiba,São Paulo
Pouso Redondo,4213708,VALE DO ITAJAI,421370,Sul,SC,"-27.2580000\,-49.9340000",42,SC-Pouso Redondo,Santa Catarina
Frei Martinho,2506202,BORBOREMA,250620,Nordeste,PB,"-6.4030000\,-36.4560000",25,PB-Frei Martinho,Paraíba
Belo Jardim,2601706,AGRESTE PERNAMBUCANO,260170,Nordeste,PE,"-8.3360000\,-36.4240000",26,PE-Belo Jardim,Pernambuco
Rurópolis,1506195,SUDOESTE PARAENSE,150619,Norte,PA,"-4.0960000\,-54.9100000",15,PA-Rurópolis,Pará
São José do Bonfim,2514602,SERTAO PARAIBANO,251460,Nordeste,PB,"-7.1630000\,-37.3090000",25,PB-São José do Bonfim,Paraíba
Peçanha,3148608,VALE DO RIO DOCE,314860,Sudeste,MG,"-18.5490000\,-42.5570000",31,MG-Peçanha,Minas Gerais
Itanhaém,3522109,LITORAL SUL PAULISTA,352210,Sudeste,SP,"-24.1830000\,-46.7890000",35,SP-Itanhaém,São Paulo
Rosário do Catete,2806107,LESTE SERGIPANO,280610,Nordeste,SE,"-10.6960000\,-37.0310000",28,SE-Rosário do Catete,Sergipe
Mambaí,5212709,LESTE GOIANO,521270,Centro-Oeste,GO,"-14.4880000\,-46.1130000",52,GO-Mambaí,Goiás
Registro,3542602,LITORAL SUL PAULISTA,354260,Sudeste,SP,"-24.4880000\,-47.8440000",35,SP-Registro,São Paulo
Curionópolis,1502772,SUDESTE PARAENSE,150277,Norte,PA,"-6.0910000\,-49.5410000",15,PA-Curionópolis,Pará
Santa Terezinha,2612802,SERTAO PERNAMBUCANO,261280,Nordeste,PE,"-7.3780000\,-37.4800000",26,PE-Santa Terezinha,Pernambuco
Fagundes Varela,4307864,NORDESTE RIO-GRANDENSE,430786,Sul,RS,"-28.8810000\,-51.6980000",43,RS-Fagundes Varela,Rio Grande do Sul
Guapó,5209200,CENTRO GOIANO,520920,Centro-Oeste,GO,"-16.8310000\,-49.5320000",52,GO-Guapó,Goiás
Medeiros Neto,2921104,SUL BAIANO,292110,Nordeste,BA,"-17.3740000\,-40.2210000",29,BA-Medeiros Neto,Bahia
Toropi,4321493,CENTRO OCIDENTAL RIO-GRANDENSE,432149,Sul,RS,"-29.4780000\,-54.2280000",43,RS-Toropi,Rio Grande do Sul
Rio do Campo,4214508,VALE DO ITAJAI,421450,Sul,SC,"-26.9490000\,-50.1410000",42,SC-Rio do Campo,Santa Catarina
João Lisboa,2105500,OESTE MARANHENSE,210550,Nordeste,MA,"-5.4480000\,-47.4010000",21,MA-João Lisboa,Maranhão
Sericita,3166303,ZONA DA MATA,316630,Sudeste,MG,"-20.4740000\,-42.4820000",31,MG-Sericita,Minas Gerais
Itapetininga,3522307,ITAPETININGA,352230,Sudeste,SP,"-23.5920000\,-48.0530000",35,SP-Itapetininga,São Paulo
André da Rocha,4300661,NORDESTE RIO-GRANDENSE,430066,Sul,RS,"-28.6310000\,-51.5710000",43,RS-André da Rocha,Rio Grande do Sul
Leopoldo de Bulhões,5212303,CENTRO GOIANO,521230,Centro-Oeste,GO,"-16.6190000\,-48.7440000",52,GO-Leopoldo de Bulhões,Goiás
São Miguel dos Milagres,2708709,LESTE ALAGOANO,270870,Nordeste,AL,"-9.2660000\,-35.3730000",27,AL-São Miguel dos Milagres,Alagoas
Cariré,2303105,NOROESTE CEARENSE,230310,Nordeste,CE,"-3.9510000\,-40.4730000",23,CE-Cariré,Ceará
Jerônimo Monteiro,3203106,SUL ESPIRITO-SANTENSE,320310,Sudeste,ES,"-20.7890000\,-41.3950000",32,ES-Jerônimo Monteiro,Espírito Santo
Dona Francisca,4306700,CENTRO OCIDENTAL RIO-GRANDENSE,430670,Sul,RS,"-29.6220000\,-53.3570000",43,RS-Dona Francisca,Rio Grande do Sul
Tangará,4217907,OESTE CATARINENSE,421790,Sul,SC,"-27.1050000\,-51.2470000",42,SC-Tangará,Santa Catarina
Corumbá,5003207,PANTANAL SUL MATO-GROSSENSE,500320,Centro-Oeste,MS,"-18.5070000\,-54.7600000",50,MS-Corumbá,Mato Grosso do Sul
Pimenteiras do Oeste,1101468,LESTE RONDONIENSE,110146,Norte,RO,"-13.4830000\,-61.0470000",11,RO-Pimenteiras do Oeste,Rondônia
Corinto,3119104,CENTRAL MINEIRA,311910,Sudeste,MG,"-18.3810000\,-44.4560000",31,MG-Corinto,Minas Gerais
Rolante,4316006,METROPOLITANA DE PORTO ALEGRE,431600,Sul,RS,"-29.6510000\,-50.5760000",43,RS-Rolante,Rio Grande do Sul
Santa Maria da Vitória,2928109,EXTREMO OESTE BAIANO,292810,Nordeste,BA,"-13.3980000\,-44.1980000",29,BA-Santa Maria da Vitória,Bahia
Jequié,2918001,CENTRO SUL BAIANO,291800,Nordeste,BA,"-13.8580000\,-40.0840000",29,BA-Jequié,Bahia
São Julião,2210300,SUDESTE PIAUIENSE,221030,Nordeste,PI,"-7.0850000\,-40.8260000",22,PI-São Julião,Piauí
Itupeva,3524006,MACRO METROPOLITANA PAULISTA,352400,Sudeste,SP,"-23.1530000\,-47.0580000",35,SP-Itupeva,São Paulo
Ponta de Pedras,1505700,MARAJO,150570,Norte,PA,"-1.3900000\,-48.8710000",15,PA-Ponta de Pedras,Pará
Marechal Thaumaturgo,1200351,VALE DO JURUA,120035,Norte,AC,"-8.9410000\,-72.7920000",12,AC-Marechal Thaumaturgo,Acre
Cristina,3120508,SUL/SUDOESTE DE MINAS,312050,Sudeste,MG,"-22.2120000\,-45.2640000",31,MG-Cristina,Minas Gerais
Alvinlândia,3501509,MARILIA,350150,Sudeste,SP,"-22.4440000\,-49.7630000",35,SP-Alvinlândia,São Paulo
Avaré,3504503,BAURU,350450,Sudeste,SP,"-23.0990000\,-48.9260000",35,SP-Avaré,São Paulo
Petrolina,2611101,SAO FRANCISCO PERNAMBUCANO,261110,Nordeste,PE,"-9.3930000\,-40.5080000",26,PE-Petrolina,Pernambuco
Barros Cassal,4302006,NOROESTE RIO-GRANDENSE,430200,Sul,RS,"-29.0930000\,-52.5830000",43,RS-Barros Cassal,Rio Grande do Sul
Novo Triunfo,2923050,NORDESTE BAIANO,292305,Nordeste,BA,"-10.3170000\,-38.4060000",29,BA-Novo Triunfo,Bahia
Ritápolis,3156106,CAMPO DAS VERTENTES,315610,Sudeste,MG,"-21.0220000\,-44.3180000",31,MG-Ritápolis,Minas Gerais
Sebastião Barros,2210623,SUDOESTE PIAUIENSE,221062,Nordeste,PI,"-10.8170000\,-44.8340000",22,PI-Sebastião Barros,Piauí
Atalanta,4201802,VALE DO ITAJAI,420180,Sul,SC,"-27.4200000\,-49.7810000",42,SC-Atalanta,Santa Catarina
Nova Serrana,3145208,OESTE DE MINAS,314520,Sudeste,MG,"-19.8760000\,-44.9840000",31,MG-Nova Serrana,Minas Gerais
Riacho dos Cavalos,2512804,SERTAO PARAIBANO,251280,Nordeste,PB,"-6.4430000\,-37.6510000",25,PB-Riacho dos Cavalos,Paraíba
Santo Antônio de Lisboa,2209401,SUDESTE PIAUIENSE,220940,Nordeste,PI,"-6.9810000\,-41.2340000",22,PI-Santo Antônio de Lisboa,Piauí
Iguaí,2913507,CENTRO SUL BAIANO,291350,Nordeste,BA,"-14.7560000\,-40.0890000",29,BA-Iguaí,Bahia
São João do Oriente,3162609,VALE DO RIO DOCE,316260,Sudeste,MG,"-19.3390000\,-42.1580000",31,MG-São João do Oriente,Minas Gerais
Itatira,2306603,NORTE CEARENSE,230660,Nordeste,CE,"-4.5290000\,-39.6220000",23,CE-Itatira,Ceará
Horizonte,2305233,METROPOLITANA DE FORTALEZA,230523,Nordeste,CE,"-4.0990000\,-38.4960000",23,CE-Horizonte,Ceará
Pedrinhas Paulista,3537156,ASSIS,353715,Sudeste,SP,"-22.8150000\,-50.7940000",35,SP-Pedrinhas Paulista,São Paulo
Codó,2103307,LESTE MARANHENSE,210330,Nordeste,MA,"-4.4550000\,-43.8860000",21,MA-Codó,Maranhão
Gália,3516606,MARILIA,351660,Sudeste,SP,"-22.2910000\,-49.5530000",35,SP-Gália,São Paulo
Areia Branca,2401107,OESTE POTIGUAR,240110,Nordeste,RN,"-4.9560000\,-37.1370000",24,RN-Areia Branca,Rio Grande do Norte
Atalaia do Norte,1300201,SUDOESTE AMAZONENSE,130020,Norte,AM,"-4.3720000\,-70.1920000",13,AM-Atalaia do Norte,Amazonas
Joselândia,2105609,CENTRO MARANHENSE,210560,Nordeste,MA,"-4.9670000\,-44.7000000",21,MA-Joselândia,Maranhão
Kaloré,4113106,NORTE CENTRAL PARANAENSE,411310,Sul,PR,"-23.8170000\,-51.6680000",41,PR-Kaloré,Paraná
Votorantim,3557006,MACRO METROPOLITANA PAULISTA,355700,Sudeste,SP,"-23.5470000\,-47.4380000",35,SP-Votorantim,São Paulo
Presidente Figueiredo,1303536,CENTRO AMAZONENSE,130353,Norte,AM,"-2.0340000\,-60.0250000",13,AM-Presidente Figueiredo,Amazonas
Padre Marcos,2207207,SUDESTE PIAUIENSE,220720,Nordeste,PI,"-7.3550000\,-40.9040000",22,PI-Padre Marcos,Piauí
Nova Nazaré,5106174,NORDESTE MATO-GROSSENSE,510617,Centro-Oeste,MT,"-13.9900000\,-51.7980000",51,MT-Nova Nazaré,Mato Grosso
Bom Jesus do Galho,3107802,VALE DO RIO DOCE,310780,Sudeste,MG,"-19.8290000\,-42.3160000",31,MG-Bom Jesus do Galho,Minas Gerais
São João da Barra,3305000,NORTE FLUMINENSE,330500,Sudeste,RJ,"-21.6400000\,-41.0510000",33,RJ-São João da Barra,Rio de Janeiro
Paim Filho,4313607,NOROESTE RIO-GRANDENSE,431360,Sul,RS,"-27.7110000\,-51.7610000",43,RS-Paim Filho,Rio Grande do Sul
Monte Castelo,3531605,PRESIDENTE PRUDENTE,353160,Sudeste,SP,"-21.2990000\,-51.5690000",35,SP-Monte Castelo,São Paulo
Adolfo,3500204,SAO JOSE DO RIO PRETO,350020,Sudeste,SP,"-21.2350000\,-49.6440000",35,SP-Adolfo,São Paulo
Independência,2305605,SERTOES CEARENSES,230560,Nordeste,CE,"-5.3960000\,-40.3090000",23,CE-Independência,Ceará
Buriti,2102200,LESTE MARANHENSE,210220,Nordeste,MA,"-3.9420000\,-42.9250000",21,MA-Buriti,Maranhão
Amaral Ferrador,4300638,SUDESTE RIO-GRANDENSE,430063,Sul,RS,"-30.8750000\,-52.2530000",43,RS-Amaral Ferrador,Rio Grande do Sul
Mãe d'Água,2508703,SERTAO PARAIBANO,250870,Nordeste,PB,"-7.2590000\,-37.4270000",25,PB-Mãe d'Água,Paraíba
Filadélfia,1707702,OCIDENTAL DO TOCANTINS,170770,Norte,TO,"-7.3360000\,-47.4900000",17,TO-Filadélfia,Tocantins
Marechal Floriano,3203346,CENTRAL ESPIRITO-SANTENSE,320334,Sudeste,ES,"-20.4130000\,-40.6830000",32,ES-Marechal Floriano,Espírito Santo
Cambuci,3300902,NOROESTE FLUMINENSE,330090,Sudeste,RJ,"-21.5750000\,-41.9110000",33,RJ-Cambuci,Rio de Janeiro
Pendências,2409902,OESTE POTIGUAR,240990,Nordeste,RN,"-5.2600000\,-36.7220000",24,RN-Pendências,Rio Grande do Norte
Canapi,2701605,SERTAO ALAGOANO,270160,Nordeste,AL,"-9.1270000\,-37.6050000",27,AL-Canapi,Alagoas
Barra Longa,3105707,ZONA DA MATA,310570,Sudeste,MG,"-20.2830000\,-43.0410000",31,MG-Barra Longa,Minas Gerais
Crateús,2304103,SERTOES CEARENSES,230410,Nordeste,CE,"-5.1780000\,-40.6780000",23,CE-Crateús,Ceará
Livramento,2508505,BORBOREMA,250850,Nordeste,PB,"-7.3740000\,-36.9460000",25,PB-Livramento,Paraíba
Mampituba,4311734,METROPOLITANA DE PORTO ALEGRE,431173,Sul,RS,"-29.2110000\,-49.9350000",43,RS-Mampituba,Rio Grande do Sul
São João de Pirabas,1507474,NORDESTE PARAENSE,150747,Norte,PA,"-0.7690000\,-47.1740000",15,PA-São João de Pirabas,Pará
Goioerê,4108601,CENTRO OCIDENTAL PARANAENSE,410860,Sul,PR,"-24.1850000\,-53.0280000",41,PR-Goioerê,Paraná
São José do Rio Pardo,3549706,CAMPINAS,354970,Sudeste,SP,"-21.5960000\,-46.8890000",35,SP-São José do Rio Pardo,São Paulo
Nova Trento,4211504,GRANDE FLORIANOPOLIS,421150,Sul,SC,"-27.2860000\,-48.9300000",42,SC-Nova Trento,Santa Catarina
São Félix de Minas,3161056,VALE DO RIO DOCE,316105,Sudeste,MG,"-18.5910000\,-41.4860000",31,MG-São Félix de Minas,Minas Gerais
Guatambú,4206652,OESTE CATARINENSE,420665,Sul,SC,"-27.1320000\,-52.7870000",42,SC-Guatambú,Santa Catarina
Maximiliano de Almeida,4312203,NOROESTE RIO-GRANDENSE,431220,Sul,RS,"-27.6320000\,-51.8030000",43,RS-Maximiliano de Almeida,Rio Grande do Sul
Aliança,2600708,MATA PERNAMBUCANA,260070,Nordeste,PE,"-7.6030000\,-35.2310000",26,PE-Aliança,Pernambuco
Hidrolândia,2305209,NOROESTE CEARENSE,230520,Nordeste,CE,"-4.4080000\,-40.4380000",23,CE-Hidrolândia,Ceará
Fraiburgo,4205506,OESTE CATARINENSE,420550,Sul,SC,"-27.0260000\,-50.9210000",42,SC-Fraiburgo,Santa Catarina
Icaraí de Minas,3130051,NORTE DE MINAS,313005,Sudeste,MG,"-16.2170000\,-44.9060000",31,MG-Icaraí de Minas,Minas Gerais
Itapebi,2916302,SUL BAIANO,291630,Nordeste,BA,"-15.9510000\,-39.5340000",29,BA-Itapebi,Bahia
Cristalina,5206206,LESTE GOIANO,520620,Centro-Oeste,GO,"-16.7690000\,-47.6140000",52,GO-Cristalina,Goiás
Tanque do Piauí,2210979,SUDESTE PIAUIENSE,221097,Nordeste,PI,"-6.6000000\,-42.2820000",22,PI-Tanque do Piauí,Piauí
Antônio Carlos,3102902,CAMPO DAS VERTENTES,310290,Sudeste,MG,"-21.3180000\,-43.7470000",31,MG-Antônio Carlos,Minas Gerais
Conceição do Pará,3117603,OESTE DE MINAS,311760,Sudeste,MG,"-19.7530000\,-44.8970000",31,MG-Conceição do Pará,Minas Gerais
São José do Goiabal,3163409,METROPOLITANA DE BELO HORIZONTE,316340,Sudeste,MG,"-19.9290000\,-42.7050000",31,MG-São José do Goiabal,Minas Gerais
Ariranha do Ivaí,4101853,NORTE CENTRAL PARANAENSE,410185,Sul,PR,"-24.3860000\,-51.5850000",41,PR-Ariranha do Ivaí,Paraná
Seritinga,3166402,SUL/SUDOESTE DE MINAS,316640,Sudeste,MG,"-21.9090000\,-44.5190000",31,MG-Seritinga,Minas Gerais
Caseiros,4304952,NOROESTE RIO-GRANDENSE,430495,Sul,RS,"-28.2690000\,-51.6900000",43,RS-Caseiros,Rio Grande do Sul
Manari,2609154,SERTAO PERNAMBUCANO,260915,Nordeste,PE,"-8.9640000\,-37.6280000",26,PE-Manari,Pernambuco
Ataléia,3104700,VALE DO MUCURI,310470,Sudeste,MG,"-18.0440000\,-41.1100000",31,MG-Ataléia,Minas Gerais
Mar de Espanha,3139805,ZONA DA MATA,313980,Sudeste,MG,"-21.8670000\,-43.0100000",31,MG-Mar de Espanha,Minas Gerais
Buritirama,2904753,VALE SAO-FRANCISCANO DA BAHIA,290475,Nordeste,BA,"-10.7080000\,-43.6310000",29,BA-Buritirama,Bahia
Cutias,1600212,SUL DO AMAPA,160021,Norte,AP,"0.9860000\,-50.8020000",16,AP-Cutias,Amapá
Aroeiras,2501302,AGRESTE PARAIBANO,250130,Nordeste,PB,"-7.5450000\,-35.7080000",25,PB-Aroeiras,Paraíba
Areado,3104304,SUL/SUDOESTE DE MINAS,310430,Sudeste,MG,"-21.3590000\,-46.1460000",31,MG-Areado,Minas Gerais
Joca Marques,2205458,NORTE PIAUIENSE,220545,Nordeste,PI,"-3.4780000\,-42.4280000",22,PI-Joca Marques,Piauí
Lagoa de Pedras,2406304,AGRESTE POTIGUAR,240630,Nordeste,RN,"-6.1490000\,-35.4380000",24,RN-Lagoa de Pedras,Rio Grande do Norte
Jaru,1100114,LESTE RONDONIENSE,110011,Norte,RO,"-10.4390000\,-62.4660000",11,RO-Jaru,Rondônia
Mutum,3144003,VALE DO RIO DOCE,314400,Sudeste,MG,"-19.8000000\,-41.4380000",31,MG-Mutum,Minas Gerais
Clevelândia,4105706,CENTRO-SUL PARANAENSE,410570,Sul,PR,"-26.3960000\,-52.4710000",41,PR-Clevelândia,Paraná
Santa Cecília,4215505,SERRANA,421550,Sul,SC,"-26.9610000\,-50.4270000",42,SC-Santa Cecília,Santa Catarina
Nova Campina,3532827,ITAPETININGA,353282,Sudeste,SP,"-24.1210000\,-48.9040000",35,SP-Nova Campina,São Paulo
Serra Branca,2515500,BORBOREMA,251550,Nordeste,PB,"-7.4830000\,-36.6650000",25,PB-Serra Branca,Paraíba
Monte Carlo,4211058,SERRANA,421105,Sul,SC,"-27.2230000\,-50.9800000",42,SC-Monte Carlo,Santa Catarina
Igaraçu do Tietê,3520004,BAURU,352000,Sudeste,SP,"-22.5090000\,-48.5580000",35,SP-Igaraçu do Tietê,São Paulo
Nonoai,4312708,NOROESTE RIO-GRANDENSE,431270,Sul,RS,"-27.3620000\,-52.7710000",43,RS-Nonoai,Rio Grande do Sul
Pintadas,2924652,CENTRO NORTE BAIANO,292465,Nordeste,BA,"-11.8130000\,-39.9090000",29,BA-Pintadas,Bahia
Meridiano,3529609,SAO JOSE DO RIO PRETO,352960,Sudeste,SP,"-20.3590000\,-50.1730000",35,SP-Meridiano,São Paulo
Cavalcante,5205307,NORTE GOIANO,520530,Centro-Oeste,GO,"-13.7980000\,-47.4580000",52,GO-Cavalcante,Goiás
Salvaterra,1506302,MARAJO,150630,Norte,PA,"-0.7530000\,-48.5170000",15,PA-Salvaterra,Pará
Anadia,2700201,LESTE ALAGOANO,270020,Nordeste,AL,"-9.6840000\,-36.3040000",27,AL-Anadia,Alagoas
Itabaiana,2802908,AGRESTE SERGIPANO,280290,Nordeste,SE,"-10.6850000\,-37.4250000",28,SE-Itabaiana,Sergipe
Ibaretama,2305266,SERTOES CEARENSES,230526,Nordeste,CE,"-4.8040000\,-38.7530000",23,CE-Ibaretama,Ceará
Ivatuba,4111605,NORTE CENTRAL PARANAENSE,411160,Sul,PR,"-23.6190000\,-52.2210000",41,PR-Ivatuba,Paraná
Marzagão,5212907,SUL GOIANO,521290,Centro-Oeste,GO,"-17.9810000\,-48.6410000",52,GO-Marzagão,Goiás
Nova Palmeira,2510303,BORBOREMA,251030,Nordeste,PB,"-6.6780000\,-36.4210000",25,PB-Nova Palmeira,Paraíba
Inimutaba,3131109,CENTRAL MINEIRA,313110,Sudeste,MG,"-18.7290000\,-44.3610000",31,MG-Inimutaba,Minas Gerais
Matias Cardoso,3140852,NORTE DE MINAS,314085,Sudeste,MG,"-14.8550000\,-43.9220000",31,MG-Matias Cardoso,Minas Gerais
Lago Verde,2105906,CENTRO MARANHENSE,210590,Nordeste,MA,"-3.9570000\,-44.8220000",21,MA-Lago Verde,Maranhão
Feira da Mata,2910776,VALE SAO-FRANCISCANO DA BAHIA,291077,Nordeste,BA,"-14.2070000\,-44.2810000",29,BA-Feira da Mata,Bahia
Itá,4208005,OESTE CATARINENSE,420800,Sul,SC,"-27.2910000\,-52.3230000",42,SC-Itá,Santa Catarina
Tamarana,4126678,NORTE CENTRAL PARANAENSE,412667,Sul,PR,"-23.7230000\,-51.0970000",41,PR-Tamarana,Paraná
Inaciolândia,5209937,SUL GOIANO,520993,Centro-Oeste,GO,"-18.4880000\,-49.9870000",52,GO-Inaciolândia,Goiás
Andradina,3502101,ARACATUBA,350210,Sudeste,SP,"-20.8960000\,-51.3790000",35,SP-Andradina,São Paulo
Uibaí,2932408,CENTRO NORTE BAIANO,293240,Nordeste,BA,"-11.3370000\,-42.1330000",29,BA-Uibaí,Bahia
Centro Novo do Maranhão,2103174,OESTE MARANHENSE,210317,Nordeste,MA,"-2.1070000\,-46.1280000",21,MA-Centro Novo do Maranhão,Maranhão
Santa Rita,2513703,MATA PARAIBANA,251370,Nordeste,PB,"-7.1140000\,-34.9780000",25,PB-Santa Rita,Paraíba
Entre Rios,2910503,NORDESTE BAIANO,291050,Nordeste,BA,"-11.9420000\,-38.0840000",29,BA-Entre Rios,Bahia
Pedra Bonita,3148756,ZONA DA MATA,314875,Sudeste,MG,"-20.5210000\,-42.3300000",31,MG-Pedra Bonita,Minas Gerais
Augusto de Lima,3104809,CENTRAL MINEIRA,310480,Sudeste,MG,"-18.1090000\,-44.2670000",31,MG-Augusto de Lima,Minas Gerais
Pariquera-Açu,3536208,LITORAL SUL PAULISTA,353620,Sudeste,SP,"-24.7150000\,-47.8810000",35,SP-Pariquera-Açu,São Paulo
Braúnas,3108800,VALE DO RIO DOCE,310880,Sudeste,MG,"-19.0560000\,-42.7160000",31,MG-Braúnas,Minas Gerais
Canoinhas,4203808,NORTE CATARINENSE,420380,Sul,SC,"-26.1770000\,-50.3900000",42,SC-Canoinhas,Santa Catarina
Santa Rita do Novo Destino,5219456,CENTRO GOIANO,521945,Centro-Oeste,GO,"-15.1350000\,-49.1200000",52,GO-Santa Rita do Novo Destino,Goiás
Nova Glória,5214861,CENTRO GOIANO,521486,Centro-Oeste,GO,"-15.1430000\,-49.5710000",52,GO-Nova Glória,Goiás
Conceição dos Ouros,3117801,SUL/SUDOESTE DE MINAS,311780,Sudeste,MG,"-22.4130000\,-45.7980000",31,MG-Conceição dos Ouros,Minas Gerais
Gameleira,2605905,MATA PERNAMBUCANA,260590,Nordeste,PE,"-8.5840000\,-35.3870000",26,PE-Gameleira,Pernambuco
Rio Verde de Mato Grosso,5007406,CENTRO NORTE DE MATO GROSSO DO SUL,500740,Centro-Oeste,MS,"-18.9180000\,-54.8440000",50,MS-Rio Verde de Mato Grosso,Mato Grosso do Sul
Monteirópolis,2705408,SERTAO ALAGOANO,270540,Nordeste,AL,"-9.6030000\,-37.2480000",27,AL-Monteirópolis,Alagoas
Santa Maria da Boa Vista,2612604,SAO FRANCISCO PERNAMBUCANO,261260,Nordeste,PE,"-8.8090000\,-39.8250000",26,PE-Santa Maria da Boa Vista,Pernambuco
Couto Magalhães,1706001,OCIDENTAL DO TOCANTINS,170600,Norte,TO,"-8.2840000\,-49.2470000",17,TO-Couto Magalhães,Tocantins
São José do Rio Claro,5107305,NORTE MATO-GROSSENSE,510730,Centro-Oeste,MT,"-13.4470000\,-56.7210000",51,MT-São José do Rio Claro,Mato Grosso
Raposos,3153905,METROPOLITANA DE BELO HORIZONTE,315390,Sudeste,MG,"-19.9670000\,-43.8040000",31,MG-Raposos,Minas Gerais
Mairiporã,3528502,METROPOLITANA DE SAO PAULO,352850,Sudeste,SP,"-23.3190000\,-46.5870000",35,SP-Mairiporã,São Paulo
Osório,4313508,METROPOLITANA DE PORTO ALEGRE,431350,Sul,RS,"-29.8870000\,-50.2700000",43,RS-Osório,Rio Grande do Sul
Nova Aliança do Ivaí,4116505,NOROESTE PARANAENSE,411650,Sul,PR,"-23.1770000\,-52.6020000",41,PR-Nova Aliança do Ivaí,Paraná
São Francisco do Pará,1507409,NORDESTE PARAENSE,150740,Norte,PA,"-1.1690000\,-47.7950000",15,PA-São Francisco do Pará,Pará
Pai Pedro,3146552,NORTE DE MINAS,314655,Sudeste,MG,"-15.5170000\,-43.0650000",31,MG-Pai Pedro,Minas Gerais
Maraú,2920700,SUL BAIANO,292070,Nordeste,BA,"-14.1030000\,-39.0150000",29,BA-Maraú,Bahia
Carmo do Rio Claro,3114402,SUL/SUDOESTE DE MINAS,311440,Sudeste,MG,"-20.9720000\,-46.1190000",31,MG-Carmo do Rio Claro,Minas Gerais
Itapura,3523008,ARACATUBA,352300,Sudeste,SP,"-20.6460000\,-51.5090000",35,SP-Itapura,São Paulo
Trindade,2615607,SERTAO PERNAMBUCANO,261560,Nordeste,PE,"-7.7620000\,-40.2680000",26,PE-Trindade,Pernambuco
Equador,2403400,CENTRAL POTIGUAR,240340,Nordeste,RN,"-6.9450000\,-36.7180000",24,RN-Equador,Rio Grande do Norte
Viadutos,4322905,NOROESTE RIO-GRANDENSE,432290,Sul,RS,"-27.5690000\,-52.0200000",43,RS-Viadutos,Rio Grande do Sul
Piedade de Ponte Nova,3150208,ZONA DA MATA,315020,Sudeste,MG,"-20.2450000\,-42.7340000",31,MG-Piedade de Ponte Nova,Minas Gerais
Álvaro de Carvalho,3501400,MARILIA,350140,Sudeste,SP,"-22.0890000\,-49.7190000",35,SP-Álvaro de Carvalho,São Paulo
Charqueada,3511706,PIRACICABA,351170,Sudeste,SP,"-22.5100000\,-47.7780000",35,SP-Charqueada,São Paulo
Rodelas,2927101,VALE SAO-FRANCISCANO DA BAHIA,292710,Nordeste,BA,"-8.8510000\,-38.7560000",29,BA-Rodelas,Bahia
Ponte Serrada,4213401,OESTE CATARINENSE,421340,Sul,SC,"-26.8720000\,-52.0160000",42,SC-Ponte Serrada,Santa Catarina
Angicos,2400802,CENTRAL POTIGUAR,240080,Nordeste,RN,"-5.6660000\,-36.6010000",24,RN-Angicos,Rio Grande do Norte
Virgolândia,3171907,VALE DO RIO DOCE,317190,Sudeste,MG,"-18.4760000\,-42.3070000",31,MG-Virgolândia,Minas Gerais
Firmino Alves,2910909,SUL BAIANO,291090,Nordeste,BA,"-14.9850000\,-39.9240000",29,BA-Firmino Alves,Bahia
Araci,2902104,NORDESTE BAIANO,290210,Nordeste,BA,"-11.3330000\,-38.9670000",29,BA-Araci,Bahia
Alto Araguaia,5100300,SUDESTE MATO-GROSSENSE,510030,Centro-Oeste,MT,"-17.3150000\,-53.2150000",51,MT-Alto Araguaia,Mato Grosso
Vitória das Missões,4323754,NOROESTE RIO-GRANDENSE,432375,Sul,RS,"-28.3510000\,-54.4960000",43,RS-Vitória das Missões,Rio Grande do Sul
Cesário Lange,3511607,ITAPETININGA,351160,Sudeste,SP,"-23.2270000\,-47.9530000",35,SP-Cesário Lange,São Paulo
Urutaí,5221809,SUL GOIANO,522180,Centro-Oeste,GO,"-17.4640000\,-48.2030000",52,GO-Urutaí,Goiás
Jesúpolis,5212055,CENTRO GOIANO,521205,Centro-Oeste,GO,"-15.9510000\,-49.3740000",52,GO-Jesúpolis,Goiás
Engenho Velho,4306924,NOROESTE RIO-GRANDENSE,430692,Sul,RS,"-27.7080000\,-52.9130000",43,RS-Engenho Velho,Rio Grande do Sul
Guaratuba,4109609,METROPOLITANA DE CURITIBA,410960,Sul,PR,"-25.8830000\,-48.5750000",41,PR-Guaratuba,Paraná
Gramado,4309100,METROPOLITANA DE PORTO ALEGRE,430910,Sul,RS,"-29.3790000\,-50.8740000",43,RS-Gramado,Rio Grande do Sul
Senhora dos Remédios,3166204,CAMPO DAS VERTENTES,316620,Sudeste,MG,"-21.0280000\,-43.5830000",31,MG-Senhora dos Remédios,Minas Gerais
Cocal,2202703,NORTE PIAUIENSE,220270,Nordeste,PI,"-3.4710000\,-41.5550000",22,PI-Cocal,Piauí
Lagoa de Dentro,2508208,AGRESTE PARAIBANO,250820,Nordeste,PB,"-6.6730000\,-35.3790000",25,PB-Lagoa de Dentro,Paraíba
Matinhos,4115705,METROPOLITANA DE CURITIBA,411570,Sul,PR,"-25.8180000\,-48.5430000",41,PR-Matinhos,Paraná
Simão Dias,2807105,AGRESTE SERGIPANO,280710,Nordeste,SE,"-10.7380000\,-37.8110000",28,SE-Simão Dias,Sergipe
Carrasco Bonito,1703891,OCIDENTAL DO TOCANTINS,170389,Norte,TO,"-5.3220000\,-48.0350000",17,TO-Carrasco Bonito,Tocantins
Caraguatatuba,3510500,VALE DO PARAIBA PAULISTA,351050,Sudeste,SP,"-23.6200000\,-45.4130000",35,SP-Caraguatatuba,São Paulo
São João da Lagoa,3162252,NORTE DE MINAS,316225,Sudeste,MG,"-16.8530000\,-44.3520000",31,MG-São João da Lagoa,Minas Gerais
São Sebastião do Paraíso,3164704,SUL/SUDOESTE DE MINAS,316470,Sudeste,MG,"-20.9170000\,-46.9910000",31,MG-São Sebastião do Paraíso,Minas Gerais
Sátiro Dias,2929701,NORDESTE BAIANO,292970,Nordeste,BA,"-11.6000000\,-38.6000000",29,BA-Sátiro Dias,Bahia
São Romão,3164209,NORTE DE MINAS,316420,Sudeste,MG,"-16.3690000\,-45.0690000",31,MG-São Romão,Minas Gerais
Saldanha Marinho,4316436,NOROESTE RIO-GRANDENSE,431643,Sul,RS,"-28.3930000\,-53.0950000",43,RS-Saldanha Marinho,Rio Grande do Sul
Amaraji,2600906,MATA PERNAMBUCANA,260090,Nordeste,PE,"-8.3830000\,-35.4530000",26,PE-Amaraji,Pernambuco
Lagoa Nova,2406502,CENTRAL POTIGUAR,240650,Nordeste,RN,"-6.0960000\,-36.4690000",24,RN-Lagoa Nova,Rio Grande do Norte
São Miguel dos Campos,2708600,LESTE ALAGOANO,270860,Nordeste,AL,"-9.7810000\,-36.0940000",27,AL-São Miguel dos Campos,Alagoas
Jacundá,1503804,SUDESTE PARAENSE,150380,Norte,PA,"-4.4510000\,-49.1160000",15,PA-Jacundá,Pará
Guarani,3128402,ZONA DA MATA,312840,Sudeste,MG,"-21.3520000\,-43.0470000",31,MG-Guarani,Minas Gerais
Tucunduva,4322103,NOROESTE RIO-GRANDENSE,432210,Sul,RS,"-27.6570000\,-54.4400000",43,RS-Tucunduva,Rio Grande do Sul
São Francisco de Assis,4318101,SUDOESTE RIO-GRANDENSE,431810,Sul,RS,"-29.5500000\,-55.1310000",43,RS-São Francisco de Assis,Rio Grande do Sul
Alegrete do Piauí,2200277,SUDESTE PIAUIENSE,220027,Nordeste,PI,"-7.2430000\,-40.8580000",22,PI-Alegrete do Piauí,Piauí
Tucuruí,1508100,SUDESTE PARAENSE,150810,Norte,PA,"-3.7680000\,-49.6730000",15,PA-Tucuruí,Pará
Massapê do Piauí,2206050,SUDESTE PIAUIENSE,220605,Nordeste,PI,"-7.4630000\,-41.1260000",22,PI-Massapê do Piauí,Piauí
São Domingos do Maranhão,2110708,CENTRO MARANHENSE,211070,Nordeste,MA,"-5.5760000\,-44.3850000",21,MA-São Domingos do Maranhão,Maranhão
Orizona,5215306,SUL GOIANO,521530,Centro-Oeste,GO,"-17.0310000\,-48.2960000",52,GO-Orizona,Goiás
Santa Cruz de Minas,3157336,CAMPO DAS VERTENTES,315733,Sudeste,MG,"-21.1200000\,-44.2230000",31,MG-Santa Cruz de Minas,Minas Gerais
Novo Tiradentes,4313441,NOROESTE RIO-GRANDENSE,431344,Sul,RS,"-27.5630000\,-53.1820000",43,RS-Novo Tiradentes,Rio Grande do Sul
Ibirajuba,2606705,AGRESTE PERNAMBUCANO,260670,Nordeste,PE,"-8.5810000\,-36.1790000",26,PE-Ibirajuba,Pernambuco
Tunas do Paraná,4127882,METROPOLITANA DE CURITIBA,412788,Sul,PR,"-24.9740000\,-49.0860000",41,PR-Tunas do Paraná,Paraná
Serrinha,2413508,AGRESTE POTIGUAR,241350,Nordeste,RN,"-6.2760000\,-35.4990000",24,RN-Serrinha,Rio Grande do Norte
Cachoeirinha,4303103,METROPOLITANA DE PORTO ALEGRE,430310,Sul,RS,"-29.9510000\,-51.0940000",43,RS-Cachoeirinha,Rio Grande do Sul
Currais Novos,2403103,CENTRAL POTIGUAR,240310,Nordeste,RN,"-6.2610000\,-36.5150000",24,RN-Currais Novos,Rio Grande do Norte
Nerópolis,5214507,CENTRO GOIANO,521450,Centro-Oeste,GO,"-16.4060000\,-49.2190000",52,GO-Nerópolis,Goiás
Conquista,3118205,TRIANGULO MINEIRO/ALTO PARANAIBA,311820,Sudeste,MG,"-19.9370000\,-47.5420000",31,MG-Conquista,Minas Gerais
Iguatu,2305506,CENTRO-SUL CEARENSE,230550,Nordeste,CE,"-6.3590000\,-39.2990000",23,CE-Iguatu,Ceará
Porto Rico,4120200,NOROESTE PARANAENSE,412020,Sul,PR,"-22.7720000\,-53.2670000",41,PR-Porto Rico,Paraná
Santa Bárbara de Goiás,5219100,CENTRO GOIANO,521910,Centro-Oeste,GO,"-16.5740000\,-49.6940000",52,GO-Santa Bárbara de Goiás,Goiás
Ribeirão dos Índios,3543238,PRESIDENTE PRUDENTE,354323,Sudeste,SP,"-21.8370000\,-51.6040000",35,SP-Ribeirão dos Índios,São Paulo
Alto Santo,2300705,JAGUARIBE,230070,Nordeste,CE,"-5.5210000\,-38.2720000",23,CE-Alto Santo,Ceará
Pedra,2610806,AGRESTE PERNAMBUCANO,261080,Nordeste,PE,"-8.4970000\,-36.9410000",26,PE-Pedra,Pernambuco
Tupã,3555000,MARILIA,355500,Sudeste,SP,"-21.9350000\,-50.5140000",35,SP-Tupã,São Paulo
Salto Veloso,4215406,OESTE CATARINENSE,421540,Sul,SC,"-26.9050000\,-51.4060000",42,SC-Salto Veloso,Santa Catarina
Rialma,5218607,CENTRO GOIANO,521860,Centro-Oeste,GO,"-15.3150000\,-49.5840000",52,GO-Rialma,Goiás
Santa Rita do Pardo,5007554,LESTE DE MATO GROSSO DO SUL,500755,Centro-Oeste,MS,"-21.3030000\,-52.8310000",50,MS-Santa Rita do Pardo,Mato Grosso do Sul
Atibaia,3504107,MACRO METROPOLITANA PAULISTA,350410,Sudeste,SP,"-23.1170000\,-46.5500000",35,SP-Atibaia,São Paulo
Anísio de Abreu,2200707,SUDOESTE PIAUIENSE,220070,Nordeste,PI,"-9.1890000\,-43.0460000",22,PI-Anísio de Abreu,Piauí
Araripe,2301307,SUL CEARENSE,230130,Nordeste,CE,"-7.2130000\,-40.0460000",23,CE-Araripe,Ceará
Santa Cruz do Sul,4316808,CENTRO ORIENTAL RIO-GRANDENSE,431680,Sul,RS,"-29.7180000\,-52.4260000",43,RS-Santa Cruz do Sul,Rio Grande do Sul
Amélia Rodrigues,2901106,CENTRO NORTE BAIANO,290110,Nordeste,BA,"-12.4090000\,-38.7590000",29,BA-Amélia Rodrigues,Bahia
Itambé,2915809,CENTRO SUL BAIANO,291580,Nordeste,BA,"-15.2450000\,-40.6240000",29,BA-Itambé,Bahia
Glória,2911402,VALE SAO-FRANCISCANO DA BAHIA,291140,Nordeste,BA,"-9.3390000\,-38.2570000",29,BA-Glória,Bahia
Riachão do Poço,2512762,MATA PARAIBANA,251276,Nordeste,PB,"-7.1420000\,-35.2910000",25,PB-Riachão do Poço,Paraíba
Guajeru,2911659,CENTRO SUL BAIANO,291165,Nordeste,BA,"-14.5470000\,-41.9400000",29,BA-Guajeru,Bahia
Manoel Urbano,1200344,VALE DO ACRE,120034,Norte,AC,"-8.8390000\,-69.2600000",12,AC-Manoel Urbano,Acre
Serafina Corrêa,4320404,NORDESTE RIO-GRANDENSE,432040,Sul,RS,"-28.7120000\,-51.9350000",43,RS-Serafina Corrêa,Rio Grande do Sul
Luís Antônio,3527603,RIBEIRAO PRETO,352760,Sudeste,SP,"-21.5550000\,-47.7040000",35,SP-Luís Antônio,São Paulo
Mulungu,2309102,NORTE CEARENSE,230910,Nordeste,CE,"-4.3060000\,-38.9960000",23,CE-Mulungu,Ceará
Guia Lopes da Laguna,5004106,SUDOESTE DE MATO GROSSO DO SUL,500410,Centro-Oeste,MS,"-21.4580000\,-56.1140000",50,MS-Guia Lopes da Laguna,Mato Grosso do Sul
Ibirarema,3519501,ASSIS,351950,Sudeste,SP,"-22.8180000\,-50.0730000",35,SP-Ibirarema,São Paulo
Vale do Paraíso,1101807,LESTE RONDONIENSE,110180,Norte,RO,"-10.4490000\,-62.1340000",11,RO-Vale do Paraíso,Rondônia
Marcelândia,5105580,NORTE MATO-GROSSENSE,510558,Centro-Oeste,MT,"-11.1330000\,-54.5970000",51,MT-Marcelândia,Mato Grosso
Barreirinhas,2101707,NORTE MARANHENSE,210170,Nordeste,MA,"-2.7470000\,-42.8260000",21,MA-Barreirinhas,Maranhão
Uruçuí,2211209,SUDOESTE PIAUIENSE,221120,Nordeste,PI,"-7.2290000\,-44.5560000",22,PI-Uruçuí,Piauí
Juramento,3136801,NORTE DE MINAS,313680,Sudeste,MG,"-16.8480000\,-43.5870000",31,MG-Juramento,Minas Gerais
Coribe,2909109,EXTREMO OESTE BAIANO,290910,Nordeste,BA,"-13.8290000\,-44.4540000",29,BA-Coribe,Bahia
Corumbataí do Sul,4106555,CENTRO OCIDENTAL PARANAENSE,410655,Sul,PR,"-24.1010000\,-52.1200000",41,PR-Corumbataí do Sul,Paraná
Espinosa,3124302,NORTE DE MINAS,312430,Sudeste,MG,"-14.9260000\,-42.8190000",31,MG-Espinosa,Minas Gerais
Novo Oriente,2309409,SERTOES CEARENSES,230940,Nordeste,CE,"-5.5340000\,-40.7740000",23,CE-Novo Oriente,Ceará
Macedônia,3528205,SAO JOSE DO RIO PRETO,352820,Sudeste,SP,"-20.1460000\,-50.1940000",35,SP-Macedônia,São Paulo
Gracho Cardoso,2802601,SERTAO SERGIPANO,280260,Nordeste,SE,"-10.2270000\,-37.1980000",28,SE-Gracho Cardoso,Sergipe
Jenipapo dos Vieiras,2105476,CENTRO MARANHENSE,210547,Nordeste,MA,"-5.3710000\,-45.6360000",21,MA-Jenipapo dos Vieiras,Maranhão
Patos,2510808,SERTAO PARAIBANO,251080,Nordeste,PB,"-7.0240000\,-37.2800000",25,PB-Patos,Paraíba
Coxixola,2504850,BORBOREMA,250485,Nordeste,PB,"-7.6270000\,-36.6060000",25,PB-Coxixola,Paraíba
Formosa do Oeste,4108205,OESTE PARANAENSE,410820,Sul,PR,"-24.2930000\,-53.3130000",41,PR-Formosa do Oeste,Paraná
Chapada de Areia,1704600,OCIDENTAL DO TOCANTINS,170460,Norte,TO,"-10.1440000\,-49.1400000",17,TO-Chapada de Areia,Tocantins
Mathias Lobato,3171501,VALE DO RIO DOCE,317150,Sudeste,MG,"-18.5920000\,-41.9080000",31,MG-Mathias Lobato,Minas Gerais
São João do Arraial,2209971,NORTE PIAUIENSE,220997,Nordeste,PI,"-3.8190000\,-42.4460000",22,PI-São João do Arraial,Piauí
Passo de Torres,4212254,SUL CATARINENSE,421225,Sul,SC,"-29.3160000\,-49.7240000",42,SC-Passo de Torres,Santa Catarina
Água Fria,2900405,CENTRO NORTE BAIANO,290040,Nordeste,BA,"-11.8670000\,-38.7670000",29,BA-Água Fria,Bahia
Pirenópolis,5217302,LESTE GOIANO,521730,Centro-Oeste,GO,"-15.8520000\,-48.9590000",52,GO-Pirenópolis,Goiás
Boa Esperança,3107109,SUL/SUDOESTE DE MINAS,310710,Sudeste,MG,"-21.0900000\,-45.5660000",31,MG-Boa Esperança,Minas Gerais
Monte Carmelo,3143104,TRIANGULO MINEIRO/ALTO PARANAIBA,314310,Sudeste,MG,"-18.7250000\,-47.4990000",31,MG-Monte Carmelo,Minas Gerais
Marumbi,4115507,NORTE CENTRAL PARANAENSE,411550,Sul,PR,"-23.7060000\,-51.6390000",41,PR-Marumbi,Paraná
Pio XII,2108702,CENTRO MARANHENSE,210870,Nordeste,MA,"-3.8940000\,-45.1700000",21,MA-Pio XII,Maranhão
São Martinho,4319109,NOROESTE RIO-GRANDENSE,431910,Sul,RS,"-27.7070000\,-53.9690000",43,RS-São Martinho,Rio Grande do Sul
São José do Sul,4318614,METROPOLITANA DE PORTO ALEGRE,431861,Sul,RS,"-29.5310000\,-51.4820000",43,RS-São José do Sul,Rio Grande do Sul
Cerro Grande,4305157,NOROESTE RIO-GRANDENSE,430515,Sul,RS,"-27.6060000\,-53.1670000",43,RS-Cerro Grande,Rio Grande do Sul
Rolim de Moura,1100288,LESTE RONDONIENSE,110028,Norte,RO,"-11.7330000\,-61.7780000",11,RO-Rolim de Moura,Rondônia
Santo Antônio do Monte,3160405,OESTE DE MINAS,316040,Sudeste,MG,"-20.0870000\,-45.2940000",31,MG-Santo Antônio do Monte,Minas Gerais
Campo Grande do Piauí,2202133,SUDESTE PIAUIENSE,220213,Nordeste,PI,"-7.1320000\,-41.0360000",22,PI-Campo Grande do Piauí,Piauí
Quatiguá,4120705,NORTE PIONEIRO PARANAENSE,412070,Sul,PR,"-23.5670000\,-49.9140000",41,PR-Quatiguá,Paraná
Araguaiana,5101001,NORDESTE MATO-GROSSENSE,510100,Centro-Oeste,MT,"-15.7340000\,-51.8310000",51,MT-Araguaiana,Mato Grosso
Mutuípe,2922409,CENTRO SUL BAIANO,292240,Nordeste,BA,"-13.2290000\,-39.5050000",29,BA-Mutuípe,Bahia
Bertópolis,3106606,VALE DO MUCURI,310660,Sudeste,MG,"-17.0630000\,-40.5740000",31,MG-Bertópolis,Minas Gerais
Camaquã,4303509,METROPOLITANA DE PORTO ALEGRE,430350,Sul,RS,"-30.8510000\,-51.8120000",43,RS-Camaquã,Rio Grande do Sul
Lagoa Seca,2508307,AGRESTE PARAIBANO,250830,Nordeste,PB,"-7.1710000\,-35.8540000",25,PB-Lagoa Seca,Paraíba
Cianorte,4105508,NOROESTE PARANAENSE,410550,Sul,PR,"-23.6630000\,-52.6050000",41,PR-Cianorte,Paraná
Flórida Paulista,3516002,PRESIDENTE PRUDENTE,351600,Sudeste,SP,"-21.6150000\,-51.1740000",35,SP-Flórida Paulista,São Paulo
Vale Real,4322541,METROPOLITANA DE PORTO ALEGRE,432254,Sul,RS,"-29.3980000\,-51.2540000",43,RS-Vale Real,Rio Grande do Sul
Várzea da Palma,3170800,NORTE DE MINAS,317080,Sudeste,MG,"-17.5980000\,-44.7310000",31,MG-Várzea da Palma,Minas Gerais
Ibitiúra de Minas,3129905,SUL/SUDOESTE DE MINAS,312990,Sudeste,MG,"-22.0610000\,-46.4400000",31,MG-Ibitiúra de Minas,Minas Gerais
Santa Maria,2409332,AGRESTE POTIGUAR,240933,Nordeste,RN,"-5.8400000\,-35.6950000",24,RN-Santa Maria,Rio Grande do Norte
Colônia do Piauí,2202778,SUDESTE PIAUIENSE,220277,Nordeste,PI,"-7.2310000\,-42.1780000",22,PI-Colônia do Piauí,Piauí
Marapanim,1504406,NORDESTE PARAENSE,150440,Norte,PA,"-0.7140000\,-47.6940000",15,PA-Marapanim,Pará
Xexéu,2616506,MATA PERNAMBUCANA,261650,Nordeste,PE,"-8.8020000\,-35.6270000",26,PE-Xexéu,Pernambuco
Serranópolis,5220504,SUL GOIANO,522050,Centro-Oeste,GO,"-18.3060000\,-51.9620000",52,GO-Serranópolis,Goiás
Juquiá,3526100,LITORAL SUL PAULISTA,352610,Sudeste,SP,"-24.3210000\,-47.6350000",35,SP-Juquiá,São Paulo
Teresópolis,3305802,METROPOLITANA DO RIO DE JANEIRO,330580,Sudeste,RJ,"-22.4120000\,-42.9660000",33,RJ-Teresópolis,Rio de Janeiro
Nova Bréscia,4313003,CENTRO ORIENTAL RIO-GRANDENSE,431300,Sul,RS,"-29.2140000\,-52.0280000",43,RS-Nova Bréscia,Rio Grande do Sul
Riachinho,1718550,OCIDENTAL DO TOCANTINS,171855,Norte,TO,"-6.4380000\,-48.1370000",17,TO-Riachinho,Tocantins
Canindé de São Francisco,2801207,SERTAO SERGIPANO,280120,Nordeste,SE,"-9.6420000\,-37.7880000",28,SE-Canindé de São Francisco,Sergipe
Santana do Piauí,2209351,SUDESTE PIAUIENSE,220935,Nordeste,PI,"-6.9480000\,-41.5190000",22,PI-Santana do Piauí,Piauí
Encruzilhada do Sul,4306908,SUDESTE RIO-GRANDENSE,430690,Sul,RS,"-30.5440000\,-52.5220000",43,RS-Encruzilhada do Sul,Rio Grande do Sul
Bonito,5002209,SUDOESTE DE MATO GROSSO DO SUL,500220,Centro-Oeste,MS,"-21.1210000\,-56.4820000",50,MS-Bonito,Mato Grosso do Sul
Icatu,2105104,NORTE MARANHENSE,210510,Nordeste,MA,"-2.7760000\,-44.0660000",21,MA-Icatu,Maranhão
Redenção,1506138,SUDESTE PARAENSE,150613,Norte,PA,"-8.0290000\,-50.0310000",15,PA-Redenção,Pará
Presidente Alves,3541109,BAURU,354110,Sudeste,SP,"-22.1000000\,-49.4380000",35,SP-Presidente Alves,São Paulo
Novo Airão,1303205,NORTE AMAZONENSE,130320,Norte,AM,"-2.6210000\,-60.9440000",13,AM-Novo Airão,Amazonas
Touros,2414407,LESTE POTIGUAR,241440,Nordeste,RN,"-5.1990000\,-35.4610000",24,RN-Touros,Rio Grande do Norte
Nova Itaberaba,4211454,OESTE CATARINENSE,421145,Sul,SC,"-26.9400000\,-52.8120000",42,SC-Nova Itaberaba,Santa Catarina
Funilândia,3127206,METROPOLITANA DE BELO HORIZONTE,312720,Sudeste,MG,"-19.3680000\,-44.0560000",31,MG-Funilândia,Minas Gerais
Santa Branca,3546009,VALE DO PARAIBA PAULISTA,354600,Sudeste,SP,"-23.3970000\,-45.8840000",35,SP-Santa Branca,São Paulo
Luiziana,4113734,CENTRO OCIDENTAL PARANAENSE,411373,Sul,PR,"-24.2860000\,-52.2760000",41,PR-Luiziana,Paraná
Santa Rosa de Viterbo,3547601,RIBEIRAO PRETO,354760,Sudeste,SP,"-21.4730000\,-47.3630000",35,SP-Santa Rosa de Viterbo,São Paulo
Esperantina,2203701,NORTE PIAUIENSE,220370,Nordeste,PI,"-3.9020000\,-42.2340000",22,PI-Esperantina,Piauí
Mesquita,3302858,METROPOLITANA DO RIO DE JANEIRO,330285,Sudeste,RJ,"-22.7815000\,-43.4287000",33,RJ-Mesquita,Rio de Janeiro
Castro,4104907,CENTRO ORIENTAL PARANAENSE,410490,Sul,PR,"-24.7910000\,-50.0120000",41,PR-Castro,Paraná
Liberdade,3138500,SUL/SUDOESTE DE MINAS,313850,Sudeste,MG,"-22.0290000\,-44.3200000",31,MG-Liberdade,Minas Gerais
Itambaracá,4111001,NORTE PIONEIRO PARANAENSE,411100,Sul,PR,"-23.0180000\,-50.4060000",41,PR-Itambaracá,Paraná
Itamarandiba,3132503,JEQUITINHONHA,313250,Sudeste,MG,"-17.8570000\,-42.8590000",31,MG-Itamarandiba,Minas Gerais
São Valério do Sul,4319737,NOROESTE RIO-GRANDENSE,431973,Sul,RS,"-27.7870000\,-53.9370000",43,RS-São Valério do Sul,Rio Grande do Sul
Guajará-Mirim,1100106,MADEIRA-GUAPORE,110010,Norte,RO,"-10.7830000\,-65.3390000",11,RO-Guajará-Mirim,Rondônia
Colorado do Oeste,1100064,LESTE RONDONIENSE,110006,Norte,RO,"-13.1170000\,-60.5420000",11,RO-Colorado do Oeste,Rondônia
Júlio Mesquita,3525805,BAURU,352580,Sudeste,SP,"-22.0090000\,-49.7870000",35,SP-Júlio Mesquita,São Paulo
Barra do Ribeiro,4301909,METROPOLITANA DE PORTO ALEGRE,430190,Sul,RS,"-30.2910000\,-51.3010000",43,RS-Barra do Ribeiro,Rio Grande do Sul
Serra Redonda,2515807,AGRESTE PARAIBANO,251580,Nordeste,PB,"-7.1780000\,-35.6750000",25,PB-Serra Redonda,Paraíba
Capistrano,2302909,NORTE CEARENSE,230290,Nordeste,CE,"-4.4700000\,-38.9010000",23,CE-Capistrano,Ceará
Espírito Santo do Pinhal,3515186,CAMPINAS,351518,Sudeste,SP,"-22.1910000\,-46.7410000",35,SP-Espírito Santo do Pinhal,São Paulo
Carbonita,3113503,JEQUITINHONHA,311350,Sudeste,MG,"-17.5270000\,-43.0160000",31,MG-Carbonita,Minas Gerais
Itaúna,3133808,OESTE DE MINAS,313380,Sudeste,MG,"-20.0750000\,-44.5760000",31,MG-Itaúna,Minas Gerais
Bacurituba,2101350,NORTE MARANHENSE,210135,Nordeste,MA,"-2.7060000\,-44.7380000",21,MA-Bacurituba,Maranhão
Divina Pastora,2802007,LESTE SERGIPANO,280200,Nordeste,SE,"-10.6890000\,-37.1480000",28,SE-Divina Pastora,Sergipe
Sobral,2312908,NOROESTE CEARENSE,231290,Nordeste,CE,"-3.6740000\,-40.2390000",23,CE-Sobral,Ceará
Piancó,2511301,SERTAO PARAIBANO,251130,Nordeste,PB,"-7.1980000\,-37.9290000",25,PB-Piancó,Paraíba
Sossêgo,2516151,AGRESTE PARAIBANO,251615,Nordeste,PB,"-6.7690000\,-36.2540000",25,PB-Sossêgo,Paraíba
Paraipaba,2310258,NORTE CEARENSE,231025,Nordeste,CE,"-3.4390000\,-39.1480000",23,CE-Paraipaba,Ceará
Ubiratã,4128005,CENTRO OCIDENTAL PARANAENSE,412800,Sul,PR,"-24.5450000\,-52.9880000",41,PR-Ubiratã,Paraná
Vera Cruz,2414803,AGRESTE POTIGUAR,241480,Nordeste,RN,"-6.0440000\,-35.4280000",24,RN-Vera Cruz,Rio Grande do Norte
Cajazeirinhas,2503753,SERTAO PARAIBANO,250375,Nordeste,PB,"-6.9610000\,-37.8060000",25,PB-Cajazeirinhas,Paraíba
Conceição do Castelo,3201704,CENTRAL ESPIRITO-SANTENSE,320170,Sudeste,ES,"-20.3680000\,-41.2440000",32,ES-Conceição do Castelo,Espírito Santo
São Geraldo,3161502,ZONA DA MATA,316150,Sudeste,MG,"-20.9230000\,-42.8340000",31,MG-São Geraldo,Minas Gerais
Catolé do Rocha,2504306,SERTAO PARAIBANO,250430,Nordeste,PB,"-6.3440000\,-37.7470000",25,PB-Catolé do Rocha,Paraíba
Bonito,2602308,AGRESTE PERNAMBUCANO,260230,Nordeste,PE,"-8.4700000\,-35.7290000",26,PE-Bonito,Pernambuco
Guarinos,5209457,CENTRO GOIANO,520945,Centro-Oeste,GO,"-14.7320000\,-49.7020000",52,GO-Guarinos,Goiás
Bom Progresso,4302378,NOROESTE RIO-GRANDENSE,430237,Sul,RS,"-27.5440000\,-53.8660000",43,RS-Bom Progresso,Rio Grande do Sul
Manoel Emídio,2205904,SUDOESTE PIAUIENSE,220590,Nordeste,PI,"-8.0130000\,-43.8720000",22,PI-Manoel Emídio,Piauí
Brotas de Macaúbas,2904506,CENTRO SUL BAIANO,290450,Nordeste,BA,"-11.9990000\,-42.6260000",29,BA-Brotas de Macaúbas,Bahia
Boqueirão,2502508,BORBOREMA,250250,Nordeste,PB,"-7.4820000\,-36.1350000",25,PB-Boqueirão,Paraíba
Uraí,4128401,NORTE PIONEIRO PARANAENSE,412840,Sul,PR,"-23.1980000\,-50.7960000",41,PR-Uraí,Paraná
Santo Antônio,2411502,AGRESTE POTIGUAR,241150,Nordeste,RN,"-6.3110000\,-35.4790000",24,RN-Santo Antônio,Rio Grande do Norte
Pirapemas,2108801,NORTE MARANHENSE,210880,Nordeste,MA,"-3.7270000\,-44.2230000",21,MA-Pirapemas,Maranhão
Matupá,5105606,NORTE MATO-GROSSENSE,510560,Centro-Oeste,MT,"-10.0570000\,-54.9330000",51,MT-Matupá,Mato Grosso
Brunópolis,4202875,SERRANA,420287,Sul,SC,"-27.3060000\,-50.8680000",42,SC-Brunópolis,Santa Catarina
Catolândia,2907400,EXTREMO OESTE BAIANO,290740,Nordeste,BA,"-12.3180000\,-44.8610000",29,BA-Catolândia,Bahia
Aparecida de Goiânia,5201405,CENTRO GOIANO,520140,Centro-Oeste,GO,"-16.8220000\,-49.2450000",52,GO-Aparecida de Goiânia,Goiás
Indianópolis,3130705,TRIANGULO MINEIRO/ALTO PARANAIBA,313070,Sudeste,MG,"-19.0390000\,-47.9170000",31,MG-Indianópolis,Minas Gerais
Marajá do Sena,2106359,OESTE MARANHENSE,210635,Nordeste,MA,"-4.5990000\,-45.5770000",21,MA-Marajá do Sena,Maranhão
Barra,2902708,VALE SAO-FRANCISCANO DA BAHIA,290270,Nordeste,BA,"-11.0890000\,-43.1420000",29,BA-Barra,Bahia
Anapu,1500859,SUDOESTE PARAENSE,150085,Norte,PA,"-3.4720000\,-51.1980000",15,PA-Anapu,Pará
Pontes Gestal,3540309,SAO JOSE DO RIO PRETO,354030,Sudeste,SP,"-20.1670000\,-49.7030000",35,SP-Pontes Gestal,São Paulo
Itariri,3523305,LITORAL SUL PAULISTA,352330,Sudeste,SP,"-24.2890000\,-47.1740000",35,SP-Itariri,São Paulo
Alto Alegre dos Parecis,1100379,LESTE RONDONIENSE,110037,Norte,RO,"-12.1280000\,-61.8510000",11,RO-Alto Alegre dos Parecis,Rondônia
Barbosa,3505104,ARACATUBA,350510,Sudeste,SP,"-21.2670000\,-49.9490000",35,SP-Barbosa,São Paulo
Guiratinga,5104203,SUDESTE MATO-GROSSENSE,510420,Centro-Oeste,MT,"-16.3490000\,-53.7580000",51,MT-Guiratinga,Mato Grosso
Vera Cruz do Oeste,4128559,OESTE PARANAENSE,412855,Sul,PR,"-25.0580000\,-53.8770000",41,PR-Vera Cruz do Oeste,Paraná
Araguari,3103504,TRIANGULO MINEIRO/ALTO PARANAIBA,310350,Sudeste,MG,"-18.6490000\,-48.1870000",31,MG-Araguari,Minas Gerais
Parnaíba,2207702,NORTE PIAUIENSE,220770,Nordeste,PI,"-2.9050000\,-41.7770000",22,PI-Parnaíba,Piauí
Muzambinho,3144102,SUL/SUDOESTE DE MINAS,314410,Sudeste,MG,"-21.3760000\,-46.5260000",31,MG-Muzambinho,Minas Gerais
Amapá,1600105,NORTE DO AMAPA,160010,Norte,AP,"2.0530000\,-50.7930000",16,AP-Amapá,Amapá
Barrolândia,1703107,OCIDENTAL DO TOCANTINS,170310,Norte,TO,"-9.8360000\,-48.7250000",17,TO-Barrolândia,Tocantins
Sud Mennucci,3552304,ARACATUBA,355230,Sudeste,SP,"-20.6910000\,-50.9240000",35,SP-Sud Mennucci,São Paulo
Nazaré do Piauí,2206704,SUDOESTE PIAUIENSE,220670,Nordeste,PI,"-6.9730000\,-42.6720000",22,PI-Nazaré do Piauí,Piauí
Santa Izabel do Oeste,4123808,SUDOESTE PARANAENSE,412380,Sul,PR,"-25.8210000\,-53.4840000",41,PR-Santa Izabel do Oeste,Paraná
Ferreiros,2605509,MATA PERNAMBUCANA,260550,Nordeste,PE,"-7.4480000\,-35.2440000",26,PE-Ferreiros,Pernambuco
Prados,3152709,CAMPO DAS VERTENTES,315270,Sudeste,MG,"-21.0580000\,-44.0800000",31,MG-Prados,Minas Gerais
Vera Mendes,2211506,SUDESTE PIAUIENSE,221150,Nordeste,PI,"-7.6030000\,-41.4830000",22,PI-Vera Mendes,Piauí
Jaupaci,5212006,CENTRO GOIANO,521200,Centro-Oeste,GO,"-16.1780000\,-50.9530000",52,GO-Jaupaci,Goiás
Canitar,3510153,ASSIS,351015,Sudeste,SP,"-23.0060000\,-49.7830000",35,SP-Canitar,São Paulo
Seropédica,3305554,METROPOLITANA DO RIO DE JANEIRO,330555,Sudeste,RJ,"-22.7440000\,-43.7080000",33,RJ-Seropédica,Rio de Janeiro
São Francisco,3161106,NORTE DE MINAS,316110,Sudeste,MG,"-15.9490000\,-44.8640000",31,MG-São Francisco,Minas Gerais
Passo do Sobrado,4314076,CENTRO ORIENTAL RIO-GRANDENSE,431407,Sul,RS,"-29.7480000\,-52.2750000",43,RS-Passo do Sobrado,Rio Grande do Sul
Baixo Guandu,3200805,NOROESTE ESPIRITO-SANTENSE,320080,Sudeste,ES,"-19.5190000\,-41.0160000",32,ES-Baixo Guandu,Espírito Santo
Novo Cruzeiro,3145307,JEQUITINHONHA,314530,Sudeste,MG,"-17.4680000\,-41.8750000",31,MG-Novo Cruzeiro,Minas Gerais
Terezinha,2615102,AGRESTE PERNAMBUCANO,261510,Nordeste,PE,"-9.0560000\,-36.6230000",26,PE-Terezinha,Pernambuco
Uruana,5221700,CENTRO GOIANO,522170,Centro-Oeste,GO,"-15.4980000\,-49.6880000",52,GO-Uruana,Goiás
Arvorezinha,4301404,NORDESTE RIO-GRANDENSE,430140,Sul,RS,"-28.8720000\,-52.1750000",43,RS-Arvorezinha,Rio Grande do Sul
Nova Fátima,4117008,NORTE PIONEIRO PARANAENSE,411700,Sul,PR,"-23.4320000\,-50.5640000",41,PR-Nova Fátima,Paraná
Iaciara,5209903,LESTE GOIANO,520990,Centro-Oeste,GO,"-14.0960000\,-46.6320000",52,GO-Iaciara,Goiás
Vitória do Xingu,1508357,SUDOESTE PARAENSE,150835,Norte,PA,"-2.8800000\,-52.0100000",15,PA-Vitória do Xingu,Pará
Corumbataí,3512704,PIRACICABA,351270,Sudeste,SP,"-22.2200000\,-47.6260000",35,SP-Corumbataí,São Paulo
Umburatiba,3170305,VALE DO MUCURI,317030,Sudeste,MG,"-17.2560000\,-40.5730000",31,MG-Umburatiba,Minas Gerais
Imbuia,4207403,VALE DO ITAJAI,420740,Sul,SC,"-27.4930000\,-49.4240000",42,SC-Imbuia,Santa Catarina
Matão,3529302,ARARAQUARA,352930,Sudeste,SP,"-21.6030000\,-48.3660000",35,SP-Matão,São Paulo
Pacatuba,2804904,LESTE SERGIPANO,280490,Nordeste,SE,"-10.4530000\,-36.6510000",28,SE-Pacatuba,Sergipe
Salinas da Margarida,2927309,METROPOLITANA DE SALVADOR,292730,Nordeste,BA,"-12.8710000\,-38.7640000",29,BA-Salinas da Margarida,Bahia
Cristália,3120300,NORTE DE MINAS,312030,Sudeste,MG,"-16.8000000\,-42.8620000",31,MG-Cristália,Minas Gerais
Ipanema,3131208,VALE DO RIO DOCE,313120,Sudeste,MG,"-19.8010000\,-41.7130000",31,MG-Ipanema,Minas Gerais
Marliéria,3140308,VALE DO RIO DOCE,314030,Sudeste,MG,"-19.7120000\,-42.7320000",31,MG-Marliéria,Minas Gerais
Cunhataí,4204756,OESTE CATARINENSE,420475,Sul,SC,"-26.9690000\,-53.0930000",42,SC-Cunhataí,Santa Catarina
Corumbá de Goiás,5205802,LESTE GOIANO,520580,Centro-Oeste,GO,"-15.9240000\,-48.8090000",52,GO-Corumbá de Goiás,Goiás
Toritama,2615409,AGRESTE PERNAMBUCANO,261540,Nordeste,PE,"-7.9990000\,-36.0510000",26,PE-Toritama,Pernambuco
Porto de Moz,1505908,BAIXO AMAZONAS,150590,Norte,PA,"-1.7480000\,-52.2380000",15,PA-Porto de Moz,Pará
Arenápolis,5101308,CENTRO-SUL MATO-GROSSENSE,510130,Centro-Oeste,MT,"-14.4500000\,-56.8460000",51,MT-Arenápolis,Mato Grosso
Barroso,3105905,CAMPO DAS VERTENTES,310590,Sudeste,MG,"-21.1870000\,-43.9760000",31,MG-Barroso,Minas Gerais
Ouro Branco,2706109,SERTAO ALAGOANO,270610,Nordeste,AL,"-9.1670000\,-37.3570000",27,AL-Ouro Branco,Alagoas
Bragança Paulista,3507605,MACRO METROPOLITANA PAULISTA,350760,Sudeste,SP,"-22.9520000\,-46.5420000",35,SP-Bragança Paulista,São Paulo
Bom Princípio,4302352,METROPOLITANA DE PORTO ALEGRE,430235,Sul,RS,"-29.4890000\,-51.3530000",43,RS-Bom Princípio,Rio Grande do Sul
Padre Bernardo,5215603,LESTE GOIANO,521560,Centro-Oeste,GO,"-15.1600000\,-48.2840000",52,GO-Padre Bernardo,Goiás
Coronel José Dias,2202851,SUDOESTE PIAUIENSE,220285,Nordeste,PI,"-8.8160000\,-42.5130000",22,PI-Coronel José Dias,Piauí
Itapuca,4310579,NORDESTE RIO-GRANDENSE,431057,Sul,RS,"-28.7800000\,-52.1720000",43,RS-Itapuca,Rio Grande do Sul
Rio Claro,3543907,PIRACICABA,354390,Sudeste,SP,"-22.4110000\,-47.5610000",35,SP-Rio Claro,São Paulo
Santo Antônio de Posse,3548005,CAMPINAS,354800,Sudeste,SP,"-22.6060000\,-46.9190000",35,SP-Santo Antônio de Posse,São Paulo
Morro Grande,4211256,SUL CATARINENSE,421125,Sul,SC,"-28.8010000\,-49.7210000",42,SC-Morro Grande,Santa Catarina
Senador Modestino Gonçalves,3165909,JEQUITINHONHA,316590,Sudeste,MG,"-17.9470000\,-43.2250000",31,MG-Senador Modestino Gonçalves,Minas Gerais
Roque Gonzales,4316303,NOROESTE RIO-GRANDENSE,431630,Sul,RS,"-28.1310000\,-55.0260000",43,RS-Roque Gonzales,Rio Grande do Sul
Pio IX,2208205,SUDESTE PIAUIENSE,220820,Nordeste,PI,"-6.8380000\,-40.5790000",22,PI-Pio IX,Piauí
Conceição do Mato Dentro,3117504,METROPOLITANA DE BELO HORIZONTE,311750,Sudeste,MG,"-19.0370000\,-43.4250000",31,MG-Conceição do Mato Dentro,Minas Gerais
Cachoeira de Minas,3109709,SUL/SUDOESTE DE MINAS,310970,Sudeste,MG,"-22.3550000\,-45.7790000",31,MG-Cachoeira de Minas,Minas Gerais
Araraquara,3503208,ARARAQUARA,350320,Sudeste,SP,"-21.7940000\,-48.1760000",35,SP-Araraquara,São Paulo
Abadia dos Dourados,3100104,TRIANGULO MINEIRO/ALTO PARANAIBA,310010,Sudeste,MG,"-18.4860000\,-47.4030000",31,MG-Abadia dos Dourados,Minas Gerais
Nova Roma,5214903,NORTE GOIANO,521490,Centro-Oeste,GO,"-13.7420000\,-46.8800000",52,GO-Nova Roma,Goiás
São Miguel da Boa Vista,4217154,OESTE CATARINENSE,421715,Sul,SC,"-26.6900000\,-53.2510000",42,SC-São Miguel da Boa Vista,Santa Catarina
Nilópolis,3303203,METROPOLITANA DO RIO DE JANEIRO,330320,Sudeste,RJ,"-22.8080000\,-43.4140000",33,RJ-Nilópolis,Rio de Janeiro
Pedralva,3149101,SUL/SUDOESTE DE MINAS,314910,Sudeste,MG,"-22.2430000\,-45.4660000",31,MG-Pedralva,Minas Gerais
Niquelândia,5214606,NORTE GOIANO,521460,Centro-Oeste,GO,"-14.4740000\,-48.4600000",52,GO-Niquelândia,Goiás
Morros,2107100,NORTE MARANHENSE,210710,Nordeste,MA,"-2.8640000\,-44.0390000",21,MA-Morros,Maranhão
São Francisco de Sales,3161304,TRIANGULO MINEIRO/ALTO PARANAIBA,316130,Sudeste,MG,"-19.8630000\,-49.7740000",31,MG-São Francisco de Sales,Minas Gerais
Portel,1505809,MARAJO,150580,Norte,PA,"-1.9360000\,-50.8210000",15,PA-Portel,Pará
Palmital,3535309,ASSIS,353530,Sudeste,SP,"-22.7890000\,-50.2180000",35,SP-Palmital,São Paulo
Barão do Triunfo,4301750,METROPOLITANA DE PORTO ALEGRE,430175,Sul,RS,"-30.3880000\,-51.7340000",43,RS-Barão do Triunfo,Rio Grande do Sul
Entre Rios,4205175,OESTE CATARINENSE,420517,Sul,SC,"-26.7240000\,-52.5610000",42,SC-Entre Rios,Santa Catarina
Mogi das Cruzes,3530607,METROPOLITANA DE SAO PAULO,353060,Sudeste,SP,"-23.5230000\,-46.1880000",35,SP-Mogi das Cruzes,São Paulo
Jataí,5211909,SUL GOIANO,521190,Centro-Oeste,GO,"-17.8810000\,-51.7140000",52,GO-Jataí,Goiás
Uruaçu,5221601,NORTE GOIANO,522160,Centro-Oeste,GO,"-14.5250000\,-49.1410000",52,GO-Uruaçu,Goiás
Arroio do Padre,4301073,SUDESTE RIO-GRANDENSE,430107,Sul,RS,"-31.4420000\,-52.4220000",43,RS-Arroio do Padre,Rio Grande do Sul
Aricanduva,3104452,JEQUITINHONHA,310445,Sudeste,MG,"-17.8670000\,-42.5570000",31,MG-Aricanduva,Minas Gerais
Moreilândia,2614303,SERTAO PERNAMBUCANO,261430,Nordeste,PE,"-7.6310000\,-39.5510000",26,PE-Moreilândia,Pernambuco
Paiva,3146602,ZONA DA MATA,314660,Sudeste,MG,"-21.2890000\,-43.4160000",31,MG-Paiva,Minas Gerais
Riachão do Bacamarte,2512754,AGRESTE PARAIBANO,251275,Nordeste,PB,"-7.2430000\,-35.6660000",25,PB-Riachão do Bacamarte,Paraíba
Monte Alegre do Piauí,2206605,SUDOESTE PIAUIENSE,220660,Nordeste,PI,"-9.7540000\,-45.3040000",22,PI-Monte Alegre do Piauí,Piauí
Douradoquara,3123502,TRIANGULO MINEIRO/ALTO PARANAIBA,312350,Sudeste,MG,"-18.4310000\,-47.6090000",31,MG-Douradoquara,Minas Gerais
Dom Pedrito,4306601,SUDOESTE RIO-GRANDENSE,430660,Sul,RS,"-30.9830000\,-54.6730000",43,RS-Dom Pedrito,Rio Grande do Sul
Cajuru,3509403,RIBEIRAO PRETO,350940,Sudeste,SP,"-21.2750000\,-47.3040000",35,SP-Cajuru,São Paulo
Lauro de Freitas,2919207,METROPOLITANA DE SALVADOR,291920,Nordeste,BA,"-12.8940000\,-38.3270000",29,BA-Lauro de Freitas,Bahia
Santana do Mundaú,2708105,LESTE ALAGOANO,270810,Nordeste,AL,"-9.1680000\,-36.2220000",27,AL-Santana do Mundaú,Alagoas
Bento Gonçalves,4302105,NORDESTE RIO-GRANDENSE,430210,Sul,RS,"-29.1710000\,-51.5190000",43,RS-Bento Gonçalves,Rio Grande do Sul
Santarém,1506807,BAIXO AMAZONAS,150680,Norte,PA,"-2.4430000\,-54.7080000",15,PA-Santarém,Pará
Santo Antônio do Sudoeste,4124400,SUDOESTE PARANAENSE,412440,Sul,PR,"-26.0700000\,-53.7230000",41,PR-Santo Antônio do Sudoeste,Paraná
Arapiraca,2700300,AGRESTE ALAGOANO,270030,Nordeste,AL,"-9.7520000\,-36.6610000",27,AL-Arapiraca,Alagoas
Tupirama,1721257,OCIDENTAL DO TOCANTINS,172125,Norte,TO,"-8.9730000\,-48.1880000",17,TO-Tupirama,Tocantins
Tio Hugo,4321469,NOROESTE RIO-GRANDENSE,432146,Sul,RS,"-28.5790000\,-52.5990000",43,RS-Tio Hugo,Rio Grande do Sul
Joaquim Felício,3136405,CENTRAL MINEIRA,313640,Sudeste,MG,"-17.7580000\,-44.1720000",31,MG-Joaquim Felício,Minas Gerais
Itiúba,2917003,CENTRO NORTE BAIANO,291700,Nordeste,BA,"-10.6910000\,-39.8530000",29,BA-Itiúba,Bahia
Alto Alegre,3501103,ARACATUBA,350110,Sudeste,SP,"-21.5810000\,-50.1640000",35,SP-Alto Alegre,São Paulo
Rancho Alegre D'Oeste,4121356,CENTRO OCIDENTAL PARANAENSE,412135,Sul,PR,"-24.3070000\,-52.9540000",41,PR-Rancho Alegre D'Oeste,Paraná
Araguanã,2100873,OESTE MARANHENSE,210087,Nordeste,MA,"-2.9530000\,-45.6650000",21,MA-Araguanã,Maranhão
São Gonçalo do Pará,3161809,OESTE DE MINAS,316180,Sudeste,MG,"-19.9830000\,-44.8590000",31,MG-São Gonçalo do Pará,Minas Gerais
Vila Valério,3205176,NOROESTE ESPIRITO-SANTENSE,320517,Sudeste,ES,"-18.9980000\,-40.3890000",32,ES-Vila Valério,Espírito Santo
Treze de Maio,4218400,SUL CATARINENSE,421840,Sul,SC,"-28.5590000\,-49.1480000",42,SC-Treze de Maio,Santa Catarina
Aimorés,3101102,VALE DO RIO DOCE,310110,Sudeste,MG,"-19.4960000\,-41.0640000",31,MG-Aimorés,Minas Gerais
Carpina,2604007,MATA PERNAMBUCANA,260400,Nordeste,PE,"-7.8510000\,-35.2550000",26,PE-Carpina,Pernambuco
Paes Landim,2207306,SUDESTE PIAUIENSE,220730,Nordeste,PI,"-7.7780000\,-42.2560000",22,PI-Paes Landim,Piauí
Santa Cruz das Palmeiras,3546306,CAMPINAS,354630,Sudeste,SP,"-21.8270000\,-47.2490000",35,SP-Santa Cruz das Palmeiras,São Paulo
Carutapera,2102903,OESTE MARANHENSE,210290,Nordeste,MA,"-1.1950000\,-46.0200000",21,MA-Carutapera,Maranhão
Montividiu,5213756,SUL GOIANO,521375,Centro-Oeste,GO,"-17.4440000\,-51.1750000",52,GO-Montividiu,Goiás
Sena Madureira,1200500,VALE DO ACRE,120050,Norte,AC,"-9.0660000\,-68.6570000",12,AC-Sena Madureira,Acre
Acarape,2300150,NORTE CEARENSE,230015,Nordeste,CE,"-4.2240000\,-38.7080000",23,CE-Acarape,Ceará
Três Coroas,4321709,METROPOLITANA DE PORTO ALEGRE,432170,Sul,RS,"-29.5170000\,-50.7780000",43,RS-Três Coroas,Rio Grande do Sul
São José dos Quatro Marcos,5107107,SUDOESTE MATO-GROSSENSE,510710,Centro-Oeste,MT,"-15.6210000\,-58.1760000",51,MT-São José dos Quatro Marcos,Mato Grosso
São João da Mata,3162302,SUL/SUDOESTE DE MINAS,316230,Sudeste,MG,"-21.9300000\,-45.9290000",31,MG-São João da Mata,Minas Gerais
Japonvar,3135357,NORTE DE MINAS,313535,Sudeste,MG,"-15.9950000\,-44.2700000",31,MG-Japonvar,Minas Gerais
Candiota,4304358,SUDESTE RIO-GRANDENSE,430435,Sul,RS,"-31.5580000\,-53.6730000",43,RS-Candiota,Rio Grande do Sul
Icaraíma,4109906,NOROESTE PARANAENSE,410990,Sul,PR,"-23.3960000\,-53.6140000",41,PR-Icaraíma,Paraná
Jardim Alegre,4112504,NORTE CENTRAL PARANAENSE,411250,Sul,PR,"-24.1790000\,-51.6920000",41,PR-Jardim Alegre,Paraná
Mauá,3529401,METROPOLITANA DE SAO PAULO,352940,Sudeste,SP,"-23.6680000\,-46.4610000",35,SP-Mauá,São Paulo
Guaxupé,3128709,SUL/SUDOESTE DE MINAS,312870,Sudeste,MG,"-21.3050000\,-46.7130000",31,MG-Guaxupé,Minas Gerais
Barra da Estiva,2902807,CENTRO SUL BAIANO,290280,Nordeste,BA,"-13.6260000\,-41.3270000",29,BA-Barra da Estiva,Bahia
Itacarambi,3132107,NORTE DE MINAS,313210,Sudeste,MG,"-15.1020000\,-44.0920000",31,MG-Itacarambi,Minas Gerais
Guarantã,3518107,BAURU,351810,Sudeste,SP,"-21.8950000\,-49.5900000",35,SP-Guarantã,São Paulo
Planura,3151602,TRIANGULO MINEIRO/ALTO PARANAIBA,315160,Sudeste,MG,"-20.1380000\,-48.7020000",31,MG-Planura,Minas Gerais
Iturama,3134400,TRIANGULO MINEIRO/ALTO PARANAIBA,313440,Sudeste,MG,"-19.7280000\,-50.1960000",31,MG-Iturama,Minas Gerais
Viçosa,2414902,OESTE POTIGUAR,241490,Nordeste,RN,"-5.9940000\,-37.9440000",24,RN-Viçosa,Rio Grande do Norte
Itaquiraí,5004601,SUDOESTE DE MATO GROSSO DO SUL,500460,Centro-Oeste,MS,"-23.4740000\,-54.1850000",50,MS-Itaquiraí,Mato Grosso do Sul
Maringá,4115200,NORTE CENTRAL PARANAENSE,411520,Sul,PR,"-23.4250000\,-51.9390000",41,PR-Maringá,Paraná
Linhares,3203205,LITORAL NORTE ESPIRITO-SANTENSE,320320,Sudeste,ES,"-19.3910000\,-40.0720000",32,ES-Linhares,Espírito Santo
Pedregulho,3537008,RIBEIRAO PRETO,353700,Sudeste,SP,"-20.2570000\,-47.4770000",35,SP-Pedregulho,São Paulo
Sussuapara,2210938,SUDESTE PIAUIENSE,221093,Nordeste,PI,"-7.0430000\,-41.3840000",22,PI-Sussuapara,Piauí
Gurupi,1709500,OCIDENTAL DO TOCANTINS,170950,Norte,TO,"-11.7290000\,-49.0690000",17,TO-Gurupi,Tocantins
Pedro do Rosário,2108256,NORTE MARANHENSE,210825,Nordeste,MA,"-2.9730000\,-45.3490000",21,MA-Pedro do Rosário,Maranhão
Turvo,4218806,SUL CATARINENSE,421880,Sul,SC,"-28.9260000\,-49.6790000",42,SC-Turvo,Santa Catarina
Astorga,4102109,NORTE CENTRAL PARANAENSE,410210,Sul,PR,"-23.2330000\,-51.6660000",41,PR-Astorga,Paraná
Morada Nova de Minas,3143500,CENTRAL MINEIRA,314350,Sudeste,MG,"-18.6040000\,-45.3570000",31,MG-Morada Nova de Minas,Minas Gerais
Campos Lindos,1703842,ORIENTAL DO TOCANTINS,170384,Norte,TO,"-7.9940000\,-46.8680000",17,TO-Campos Lindos,Tocantins
Araioses,2100907,LESTE MARANHENSE,210090,Nordeste,MA,"-2.8900000\,-41.9030000",21,MA-Araioses,Maranhão
Desterro,2505402,SERTAO PARAIBANO,250540,Nordeste,PB,"-7.2910000\,-37.0940000",25,PB-Desterro,Paraíba
Sandolândia,1718840,OCIDENTAL DO TOCANTINS,171884,Norte,TO,"-12.5370000\,-49.9250000",17,TO-Sandolândia,Tocantins
Pirapora,3151206,NORTE DE MINAS,315120,Sudeste,MG,"-17.3450000\,-44.9420000",31,MG-Pirapora,Minas Gerais
Apiúna,4201257,VALE DO ITAJAI,420125,Sul,SC,"-27.0360000\,-49.3900000",42,SC-Apiúna,Santa Catarina
Goianinha,2404200,LESTE POTIGUAR,240420,Nordeste,RN,"-6.2670000\,-35.2100000",24,RN-Goianinha,Rio Grande do Norte
Pirapetinga,3151107,ZONA DA MATA,315110,Sudeste,MG,"-21.6560000\,-42.3460000",31,MG-Pirapetinga,Minas Gerais
Contendas do Sincorá,2908804,CENTRO SUL BAIANO,290880,Nordeste,BA,"-13.7630000\,-41.0410000",29,BA-Contendas do Sincorá,Bahia
Piraju,3538808,ASSIS,353880,Sudeste,SP,"-23.1940000\,-49.3840000",35,SP-Piraju,São Paulo
Viseu,1508308,NORDESTE PARAENSE,150830,Norte,PA,"-1.1970000\,-46.1400000",15,PA-Viseu,Pará
Itamogi,3132909,SUL/SUDOESTE DE MINAS,313290,Sudeste,MG,"-21.0780000\,-47.0480000",31,MG-Itamogi,Minas Gerais
Saquarema,3305505,BAIXADAS,330550,Sudeste,RJ,"-22.9200000\,-42.5100000",33,RJ-Saquarema,Rio de Janeiro
Paulo Ramos,2108108,OESTE MARANHENSE,210810,Nordeste,MA,"-4.4450000\,-45.2390000",21,MA-Paulo Ramos,Maranhão
Maricá,3302700,METROPOLITANA DO RIO DE JANEIRO,330270,Sudeste,RJ,"-22.9190000\,-42.8190000",33,RJ-Maricá,Rio de Janeiro
Piripiri,2208403,NORTE PIAUIENSE,220840,Nordeste,PI,"-4.2730000\,-41.7770000",22,PI-Piripiri,Piauí
Coari,1301209,CENTRO AMAZONENSE,130120,Norte,AM,"-4.0850000\,-63.1410000",13,AM-Coari,Amazonas
Serra da Saudade,3166600,CENTRAL MINEIRA,316660,Sudeste,MG,"-19.4380000\,-45.7960000",31,MG-Serra da Saudade,Minas Gerais
Petrópolis,3303906,METROPOLITANA DO RIO DE JANEIRO,330390,Sudeste,RJ,"-22.5050000\,-43.1790000",33,RJ-Petrópolis,Rio de Janeiro
Ametista do Sul,4300646,NOROESTE RIO-GRANDENSE,430064,Sul,RS,"-27.3610000\,-53.1820000",43,RS-Ametista do Sul,Rio Grande do Sul
Alto Rio Novo,3200359,NOROESTE ESPIRITO-SANTENSE,320035,Sudeste,ES,"-19.0560000\,-41.0170000",32,ES-Alto Rio Novo,Espírito Santo
Salitre,2311959,SUL CEARENSE,231195,Nordeste,CE,"-7.2850000\,-40.4570000",23,CE-Salitre,Ceará
Jaú do Tocantins,1711506,OCIDENTAL DO TOCANTINS,171150,Norte,TO,"-12.6540000\,-48.5940000",17,TO-Jaú do Tocantins,Tocantins
Porto Nacional,1718204,ORIENTAL DO TOCANTINS,171820,Norte,TO,"-10.7080000\,-48.4170000",17,TO-Porto Nacional,Tocantins
Cássia,3115102,SUL/SUDOESTE DE MINAS,311510,Sudeste,MG,"-20.5830000\,-46.9220000",31,MG-Cássia,Minas Gerais
São Geraldo da Piedade,3161601,VALE DO RIO DOCE,316160,Sudeste,MG,"-18.8360000\,-42.2880000",31,MG-São Geraldo da Piedade,Minas Gerais
Prudentópolis,4120606,SUDESTE PARANAENSE,412060,Sul,PR,"-25.2130000\,-50.9780000",41,PR-Prudentópolis,Paraná
Mercês,3141603,ZONA DA MATA,314160,Sudeste,MG,"-21.1940000\,-43.3410000",31,MG-Mercês,Minas Gerais
Iguaracy,2606903,SERTAO PERNAMBUCANO,260690,Nordeste,PE,"-7.8350000\,-37.5150000",26,PE-Iguaracy,Pernambuco
Olhos-d'Água,3145455,NORTE DE MINAS,314545,Sudeste,MG,"-17.3970000\,-43.5730000",31,MG-Olhos-d'Água,Minas Gerais
Campo Maior,2202208,CENTRO-NORTE PIAUIENSE,220220,Nordeste,PI,"-4.8280000\,-42.1690000",22,PI-Campo Maior,Piauí
Porto Xavier,4315107,NOROESTE RIO-GRANDENSE,431510,Sul,RS,"-27.9060000\,-55.1380000",43,RS-Porto Xavier,Rio Grande do Sul
Tapira,4126900,NOROESTE PARANAENSE,412690,Sul,PR,"-23.3230000\,-53.0680000",41,PR-Tapira,Paraná
Itapagipe,3133402,TRIANGULO MINEIRO/ALTO PARANAIBA,313340,Sudeste,MG,"-19.9090000\,-49.3810000",31,MG-Itapagipe,Minas Gerais
Barretos,3505500,RIBEIRAO PRETO,350550,Sudeste,SP,"-20.5570000\,-48.5680000",35,SP-Barretos,São Paulo
Vidal Ramos,4219200,VALE DO ITAJAI,421920,Sul,SC,"-27.3920000\,-49.3560000",42,SC-Vidal Ramos,Santa Catarina
Capela do Alto,3510302,MACRO METROPOLITANA PAULISTA,351030,Sudeste,SP,"-23.4710000\,-47.7350000",35,SP-Capela do Alto,São Paulo
Cristal,4306056,SUDESTE RIO-GRANDENSE,430605,Sul,RS,"-31.0030000\,-52.0500000",43,RS-Cristal,Rio Grande do Sul
Itaúba,5104559,NORTE MATO-GROSSENSE,510455,Centro-Oeste,MT,"-11.0620000\,-55.2760000",51,MT-Itaúba,Mato Grosso
Delta,3121258,TRIANGULO MINEIRO/ALTO PARANAIBA,312125,Sudeste,MG,"-19.9770000\,-47.7710000",31,MG-Delta,Minas Gerais
Alvorada de Minas,3102407,METROPOLITANA DE BELO HORIZONTE,310240,Sudeste,MG,"-18.7360000\,-43.3650000",31,MG-Alvorada de Minas,Minas Gerais
Penaforte,2310605,SUL CEARENSE,231060,Nordeste,CE,"-7.8290000\,-39.0770000",23,CE-Penaforte,Ceará
Nossa Senhora da Glória,2804508,SERTAO SERGIPANO,280450,Nordeste,SE,"-10.2180000\,-37.4200000",28,SE-Nossa Senhora da Glória,Sergipe
Santo André,2513851,BORBOREMA,251385,Nordeste,PB,"-7.2180000\,-36.6330000",25,PB-Santo André,Paraíba
Guiricema,3129004,ZONA DA MATA,312900,Sudeste,MG,"-21.0080000\,-42.7180000",31,MG-Guiricema,Minas Gerais
Orleans,4211702,SUL CATARINENSE,421170,Sul,SC,"-28.3590000\,-49.2910000",42,SC-Orleans,Santa Catarina
Luzinópolis,1712454,OCIDENTAL DO TOCANTINS,171245,Norte,TO,"-6.1820000\,-47.8560000",17,TO-Luzinópolis,Tocantins
Gravatal,4206207,SUL CATARINENSE,420620,Sul,SC,"-28.3310000\,-49.0350000",42,SC-Gravatal,Santa Catarina
Iacanga,3519105,BAURU,351910,Sudeste,SP,"-21.8900000\,-49.0250000",35,SP-Iacanga,São Paulo
Nova Brasilândia D'Oeste,1100148,LESTE RONDONIENSE,110014,Norte,RO,"-11.7250000\,-62.3310000",11,RO-Nova Brasilândia D'Oeste,Rondônia
Fazenda Vilanova,4308078,CENTRO ORIENTAL RIO-GRANDENSE,430807,Sul,RS,"-29.5890000\,-51.8250000",43,RS-Fazenda Vilanova,Rio Grande do Sul
Barra do Rio Azul,4301925,NOROESTE RIO-GRANDENSE,430192,Sul,RS,"-27.4090000\,-52.4100000",43,RS-Barra do Rio Azul,Rio Grande do Sul
Santa Isabel,3546801,METROPOLITANA DE SAO PAULO,354680,Sudeste,SP,"-23.3160000\,-46.2210000",35,SP-Santa Isabel,São Paulo
Lajedo,2608800,AGRESTE PERNAMBUCANO,260880,Nordeste,PE,"-8.6640000\,-36.3200000",26,PE-Lajedo,Pernambuco
Vale do Anari,1101757,LESTE RONDONIENSE,110175,Norte,RO,"-9.8630000\,-62.1860000",11,RO-Vale do Anari,Rondônia
Palmeirais,2207504,CENTRO-NORTE PIAUIENSE,220750,Nordeste,PI,"-5.9780000\,-43.0630000",22,PI-Palmeirais,Piauí
Jacuizinho,4310876,NOROESTE RIO-GRANDENSE,431087,Sul,RS,"-29.0340000\,-53.0590000",43,RS-Jacuizinho,Rio Grande do Sul
Riachão do Dantas,2805802,AGRESTE SERGIPANO,280580,Nordeste,SE,"-11.0690000\,-37.7250000",28,SE-Riachão do Dantas,Sergipe
Banzaê,2902658,NORDESTE BAIANO,290265,Nordeste,BA,"-10.5770000\,-38.6150000",29,BA-Banzaê,Bahia
São Cristóvão do Sul,4216057,SERRANA,421605,Sul,SC,"-27.2670000\,-50.4410000",42,SC-São Cristóvão do Sul,Santa Catarina
Hortolândia,3519071,CAMPINAS,351907,Sudeste,SP,"-22.8580000\,-47.2200000",35,SP-Hortolândia,São Paulo
Mineiros do Tietê,3529807,BAURU,352980,Sudeste,SP,"-22.4090000\,-48.4510000",35,SP-Mineiros do Tietê,São Paulo
Cacoal,1100049,LESTE RONDONIENSE,110004,Norte,RO,"-11.4380000\,-61.4480000",11,RO-Cacoal,Rondônia
Crato,2304202,SUL CEARENSE,230420,Nordeste,CE,"-7.2340000\,-39.4090000",23,CE-Crato,Ceará
São Pedro da Serra,4319356,METROPOLITANA DE PORTO ALEGRE,431935,Sul,RS,"-29.4210000\,-51.5130000",43,RS-São Pedro da Serra,Rio Grande do Sul
Salgadinho,2513000,BORBOREMA,251300,Nordeste,PB,"-7.1030000\,-36.8450000",25,PB-Salgadinho,Paraíba
Brasil Novo,1501725,SUDOESTE PARAENSE,150172,Norte,PA,"-3.2620000\,-52.6680000",15,PA-Brasil Novo,Pará
Anajás,1500701,MARAJO,150070,Norte,PA,"-0.9870000\,-49.9400000",15,PA-Anajás,Pará
Curaçá,2909901,VALE SAO-FRANCISCANO DA BAHIA,290990,Nordeste,BA,"-8.9920000\,-39.9080000",29,BA-Curaçá,Bahia
Montanhas,2407708,LESTE POTIGUAR,240770,Nordeste,RN,"-6.4860000\,-35.2880000",24,RN-Montanhas,Rio Grande do Norte
Santo Inácio do Piauí,2209500,SUDESTE PIAUIENSE,220950,Nordeste,PI,"-7.4300000\,-41.9110000",22,PI-Santo Inácio do Piauí,Piauí
Japaratuba,2803302,LESTE SERGIPANO,280330,Nordeste,SE,"-10.5930000\,-36.9400000",28,SE-Japaratuba,Sergipe
Senador Georgino Avelino,2413201,LESTE POTIGUAR,241320,Nordeste,RN,"-6.1630000\,-35.1230000",24,RN-Senador Georgino Avelino,Rio Grande do Norte
Guaraçaí,3517802,ARACATUBA,351780,Sudeste,SP,"-21.0280000\,-51.2070000",35,SP-Guaraçaí,São Paulo
Monção,2106904,NORTE MARANHENSE,210690,Nordeste,MA,"-3.4920000\,-45.2510000",21,MA-Monção,Maranhão
Pirpirituba,2511806,AGRESTE PARAIBANO,251180,Nordeste,PB,"-6.7800000\,-35.4990000",25,PB-Pirpirituba,Paraíba
Pontalina,5217708,SUL GOIANO,521770,Centro-Oeste,GO,"-17.5260000\,-49.4490000",52,GO-Pontalina,Goiás
Água Preta,2600401,MATA PERNAMBUCANA,260040,Nordeste,PE,"-8.7070000\,-35.5310000",26,PE-Água Preta,Pernambuco
Santo Antônio do Aracanguá,3548054,ARACATUBA,354805,Sudeste,SP,"-20.9370000\,-50.4960000",35,SP-Santo Antônio do Aracanguá,São Paulo
Pombal,2512101,SERTAO PARAIBANO,251210,Nordeste,PB,"-6.7700000\,-37.8020000",25,PB-Pombal,Paraíba
Cristais Paulista,3513207,RIBEIRAO PRETO,351320,Sudeste,SP,"-20.3970000\,-47.4200000",35,SP-Cristais Paulista,São Paulo
Várzea,2517100,BORBOREMA,251710,Nordeste,PB,"-6.7720000\,-36.9920000",25,PB-Várzea,Paraíba
Dores do Indaiá,3123205,CENTRAL MINEIRA,312320,Sudeste,MG,"-19.4630000\,-45.6020000",31,MG-Dores do Indaiá,Minas Gerais
Derrubadas,4306320,NOROESTE RIO-GRANDENSE,430632,Sul,RS,"-27.2650000\,-53.8610000",43,RS-Derrubadas,Rio Grande do Sul
Barro Duro,2201408,CENTRO-NORTE PIAUIENSE,220140,Nordeste,PI,"-5.8180000\,-42.5130000",22,PI-Barro Duro,Piauí
Brasiléia,1200104,VALE DO ACRE,120010,Norte,AC,"-11.0100000\,-68.7480000",12,AC-Brasiléia,Acre
Pacajá,1505486,SUDOESTE PARAENSE,150548,Norte,PA,"-3.8380000\,-50.6380000",15,PA-Pacajá,Pará
São Vicente,3551009,METROPOLITANA DE SAO PAULO,355100,Sudeste,SP,"-23.9630000\,-46.3920000",35,SP-São Vicente,São Paulo
Lavras do Sul,4311502,SUDOESTE RIO-GRANDENSE,431150,Sul,RS,"-30.8130000\,-53.8950000",43,RS-Lavras do Sul,Rio Grande do Sul
Bacuri,2101301,NORTE MARANHENSE,210130,Nordeste,MA,"-1.7030000\,-45.1340000",21,MA-Bacuri,Maranhão
Santa Mariana,4123907,NORTE PIONEIRO PARANAENSE,412390,Sul,PR,"-23.1510000\,-50.5190000",41,PR-Santa Mariana,Paraná
Mairinque,3528403,MACRO METROPOLITANA PAULISTA,352840,Sudeste,SP,"-23.5460000\,-47.1830000",35,SP-Mairinque,São Paulo
Areia Branca,2800506,AGRESTE SERGIPANO,280050,Nordeste,SE,"-10.7580000\,-37.3150000",28,SE-Areia Branca,Sergipe
Vereda,2933257,SUL BAIANO,293325,Nordeste,BA,"-17.2230000\,-40.0900000",29,BA-Vereda,Bahia
Ipaba,3131158,VALE DO RIO DOCE,313115,Sudeste,MG,"-19.4140000\,-42.4190000",31,MG-Ipaba,Minas Gerais
Colômbia,3512100,RIBEIRAO PRETO,351210,Sudeste,SP,"-20.1760000\,-48.6890000",35,SP-Colômbia,São Paulo
Barra Bonita,3505302,BAURU,350530,Sudeste,SP,"-22.4950000\,-48.5580000",35,SP-Barra Bonita,São Paulo
Faxinal dos Guedes,4205308,OESTE CATARINENSE,420530,Sul,SC,"-26.8530000\,-52.2600000",42,SC-Faxinal dos Guedes,Santa Catarina
Silves,1304005,CENTRO AMAZONENSE,130400,Norte,AM,"-2.8390000\,-58.2090000",13,AM-Silves,Amazonas
Ibiporã,4109807,NORTE CENTRAL PARANAENSE,410980,Sul,PR,"-23.2690000\,-51.0480000",41,PR-Ibiporã,Paraná
Fortaleza do Tabocão,1708254,OCIDENTAL DO TOCANTINS,170825,Norte,TO,"-9.0570000\,-48.5190000",17,TO-Fortaleza do Tabocão,Tocantins
São Miguel do Aleixo,2807006,AGRESTE SERGIPANO,280700,Nordeste,SE,"-10.3880000\,-37.3810000",28,SE-São Miguel do Aleixo,Sergipe
Bela Vista do Piauí,2201556,SUDESTE PIAUIENSE,220155,Nordeste,PI,"-7.9890000\,-41.8680000",22,PI-Bela Vista do Piauí,Piauí
Varzelândia,3170909,NORTE DE MINAS,317090,Sudeste,MG,"-15.7010000\,-44.0280000",31,MG-Varzelândia,Minas Gerais
Sapezal,5107875,NORTE MATO-GROSSENSE,510787,Centro-Oeste,MT,"-12.9890000\,-58.7640000",51,MT-Sapezal,Mato Grosso
Horizontina,4309605,NOROESTE RIO-GRANDENSE,430960,Sul,RS,"-27.6260000\,-54.3080000",43,RS-Horizontina,Rio Grande do Sul
Porciúncula,3304102,NOROESTE FLUMINENSE,330410,Sudeste,RJ,"-20.9630000\,-42.0410000",33,RJ-Porciúncula,Rio de Janeiro
Palmas,4117602,CENTRO-SUL PARANAENSE,411760,Sul,PR,"-26.4840000\,-51.9910000",41,PR-Palmas,Paraná
Arapuá,3103801,TRIANGULO MINEIRO/ALTO PARANAIBA,310380,Sudeste,MG,"-19.0340000\,-46.1560000",31,MG-Arapuá,Minas Gerais
Arroio dos Ratos,4301107,METROPOLITANA DE PORTO ALEGRE,430110,Sul,RS,"-30.0770000\,-51.7290000",43,RS-Arroio dos Ratos,Rio Grande do Sul
Dianópolis,1707009,ORIENTAL DO TOCANTINS,170700,Norte,TO,"-11.6280000\,-46.8210000",17,TO-Dianópolis,Tocantins
Bom Jesus,4302303,NORDESTE RIO-GRANDENSE,430230,Sul,RS,"-28.6680000\,-50.4170000",43,RS-Bom Jesus,Rio Grande do Sul
Nova Luzitânia,3533304,SAO JOSE DO RIO PRETO,353330,Sudeste,SP,"-20.8560000\,-50.2620000",35,SP-Nova Luzitânia,São Paulo
São Lourenço da Serra,3549953,METROPOLITANA DE SAO PAULO,354995,Sudeste,SP,"-23.8530000\,-46.9430000",35,SP-São Lourenço da Serra,São Paulo
Tomazina,4127809,NORTE PIONEIRO PARANAENSE,412780,Sul,PR,"-23.7780000\,-49.9500000",41,PR-Tomazina,Paraná
Caiçara,2503605,AGRESTE PARAIBANO,250360,Nordeste,PB,"-6.5540000\,-35.4110000",25,PB-Caiçara,Paraíba
Santa Rita do Passa Quatro,3547502,RIBEIRAO PRETO,354750,Sudeste,SP,"-21.7100000\,-47.4780000",35,SP-Santa Rita do Passa Quatro,São Paulo
Santarém Novo,1506906,NORDESTE PARAENSE,150690,Norte,PA,"-0.9290000\,-47.3970000",15,PA-Santarém Novo,Pará
Rio da Conceição,1718659,ORIENTAL DO TOCANTINS,171865,Norte,TO,"-11.4000000\,-46.8830000",17,TO-Rio da Conceição,Tocantins
Dourados,5003702,SUDOESTE DE MATO GROSSO DO SUL,500370,Centro-Oeste,MS,"-22.2210000\,-54.8060000",50,MS-Dourados,Mato Grosso do Sul
Candelária,4304200,CENTRO ORIENTAL RIO-GRANDENSE,430420,Sul,RS,"-29.6690000\,-52.7890000",43,RS-Candelária,Rio Grande do Sul
Capivari do Sul,4304671,METROPOLITANA DE PORTO ALEGRE,430467,Sul,RS,"-30.1450000\,-50.5150000",43,RS-Capivari do Sul,Rio Grande do Sul
Humaitá,1301704,SUL AMAZONENSE,130170,Norte,AM,"-7.5060000\,-63.0210000",13,AM-Humaitá,Amazonas
Palmeira d'Oeste,3535200,SAO JOSE DO RIO PRETO,353520,Sudeste,SP,"-20.4160000\,-50.7620000",35,SP-Palmeira d'Oeste,São Paulo
Aguanil,3100807,OESTE DE MINAS,310080,Sudeste,MG,"-20.9430000\,-45.3930000",31,MG-Aguanil,Minas Gerais
Mamborê,4114005,CENTRO OCIDENTAL PARANAENSE,411400,Sul,PR,"-24.3190000\,-52.5300000",41,PR-Mamborê,Paraná
Novo Horizonte,3533502,SAO JOSE DO RIO PRETO,353350,Sudeste,SP,"-21.4680000\,-49.2210000",35,SP-Novo Horizonte,São Paulo
Tombos,3169208,ZONA DA MATA,316920,Sudeste,MG,"-20.9050000\,-42.0230000",31,MG-Tombos,Minas Gerais
Xambrê,4128807,NOROESTE PARANAENSE,412880,Sul,PR,"-23.7360000\,-53.4900000",41,PR-Xambrê,Paraná
Conceição da Barra de Minas,3115201,CAMPO DAS VERTENTES,311520,Sudeste,MG,"-21.1290000\,-44.4720000",31,MG-Conceição da Barra de Minas,Minas Gerais
Lagoa Santa,3137601,METROPOLITANA DE BELO HORIZONTE,313760,Sudeste,MG,"-19.6270000\,-43.8900000",31,MG-Lagoa Santa,Minas Gerais
Itatiba,3523404,MACRO METROPOLITANA PAULISTA,352340,Sudeste,SP,"-23.0060000\,-46.8390000",35,SP-Itatiba,São Paulo
Conceição de Ipanema,3117405,VALE DO RIO DOCE,311740,Sudeste,MG,"-19.9280000\,-41.6940000",31,MG-Conceição de Ipanema,Minas Gerais
Roseira,3544301,VALE DO PARAIBA PAULISTA,354430,Sudeste,SP,"-22.8980000\,-45.3050000",35,SP-Roseira,São Paulo
Mazagão,1600402,SUL DO AMAPA,160040,Norte,AP,"-0.1150000\,-51.2890000",16,AP-Mazagão,Amapá
Cotegipe,2909406,EXTREMO OESTE BAIANO,290940,Nordeste,BA,"-12.0280000\,-44.2580000",29,BA-Cotegipe,Bahia
Cardoso,3510708,SAO JOSE DO RIO PRETO,351070,Sudeste,SP,"-20.0820000\,-49.9140000",35,SP-Cardoso,São Paulo
Nepomuceno,3144607,CAMPO DAS VERTENTES,314460,Sudeste,MG,"-21.2360000\,-45.2360000",31,MG-Nepomuceno,Minas Gerais
Imbé,4310330,METROPOLITANA DE PORTO ALEGRE,431033,Sul,RS,"-29.9750000\,-50.1280000",43,RS-Imbé,Rio Grande do Sul
Altônia,4100509,NOROESTE PARANAENSE,410050,Sul,PR,"-23.8740000\,-53.9020000",41,PR-Altônia,Paraná
Travesseiro,4321626,CENTRO ORIENTAL RIO-GRANDENSE,432162,Sul,RS,"-29.2940000\,-52.0550000",43,RS-Travesseiro,Rio Grande do Sul
Itaubal,1600253,SUL DO AMAPA,160025,Norte,AP,"-0.5960000\,-50.6710000",16,AP-Itaubal,Amapá
Lacerdópolis,4209201,OESTE CATARINENSE,420920,Sul,SC,"-27.2600000\,-51.5560000",42,SC-Lacerdópolis,Santa Catarina
Joviânia,5212105,SUL GOIANO,521210,Centro-Oeste,GO,"-17.8050000\,-49.6140000",52,GO-Joviânia,Goiás
Gonçalves Dias,2104404,CENTRO MARANHENSE,210440,Nordeste,MA,"-5.1510000\,-44.2990000",21,MA-Gonçalves Dias,Maranhão
Mariana Pimentel,4311981,METROPOLITANA DE PORTO ALEGRE,431198,Sul,RS,"-30.3530000\,-51.5830000",43,RS-Mariana Pimentel,Rio Grande do Sul
Santa Cruz do Arari,1506401,MARAJO,150640,Norte,PA,"-0.6640000\,-49.1630000",15,PA-Santa Cruz do Arari,Pará
Gaúcha do Norte,5103858,NORTE MATO-GROSSENSE,510385,Centro-Oeste,MT,"-13.2420000\,-53.0800000",51,MT-Gaúcha do Norte,Mato Grosso
Guimarães,2104909,NORTE MARANHENSE,210490,Nordeste,MA,"-2.1330000\,-44.6010000",21,MA-Guimarães,Maranhão
Jardim de Angicos,2405504,CENTRAL POTIGUAR,240550,Nordeste,RN,"-5.6540000\,-35.9690000",24,RN-Jardim de Angicos,Rio Grande do Norte
Pindobaçu,2924603,CENTRO NORTE BAIANO,292460,Nordeste,BA,"-10.7430000\,-40.3630000",29,BA-Pindobaçu,Bahia
Trairi,2313500,NORTE CEARENSE,231350,Nordeste,CE,"-3.2780000\,-39.2690000",23,CE-Trairi,Ceará
Marcelino Vieira,2407302,OESTE POTIGUAR,240730,Nordeste,RN,"-6.2940000\,-38.1670000",24,RN-Marcelino Vieira,Rio Grande do Norte
Cambará do Sul,4303608,NORDESTE RIO-GRANDENSE,430360,Sul,RS,"-29.0480000\,-50.1450000",43,RS-Cambará do Sul,Rio Grande do Sul
Fernandes Pinheiro,4107736,SUDESTE PARANAENSE,410773,Sul,PR,"-25.4130000\,-50.5480000",41,PR-Fernandes Pinheiro,Paraná
Bonfinópolis,5203559,CENTRO GOIANO,520355,Centro-Oeste,GO,"-16.6180000\,-48.9630000",52,GO-Bonfinópolis,Goiás
Barra do Mendes,2903003,CENTRO NORTE BAIANO,290300,Nordeste,BA,"-11.8100000\,-42.0590000",29,BA-Barra do Mendes,Bahia
Jacarezinho,4111803,NORTE PIONEIRO PARANAENSE,411180,Sul,PR,"-23.1610000\,-49.9690000",41,PR-Jacarezinho,Paraná
Bom Repouso,3107901,SUL/SUDOESTE DE MINAS,310790,Sudeste,MG,"-22.4710000\,-46.1450000",31,MG-Bom Repouso,Minas Gerais
Barcelona,2401503,AGRESTE POTIGUAR,240150,Nordeste,RN,"-5.9510000\,-35.9260000",24,RN-Barcelona,Rio Grande do Norte
Floriano,2203909,SUDOESTE PIAUIENSE,220390,Nordeste,PI,"-6.7670000\,-43.0230000",22,PI-Floriano,Piauí
Piraí do Sul,4119400,CENTRO ORIENTAL PARANAENSE,411940,Sul,PR,"-24.5260000\,-49.9490000",41,PR-Piraí do Sul,Paraná
Nova Venécia,3203908,NOROESTE ESPIRITO-SANTENSE,320390,Sudeste,ES,"-18.7110000\,-40.4010000",32,ES-Nova Venécia,Espírito Santo
Jeremoabo,2918100,NORDESTE BAIANO,291810,Nordeste,BA,"-10.0670000\,-38.3500000",29,BA-Jeremoabo,Bahia
Acopiara,2300309,SERTOES CEARENSES,230030,Nordeste,CE,"-6.0950000\,-39.4530000",23,CE-Acopiara,Ceará
Grupiara,3127909,TRIANGULO MINEIRO/ALTO PARANAIBA,312790,Sudeste,MG,"-18.4940000\,-47.7220000",31,MG-Grupiara,Minas Gerais
Gramado Xavier,4309159,CENTRO ORIENTAL RIO-GRANDENSE,430915,Sul,RS,"-29.2680000\,-52.5790000",43,RS-Gramado Xavier,Rio Grande do Sul
Bonfim do Piauí,2201929,SUDOESTE PIAUIENSE,220192,Nordeste,PI,"-9.1660000\,-42.8740000",22,PI-Bonfim do Piauí,Piauí
Miranda,5005608,PANTANAL SUL MATO-GROSSENSE,500560,Centro-Oeste,MS,"-20.2410000\,-56.3780000",50,MS-Miranda,Mato Grosso do Sul
Lapa,4113205,METROPOLITANA DE CURITIBA,411320,Sul,PR,"-25.7700000\,-49.7160000",41,PR-Lapa,Paraná
São Jorge d'Oeste,4125209,SUDOESTE PARANAENSE,412520,Sul,PR,"-25.7060000\,-52.9180000",41,PR-São Jorge d'Oeste,Paraná
Vila Velha,3205200,CENTRAL ESPIRITO-SANTENSE,320520,Sudeste,ES,"-20.3300000\,-40.2920000",32,ES-Vila Velha,Espírito Santo
São João do Triunfo,4125100,SUDESTE PARANAENSE,412510,Sul,PR,"-25.6830000\,-50.2970000",41,PR-São João do Triunfo,Paraná
Sem-Peixe,3165560,ZONA DA MATA,316556,Sudeste,MG,"-20.1090000\,-42.8390000",31,MG-Sem-Peixe,Minas Gerais
Guabiruba,4206306,VALE DO ITAJAI,420630,Sul,SC,"-27.0860000\,-48.9810000",42,SC-Guabiruba,Santa Catarina
Madre de Deus,2919926,METROPOLITANA DE SALVADOR,291992,Nordeste,BA,"-12.7410000\,-38.6210000",29,BA-Madre de Deus,Bahia
Apiaí,3502705,ITAPETININGA,350270,Sudeste,SP,"-24.5090000\,-48.8430000",35,SP-Apiaí,São Paulo
Agudos,3500709,BAURU,350070,Sudeste,SP,"-22.4690000\,-48.9880000",35,SP-Agudos,São Paulo
Brejinho,2602506,SERTAO PERNAMBUCANO,260250,Nordeste,PE,"-7.3490000\,-37.2860000",26,PE-Brejinho,Pernambuco
Nazaré,2922508,METROPOLITANA DE SALVADOR,292250,Nordeste,BA,"-13.0350000\,-39.0140000",29,BA-Nazaré,Bahia
Campestre,3111002,SUL/SUDOESTE DE MINAS,311100,Sudeste,MG,"-21.7110000\,-46.2460000",31,MG-Campestre,Minas Gerais
Abreu e Lima,2600054,METROPOLITANA DE RECIFE,260005,Nordeste,PE,"-7.9120000\,-34.9030000",26,PE-Abreu e Lima,Pernambuco
Santa Quitéria,2312205,NOROESTE CEARENSE,231220,Nordeste,CE,"-4.3320000\,-40.1570000",23,CE-Santa Quitéria,Ceará
Altamira do Paraná,4100459,CENTRO OCIDENTAL PARANAENSE,410045,Sul,PR,"-24.7980000\,-52.7130000",41,PR-Altamira do Paraná,Paraná
Capinópolis,3112604,TRIANGULO MINEIRO/ALTO PARANAIBA,311260,Sudeste,MG,"-18.6820000\,-49.5700000",31,MG-Capinópolis,Minas Gerais
São Francisco do Glória,3161403,ZONA DA MATA,316140,Sudeste,MG,"-20.7890000\,-42.2680000",31,MG-São Francisco do Glória,Minas Gerais
Milagres do Maranhão,2106672,LESTE MARANHENSE,210667,Nordeste,MA,"-3.5810000\,-42.6090000",21,MA-Milagres do Maranhão,Maranhão
Castelo,3201407,SUL ESPIRITO-SANTENSE,320140,Sudeste,ES,"-20.6040000\,-41.1850000",32,ES-Castelo,Espírito Santo
Pardinho,3536109,BAURU,353610,Sudeste,SP,"-23.0810000\,-48.3740000",35,SP-Pardinho,São Paulo
Sengés,4126306,CENTRO ORIENTAL PARANAENSE,412630,Sul,PR,"-24.1130000\,-49.4640000",41,PR-Sengés,Paraná
Tunápolis,4218756,OESTE CATARINENSE,421875,Sul,SC,"-26.9690000\,-53.6390000",42,SC-Tunápolis,Santa Catarina
São Simão,3550902,RIBEIRAO PRETO,355090,Sudeste,SP,"-21.4790000\,-47.5510000",35,SP-São Simão,São Paulo
Japurá,1302108,NORTE AMAZONENSE,130210,Norte,AM,"-1.8260000\,-66.5990000",13,AM-Japurá,Amazonas
Jandaíra,2405108,AGRESTE POTIGUAR,240510,Nordeste,RN,"-5.3560000\,-36.1280000",24,RN-Jandaíra,Rio Grande do Norte
Garopaba,4205704,SUL CATARINENSE,420570,Sul,SC,"-28.0230000\,-48.6130000",42,SC-Garopaba,Santa Catarina
Mombuca,3530904,PIRACICABA,353090,Sudeste,SP,"-22.9290000\,-47.5660000",35,SP-Mombuca,São Paulo
Peruíbe,3537602,LITORAL SUL PAULISTA,353760,Sudeste,SP,"-24.3200000\,-46.9980000",35,SP-Peruíbe,São Paulo
Serra Alta,4217550,OESTE CATARINENSE,421755,Sul,SC,"-26.7290000\,-53.0420000",42,SC-Serra Alta,Santa Catarina
Lindoeste,4113452,OESTE PARANAENSE,411345,Sul,PR,"-25.2600000\,-53.5760000",41,PR-Lindoeste,Paraná
Água Branca,2500106,SERTAO PARAIBANO,250010,Nordeste,PB,"-7.5120000\,-37.6410000",25,PB-Água Branca,Paraíba
São Cristóvão,2806701,LESTE SERGIPANO,280670,Nordeste,SE,"-11.0150000\,-37.2060000",28,SE-São Cristóvão,Sergipe
São Valério,1720499,ORIENTAL DO TOCANTINS,172049,Norte,TO,"-11.9750000\,-48.2340000",17,TO-São Valério,Tocantins
Belém do São Francisco,2601607,SAO FRANCISCO PERNAMBUCANO,260160,Nordeste,PE,"-8.7580000\,-38.9640000",26,PE-Belém do São Francisco,Pernambuco
Itapiranga,4208401,OESTE CATARINENSE,420840,Sul,SC,"-27.1690000\,-53.7120000",42,SC-Itapiranga,Santa Catarina
Ichu,2913309,NORDESTE BAIANO,291330,Nordeste,BA,"-11.7490000\,-39.1920000",29,BA-Ichu,Bahia
Colinas,4305587,CENTRO ORIENTAL RIO-GRANDENSE,430558,Sul,RS,"-29.3880000\,-51.8700000",43,RS-Colinas,Rio Grande do Sul
Mata Roma,2106409,LESTE MARANHENSE,210640,Nordeste,MA,"-3.6250000\,-43.1110000",21,MA-Mata Roma,Maranhão
São Domingos do Cariri,2513943,BORBOREMA,251394,Nordeste,PB,"-7.6360000\,-36.4330000",25,PB-São Domingos do Cariri,Paraíba
Gravatá,2606408,AGRESTE PERNAMBUCANO,260640,Nordeste,PE,"-8.2010000\,-35.5650000",26,PE-Gravatá,Pernambuco
Alagoa,3101300,SUL/SUDOESTE DE MINAS,310130,Sudeste,MG,"-22.1710000\,-44.6420000",31,MG-Alagoa,Minas Gerais
Cabo Frio,3300704,BAIXADAS,330070,Sudeste,RJ,"-22.8790000\,-42.0190000",33,RJ-Cabo Frio,Rio de Janeiro
Ielmo Marinho,2404606,AGRESTE POTIGUAR,240460,Nordeste,RN,"-5.8240000\,-35.5530000",24,RN-Ielmo Marinho,Rio Grande do Norte
Barra Mansa,3300407,SUL FLUMINENSE,330040,Sudeste,RJ,"-22.5440000\,-44.1710000",33,RJ-Barra Mansa,Rio de Janeiro
Betim,3106705,METROPOLITANA DE BELO HORIZONTE,310670,Sudeste,MG,"-19.9680000\,-44.1980000",31,MG-Betim,Minas Gerais
Israelândia,5210307,CENTRO GOIANO,521030,Centro-Oeste,GO,"-16.3180000\,-50.9080000",52,GO-Israelândia,Goiás
Elísio Medrado,2910305,CENTRO NORTE BAIANO,291030,Nordeste,BA,"-12.9460000\,-39.5220000",29,BA-Elísio Medrado,Bahia
Itacoatiara,1301902,CENTRO AMAZONENSE,130190,Norte,AM,"-3.1430000\,-58.4440000",13,AM-Itacoatiara,Amazonas
São Francisco do Maranhão,2110906,LESTE MARANHENSE,211090,Nordeste,MA,"-6.2510000\,-42.8570000",21,MA-São Francisco do Maranhão,Maranhão
São Vicente do Sul,4319802,CENTRO OCIDENTAL RIO-GRANDENSE,431980,Sul,RS,"-29.6920000\,-54.6790000",43,RS-São Vicente do Sul,Rio Grande do Sul
Itagimirim,2915304,SUL BAIANO,291530,Nordeste,BA,"-16.0870000\,-39.6140000",29,BA-Itagimirim,Bahia
Canápolis,2906105,EXTREMO OESTE BAIANO,290610,Nordeste,BA,"-13.0700000\,-44.2020000",29,BA-Canápolis,Bahia
Formosa do Sul,4205431,OESTE CATARINENSE,420543,Sul,SC,"-26.6470000\,-52.7940000",42,SC-Formosa do Sul,Santa Catarina
Porto Murtinho,5006903,PANTANAL SUL MATO-GROSSENSE,500690,Centro-Oeste,MS,"-21.6990000\,-57.8830000",50,MS-Porto Murtinho,Mato Grosso do Sul
Caldazinha,5204557,CENTRO GOIANO,520455,Centro-Oeste,GO,"-16.7140000\,-49.0020000",52,GO-Caldazinha,Goiás
Canavieiras,2906303,SUL BAIANO,290630,Nordeste,BA,"-15.6750000\,-38.9470000",29,BA-Canavieiras,Bahia
Arujá,3503901,METROPOLITANA DE SAO PAULO,350390,Sudeste,SP,"-23.3960000\,-46.3210000",35,SP-Arujá,São Paulo
Embu das Artes,3515004,METROPOLITANA DE SAO PAULO,351500,Sudeste,SP,"-23.6490000\,-46.8520000",35,SP-Embu das Artes,São Paulo
Palmeira,4117701,CENTRO ORIENTAL PARANAENSE,411770,Sul,PR,"-25.4290000\,-50.0060000",41,PR-Palmeira,Paraná
Aracati,2301109,JAGUARIBE,230110,Nordeste,CE,"-4.5620000\,-37.7700000",23,CE-Aracati,Ceará
Baixa Grande do Ribeiro,2201150,SUDOESTE PIAUIENSE,220115,Nordeste,PI,"-7.8500000\,-45.2140000",22,PI-Baixa Grande do Ribeiro,Piauí
Jequitibá,3135704,METROPOLITANA DE BELO HORIZONTE,313570,Sudeste,MG,"-19.2360000\,-44.0280000",31,MG-Jequitibá,Minas Gerais
Darcinópolis,1706506,OCIDENTAL DO TOCANTINS,170650,Norte,TO,"-6.7130000\,-47.7600000",17,TO-Darcinópolis,Tocantins
Estrela,4307807,CENTRO ORIENTAL RIO-GRANDENSE,430780,Sul,RS,"-29.5020000\,-51.9660000",43,RS-Estrela,Rio Grande do Sul
Sítio d'Abadia,5220702,LESTE GOIANO,522070,Centro-Oeste,GO,"-14.8050000\,-46.2530000",52,GO-Sítio d'Abadia,Goiás
Itaara,4310538,CENTRO OCIDENTAL RIO-GRANDENSE,431053,Sul,RS,"-29.6100000\,-53.7650000",43,RS-Itaara,Rio Grande do Sul
Formoso,5208103,NORTE GOIANO,520810,Centro-Oeste,GO,"-13.6540000\,-48.8820000",52,GO-Formoso,Goiás
Pilar,2511509,MATA PARAIBANA,251150,Nordeste,PB,"-7.2670000\,-35.2600000",25,PB-Pilar,Paraíba
Pouso Alegre,3152501,SUL/SUDOESTE DE MINAS,315250,Sudeste,MG,"-22.2300000\,-45.9360000",31,MG-Pouso Alegre,Minas Gerais
Santo Antônio de Pádua,3304706,NOROESTE FLUMINENSE,330470,Sudeste,RJ,"-21.5390000\,-42.1800000",33,RJ-Santo Antônio de Pádua,Rio de Janeiro
Ipecaetá,2913804,CENTRO NORTE BAIANO,291380,Nordeste,BA,"-12.3000000\,-39.3080000",29,BA-Ipecaetá,Bahia
Jaquirana,4311122,NORDESTE RIO-GRANDENSE,431112,Sul,RS,"-28.8850000\,-50.3580000",43,RS-Jaquirana,Rio Grande do Sul
Fátima,1707553,OCIDENTAL DO TOCANTINS,170755,Norte,TO,"-10.7610000\,-48.9070000",17,TO-Fátima,Tocantins
Bom Conselho,2602100,AGRESTE PERNAMBUCANO,260210,Nordeste,PE,"-9.1700000\,-36.6800000",26,PE-Bom Conselho,Pernambuco
São Pedro da Cipa,5107404,SUDESTE MATO-GROSSENSE,510740,Centro-Oeste,MT,"-16.0010000\,-54.9210000",51,MT-São Pedro da Cipa,Mato Grosso
Olho D'Água do Piauí,2207108,CENTRO-NORTE PIAUIENSE,220710,Nordeste,PI,"-5.8410000\,-42.5750000",22,PI-Olho D'Água do Piauí,Piauí
Santana do Maranhão,2110237,LESTE MARANHENSE,211023,Nordeste,MA,"-3.1160000\,-42.4120000",21,MA-Santana do Maranhão,Maranhão
Amambai,5000609,SUDOESTE DE MATO GROSSO DO SUL,500060,Centro-Oeste,MS,"-23.1040000\,-55.2260000",50,MS-Amambai,Mato Grosso do Sul
Monjolos,3142502,CENTRAL MINEIRA,314250,Sudeste,MG,"-18.3250000\,-44.1190000",31,MG-Monjolos,Minas Gerais
Miranda do Norte,2106755,NORTE MARANHENSE,210675,Nordeste,MA,"-3.5690000\,-44.5840000",21,MA-Miranda do Norte,Maranhão
Irati,4207858,OESTE CATARINENSE,420785,Sul,SC,"-26.6560000\,-52.8920000",42,SC-Irati,Santa Catarina
Santa Terezinha do Tocantins,1720002,OCIDENTAL DO TOCANTINS,172000,Norte,TO,"-6.4340000\,-47.6730000",17,TO-Santa Terezinha do Tocantins,Tocantins
Mafra,4210100,NORTE CATARINENSE,421010,Sul,SC,"-26.1110000\,-49.8050000",42,SC-Mafra,Santa Catarina
Quatá,3541703,ASSIS,354170,Sudeste,SP,"-22.2480000\,-50.6980000",35,SP-Quatá,São Paulo
Luiz Alves,4210001,VALE DO ITAJAI,421000,Sul,SC,"-26.7210000\,-48.9330000",42,SC-Luiz Alves,Santa Catarina
Ibiquera,2912608,CENTRO NORTE BAIANO,291260,Nordeste,BA,"-12.6510000\,-40.9340000",29,BA-Ibiquera,Bahia
Pindorama do Tocantins,1717008,ORIENTAL DO TOCANTINS,171700,Norte,TO,"-11.1390000\,-47.5790000",17,TO-Pindorama do Tocantins,Tocantins
São Félix do Coribe,2929057,EXTREMO OESTE BAIANO,292905,Nordeste,BA,"-13.4020000\,-44.1950000",29,BA-São Félix do Coribe,Bahia
Sacramento,3156908,TRIANGULO MINEIRO/ALTO PARANAIBA,315690,Sudeste,MG,"-19.8650000\,-47.4400000",31,MG-Sacramento,Minas Gerais
Barras,2201200,NORTE PIAUIENSE,220120,Nordeste,PI,"-4.2470000\,-42.2960000",22,PI-Barras,Piauí
Caraúbas,2504074,BORBOREMA,250407,Nordeste,PB,"-7.7270000\,-36.4920000",25,PB-Caraúbas,Paraíba
Luciara,5105309,NORDESTE MATO-GROSSENSE,510530,Centro-Oeste,MT,"-11.2220000\,-50.6690000",51,MT-Luciara,Mato Grosso
Milhã,2308351,SERTOES CEARENSES,230835,Nordeste,CE,"-5.6750000\,-39.1940000",23,CE-Milhã,Ceará
Bento de Abreu,3506201,ARACATUBA,350620,Sudeste,SP,"-21.2710000\,-50.8120000",35,SP-Bento de Abreu,São Paulo
Aguaí,3500303,CAMPINAS,350030,Sudeste,SP,"-22.0590000\,-46.9790000",35,SP-Aguaí,São Paulo
Juazeiro do Piauí,2205516,CENTRO-NORTE PIAUIENSE,220551,Nordeste,PI,"-5.1720000\,-41.7030000",22,PI-Juazeiro do Piauí,Piauí
Caiçara do Norte,2401859,CENTRAL POTIGUAR,240185,Nordeste,RN,"-5.0780000\,-36.0680000",24,RN-Caiçara do Norte,Rio Grande do Norte
Abadia de Goiás,5200050,CENTRO GOIANO,520005,Centro-Oeste,GO,"-16.7570000\,-49.4380000",52,GO-Abadia de Goiás,Goiás
Glória D'Oeste,5103957,SUDOESTE MATO-GROSSENSE,510395,Centro-Oeste,MT,"-15.7680000\,-58.3560000",51,MT-Glória D'Oeste,Mato Grosso
Perolândia,5216452,SUL GOIANO,521645,Centro-Oeste,GO,"-17.5290000\,-52.0640000",52,GO-Perolândia,Goiás
Anguera,2901502,CENTRO NORTE BAIANO,290150,Nordeste,BA,"-12.1510000\,-39.2460000",29,BA-Anguera,Bahia
Nazaré,1714302,OCIDENTAL DO TOCANTINS,171430,Norte,TO,"-6.3720000\,-47.6640000",17,TO-Nazaré,Tocantins
Espírito Santo do Turvo,3515194,ASSIS,351519,Sudeste,SP,"-22.6920000\,-49.4300000",35,SP-Espírito Santo do Turvo,São Paulo
Januário Cicco,2405306,AGRESTE POTIGUAR,240530,Nordeste,RN,"-6.1580000\,-35.6010000",24,RN-Januário Cicco,Rio Grande do Norte
Quatro Pontes,4120853,OESTE PARANAENSE,412085,Sul,PR,"-24.5750000\,-53.9770000",41,PR-Quatro Pontes,Paraná
Socorro do Piauí,2210904,SUDESTE PIAUIENSE,221090,Nordeste,PI,"-7.8660000\,-42.4910000",22,PI-Socorro do Piauí,Piauí
Nova Monte Verde,5108956,NORTE MATO-GROSSENSE,510895,Centro-Oeste,MT,"-9.9820000\,-57.5350000",51,MT-Nova Monte Verde,Mato Grosso
Canoas,4304606,METROPOLITANA DE PORTO ALEGRE,430460,Sul,RS,"-29.9180000\,-51.1840000",43,RS-Canoas,Rio Grande do Sul
Itabaiana,2506905,AGRESTE PARAIBANO,250690,Nordeste,PB,"-7.3290000\,-35.3330000",25,PB-Itabaiana,Paraíba
Anori,1300102,CENTRO AMAZONENSE,130010,Norte,AM,"-3.7730000\,-61.6440000",13,AM-Anori,Amazonas
Ibirapuã,2912806,SUL BAIANO,291280,Nordeste,BA,"-17.6880000\,-40.1090000",29,BA-Ibirapuã,Bahia
Gurupá,1503101,MARAJO,150310,Norte,PA,"-1.4050000\,-51.6400000",15,PA-Gurupá,Pará
Icó,2305407,CENTRO-SUL CEARENSE,230540,Nordeste,CE,"-6.4010000\,-38.8620000",23,CE-Icó,Ceará
Bom Jesus da Penha,3107604,SUL/SUDOESTE DE MINAS,310760,Sudeste,MG,"-21.0170000\,-46.5230000",31,MG-Bom Jesus da Penha,Minas Gerais
Santa Juliana,3157708,TRIANGULO MINEIRO/ALTO PARANAIBA,315770,Sudeste,MG,"-19.3090000\,-47.5250000",31,MG-Santa Juliana,Minas Gerais
Itatuba,2507200,AGRESTE PARAIBANO,250720,Nordeste,PB,"-7.3750000\,-35.6280000",25,PB-Itatuba,Paraíba
Paulicéia,3536406,PRESIDENTE PRUDENTE,353640,Sudeste,SP,"-21.3180000\,-51.8310000",35,SP-Paulicéia,São Paulo
Satubinha,2111722,CENTRO MARANHENSE,211172,Nordeste,MA,"-4.0390000\,-45.2380000",21,MA-Satubinha,Maranhão
Miravânia,3142254,NORTE DE MINAS,314225,Sudeste,MG,"-14.7410000\,-44.4040000",31,MG-Miravânia,Minas Gerais
Porto Real do Colégio,2707503,LESTE ALAGOANO,270750,Nordeste,AL,"-10.1860000\,-36.8400000",27,AL-Porto Real do Colégio,Alagoas
São Gotardo,3162104,TRIANGULO MINEIRO/ALTO PARANAIBA,316210,Sudeste,MG,"-19.3110000\,-46.0490000",31,MG-São Gotardo,Minas Gerais
Ubaitaba,2932200,SUL BAIANO,293220,Nordeste,BA,"-14.3130000\,-39.3230000",29,BA-Ubaitaba,Bahia
Tibagi,4127502,CENTRO ORIENTAL PARANAENSE,412750,Sul,PR,"-24.5090000\,-50.4140000",41,PR-Tibagi,Paraná
Paratinga,2923704,VALE SAO-FRANCISCANO DA BAHIA,292370,Nordeste,BA,"-12.6910000\,-43.1840000",29,BA-Paratinga,Bahia
Timbó Grande,4218251,NORTE CATARINENSE,421825,Sul,SC,"-26.6150000\,-50.6740000",42,SC-Timbó Grande,Santa Catarina
Chapecó,4204202,OESTE CATARINENSE,420420,Sul,SC,"-27.0960000\,-52.6180000",42,SC-Chapecó,Santa Catarina
Sinop,5107909,NORTE MATO-GROSSENSE,510790,Centro-Oeste,MT,"-11.8640000\,-55.5040000",51,MT-Sinop,Mato Grosso
Jaboatão dos Guararapes,2607901,METROPOLITANA DE RECIFE,260790,Nordeste,PE,"-8.1130000\,-35.0150000",26,PE-Jaboatão dos Guararapes,Pernambuco
Várzea da Roça,2933059,CENTRO NORTE BAIANO,293305,Nordeste,BA,"-11.6070000\,-40.1370000",29,BA-Várzea da Roça,Bahia
Jerumenha,2205300,SUDOESTE PIAUIENSE,220530,Nordeste,PI,"-7.0880000\,-43.5100000",22,PI-Jerumenha,Piauí
Santos,3548500,METROPOLITANA DE SAO PAULO,354850,Sudeste,SP,"-23.9610000\,-46.3340000",35,SP-Santos,São Paulo
Divinópolis de Goiás,5208301,LESTE GOIANO,520830,Centro-Oeste,GO,"-13.2950000\,-46.3930000",52,GO-Divinópolis de Goiás,Goiás
Carmo do Rio Verde,5205000,CENTRO GOIANO,520500,Centro-Oeste,GO,"-15.3540000\,-49.7080000",52,GO-Carmo do Rio Verde,Goiás
Paial,4211876,OESTE CATARINENSE,421187,Sul,SC,"-27.2520000\,-52.4980000",42,SC-Paial,Santa Catarina
Borborema,3507407,ARARAQUARA,350740,Sudeste,SP,"-21.6200000\,-49.0740000",35,SP-Borborema,São Paulo
São Luís Gonzaga do Maranhão,2111409,CENTRO MARANHENSE,211140,Nordeste,MA,"-4.3800000\,-44.6700000",21,MA-São Luís Gonzaga do Maranhão,Maranhão
Sarutaiá,3551207,ASSIS,355120,Sudeste,SP,"-23.2730000\,-49.4800000",35,SP-Sarutaiá,São Paulo
Itambé do Mato Dentro,3132800,METROPOLITANA DE BELO HORIZONTE,313280,Sudeste,MG,"-19.4140000\,-43.3210000",31,MG-Itambé do Mato Dentro,Minas Gerais
Dom Eliseu,1502939,SUDESTE PARAENSE,150293,Norte,PA,"-4.2850000\,-47.5050000",15,PA-Dom Eliseu,Pará
Capixaba,1200179,VALE DO ACRE,120017,Norte,AC,"-10.5730000\,-67.6760000",12,AC-Capixaba,Acre
Corguinho,5003108,CENTRO NORTE DE MATO GROSSO DO SUL,500310,Centro-Oeste,MS,"-19.8320000\,-54.8290000",50,MS-Corguinho,Mato Grosso do Sul
Ibirité,3129806,METROPOLITANA DE BELO HORIZONTE,312980,Sudeste,MG,"-20.0220000\,-44.0590000",31,MG-Ibirité,Minas Gerais
Santa Amélia,4123105,NORTE PIONEIRO PARANAENSE,412310,Sul,PR,"-23.2660000\,-50.4240000",41,PR-Santa Amélia,Paraná
Campo Limpo de Goiás,5204854,CENTRO GOIANO,520485,Centro-Oeste,GO,"-16.2970000\,-49.0880000",52,GO-Campo Limpo de Goiás,Goiás
Pedro Gomes,5006408,CENTRO NORTE DE MATO GROSSO DO SUL,500640,Centro-Oeste,MS,"-18.1010000\,-54.5520000",50,MS-Pedro Gomes,Mato Grosso do Sul
Canela,4304408,METROPOLITANA DE PORTO ALEGRE,430440,Sul,RS,"-29.3660000\,-50.8160000",43,RS-Canela,Rio Grande do Sul
Marapoama,3528858,SAO JOSE DO RIO PRETO,352885,Sudeste,SP,"-21.2590000\,-49.1290000",35,SP-Marapoama,São Paulo
Olivedos,2510501,AGRESTE PARAIBANO,251050,Nordeste,PB,"-6.9910000\,-36.2440000",25,PB-Olivedos,Paraíba
Pérola,4118907,NOROESTE PARANAENSE,411890,Sul,PR,"-23.8050000\,-53.6840000",41,PR-Pérola,Paraná
Barra Funda,4301958,NOROESTE RIO-GRANDENSE,430195,Sul,RS,"-27.9230000\,-53.0390000",43,RS-Barra Funda,Rio Grande do Sul
Pitangui,3151404,METROPOLITANA DE BELO HORIZONTE,315140,Sudeste,MG,"-19.6830000\,-44.8900000",31,MG-Pitangui,Minas Gerais
Cruzaltense,4306130,NOROESTE RIO-GRANDENSE,430613,Sul,RS,"-27.6680000\,-52.6490000",43,RS-Cruzaltense,Rio Grande do Sul
Quipapá,2611507,MATA PERNAMBUCANA,261150,Nordeste,PE,"-8.8280000\,-36.0120000",26,PE-Quipapá,Pernambuco
Vera Cruz,3556602,MARILIA,355660,Sudeste,SP,"-22.2200000\,-49.8190000",35,SP-Vera Cruz,São Paulo
Sapucaia,1507755,SUDESTE PARAENSE,150775,Norte,PA,"-6.9470000\,-49.6820000",15,PA-Sapucaia,Pará
Coronel Ezequiel,2402808,AGRESTE POTIGUAR,240280,Nordeste,RN,"-6.3830000\,-36.2150000",24,RN-Coronel Ezequiel,Rio Grande do Norte
Candeias do Jamari,1100809,MADEIRA-GUAPORE,110080,Norte,RO,"-8.7910000\,-63.7010000",11,RO-Candeias do Jamari,Rondônia
São Valentim,4319703,NOROESTE RIO-GRANDENSE,431970,Sul,RS,"-27.5580000\,-52.5240000",43,RS-São Valentim,Rio Grande do Sul
Acrelândia,1200013,VALE DO ACRE,120001,Norte,AC,"-9.8280000\,-66.8830000",12,AC-Acrelândia,Acre
Mato Queimado,4312179,NOROESTE RIO-GRANDENSE,431217,Sul,RS,"-28.2560000\,-54.6160000",43,RS-Mato Queimado,Rio Grande do Sul
Cidelândia,2103257,OESTE MARANHENSE,210325,Nordeste,MA,"-5.1740000\,-47.7820000",21,MA-Cidelândia,Maranhão
Adrianópolis,4100202,METROPOLITANA DE CURITIBA,410020,Sul,PR,"-24.6570000\,-48.9910000",41,PR-Adrianópolis,Paraná
São Sebastião,2708808,AGRESTE ALAGOANO,270880,Nordeste,AL,"-9.9340000\,-36.5540000",27,AL-São Sebastião,Alagoas
Boca do Acre,1300706,SUL AMAZONENSE,130070,Norte,AM,"-8.7520000\,-67.3980000",13,AM-Boca do Acre,Amazonas
Areiópolis,3503604,BAURU,350360,Sudeste,SP,"-22.6680000\,-48.6650000",35,SP-Areiópolis,São Paulo
Mirante da Serra,1101302,LESTE RONDONIENSE,110130,Norte,RO,"-11.0300000\,-62.6750000",11,RO-Mirante da Serra,Rondônia
Nazário,5214408,CENTRO GOIANO,521440,Centro-Oeste,GO,"-16.5820000\,-49.8820000",52,GO-Nazário,Goiás
Arcos,3104205,OESTE DE MINAS,310420,Sudeste,MG,"-20.2820000\,-45.5390000",31,MG-Arcos,Minas Gerais
Sertãozinho,2515930,AGRESTE PARAIBANO,251593,Nordeste,PB,"-6.7510000\,-35.4420000",25,PB-Sertãozinho,Paraíba
Armazém,4201505,SUL CATARINENSE,420150,Sul,SC,"-28.2620000\,-49.0180000",42,SC-Armazém,Santa Catarina
Iguatu,4110052,OESTE PARANAENSE,411005,Sul,PR,"-24.7170000\,-53.0840000",41,PR-Iguatu,Paraná
Bertioga,3506359,METROPOLITANA DE SAO PAULO,350635,Sudeste,SP,"-23.8540000\,-46.1390000",35,SP-Bertioga,São Paulo
São João do Pau d'Alho,3549300,PRESIDENTE PRUDENTE,354930,Sudeste,SP,"-21.2680000\,-51.6660000",35,SP-São João do Pau d'Alho,São Paulo
São José dos Ramos,2514453,MATA PARAIBANA,251445,Nordeste,PB,"-7.2510000\,-35.3840000",25,PB-São José dos Ramos,Paraíba
Mataraca,2509305,MATA PARAIBANA,250930,Nordeste,PB,"-6.6010000\,-35.0510000",25,PB-Mataraca,Paraíba
Nova Canaã do Norte,5106216,NORTE MATO-GROSSENSE,510621,Centro-Oeste,MT,"-10.5580000\,-55.9530000",51,MT-Nova Canaã do Norte,Mato Grosso
Bálsamo,3504800,SAO JOSE DO RIO PRETO,350480,Sudeste,SP,"-20.7350000\,-49.5840000",35,SP-Bálsamo,São Paulo
Olho d'Água Grande,2705903,AGRESTE ALAGOANO,270590,Nordeste,AL,"-10.0580000\,-36.8170000",27,AL-Olho d'Água Grande,Alagoas
Pedras Altas,4314175,SUDESTE RIO-GRANDENSE,431417,Sul,RS,"-31.7320000\,-53.5830000",43,RS-Pedras Altas,Rio Grande do Sul
Peabiru,4118808,CENTRO OCIDENTAL PARANAENSE,411880,Sul,PR,"-23.9130000\,-52.3430000",41,PR-Peabiru,Paraná
Vila Lângaro,4323358,NOROESTE RIO-GRANDENSE,432335,Sul,RS,"-28.1070000\,-52.1440000",43,RS-Vila Lângaro,Rio Grande do Sul
Cristianópolis,5206305,SUL GOIANO,520630,Centro-Oeste,GO,"-17.1990000\,-48.7040000",52,GO-Cristianópolis,Goiás
Carneirinho,3114550,TRIANGULO MINEIRO/ALTO PARANAIBA,311455,Sudeste,MG,"-19.6980000\,-50.6880000",31,MG-Carneirinho,Minas Gerais
Cumbe,2801900,AGRESTE SERGIPANO,280190,Nordeste,SE,"-10.3550000\,-37.1830000",28,SE-Cumbe,Sergipe
Aceguá,4300034,SUDOESTE RIO-GRANDENSE,430003,Sul,RS,"-31.8680000\,-54.1620000",43,RS-Aceguá,Rio Grande do Sul
Frutuoso Gomes,2404002,OESTE POTIGUAR,240400,Nordeste,RN,"-6.1580000\,-37.8400000",24,RN-Frutuoso Gomes,Rio Grande do Norte
São José do Cerrito,4216800,SERRANA,421680,Sul,SC,"-27.6630000\,-50.5800000",42,SC-São José do Cerrito,Santa Catarina
Gonzaga,3127503,VALE DO RIO DOCE,312750,Sudeste,MG,"-18.8220000\,-42.4790000",31,MG-Gonzaga,Minas Gerais
Pinheirinho do Vale,4314498,NOROESTE RIO-GRANDENSE,431449,Sul,RS,"-27.2100000\,-53.6120000",43,RS-Pinheirinho do Vale,Rio Grande do Sul
Bituruna,4102901,SUDESTE PARANAENSE,410290,Sul,PR,"-26.1610000\,-51.5530000",41,PR-Bituruna,Paraná
Terra de Areia,4321436,METROPOLITANA DE PORTO ALEGRE,432143,Sul,RS,"-29.5850000\,-50.0710000",43,RS-Terra de Areia,Rio Grande do Sul
Gouvelândia,5209150,SUL GOIANO,520915,Centro-Oeste,GO,"-18.6420000\,-50.0660000",52,GO-Gouvelândia,Goiás
Igarapé,3130101,METROPOLITANA DE BELO HORIZONTE,313010,Sudeste,MG,"-20.0700000\,-44.3020000",31,MG-Igarapé,Minas Gerais
Malhada dos Bois,2803807,AGRESTE SERGIPANO,280380,Nordeste,SE,"-10.3490000\,-36.9240000",28,SE-Malhada dos Bois,Sergipe
Rafard,3542107,PIRACICABA,354210,Sudeste,SP,"-23.0120000\,-47.5270000",35,SP-Rafard,São Paulo
Grajaú,2104800,CENTRO MARANHENSE,210480,Nordeste,MA,"-5.8190000\,-46.1390000",21,MA-Grajaú,Maranhão
Tapira,3168101,TRIANGULO MINEIRO/ALTO PARANAIBA,316810,Sudeste,MG,"-19.9220000\,-46.8230000",31,MG-Tapira,Minas Gerais
Prata do Piauí,2208601,CENTRO-NORTE PIAUIENSE,220860,Nordeste,PI,"-5.6670000\,-42.2070000",22,PI-Prata do Piauí,Piauí
Rancho Queimado,4214300,GRANDE FLORIANOPOLIS,421430,Sul,SC,"-27.6730000\,-49.0220000",42,SC-Rancho Queimado,Santa Catarina
Veríssimo,3171105,TRIANGULO MINEIRO/ALTO PARANAIBA,317110,Sudeste,MG,"-19.6630000\,-48.3080000",31,MG-Veríssimo,Minas Gerais
Bandeirantes do Tocantins,1703057,OCIDENTAL DO TOCANTINS,170305,Norte,TO,"-7.7560000\,-48.5840000",17,TO-Bandeirantes do Tocantins,Tocantins
Colorado,4305603,NOROESTE RIO-GRANDENSE,430560,Sul,RS,"-28.5240000\,-52.9940000",43,RS-Colorado,Rio Grande do Sul
Dionísio,3121803,METROPOLITANA DE BELO HORIZONTE,312180,Sudeste,MG,"-19.8430000\,-42.7770000",31,MG-Dionísio,Minas Gerais
Umirim,2313757,NORTE CEARENSE,231375,Nordeste,CE,"-3.6770000\,-39.3500000",23,CE-Umirim,Ceará
Bento Fernandes,2401602,AGRESTE POTIGUAR,240160,Nordeste,RN,"-5.6940000\,-35.8200000",24,RN-Bento Fernandes,Rio Grande do Norte
Araçatuba,3502804,ARACATUBA,350280,Sudeste,SP,"-21.2090000\,-50.4330000",35,SP-Araçatuba,São Paulo
Piçarra,1505635,SUDESTE PARAENSE,150563,Norte,PA,"-6.4380000\,-48.8720000",15,PA-Piçarra,Pará
Carazinho,4304705,NOROESTE RIO-GRANDENSE,430470,Sul,RS,"-28.2840000\,-52.7860000",43,RS-Carazinho,Rio Grande do Sul
Augustinópolis,1702554,OCIDENTAL DO TOCANTINS,170255,Norte,TO,"-5.4660000\,-47.8880000",17,TO-Augustinópolis,Tocantins
Sebastião Leal,2210631,SUDOESTE PIAUIENSE,221063,Nordeste,PI,"-7.5660000\,-44.0640000",22,PI-Sebastião Leal,Piauí
Holambra,3519055,CAMPINAS,351905,Sudeste,SP,"-22.6330000\,-47.0560000",35,SP-Holambra,São Paulo
Piraí,3304003,SUL FLUMINENSE,330400,Sudeste,RJ,"-22.6290000\,-43.8980000",33,RJ-Piraí,Rio de Janeiro
Resende Costa,3154200,CAMPO DAS VERTENTES,315420,Sudeste,MG,"-20.9220000\,-44.2380000",31,MG-Resende Costa,Minas Gerais
Sorriso,5107925,NORTE MATO-GROSSENSE,510792,Centro-Oeste,MT,"-12.5450000\,-55.7110000",51,MT-Sorriso,Mato Grosso
Araruna,2501005,AGRESTE PARAIBANO,250100,Nordeste,PB,"-6.5580000\,-35.7420000",25,PB-Araruna,Paraíba
Francisco Sá,3126703,NORTE DE MINAS,312670,Sudeste,MG,"-16.4760000\,-43.4880000",31,MG-Francisco Sá,Minas Gerais
São Miguel Arcanjo,3550209,MACRO METROPOLITANA PAULISTA,355020,Sudeste,SP,"-23.8780000\,-47.9970000",35,SP-São Miguel Arcanjo,São Paulo
Varjão,5221908,SUL GOIANO,522190,Centro-Oeste,GO,"-17.0450000\,-49.6310000",52,GO-Varjão,Goiás
Piatã,2924306,CENTRO SUL BAIANO,292430,Nordeste,BA,"-13.1520000\,-41.7730000",29,BA-Piatã,Bahia
Navegantes,4211306,VALE DO ITAJAI,421130,Sul,SC,"-26.8990000\,-48.6540000",42,SC-Navegantes,Santa Catarina
Porto Alegre,4314902,METROPOLITANA DE PORTO ALEGRE,431490,Sul,RS,"-30.0330000\,-51.2300000",43,RS-Porto Alegre,Rio Grande do Sul
São Jerônimo da Serra,4124707,NORTE PIONEIRO PARANAENSE,412470,Sul,PR,"-23.7280000\,-50.7410000",41,PR-São Jerônimo da Serra,Paraná
Tarabai,3553906,PRESIDENTE PRUDENTE,355390,Sudeste,SP,"-22.3030000\,-51.5590000",35,SP-Tarabai,São Paulo
Presidente Bernardes,3153103,ZONA DA MATA,315310,Sudeste,MG,"-20.7690000\,-43.1880000",31,MG-Presidente Bernardes,Minas Gerais
Teófilo Otoni,3168606,VALE DO MUCURI,316860,Sudeste,MG,"-17.8580000\,-41.5050000",31,MG-Teófilo Otoni,Minas Gerais
Santa Luzia do Itanhy,2806305,LESTE SERGIPANO,280630,Nordeste,SE,"-11.3510000\,-37.4480000",28,SE-Santa Luzia do Itanhy,Sergipe
Itambé,2607653,MATA PERNAMBUCANA,260765,Nordeste,PE,"-7.4100000\,-35.1130000",26,PE-Itambé,Pernambuco
Poté,3152402,VALE DO MUCURI,315240,Sudeste,MG,"-17.8070000\,-41.7860000",31,MG-Poté,Minas Gerais
Catu,2907509,METROPOLITANA DE SALVADOR,290750,Nordeste,BA,"-12.3530000\,-38.3790000",29,BA-Catu,Bahia
São Gabriel,4318309,SUDOESTE RIO-GRANDENSE,431830,Sul,RS,"-30.3360000\,-54.3200000",43,RS-São Gabriel,Rio Grande do Sul
Imperatriz,2105302,OESTE MARANHENSE,210530,Nordeste,MA,"-5.5260000\,-47.4760000",21,MA-Imperatriz,Maranhão
Lucianópolis,3527504,BAURU,352750,Sudeste,SP,"-22.4310000\,-49.5230000",35,SP-Lucianópolis,São Paulo
Alambari,3500758,ITAPETININGA,350075,Sudeste,SP,"-23.5510000\,-47.8990000",35,SP-Alambari,São Paulo
Urussanga,4219002,SUL CATARINENSE,421900,Sul,SC,"-28.5180000\,-49.3210000",42,SC-Urussanga,Santa Catarina
Congonhas,3118007,METROPOLITANA DE BELO HORIZONTE,311800,Sudeste,MG,"-20.5000000\,-43.8580000",31,MG-Congonhas,Minas Gerais
Rio Tinto,2512903,MATA PARAIBANA,251290,Nordeste,PB,"-6.8030000\,-35.0810000",25,PB-Rio Tinto,Paraíba
Nova Esperança do Piriá,1504950,NORDESTE PARAENSE,150495,Norte,PA,"-2.2690000\,-46.9660000",15,PA-Nova Esperança do Piriá,Pará
Campina da Lagoa,4103909,CENTRO OCIDENTAL PARANAENSE,410390,Sul,PR,"-24.5920000\,-52.7990000",41,PR-Campina da Lagoa,Paraná
Lajeado,1712009,ORIENTAL DO TOCANTINS,171200,Norte,TO,"-9.7510000\,-48.3580000",17,TO-Lajeado,Tocantins
Frei Rogério,4205555,SERRANA,420555,Sul,SC,"-27.1750000\,-50.8050000",42,SC-Frei Rogério,Santa Catarina
Posse,5218300,LESTE GOIANO,521830,Centro-Oeste,GO,"-14.0930000\,-46.3690000",52,GO-Posse,Goiás
Planalto,3539608,SAO JOSE DO RIO PRETO,353960,Sudeste,SP,"-21.0340000\,-49.9290000",35,SP-Planalto,São Paulo
Senador Firmino,3165701,ZONA DA MATA,316570,Sudeste,MG,"-20.9120000\,-43.0970000",31,MG-Senador Firmino,Minas Gerais
Ourém,1505403,NORDESTE PARAENSE,150540,Norte,PA,"-1.5480000\,-47.1190000",15,PA-Ourém,Pará
Paranatama,2610301,AGRESTE PERNAMBUCANO,261030,Nordeste,PE,"-8.9210000\,-36.6580000",26,PE-Paranatama,Pernambuco
Novo Gama,5215231,LESTE GOIANO,521523,Centro-Oeste,GO,"-16.0590000\,-48.0390000",52,GO-Novo Gama,Goiás
Santa Rita de Minas,3159357,VALE DO RIO DOCE,315935,Sudeste,MG,"-19.8750000\,-42.1320000",31,MG-Santa Rita de Minas,Minas Gerais
São José do Cedro,4216701,OESTE CATARINENSE,421670,Sul,SC,"-26.4550000\,-53.4940000",42,SC-São José do Cedro,Santa Catarina
Nova Itarana,2922805,CENTRO SUL BAIANO,292280,Nordeste,BA,"-13.0270000\,-40.0690000",29,BA-Nova Itarana,Bahia
Igrejinha,4310108,METROPOLITANA DE PORTO ALEGRE,431010,Sul,RS,"-29.5740000\,-50.7900000",43,RS-Igrejinha,Rio Grande do Sul
Rochedo,5007505,CENTRO NORTE DE MATO GROSSO DO SUL,500750,Centro-Oeste,MS,"-19.9530000\,-54.8930000",50,MS-Rochedo,Mato Grosso do Sul
Serra Talhada,2613909,SERTAO PERNAMBUCANO,261390,Nordeste,PE,"-7.9860000\,-38.2960000",26,PE-Serra Talhada,Pernambuco
Diamante do Norte,4107108,NOROESTE PARANAENSE,410710,Sul,PR,"-22.6560000\,-52.8600000",41,PR-Diamante do Norte,Paraná
Jaguaquara,2917607,CENTRO SUL BAIANO,291760,Nordeste,BA,"-13.5310000\,-39.9710000",29,BA-Jaguaquara,Bahia
Riolândia,3544202,SAO JOSE DO RIO PRETO,354420,Sudeste,SP,"-19.9900000\,-49.6810000",35,SP-Riolândia,São Paulo
Juazeiro do Norte,2307304,SUL CEARENSE,230730,Nordeste,CE,"-7.2130000\,-39.3150000",23,CE-Juazeiro do Norte,Ceará
Edealina,5207352,SUL GOIANO,520735,Centro-Oeste,GO,"-17.4260000\,-49.6650000",52,GO-Edealina,Goiás
Jaguarão,4311007,SUDESTE RIO-GRANDENSE,431100,Sul,RS,"-32.5660000\,-53.3760000",43,RS-Jaguarão,Rio Grande do Sul
Ponte Alta do Bom Jesus,1717800,ORIENTAL DO TOCANTINS,171780,Norte,TO,"-12.0910000\,-46.4790000",17,TO-Ponte Alta do Bom Jesus,Tocantins
Barra Bonita,4202099,OESTE CATARINENSE,420209,Sul,SC,"-26.6540000\,-53.4400000",42,SC-Barra Bonita,Santa Catarina
Bom Jardim de Minas,3107505,SUL/SUDOESTE DE MINAS,310750,Sudeste,MG,"-21.9470000\,-44.1910000",31,MG-Bom Jardim de Minas,Minas Gerais
Riacho de Santana,2926400,CENTRO SUL BAIANO,292640,Nordeste,BA,"-13.6090000\,-42.9390000",29,BA-Riacho de Santana,Bahia
Coreaú,2304004,NOROESTE CEARENSE,230400,Nordeste,CE,"-3.5330000\,-40.6570000",23,CE-Coreaú,Ceará
Pratânia,3541059,BAURU,354105,Sudeste,SP,"-22.8080000\,-48.6660000",35,SP-Pratânia,São Paulo
Nova Boa Vista,4312955,NOROESTE RIO-GRANDENSE,431295,Sul,RS,"-27.9940000\,-52.9790000",43,RS-Nova Boa Vista,Rio Grande do Sul
Anastácio,5000708,PANTANAL SUL MATO-GROSSENSE,500070,Centro-Oeste,MS,"-20.4840000\,-55.8070000",50,MS-Anastácio,Mato Grosso do Sul
Guaranésia,3128303,SUL/SUDOESTE DE MINAS,312830,Sudeste,MG,"-21.2990000\,-46.8030000",31,MG-Guaranésia,Minas Gerais
Zacarias,3557154,SAO JOSE DO RIO PRETO,355715,Sudeste,SP,"-21.0520000\,-50.0510000",35,SP-Zacarias,São Paulo
Altinópolis,3501004,RIBEIRAO PRETO,350100,Sudeste,SP,"-21.0260000\,-47.3740000",35,SP-Altinópolis,São Paulo
São Gonçalo do Rio Abaixo,3161908,METROPOLITANA DE BELO HORIZONTE,316190,Sudeste,MG,"-19.8260000\,-43.3620000",31,MG-São Gonçalo do Rio Abaixo,Minas Gerais
São Vicente Ferrer,2111706,NORTE MARANHENSE,211170,Nordeste,MA,"-2.8940000\,-44.8800000",21,MA-São Vicente Ferrer,Maranhão
Boquira,2904100,CENTRO SUL BAIANO,290410,Nordeste,BA,"-12.8230000\,-42.7310000",29,BA-Boquira,Bahia
Lavandeira,1712157,ORIENTAL DO TOCANTINS,171215,Norte,TO,"-12.7890000\,-46.5060000",17,TO-Lavandeira,Tocantins
Sampaio,1718808,OCIDENTAL DO TOCANTINS,171880,Norte,TO,"-5.3480000\,-47.8730000",17,TO-Sampaio,Tocantins
Viçosa,2709400,LESTE ALAGOANO,270940,Nordeste,AL,"-9.3710000\,-36.2410000",27,AL-Viçosa,Alagoas
Jequiá da Praia,2703759,LESTE ALAGOANO,270375,Nordeste,AL,"-10.0120000\,-36.0210000",27,AL-Jequiá da Praia,Alagoas
Rio das Pedras,3544004,PIRACICABA,354400,Sudeste,SP,"-22.8430000\,-47.6060000",35,SP-Rio das Pedras,São Paulo
Luziânia,5212501,LESTE GOIANO,521250,Centro-Oeste,GO,"-16.2530000\,-47.9500000",52,GO-Luziânia,Goiás
São Bernardo,2110609,LESTE MARANHENSE,211060,Nordeste,MA,"-3.3610000\,-42.4180000",21,MA-São Bernardo,Maranhão
Antônio Prado,4300802,NORDESTE RIO-GRANDENSE,430080,Sul,RS,"-28.8580000\,-51.2830000",43,RS-Antônio Prado,Rio Grande do Sul
Cajazeiras do Piauí,2202075,SUDESTE PIAUIENSE,220207,Nordeste,PI,"-6.7660000\,-42.3920000",22,PI-Cajazeiras do Piauí,Piauí
Cajapió,2102408,NORTE MARANHENSE,210240,Nordeste,MA,"-2.8810000\,-44.6750000",21,MA-Cajapió,Maranhão
Porto Vera Cruz,4315073,NOROESTE RIO-GRANDENSE,431507,Sul,RS,"-27.7360000\,-54.9010000",43,RS-Porto Vera Cruz,Rio Grande do Sul
Iporã do Oeste,4207650,OESTE CATARINENSE,420765,Sul,SC,"-26.9880000\,-53.5350000",42,SC-Iporã do Oeste,Santa Catarina
Isaías Coelho,2204907,SUDESTE PIAUIENSE,220490,Nordeste,PI,"-7.7380000\,-41.6760000",22,PI-Isaías Coelho,Piauí
Divinópolis do Tocantins,1707108,OCIDENTAL DO TOCANTINS,170710,Norte,TO,"-9.8000000\,-49.2140000",17,TO-Divinópolis do Tocantins,Tocantins
Araranguá,4201406,SUL CATARINENSE,420140,Sul,SC,"-28.9350000\,-49.4860000",42,SC-Araranguá,Santa Catarina
Barrinha,3505609,RIBEIRAO PRETO,350560,Sudeste,SP,"-21.1940000\,-48.1640000",35,SP-Barrinha,São Paulo
Estrela do Sul,3124807,TRIANGULO MINEIRO/ALTO PARANAIBA,312480,Sudeste,MG,"-18.7460000\,-47.6930000",31,MG-Estrela do Sul,Minas Gerais
Herval,4307104,SUDESTE RIO-GRANDENSE,430710,Sul,RS,"-32.0240000\,-53.3960000",43,RS-Herval,Rio Grande do Sul
Santo Antônio dos Lopes,2110302,CENTRO MARANHENSE,211030,Nordeste,MA,"-4.8690000\,-44.3600000",21,MA-Santo Antônio dos Lopes,Maranhão
Boqueirão do Piauí,2201945,CENTRO-NORTE PIAUIENSE,220194,Nordeste,PI,"-4.4870000\,-42.0740000",22,PI-Boqueirão do Piauí,Piauí
São José de Ribamar,2111201,NORTE MARANHENSE,211120,Nordeste,MA,"-2.5620000\,-44.0540000",21,MA-São José de Ribamar,Maranhão
Pinhão,2805208,SERTAO SERGIPANO,280520,Nordeste,SE,"-10.5670000\,-37.7230000",28,SE-Pinhão,Sergipe
Emilianópolis,3515129,PRESIDENTE PRUDENTE,351512,Sudeste,SP,"-21.8330000\,-51.4830000",35,SP-Emilianópolis,São Paulo
Ouro Preto,3146107,METROPOLITANA DE BELO HORIZONTE,314610,Sudeste,MG,"-20.2880000\,-43.5080000",31,MG-Ouro Preto,Minas Gerais
Mato Castelhano,4312138,NOROESTE RIO-GRANDENSE,431213,Sul,RS,"-28.2780000\,-52.1920000",43,RS-Mato Castelhano,Rio Grande do Sul
Palmácia,2310100,NORTE CEARENSE,231010,Nordeste,CE,"-4.1500000\,-38.8460000",23,CE-Palmácia,Ceará
Jesuânia,3135902,SUL/SUDOESTE DE MINAS,313590,Sudeste,MG,"-21.9980000\,-45.2910000",31,MG-Jesuânia,Minas Gerais
Capela do Alto Alegre,2906857,NORDESTE BAIANO,290685,Nordeste,BA,"-11.6680000\,-39.8380000",29,BA-Capela do Alto Alegre,Bahia
Douradina,5003504,SUDOESTE DE MATO GROSSO DO SUL,500350,Centro-Oeste,MS,"-22.0400000\,-54.6130000",50,MS-Douradina,Mato Grosso do Sul
Lagoa dos Patos,3137304,NORTE DE MINAS,313730,Sudeste,MG,"-16.9830000\,-44.5820000",31,MG-Lagoa dos Patos,Minas Gerais
Presidente Olegário,3153400,NOROESTE DE MINAS,315340,Sudeste,MG,"-18.4180000\,-46.4180000",31,MG-Presidente Olegário,Minas Gerais
Virgínia,3171709,SUL/SUDOESTE DE MINAS,317170,Sudeste,MG,"-22.3330000\,-45.0920000",31,MG-Virgínia,Minas Gerais
Ivorá,4310751,CENTRO OCIDENTAL RIO-GRANDENSE,431075,Sul,RS,"-29.5200000\,-53.5810000",43,RS-Ivorá,Rio Grande do Sul
Jaguaraçu,3135001,VALE DO RIO DOCE,313500,Sudeste,MG,"-19.6490000\,-42.7500000",31,MG-Jaguaraçu,Minas Gerais
Águas Vermelhas,3101003,NORTE DE MINAS,310100,Sudeste,MG,"-15.7470000\,-41.4600000",31,MG-Águas Vermelhas,Minas Gerais
Acauã,2200053,SUDESTE PIAUIENSE,220005,Nordeste,PI,"-8.2150000\,-41.0820000",22,PI-Acauã,Piauí
Guarani d'Oeste,3518008,SAO JOSE DO RIO PRETO,351800,Sudeste,SP,"-20.0750000\,-50.3390000",35,SP-Guarani d'Oeste,São Paulo
Coronel João Sá,2909208,NORDESTE BAIANO,290920,Nordeste,BA,"-10.2840000\,-37.9260000",29,BA-Coronel João Sá,Bahia
Cerro Grande do Sul,4305173,METROPOLITANA DE PORTO ALEGRE,430517,Sul,RS,"-30.5900000\,-51.7390000",43,RS-Cerro Grande do Sul,Rio Grande do Sul
São José dos Pinhais,4125506,METROPOLITANA DE CURITIBA,412550,Sul,PR,"-25.5350000\,-49.2060000",41,PR-São José dos Pinhais,Paraná
Guararapes,3518206,ARACATUBA,351820,Sudeste,SP,"-21.2610000\,-50.6430000",35,SP-Guararapes,São Paulo
Pedranópolis,3536901,SAO JOSE DO RIO PRETO,353690,Sudeste,SP,"-20.2480000\,-50.1100000",35,SP-Pedranópolis,São Paulo
Tianguá,2313401,NOROESTE CEARENSE,231340,Nordeste,CE,"-3.7320000\,-40.9920000",23,CE-Tianguá,Ceará
Salgado de São Félix,2513109,AGRESTE PARAIBANO,251310,Nordeste,PB,"-7.3570000\,-35.4410000",25,PB-Salgado de São Félix,Paraíba
Jaguariaíva,4112009,CENTRO ORIENTAL PARANAENSE,411200,Sul,PR,"-24.2510000\,-49.7060000",41,PR-Jaguariaíva,Paraná
Rio Pardo de Minas,3155603,NORTE DE MINAS,315560,Sudeste,MG,"-15.6100000\,-42.5400000",31,MG-Rio Pardo de Minas,Minas Gerais
Barra do Bugres,5101704,SUDOESTE MATO-GROSSENSE,510170,Centro-Oeste,MT,"-15.0730000\,-57.1810000",51,MT-Barra do Bugres,Mato Grosso
São Bernardo do Campo,3548708,METROPOLITANA DE SAO PAULO,354870,Sudeste,SP,"-23.6940000\,-46.5650000",35,SP-São Bernardo do Campo,São Paulo
Redenção do Gurguéia,2208700,SUDOESTE PIAUIENSE,220870,Nordeste,PI,"-9.4870000\,-44.5860000",22,PI-Redenção do Gurguéia,Piauí
Ibiracatu,3129657,NORTE DE MINAS,312965,Sudeste,MG,"-15.6640000\,-44.1640000",31,MG-Ibiracatu,Minas Gerais
Mutunópolis,5214101,NORTE GOIANO,521410,Centro-Oeste,GO,"-13.7330000\,-49.2750000",52,GO-Mutunópolis,Goiás
Água Nova,2400406,OESTE POTIGUAR,240040,Nordeste,RN,"-6.2090000\,-38.2970000",24,RN-Água Nova,Rio Grande do Norte
Paranaiguara,5216304,SUL GOIANO,521630,Centro-Oeste,GO,"-18.9160000\,-50.6540000",52,GO-Paranaiguara,Goiás
Gastão Vidigal,3516804,SAO JOSE DO RIO PRETO,351680,Sudeste,SP,"-20.7990000\,-50.1870000",35,SP-Gastão Vidigal,São Paulo
Ferraz de Vasconcelos,3515707,METROPOLITANA DE SAO PAULO,351570,Sudeste,SP,"-23.5410000\,-46.3690000",35,SP-Ferraz de Vasconcelos,São Paulo
São Miguel do Araguaia,5220207,NOROESTE GOIANO,522020,Centro-Oeste,GO,"-13.2750000\,-50.1630000",52,GO-São Miguel do Araguaia,Goiás
Paramirim,2923605,CENTRO SUL BAIANO,292360,Nordeste,BA,"-13.4430000\,-42.2390000",29,BA-Paramirim,Bahia
Santo Inácio,4124509,NORTE CENTRAL PARANAENSE,412450,Sul,PR,"-22.6980000\,-51.7940000",41,PR-Santo Inácio,Paraná
Alvorada do Norte,5200803,LESTE GOIANO,520080,Centro-Oeste,GO,"-14.4810000\,-46.4920000",52,GO-Alvorada do Norte,Goiás
Santa Rosa do Tocantins,1718907,ORIENTAL DO TOCANTINS,171890,Norte,TO,"-11.4490000\,-48.1210000",17,TO-Santa Rosa do Tocantins,Tocantins
Central de Minas,3115706,VALE DO RIO DOCE,311570,Sudeste,MG,"-18.7620000\,-41.3060000",31,MG-Central de Minas,Minas Gerais
Iati,2606507,AGRESTE PERNAMBUCANO,260650,Nordeste,PE,"-9.0460000\,-36.8460000",26,PE-Iati,Pernambuco
Itapetinga,2916401,CENTRO SUL BAIANO,291640,Nordeste,BA,"-15.2490000\,-40.2480000",29,BA-Itapetinga,Bahia
Antônio Cardoso,2901700,CENTRO NORTE BAIANO,290170,Nordeste,BA,"-12.4350000\,-39.1200000",29,BA-Antônio Cardoso,Bahia
Urucânia,3170503,ZONA DA MATA,317050,Sudeste,MG,"-20.3510000\,-42.7390000",31,MG-Urucânia,Minas Gerais
Arabutã,4201273,OESTE CATARINENSE,420127,Sul,SC,"-27.1600000\,-52.1420000",42,SC-Arabutã,Santa Catarina
Comendador Gomes,3116902,TRIANGULO MINEIRO/ALTO PARANAIBA,311690,Sudeste,MG,"-19.6980000\,-49.0810000",31,MG-Comendador Gomes,Minas Gerais
Surubim,2614501,AGRESTE PERNAMBUCANO,261450,Nordeste,PE,"-7.8320000\,-35.7560000",26,PE-Surubim,Pernambuco
São Sebastião da Boa Vista,1507706,MARAJO,150770,Norte,PA,"-1.7180000\,-49.5410000",15,PA-São Sebastião da Boa Vista,Pará
São Jorge,4318440,NORDESTE RIO-GRANDENSE,431844,Sul,RS,"-28.4990000\,-51.7030000",43,RS-São Jorge,Rio Grande do Sul
São Tomé,2412906,AGRESTE POTIGUAR,241290,Nordeste,RN,"-5.9730000\,-36.0750000",24,RN-São Tomé,Rio Grande do Norte
Vargem Grande,2112704,NORTE MARANHENSE,211270,Nordeste,MA,"-3.5430000\,-43.9160000",21,MA-Vargem Grande,Maranhão
Terra Nova do Norte,5108055,NORTE MATO-GROSSENSE,510805,Centro-Oeste,MT,"-10.5170000\,-55.2310000",51,MT-Terra Nova do Norte,Mato Grosso
Luminárias,3138708,CAMPO DAS VERTENTES,313870,Sudeste,MG,"-21.5110000\,-44.9030000",31,MG-Luminárias,Minas Gerais
Santo Antônio do Itambé,3160207,METROPOLITANA DE BELO HORIZONTE,316020,Sudeste,MG,"-18.4660000\,-43.3070000",31,MG-Santo Antônio do Itambé,Minas Gerais
Cabeceiras do Piauí,2202059,NORTE PIAUIENSE,220205,Nordeste,PI,"-4.4760000\,-42.3090000",22,PI-Cabeceiras do Piauí,Piauí
Ferros,3125903,METROPOLITANA DE BELO HORIZONTE,312590,Sudeste,MG,"-19.2320000\,-43.0230000",31,MG-Ferros,Minas Gerais
Jaboti,4111704,NORTE PIONEIRO PARANAENSE,411170,Sul,PR,"-23.7430000\,-50.0760000",41,PR-Jaboti,Paraná
Salto de Pirapora,3545308,MACRO METROPOLITANA PAULISTA,354530,Sudeste,SP,"-23.6490000\,-47.5730000",35,SP-Salto de Pirapora,São Paulo
Prainha,1506005,BAIXO AMAZONAS,150600,Norte,PA,"-1.8000000\,-53.4800000",15,PA-Prainha,Pará
Figueira,4107751,NORTE PIONEIRO PARANAENSE,410775,Sul,PR,"-23.8490000\,-50.4030000",41,PR-Figueira,Paraná
Gentil,4308854,NOROESTE RIO-GRANDENSE,430885,Sul,RS,"-28.4300000\,-52.0360000",43,RS-Gentil,Rio Grande do Sul
Icém,3519808,SAO JOSE DO RIO PRETO,351980,Sudeste,SP,"-20.3420000\,-49.1950000",35,SP-Icém,São Paulo
Capanema,1502202,NORDESTE PARAENSE,150220,Norte,PA,"-1.1960000\,-47.1810000",15,PA-Capanema,Pará
Terra Rica,4127304,NOROESTE PARANAENSE,412730,Sul,PR,"-22.7090000\,-52.6170000",41,PR-Terra Rica,Paraná
Ecoporanga,3202108,NOROESTE ESPIRITO-SANTENSE,320210,Sudeste,ES,"-18.3730000\,-40.8310000",32,ES-Ecoporanga,Espírito Santo
Terra Nova,2931707,METROPOLITANA DE SALVADOR,293170,Nordeste,BA,"-12.3920000\,-38.6250000",29,BA-Terra Nova,Bahia
Aratiba,4300901,NOROESTE RIO-GRANDENSE,430090,Sul,RS,"-27.3940000\,-52.3000000",43,RS-Aratiba,Rio Grande do Sul
Exu,2605301,SERTAO PERNAMBUCANO,260530,Nordeste,PE,"-7.5120000\,-39.7240000",26,PE-Exu,Pernambuco
Bom Jardim,2602209,AGRESTE PERNAMBUCANO,260220,Nordeste,PE,"-7.7960000\,-35.5870000",26,PE-Bom Jardim,Pernambuco
Coronel Murta,3119500,JEQUITINHONHA,311950,Sudeste,MG,"-16.6190000\,-42.1820000",31,MG-Coronel Murta,Minas Gerais
Presidente Lucena,4315149,METROPOLITANA DE PORTO ALEGRE,431514,Sul,RS,"-29.5190000\,-51.1780000",43,RS-Presidente Lucena,Rio Grande do Sul
Belém,2700805,AGRESTE ALAGOANO,270080,Nordeste,AL,"-9.5710000\,-36.4920000",27,AL-Belém,Alagoas
Chiador,3116209,ZONA DA MATA,311620,Sudeste,MG,"-22.0030000\,-43.0580000",31,MG-Chiador,Minas Gerais
Alvarenga,3102209,VALE DO RIO DOCE,310220,Sudeste,MG,"-19.4170000\,-41.7290000",31,MG-Alvarenga,Minas Gerais
Pinhal,4314456,NOROESTE RIO-GRANDENSE,431445,Sul,RS,"-27.5110000\,-53.2150000",43,RS-Pinhal,Rio Grande do Sul
Meleiro,4210803,SUL CATARINENSE,421080,Sul,SC,"-28.8290000\,-49.6360000",42,SC-Meleiro,Santa Catarina
Ilha de Itamaracá,2607604,METROPOLITANA DE RECIFE,260760,Nordeste,PE,"-7.7480000\,-34.8260000",26,PE-Ilha de Itamaracá,Pernambuco
Vazante,3171006,NOROESTE DE MINAS,317100,Sudeste,MG,"-17.9870000\,-46.9080000",31,MG-Vazante,Minas Gerais
Caxingó,2202653,NORTE PIAUIENSE,220265,Nordeste,PI,"-3.4180000\,-41.8960000",22,PI-Caxingó,Piauí
São Raimundo das Mangabeiras,2111607,SUL MARANHENSE,211160,Nordeste,MA,"-7.0220000\,-45.4810000",21,MA-São Raimundo das Mangabeiras,Maranhão
Dom Cavati,3122504,VALE DO RIO DOCE,312250,Sudeste,MG,"-19.3740000\,-42.1060000",31,MG-Dom Cavati,Minas Gerais
Abatiá,4100103,NORTE PIONEIRO PARANAENSE,410010,Sul,PR,"-23.3040000\,-50.3130000",41,PR-Abatiá,Paraná
São Paulo,3550308,METROPOLITANA DE SAO PAULO,355030,Sudeste,SP,"-23.5480000\,-46.6360000",35,SP-São Paulo,São Paulo
Matriz de Camaragibe,2705101,LESTE ALAGOANO,270510,Nordeste,AL,"-9.1520000\,-35.5330000",27,AL-Matriz de Camaragibe,Alagoas
Minador do Negrão,2705309,AGRESTE ALAGOANO,270530,Nordeste,AL,"-9.3050000\,-36.8650000",27,AL-Minador do Negrão,Alagoas
Craíbas,2702355,AGRESTE ALAGOANO,270235,Nordeste,AL,"-9.6180000\,-36.7680000",27,AL-Craíbas,Alagoas
Sertão,4320503,NOROESTE RIO-GRANDENSE,432050,Sul,RS,"-27.9800000\,-52.2600000",43,RS-Sertão,Rio Grande do Sul
Juruá,1302207,SUDOESTE AMAZONENSE,130220,Norte,AM,"-3.4810000\,-66.0690000",13,AM-Juruá,Amazonas
Ibitinga,3519600,ARARAQUARA,351960,Sudeste,SP,"-21.7580000\,-48.8290000",35,SP-Ibitinga,São Paulo
Camalaú,2503902,BORBOREMA,250390,Nordeste,PB,"-7.8890000\,-36.8230000",25,PB-Camalaú,Paraíba
Paraú,2408706,OESTE POTIGUAR,240870,Nordeste,RN,"-5.7740000\,-37.1010000",24,RN-Paraú,Rio Grande do Norte
Caxias,2103000,LESTE MARANHENSE,210300,Nordeste,MA,"-4.8590000\,-43.3560000",21,MA-Caxias,Maranhão
Santiago,4317400,CENTRO OCIDENTAL RIO-GRANDENSE,431740,Sul,RS,"-29.1920000\,-54.8670000",43,RS-Santiago,Rio Grande do Sul
Cromínia,5206503,SUL GOIANO,520650,Centro-Oeste,GO,"-17.2880000\,-49.3810000",52,GO-Cromínia,Goiás
Dário Meira,2910008,CENTRO SUL BAIANO,291000,Nordeste,BA,"-14.4360000\,-39.9080000",29,BA-Dário Meira,Bahia
Araguainha,5101209,SUDESTE MATO-GROSSENSE,510120,Centro-Oeste,MT,"-16.8560000\,-53.0330000",51,MT-Araguainha,Mato Grosso
Cristino Castro,2203107,SUDOESTE PIAUIENSE,220310,Nordeste,PI,"-8.8180000\,-44.2240000",22,PI-Cristino Castro,Piauí
Cardoso Moreira,3301157,NORTE FLUMINENSE,330115,Sudeste,RJ,"-21.4880000\,-41.6160000",33,RJ-Cardoso Moreira,Rio de Janeiro
Itaí,3521804,BAURU,352180,Sudeste,SP,"-23.4180000\,-49.0910000",35,SP-Itaí,São Paulo
Conceição do Tocantins,1705607,ORIENTAL DO TOCANTINS,170560,Norte,TO,"-12.2190000\,-47.2980000",17,TO-Conceição do Tocantins,Tocantins
Mococa,3530508,CAMPINAS,353050,Sudeste,SP,"-21.4680000\,-47.0050000",35,SP-Mococa,São Paulo
Rio do Oeste,4214607,VALE DO ITAJAI,421460,Sul,SC,"-27.1930000\,-49.7970000",42,SC-Rio do Oeste,Santa Catarina
São Gonçalo do Rio Preto,3125507,JEQUITINHONHA,312550,Sudeste,MG,"-18.0040000\,-43.3910000",31,MG-São Gonçalo do Rio Preto,Minas Gerais
Bom Jesus do Itabapoana,3300605,NOROESTE FLUMINENSE,330060,Sudeste,RJ,"-21.1340000\,-41.6800000",33,RJ-Bom Jesus do Itabapoana,Rio de Janeiro
Licínio de Almeida,2919405,CENTRO SUL BAIANO,291940,Nordeste,BA,"-14.6820000\,-42.5080000",29,BA-Licínio de Almeida,Bahia
Areia,2501104,AGRESTE PARAIBANO,250110,Nordeste,PB,"-6.9630000\,-35.6920000",25,PB-Areia,Paraíba
Santo Antônio de Jesus,2928703,METROPOLITANA DE SALVADOR,292870,Nordeste,BA,"-12.9690000\,-39.2610000",29,BA-Santo Antônio de Jesus,Bahia
Coremas,2504801,SERTAO PARAIBANO,250480,Nordeste,PB,"-7.0140000\,-37.9460000",25,PB-Coremas,Paraíba
Quixaba,2512606,SERTAO PARAIBANO,251260,Nordeste,PB,"-7.0310000\,-37.1490000",25,PB-Quixaba,Paraíba
Pinhais,4119152,METROPOLITANA DE CURITIBA,411915,Sul,PR,"-25.4450000\,-49.1930000",41,PR-Pinhais,Paraná
Conchas,3512308,BAURU,351230,Sudeste,SP,"-23.0150000\,-48.0110000",35,SP-Conchas,São Paulo
Taquarussu,5007976,LESTE DE MATO GROSSO DO SUL,500797,Centro-Oeste,MS,"-22.4880000\,-53.3510000",50,MS-Taquarussu,Mato Grosso do Sul
Paraíso das Águas,5006275,LESTE DE MATO GROSSO DO SUL,500627,Centro-Oeste,MS,"-19.0522000\,-52.9683000",50,MS-Paraíso das Águas,Mato Grosso do Sul
Itabuna,2914802,SUL BAIANO,291480,Nordeste,BA,"-14.7860000\,-39.2800000",29,BA-Itabuna,Bahia
Itapororoca,2507101,MATA PARAIBANA,250710,Nordeste,PB,"-6.8300000\,-35.2470000",25,PB-Itapororoca,Paraíba
Alfredo Vasconcelos,3101631,CAMPO DAS VERTENTES,310163,Sudeste,MG,"-21.1450000\,-43.7770000",31,MG-Alfredo Vasconcelos,Minas Gerais
Xique-Xique,2933604,VALE SAO-FRANCISCANO DA BAHIA,293360,Nordeste,BA,"-10.8220000\,-42.7310000",29,BA-Xique-Xique,Bahia
Patos de Minas,3148004,TRIANGULO MINEIRO/ALTO PARANAIBA,314800,Sudeste,MG,"-18.5790000\,-46.5180000",31,MG-Patos de Minas,Minas Gerais
Juranda,4112959,CENTRO OCIDENTAL PARANAENSE,411295,Sul,PR,"-24.4200000\,-52.8430000",41,PR-Juranda,Paraná
Fartura,3515400,ASSIS,351540,Sudeste,SP,"-23.3880000\,-49.5100000",35,SP-Fartura,São Paulo
Cassilândia,5002902,LESTE DE MATO GROSSO DO SUL,500290,Centro-Oeste,MS,"-19.1130000\,-51.7340000",50,MS-Cassilândia,Mato Grosso do Sul
Porto Grande,1600535,SUL DO AMAPA,160053,Norte,AP,"0.7130000\,-51.4130000",16,AP-Porto Grande,Amapá
Alenquer,1500404,BAIXO AMAZONAS,150040,Norte,PA,"-1.9420000\,-54.7380000",15,PA-Alenquer,Pará
Bujaru,1501907,METROPOLITANA DE BELEM,150190,Norte,PA,"-1.5150000\,-48.0450000",15,PA-Bujaru,Pará
Jacobina do Piauí,2205151,SUDESTE PIAUIENSE,220515,Nordeste,PI,"-7.9350000\,-41.2100000",22,PI-Jacobina do Piauí,Piauí
Congo,2504702,BORBOREMA,250470,Nordeste,PB,"-7.7970000\,-36.6600000",25,PB-Congo,Paraíba
Caculé,2905008,CENTRO SUL BAIANO,290500,Nordeste,BA,"-14.5030000\,-42.2220000",29,BA-Caculé,Bahia
Ibiaçá,4309803,NOROESTE RIO-GRANDENSE,430980,Sul,RS,"-28.0570000\,-51.8550000",43,RS-Ibiaçá,Rio Grande do Sul
Uniflor,4128302,NORTE CENTRAL PARANAENSE,412830,Sul,PR,"-23.0870000\,-52.1570000",41,PR-Uniflor,Paraná
Peixe,1716604,OCIDENTAL DO TOCANTINS,171660,Norte,TO,"-12.0250000\,-48.5390000",17,TO-Peixe,Tocantins
Limeira do Oeste,3138625,TRIANGULO MINEIRO/ALTO PARANAIBA,313862,Sudeste,MG,"-19.5510000\,-50.5810000",31,MG-Limeira do Oeste,Minas Gerais
Conceição do Rio Verde,3117702,SUL/SUDOESTE DE MINAS,311770,Sudeste,MG,"-21.8810000\,-45.0850000",31,MG-Conceição do Rio Verde,Minas Gerais
Barra do Garças,5101803,NORDESTE MATO-GROSSENSE,510180,Centro-Oeste,MT,"-15.8900000\,-52.2570000",51,MT-Barra do Garças,Mato Grosso
São Vicente,2413003,CENTRAL POTIGUAR,241300,Nordeste,RN,"-6.2160000\,-36.6840000",24,RN-São Vicente,Rio Grande do Norte
Bonito,1501600,NORDESTE PARAENSE,150160,Norte,PA,"-1.3630000\,-47.3070000",15,PA-Bonito,Pará
Parnaguá,2207603,SUDOESTE PIAUIENSE,220760,Nordeste,PI,"-10.2270000\,-44.6390000",22,PI-Parnaguá,Piauí
Francisco Macedo,2204154,SUDESTE PIAUIENSE,220415,Nordeste,PI,"-7.3310000\,-40.7880000",22,PI-Francisco Macedo,Piauí
Curvelândia,5103437,CENTRO-SUL MATO-GROSSENSE,510343,Centro-Oeste,MT,"-15.6080000\,-57.9150000",51,MT-Curvelândia,Mato Grosso
Tijucas,4218004,GRANDE FLORIANOPOLIS,421800,Sul,SC,"-27.2410000\,-48.6340000",42,SC-Tijucas,Santa Catarina
São Roque,3550605,MACRO METROPOLITANA PAULISTA,355060,Sudeste,SP,"-23.5290000\,-47.1350000",35,SP-São Roque,São Paulo
Macajuba,2919603,CENTRO NORTE BAIANO,291960,Nordeste,BA,"-12.1360000\,-40.3600000",29,BA-Macajuba,Bahia
Mucambo,2309003,NOROESTE CEARENSE,230900,Nordeste,CE,"-3.9090000\,-40.7470000",23,CE-Mucambo,Ceará
Duas Barras,3301603,CENTRO FLUMINENSE,330160,Sudeste,RJ,"-22.0510000\,-42.5220000",33,RJ-Duas Barras,Rio de Janeiro
Nanuque,3144300,VALE DO MUCURI,314430,Sudeste,MG,"-17.8390000\,-40.3540000",31,MG-Nanuque,Minas Gerais
Ibiapina,2305308,NOROESTE CEARENSE,230530,Nordeste,CE,"-3.9230000\,-40.8890000",23,CE-Ibiapina,Ceará
Flores da Cunha,4308201,NORDESTE RIO-GRANDENSE,430820,Sul,RS,"-29.0290000\,-51.1820000",43,RS-Flores da Cunha,Rio Grande do Sul
Monte Alegre do Sul,3531209,CAMPINAS,353120,Sudeste,SP,"-22.6820000\,-46.6810000",35,SP-Monte Alegre do Sul,São Paulo
Porto Mauá,4315057,NOROESTE RIO-GRANDENSE,431505,Sul,RS,"-27.5750000\,-54.6680000",43,RS-Porto Mauá,Rio Grande do Sul
Turiaçu,2112407,OESTE MARANHENSE,211240,Nordeste,MA,"-1.6630000\,-45.3720000",21,MA-Turiaçu,Maranhão
Caetanos,2905156,CENTRO SUL BAIANO,290515,Nordeste,BA,"-14.3380000\,-40.9100000",29,BA-Caetanos,Bahia
Coqueiros do Sul,4305850,NOROESTE RIO-GRANDENSE,430585,Sul,RS,"-28.1190000\,-52.7830000",43,RS-Coqueiros do Sul,Rio Grande do Sul
Rio Negro,4122305,METROPOLITANA DE CURITIBA,412230,Sul,PR,"-26.1060000\,-49.7980000",41,PR-Rio Negro,Paraná
Iracema,2306009,JAGUARIBE,230600,Nordeste,CE,"-5.8120000\,-38.3060000",23,CE-Iracema,Ceará
Laje do Muriaé,3302304,NOROESTE FLUMINENSE,330230,Sudeste,RJ,"-21.2060000\,-42.1230000",33,RJ-Laje do Muriaé,Rio de Janeiro
Alagoa Grande,2500304,AGRESTE PARAIBANO,250030,Nordeste,PB,"-7.0890000\,-35.6350000",25,PB-Alagoa Grande,Paraíba
Elias Fausto,3514908,CAMPINAS,351490,Sudeste,SP,"-23.0430000\,-47.3740000",35,SP-Elias Fausto,São Paulo
Rosário do Sul,4316402,SUDOESTE RIO-GRANDENSE,431640,Sul,RS,"-30.2580000\,-54.9140000",43,RS-Rosário do Sul,Rio Grande do Sul
Caetité,2905206,CENTRO SUL BAIANO,290520,Nordeste,BA,"-14.0690000\,-42.4750000",29,BA-Caetité,Bahia
Porto Seguro,2925303,SUL BAIANO,292530,Nordeste,BA,"-16.4500000\,-39.0650000",29,BA-Porto Seguro,Bahia
Pedra Mole,2805000,SERTAO SERGIPANO,280500,Nordeste,SE,"-10.6170000\,-37.6870000",28,SE-Pedra Mole,Sergipe
Cacimba de Areia,2503407,SERTAO PARAIBANO,250340,Nordeste,PB,"-7.1290000\,-37.1570000",25,PB-Cacimba de Areia,Paraíba
Tabuleiro do Norte,2313104,JAGUARIBE,231310,Nordeste,CE,"-5.2470000\,-38.1310000",23,CE-Tabuleiro do Norte,Ceará
Caapiranga,1300839,CENTRO AMAZONENSE,130083,Norte,AM,"-3.3280000\,-61.2090000",13,AM-Caapiranga,Amazonas
Restinga,3542701,RIBEIRAO PRETO,354270,Sudeste,SP,"-20.6030000\,-47.4830000",35,SP-Restinga,São Paulo
Juruaia,3136900,SUL/SUDOESTE DE MINAS,313690,Sudeste,MG,"-21.2530000\,-46.5770000",31,MG-Juruaia,Minas Gerais
Conceição das Alagoas,3117306,TRIANGULO MINEIRO/ALTO PARANAIBA,311730,Sudeste,MG,"-19.9150000\,-48.3880000",31,MG-Conceição das Alagoas,Minas Gerais
Bom Jesus,2201903,SUDOESTE PIAUIENSE,220190,Nordeste,PI,"-9.0740000\,-44.3590000",22,PI-Bom Jesus,Piauí
Itaíba,2607505,AGRESTE PERNAMBUCANO,260750,Nordeste,PE,"-8.9480000\,-37.4230000",26,PE-Itaíba,Pernambuco
Santa Maria do Tocantins,1718881,ORIENTAL DO TOCANTINS,171888,Norte,TO,"-8.7970000\,-47.7950000",17,TO-Santa Maria do Tocantins,Tocantins
Mostardas,4312500,METROPOLITANA DE PORTO ALEGRE,431250,Sul,RS,"-31.1070000\,-50.9210000",43,RS-Mostardas,Rio Grande do Sul
Triunfo,2516805,SERTAO PARAIBANO,251680,Nordeste,PB,"-6.5790000\,-38.5970000",25,PB-Triunfo,Paraíba
Lagoa Santa,5212253,SUL GOIANO,521225,Centro-Oeste,GO,"-19.1830000\,-51.3910000",52,GO-Lagoa Santa,Goiás
Buritizal,3508207,RIBEIRAO PRETO,350820,Sudeste,SP,"-20.1910000\,-47.7080000",35,SP-Buritizal,São Paulo
Pedra Grande,2409506,LESTE POTIGUAR,240950,Nordeste,RN,"-5.1500000\,-35.8790000",24,RN-Pedra Grande,Rio Grande do Norte
Bom Retiro do Sul,4302402,CENTRO ORIENTAL RIO-GRANDENSE,430240,Sul,RS,"-29.6090000\,-51.9430000",43,RS-Bom Retiro do Sul,Rio Grande do Sul
Lupércio,3527801,MARILIA,352780,Sudeste,SP,"-22.4150000\,-49.8170000",35,SP-Lupércio,São Paulo
Ponte Alta,4213302,SERRANA,421330,Sul,SC,"-27.4840000\,-50.3800000",42,SC-Ponte Alta,Santa Catarina
Boa Ventura de São Roque,4103040,CENTRO-SUL PARANAENSE,410304,Sul,PR,"-24.8690000\,-51.6280000",41,PR-Boa Ventura de São Roque,Paraná
Córrego Danta,3119807,OESTE DE MINAS,311980,Sudeste,MG,"-19.8240000\,-45.9040000",31,MG-Córrego Danta,Minas Gerais
Inhambupe,2913705,NORDESTE BAIANO,291370,Nordeste,BA,"-11.7840000\,-38.3530000",29,BA-Inhambupe,Bahia
Lindóia,3527009,CAMPINAS,352700,Sudeste,SP,"-22.5230000\,-46.6500000",35,SP-Lindóia,São Paulo
Canhoba,2801108,LESTE SERGIPANO,280110,Nordeste,SE,"-10.1380000\,-36.9850000",28,SE-Canhoba,Sergipe
Salgadinho,2612109,AGRESTE PERNAMBUCANO,261210,Nordeste,PE,"-7.9360000\,-35.6330000",26,PE-Salgadinho,Pernambuco
Bacabal,2101202,CENTRO MARANHENSE,210120,Nordeste,MA,"-4.2250000\,-44.7800000",21,MA-Bacabal,Maranhão
Serrita,2614006,SERTAO PERNAMBUCANO,261400,Nordeste,PE,"-7.9330000\,-39.2960000",26,PE-Serrita,Pernambuco
Machadinho D'Oeste,1100130,LESTE RONDONIENSE,110013,Norte,RO,"-9.4440000\,-61.9810000",11,RO-Machadinho D'Oeste,Rondônia
Moreno,2609402,METROPOLITANA DE RECIFE,260940,Nordeste,PE,"-8.1190000\,-35.0920000",26,PE-Moreno,Pernambuco
Borá,3507209,ASSIS,350720,Sudeste,SP,"-22.2700000\,-50.5340000",35,SP-Borá,São Paulo
São José do Povo,5107297,SUDESTE MATO-GROSSENSE,510729,Centro-Oeste,MT,"-16.4650000\,-54.2550000",51,MT-São José do Povo,Mato Grosso
Crixás do Tocantins,1706258,OCIDENTAL DO TOCANTINS,170625,Norte,TO,"-11.1000000\,-48.9190000",17,TO-Crixás do Tocantins,Tocantins
Utinga,2932804,CENTRO SUL BAIANO,293280,Nordeste,BA,"-12.0820000\,-41.0940000",29,BA-Utinga,Bahia
São Lourenço do Sul,4318804,SUDESTE RIO-GRANDENSE,431880,Sul,RS,"-31.3650000\,-51.9780000",43,RS-São Lourenço do Sul,Rio Grande do Sul
São Brás do Suaçuí,3160900,METROPOLITANA DE BELO HORIZONTE,316090,Sudeste,MG,"-20.6250000\,-43.9490000",31,MG-São Brás do Suaçuí,Minas Gerais
Picada Café,4314423,METROPOLITANA DE PORTO ALEGRE,431442,Sul,RS,"-29.4440000\,-51.1360000",43,RS-Picada Café,Rio Grande do Sul
Itaipava do Grajaú,2105351,CENTRO MARANHENSE,210535,Nordeste,MA,"-5.1450000\,-45.7910000",21,MA-Itaipava do Grajaú,Maranhão
Imaruí,4207205,SUL CATARINENSE,420720,Sul,SC,"-28.3410000\,-48.8200000",42,SC-Imaruí,Santa Catarina
Tangará da Serra,5107958,SUDOESTE MATO-GROSSENSE,510795,Centro-Oeste,MT,"-14.6190000\,-57.4860000",51,MT-Tangará da Serra,Mato Grosso
Ilhabela,3520400,VALE DO PARAIBA PAULISTA,352040,Sudeste,SP,"-23.7780000\,-45.3580000",35,SP-Ilhabela,São Paulo
Campinorte,5204706,NORTE GOIANO,520470,Centro-Oeste,GO,"-14.3140000\,-49.1520000",52,GO-Campinorte,Goiás
Além Paraíba,3101508,ZONA DA MATA,310150,Sudeste,MG,"-21.8880000\,-42.7040000",31,MG-Além Paraíba,Minas Gerais
Leópolis,4113403,NORTE PIONEIRO PARANAENSE,411340,Sul,PR,"-23.0800000\,-50.7510000",41,PR-Leópolis,Paraná
Boa Vista,2502151,AGRESTE PARAIBANO,250215,Nordeste,PB,"-7.2590000\,-36.2400000",25,PB-Boa Vista,Paraíba
Santa Isabel do Rio Negro,1303601,NORTE AMAZONENSE,130360,Norte,AM,"-0.4140000\,-65.0190000",13,AM-Santa Isabel do Rio Negro,Amazonas
Itaporã do Tocantins,1711100,OCIDENTAL DO TOCANTINS,171110,Norte,TO,"-8.5710000\,-48.6890000",17,TO-Itaporã do Tocantins,Tocantins
Nova Roma do Sul,4313359,NORDESTE RIO-GRANDENSE,431335,Sul,RS,"-28.9900000\,-51.4080000",43,RS-Nova Roma do Sul,Rio Grande do Sul
Petrolândia,4212700,VALE DO ITAJAI,421270,Sul,SC,"-27.5350000\,-49.6980000",42,SC-Petrolândia,Santa Catarina
Cacique Doble,4303202,NOROESTE RIO-GRANDENSE,430320,Sul,RS,"-27.7700000\,-51.6600000",43,RS-Cacique Doble,Rio Grande do Sul
Três Forquilhas,4321832,METROPOLITANA DE PORTO ALEGRE,432183,Sul,RS,"-29.5370000\,-50.0640000",43,RS-Três Forquilhas,Rio Grande do Sul
São Ludgero,4217006,SUL CATARINENSE,421700,Sul,SC,"-28.3260000\,-49.1770000",42,SC-São Ludgero,Santa Catarina
Bastos,3505807,MARILIA,350580,Sudeste,SP,"-21.9220000\,-50.7340000",35,SP-Bastos,São Paulo
Avanhandava,3504404,ARACATUBA,350440,Sudeste,SP,"-21.4610000\,-49.9500000",35,SP-Avanhandava,São Paulo
Óbidos,1505106,BAIXO AMAZONAS,150510,Norte,PA,"-1.9180000\,-55.5180000",15,PA-Óbidos,Pará
Vila Nova do Sul,4323457,CENTRO OCIDENTAL RIO-GRANDENSE,432345,Sul,RS,"-30.3440000\,-53.8830000",43,RS-Vila Nova do Sul,Rio Grande do Sul
Itacurubi,4310553,CENTRO OCIDENTAL RIO-GRANDENSE,431055,Sul,RS,"-28.7870000\,-55.2510000",43,RS-Itacurubi,Rio Grande do Sul
São Luiz Gonzaga,4318903,NOROESTE RIO-GRANDENSE,431890,Sul,RS,"-28.4080000\,-54.9610000",43,RS-São Luiz Gonzaga,Rio Grande do Sul
Logradouro,2508554,AGRESTE PARAIBANO,250855,Nordeste,PB,"-6.6140000\,-35.4430000",25,PB-Logradouro,Paraíba
Orós,2309508,CENTRO-SUL CEARENSE,230950,Nordeste,CE,"-6.2440000\,-38.9140000",23,CE-Orós,Ceará
Iacri,3519204,MARILIA,351920,Sudeste,SP,"-21.8580000\,-50.6890000",35,SP-Iacri,São Paulo
Carlópolis,4104709,NORTE PIONEIRO PARANAENSE,410470,Sul,PR,"-23.4250000\,-49.7210000",41,PR-Carlópolis,Paraná
Itamarati,1301951,SUDOESTE AMAZONENSE,130195,Norte,AM,"-6.4250000\,-68.2530000",13,AM-Itamarati,Amazonas
Ilha Comprida,3520426,LITORAL SUL PAULISTA,352042,Sudeste,SP,"-24.7410000\,-47.5400000",35,SP-Ilha Comprida,São Paulo
Novo Cabrais,4313391,CENTRO ORIENTAL RIO-GRANDENSE,431339,Sul,RS,"-29.7350000\,-52.9480000",43,RS-Novo Cabrais,Rio Grande do Sul
Miraselva,4116000,NORTE CENTRAL PARANAENSE,411600,Sul,PR,"-22.9660000\,-51.4550000",41,PR-Miraselva,Paraná
Tangará,2414001,AGRESTE POTIGUAR,241400,Nordeste,RN,"-6.1990000\,-35.8020000",24,RN-Tangará,Rio Grande do Norte
Marcolândia,2205953,SUDESTE PIAUIENSE,220595,Nordeste,PI,"-7.4430000\,-40.6610000",22,PI-Marcolândia,Piauí
Igaratá,3520202,VALE DO PARAIBA PAULISTA,352020,Sudeste,SP,"-23.2040000\,-46.1560000",35,SP-Igaratá,São Paulo
Quinta do Sol,4121109,CENTRO OCIDENTAL PARANAENSE,412110,Sul,PR,"-23.8520000\,-52.1300000",41,PR-Quinta do Sol,Paraná
São Sepé,4319604,CENTRO OCIDENTAL RIO-GRANDENSE,431960,Sul,RS,"-30.1610000\,-53.5650000",43,RS-São Sepé,Rio Grande do Sul
Queimada Nova,2208650,SUDESTE PIAUIENSE,220865,Nordeste,PI,"-8.5790000\,-41.4190000",22,PI-Queimada Nova,Piauí
Rincão,3543709,ARARAQUARA,354370,Sudeste,SP,"-21.5870000\,-48.0710000",35,SP-Rincão,São Paulo
Laranjal Paulista,3526407,ITAPETININGA,352640,Sudeste,SP,"-23.0500000\,-47.8370000",35,SP-Laranjal Paulista,São Paulo
Simolândia,5220686,LESTE GOIANO,522068,Centro-Oeste,GO,"-14.4740000\,-46.4830000",52,GO-Simolândia,Goiás
Três Barras do Paraná,4127858,OESTE PARANAENSE,412785,Sul,PR,"-25.4190000\,-53.1810000",41,PR-Três Barras do Paraná,Paraná
Guidoval,3128808,ZONA DA MATA,312880,Sudeste,MG,"-21.1520000\,-42.7970000",31,MG-Guidoval,Minas Gerais
Araguaína,1702109,OCIDENTAL DO TOCANTINS,170210,Norte,TO,"-7.1910000\,-48.2070000",17,TO-Araguaína,Tocantins
Boa Vista do Gurupi,2101970,OESTE MARANHENSE,210197,Nordeste,MA,"-1.7880000\,-46.3030000",21,MA-Boa Vista do Gurupi,Maranhão
Coité do Nóia,2702009,AGRESTE ALAGOANO,270200,Nordeste,AL,"-9.6320000\,-36.5790000",27,AL-Coité do Nóia,Alagoas
Lavras,3138203,CAMPO DAS VERTENTES,313820,Sudeste,MG,"-21.2450000\,-45.0000000",31,MG-Lavras,Minas Gerais
Paragominas,1505502,SUDESTE PARAENSE,150550,Norte,PA,"-2.9950000\,-47.3530000",15,PA-Paragominas,Pará
Bandeira do Sul,3105301,SUL/SUDOESTE DE MINAS,310530,Sudeste,MG,"-21.7280000\,-46.3860000",31,MG-Bandeira do Sul,Minas Gerais
Serra da Raiz,2515609,AGRESTE PARAIBANO,251560,Nordeste,PB,"-6.6870000\,-35.4440000",25,PB-Serra da Raiz,Paraíba
Soledade de Minas,3167806,SUL/SUDOESTE DE MINAS,316780,Sudeste,MG,"-22.0600000\,-45.0450000",31,MG-Soledade de Minas,Minas Gerais
Solonópole,2313005,SERTOES CEARENSES,231300,Nordeste,CE,"-5.7330000\,-39.0080000",23,CE-Solonópole,Ceará
Maurilândia,5213004,SUL GOIANO,521300,Centro-Oeste,GO,"-17.9710000\,-50.3390000",52,GO-Maurilândia,Goiás
Tibau do Sul,2414209,LESTE POTIGUAR,241420,Nordeste,RN,"-6.1870000\,-35.0920000",24,RN-Tibau do Sul,Rio Grande do Norte
Anapurus,2100808,LESTE MARANHENSE,210080,Nordeste,MA,"-3.6720000\,-43.1160000",21,MA-Anapurus,Maranhão
São Miguel das Matas,2929404,CENTRO SUL BAIANO,292940,Nordeste,BA,"-13.0480000\,-39.4560000",29,BA-São Miguel das Matas,Bahia
Tanque d'Arca,2709004,AGRESTE ALAGOANO,270900,Nordeste,AL,"-9.5320000\,-36.4330000",27,AL-Tanque d'Arca,Alagoas
Moiporá,5213400,CENTRO GOIANO,521340,Centro-Oeste,GO,"-16.5460000\,-50.7390000",52,GO-Moiporá,Goiás
Jaramataia,2703700,SERTAO ALAGOANO,270370,Nordeste,AL,"-9.6590000\,-37.0020000",27,AL-Jaramataia,Alagoas
Goianira,5208806,CENTRO GOIANO,520880,Centro-Oeste,GO,"-16.4960000\,-49.4260000",52,GO-Goianira,Goiás
Itapissuma,2607752,METROPOLITANA DE RECIFE,260775,Nordeste,PE,"-7.7760000\,-34.8920000",26,PE-Itapissuma,Pernambuco
Paiçandu,4117503,NORTE CENTRAL PARANAENSE,411750,Sul,PR,"-23.4580000\,-52.0490000",41,PR-Paiçandu,Paraná
Veranópolis,4322806,NORDESTE RIO-GRANDENSE,432280,Sul,RS,"-28.9360000\,-51.5490000",43,RS-Veranópolis,Rio Grande do Sul
Alvarães,1300029,CENTRO AMAZONENSE,130002,Norte,AM,"-3.2210000\,-64.8040000",13,AM-Alvarães,Amazonas
Otacílio Costa,4211751,SERRANA,421175,Sul,SC,"-27.4830000\,-50.1220000",42,SC-Otacílio Costa,Santa Catarina
Tramandaí,4321600,METROPOLITANA DE PORTO ALEGRE,432160,Sul,RS,"-29.9850000\,-50.1340000",43,RS-Tramandaí,Rio Grande do Sul
Taipu,2413904,LESTE POTIGUAR,241390,Nordeste,RN,"-5.6220000\,-35.5970000",24,RN-Taipu,Rio Grande do Norte
Aurora,4201901,VALE DO ITAJAI,420190,Sul,SC,"-27.3150000\,-49.6380000",42,SC-Aurora,Santa Catarina
Brejo Santo,2302503,SUL CEARENSE,230250,Nordeste,CE,"-7.4930000\,-38.9850000",23,CE-Brejo Santo,Ceará
Pedra Branca do Amapari,1600154,SUL DO AMAPA,160015,Norte,AP,"0.7780000\,-51.9440000",16,AP-Pedra Branca do Amapari,Amapá
Ministro Andreazza,1101203,LESTE RONDONIENSE,110120,Norte,RO,"-11.1960000\,-61.5170000",11,RO-Ministro Andreazza,Rondônia
Piracanjuba,5217104,SUL GOIANO,521710,Centro-Oeste,GO,"-17.3030000\,-49.0180000",52,GO-Piracanjuba,Goiás
Ipueiras,1709807,ORIENTAL DO TOCANTINS,170980,Norte,TO,"-11.2390000\,-48.4630000",17,TO-Ipueiras,Tocantins
Prado,2925501,SUL BAIANO,292550,Nordeste,BA,"-17.3410000\,-39.2210000",29,BA-Prado,Bahia
Herval d'Oeste,4206702,OESTE CATARINENSE,420670,Sul,SC,"-27.1940000\,-51.4950000",42,SC-Herval d'Oeste,Santa Catarina
Bocaina de Minas,3107208,SUL/SUDOESTE DE MINAS,310720,Sudeste,MG,"-22.1680000\,-44.3950000",31,MG-Bocaina de Minas,Minas Gerais
Alto Paraíso,1100403,LESTE RONDONIENSE,110040,Norte,RO,"-9.7130000\,-63.3210000",11,RO-Alto Paraíso,Rondônia
São Luis do Piauí,2210375,SUDESTE PIAUIENSE,221037,Nordeste,PI,"-6.8250000\,-41.3240000",22,PI-São Luis do Piauí,Piauí
Quixabeira,2925931,CENTRO NORTE BAIANO,292593,Nordeste,BA,"-11.4120000\,-40.1280000",29,BA-Quixabeira,Bahia
São Miguel do Anta,3163805,ZONA DA MATA,316380,Sudeste,MG,"-20.7070000\,-42.7190000",31,MG-São Miguel do Anta,Minas Gerais
Nova Mutum,5106224,NORTE MATO-GROSSENSE,510622,Centro-Oeste,MT,"-13.8380000\,-56.0840000",51,MT-Nova Mutum,Mato Grosso
Dores de Campos,3123007,CAMPO DAS VERTENTES,312300,Sudeste,MG,"-21.1090000\,-44.0230000",31,MG-Dores de Campos,Minas Gerais
Crissiumal,4306007,NOROESTE RIO-GRANDENSE,430600,Sul,RS,"-27.5000000\,-54.1010000",43,RS-Crissiumal,Rio Grande do Sul
Goiânia,5208707,CENTRO GOIANO,520870,Centro-Oeste,GO,"-16.6790000\,-49.2540000",52,GO-Goiânia,Goiás
Leandro Ferreira,3138302,CENTRAL MINEIRA,313830,Sudeste,MG,"-19.7180000\,-45.0250000",31,MG-Leandro Ferreira,Minas Gerais
Ouro Verde,3534807,PRESIDENTE PRUDENTE,353480,Sudeste,SP,"-21.4890000\,-51.7000000",35,SP-Ouro Verde,São Paulo
Santa Luz,2209302,SUDOESTE PIAUIENSE,220930,Nordeste,PI,"-8.9540000\,-44.1290000",22,PI-Santa Luz,Piauí
Damolândia,5206800,CENTRO GOIANO,520680,Centro-Oeste,GO,"-16.2530000\,-49.3700000",52,GO-Damolândia,Goiás
Juara,5105101,NORTE MATO-GROSSENSE,510510,Centro-Oeste,MT,"-11.2550000\,-57.5200000",51,MT-Juara,Mato Grosso
Turvolândia,3169802,SUL/SUDOESTE DE MINAS,316980,Sudeste,MG,"-21.8760000\,-45.7870000",31,MG-Turvolândia,Minas Gerais
Flor do Sertão,4205357,OESTE CATARINENSE,420535,Sul,SC,"-26.7780000\,-53.3470000",42,SC-Flor do Sertão,Santa Catarina
Tabatinga,3552700,ARARAQUARA,355270,Sudeste,SP,"-21.7170000\,-48.6880000",35,SP-Tabatinga,São Paulo
Maruim,2804003,LESTE SERGIPANO,280400,Nordeste,SE,"-10.7380000\,-37.0820000",28,SE-Maruim,Sergipe
Cumari,5206602,SUL GOIANO,520660,Centro-Oeste,GO,"-18.2630000\,-48.1510000",52,GO-Cumari,Goiás
Matões do Norte,2106631,NORTE MARANHENSE,210663,Nordeste,MA,"-3.6320000\,-44.5560000",21,MA-Matões do Norte,Maranhão
Arapeí,3503158,VALE DO PARAIBA PAULISTA,350315,Sudeste,SP,"-22.6740000\,-44.4480000",35,SP-Arapeí,São Paulo
São Bento do Una,2613008,AGRESTE PERNAMBUCANO,261300,Nordeste,PE,"-8.5230000\,-36.4440000",26,PE-São Bento do Una,Pernambuco
Pedra do Indaiá,3148905,OESTE DE MINAS,314890,Sudeste,MG,"-20.2580000\,-45.2090000",31,MG-Pedra do Indaiá,Minas Gerais
Cristiano Otoni,3120409,METROPOLITANA DE BELO HORIZONTE,312040,Sudeste,MG,"-20.8320000\,-43.8060000",31,MG-Cristiano Otoni,Minas Gerais
São João Evangelista,3162807,VALE DO RIO DOCE,316280,Sudeste,MG,"-18.5480000\,-42.7630000",31,MG-São João Evangelista,Minas Gerais
Paranavaí,4118402,NOROESTE PARANAENSE,411840,Sul,PR,"-23.0730000\,-52.4650000",41,PR-Paranavaí,Paraná
São Domingos,2513968,SERTAO PARAIBANO,251396,Nordeste,PB,"-6.8140000\,-37.9420000",25,PB-São Domingos,Paraíba
Candiba,2906600,CENTRO SUL BAIANO,290660,Nordeste,BA,"-14.4110000\,-42.8670000",29,BA-Candiba,Bahia
Anagé,2901205,CENTRO SUL BAIANO,290120,Nordeste,BA,"-14.6120000\,-41.1360000",29,BA-Anagé,Bahia
Mirandópolis,3530102,ARACATUBA,353010,Sudeste,SP,"-21.1340000\,-51.1020000",35,SP-Mirandópolis,São Paulo
Sertanópolis,4126504,NORTE CENTRAL PARANAENSE,412650,Sul,PR,"-23.0590000\,-51.0360000",41,PR-Sertanópolis,Paraná
Maracaí,3528809,ASSIS,352880,Sudeste,SP,"-22.6110000\,-50.6670000",35,SP-Maracaí,São Paulo
Guarujá,3518701,METROPOLITANA DE SAO PAULO,351870,Sudeste,SP,"-23.9930000\,-46.2560000",35,SP-Guarujá,São Paulo
Senador La Rocque,2111763,OESTE MARANHENSE,211176,Nordeste,MA,"-5.4430000\,-47.2910000",21,MA-Senador La Rocque,Maranhão
Jenipapo de Minas,3135456,JEQUITINHONHA,313545,Sudeste,MG,"-17.0830000\,-42.2580000",31,MG-Jenipapo de Minas,Minas Gerais
São Tomás de Aquino,3165107,SUL/SUDOESTE DE MINAS,316510,Sudeste,MG,"-20.7840000\,-47.0980000",31,MG-São Tomás de Aquino,Minas Gerais
Novo Oriente do Piauí,2206902,CENTRO-NORTE PIAUIENSE,220690,Nordeste,PI,"-6.4490000\,-41.9390000",22,PI-Novo Oriente do Piauí,Piauí
Bom Jesus da Serra,2903953,CENTRO SUL BAIANO,290395,Nordeste,BA,"-14.3720000\,-40.5040000",29,BA-Bom Jesus da Serra,Bahia
Nantes,3532157,ASSIS,353215,Sudeste,SP,"-22.6210000\,-51.2370000",35,SP-Nantes,São Paulo
Alagoinha,2600609,AGRESTE PERNAMBUCANO,260060,Nordeste,PE,"-8.4660000\,-36.7760000",26,PE-Alagoinha,Pernambuco
Escada,2605202,MATA PERNAMBUCANA,260520,Nordeste,PE,"-8.3590000\,-35.2240000",26,PE-Escada,Pernambuco
Bonfim,3108107,METROPOLITANA DE BELO HORIZONTE,310810,Sudeste,MG,"-20.3270000\,-44.2390000",31,MG-Bonfim,Minas Gerais
Ubá,3169901,ZONA DA MATA,316990,Sudeste,MG,"-21.1200000\,-42.9430000",31,MG-Ubá,Minas Gerais
Teixeira,2516706,SERTAO PARAIBANO,251670,Nordeste,PB,"-7.2230000\,-37.2540000",25,PB-Teixeira,Paraíba
Meruoca,2308203,NOROESTE CEARENSE,230820,Nordeste,CE,"-3.5420000\,-40.4550000",23,CE-Meruoca,Ceará
Quarto Centenário,4120655,CENTRO OCIDENTAL PARANAENSE,412065,Sul,PR,"-24.2790000\,-53.0760000",41,PR-Quarto Centenário,Paraná
Uberlândia,3170206,TRIANGULO MINEIRO/ALTO PARANAIBA,317020,Sudeste,MG,"-18.9190000\,-48.2770000",31,MG-Uberlândia,Minas Gerais
Brás Pires,3108701,ZONA DA MATA,310870,Sudeste,MG,"-20.9210000\,-43.2420000",31,MG-Brás Pires,Minas Gerais
Diogo de Vasconcelos,3121704,METROPOLITANA DE BELO HORIZONTE,312170,Sudeste,MG,"-20.4880000\,-43.1980000",31,MG-Diogo de Vasconcelos,Minas Gerais
São João do Piauí,2210003,SUDESTE PIAUIENSE,221000,Nordeste,PI,"-8.3580000\,-42.2470000",22,PI-São João do Piauí,Piauí
Tomar do Geru,2807501,LESTE SERGIPANO,280750,Nordeste,SE,"-11.3730000\,-37.8410000",28,SE-Tomar do Geru,Sergipe
Coronel Sapucaia,5003157,SUDOESTE DE MATO GROSSO DO SUL,500315,Centro-Oeste,MS,"-23.2720000\,-55.5290000",50,MS-Coronel Sapucaia,Mato Grosso do Sul
Bernardino de Campos,3506300,ASSIS,350630,Sudeste,SP,"-23.0130000\,-49.4740000",35,SP-Bernardino de Campos,São Paulo
Rosário,2109601,NORTE MARANHENSE,210960,Nordeste,MA,"-2.9340000\,-44.2350000",21,MA-Rosário,Maranhão
Igaracy,2502607,SERTAO PARAIBANO,250260,Nordeste,PB,"-7.1810000\,-38.1490000",25,PB-Igaracy,Paraíba
Esperança,2506004,AGRESTE PARAIBANO,250600,Nordeste,PB,"-7.0230000\,-35.8600000",25,PB-Esperança,Paraíba
Arari,2101004,NORTE MARANHENSE,210100,Nordeste,MA,"-3.4540000\,-44.7800000",21,MA-Arari,Maranhão
Cândido de Abreu,4104402,NORTE CENTRAL PARANAENSE,410440,Sul,PR,"-24.5670000\,-51.3330000",41,PR-Cândido de Abreu,Paraná
Caldas Novas,5204508,SUL GOIANO,520450,Centro-Oeste,GO,"-17.7440000\,-48.6260000",52,GO-Caldas Novas,Goiás
Mulungu,2509800,AGRESTE PARAIBANO,250980,Nordeste,PB,"-7.0240000\,-35.4620000",25,PB-Mulungu,Paraíba
Brejo Alegre,3507753,ARACATUBA,350775,Sudeste,SP,"-21.1660000\,-50.1850000",35,SP-Brejo Alegre,São Paulo
Trindade do Sul,4321956,NOROESTE RIO-GRANDENSE,432195,Sul,RS,"-27.5220000\,-52.8940000",43,RS-Trindade do Sul,Rio Grande do Sul
Alvinópolis,3102308,METROPOLITANA DE BELO HORIZONTE,310230,Sudeste,MG,"-20.1070000\,-43.0490000",31,MG-Alvinópolis,Minas Gerais
Águas de São Pedro,3500600,PIRACICABA,350060,Sudeste,SP,"-22.5990000\,-47.8760000",35,SP-Águas de São Pedro,São Paulo
Mossoró,2408003,OESTE POTIGUAR,240800,Nordeste,RN,"-5.1880000\,-37.3440000",24,RN-Mossoró,Rio Grande do Norte
Carvalhópolis,3114709,SUL/SUDOESTE DE MINAS,311470,Sudeste,MG,"-21.7780000\,-45.8410000",31,MG-Carvalhópolis,Minas Gerais
Valença,3306107,SUL FLUMINENSE,330610,Sudeste,RJ,"-22.2460000\,-43.7000000",33,RJ-Valença,Rio de Janeiro
Iguape,3520301,LITORAL SUL PAULISTA,352030,Sudeste,SP,"-24.7080000\,-47.5550000",35,SP-Iguape,São Paulo
Catuípe,4305009,NOROESTE RIO-GRANDENSE,430500,Sul,RS,"-28.2500000\,-54.0120000",43,RS-Catuípe,Rio Grande do Sul
Jaguari,4311106,CENTRO OCIDENTAL RIO-GRANDENSE,431110,Sul,RS,"-29.4970000\,-54.6900000",43,RS-Jaguari,Rio Grande do Sul
Matrinchã,5212956,NOROESTE GOIANO,521295,Centro-Oeste,GO,"-15.4440000\,-50.7460000",52,GO-Matrinchã,Goiás
Teixeira Soares,4127007,SUDESTE PARANAENSE,412700,Sul,PR,"-25.3680000\,-50.4610000",41,PR-Teixeira Soares,Paraná
Mucuri,2922003,SUL BAIANO,292200,Nordeste,BA,"-18.0860000\,-39.5510000",29,BA-Mucuri,Bahia
Aragarças,5201702,NOROESTE GOIANO,520170,Centro-Oeste,GO,"-15.8980000\,-52.2510000",52,GO-Aragarças,Goiás
Altinho,2600807,AGRESTE PERNAMBUCANO,260080,Nordeste,PE,"-8.4900000\,-36.0590000",26,PE-Altinho,Pernambuco
Guaíba,4309308,METROPOLITANA DE PORTO ALEGRE,430930,Sul,RS,"-30.1140000\,-51.3250000",43,RS-Guaíba,Rio Grande do Sul
Três Barras,4218301,NORTE CATARINENSE,421830,Sul,SC,"-26.1060000\,-50.3220000",42,SC-Três Barras,Santa Catarina
Barra de Guabiraba,2601300,AGRESTE PERNAMBUCANO,260130,Nordeste,PE,"-8.4200000\,-35.6580000",26,PE-Barra de Guabiraba,Pernambuco
Toledo,3169109,SUL/SUDOESTE DE MINAS,316910,Sudeste,MG,"-22.7430000\,-46.3720000",31,MG-Toledo,Minas Gerais
Mandaguari,4114203,NORTE CENTRAL PARANAENSE,411420,Sul,PR,"-23.5480000\,-51.6710000",41,PR-Mandaguari,Paraná
Brusque,4202909,VALE DO ITAJAI,420290,Sul,SC,"-27.0980000\,-48.9180000",42,SC-Brusque,Santa Catarina
Gavião Peixoto,3516853,ARARAQUARA,351685,Sudeste,SP,"-21.8390000\,-48.4950000",35,SP-Gavião Peixoto,São Paulo
Mendes,3302809,METROPOLITANA DO RIO DE JANEIRO,330280,Sudeste,RJ,"-22.5270000\,-43.7330000",33,RJ-Mendes,Rio de Janeiro
São José de Princesa,2514552,SERTAO PARAIBANO,251455,Nordeste,PB,"-7.7380000\,-38.0940000",25,PB-São José de Princesa,Paraíba
Itaúna do Sul,4111308,NOROESTE PARANAENSE,411130,Sul,PR,"-22.7310000\,-52.8870000",41,PR-Itaúna do Sul,Paraná
Montes Claros,3143302,NORTE DE MINAS,314330,Sudeste,MG,"-16.7350000\,-43.8620000",31,MG-Montes Claros,Minas Gerais
Campo Erê,4203501,OESTE CATARINENSE,420350,Sul,SC,"-26.3940000\,-53.0780000",42,SC-Campo Erê,Santa Catarina
Santo Antônio do Palma,4317558,NOROESTE RIO-GRANDENSE,431755,Sul,RS,"-28.4970000\,-52.0250000",43,RS-Santo Antônio do Palma,Rio Grande do Sul
Ibiá,3129509,TRIANGULO MINEIRO/ALTO PARANAIBA,312950,Sudeste,MG,"-19.4780000\,-46.5390000",31,MG-Ibiá,Minas Gerais
Hidrolândia,5209705,CENTRO GOIANO,520970,Centro-Oeste,GO,"-16.9620000\,-49.2290000",52,GO-Hidrolândia,Goiás
Terra Santa,1507979,BAIXO AMAZONAS,150797,Norte,PA,"-2.1040000\,-56.4870000",15,PA-Terra Santa,Pará
Seara,4217501,OESTE CATARINENSE,421750,Sul,SC,"-27.1490000\,-52.3110000",42,SC-Seara,Santa Catarina
Pequizeiro,1716653,OCIDENTAL DO TOCANTINS,171665,Norte,TO,"-8.5950000\,-48.9340000",17,TO-Pequizeiro,Tocantins
Pedro Afonso,1716505,ORIENTAL DO TOCANTINS,171650,Norte,TO,"-8.9680000\,-48.1750000",17,TO-Pedro Afonso,Tocantins
Ibituruna,3130002,OESTE DE MINAS,313000,Sudeste,MG,"-21.1530000\,-44.7480000",31,MG-Ibituruna,Minas Gerais
Lapão,2919157,CENTRO NORTE BAIANO,291915,Nordeste,BA,"-11.3830000\,-41.8320000",29,BA-Lapão,Bahia
Mirante,2921450,CENTRO SUL BAIANO,292145,Nordeste,BA,"-14.2420000\,-40.7730000",29,BA-Mirante,Bahia
Araputanga,5101258,SUDOESTE MATO-GROSSENSE,510125,Centro-Oeste,MT,"-15.4710000\,-58.3530000",51,MT-Araputanga,Mato Grosso
Franca,3516200,RIBEIRAO PRETO,351620,Sudeste,SP,"-20.5390000\,-47.4010000",35,SP-Franca,São Paulo
Indiara,5209952,SUL GOIANO,520995,Centro-Oeste,GO,"-17.1420000\,-49.9870000",52,GO-Indiara,Goiás
Campo do Brito,2801009,AGRESTE SERGIPANO,280100,Nordeste,SE,"-10.7330000\,-37.4930000",28,SE-Campo do Brito,Sergipe
Marmeleiro,4115408,SUDOESTE PARANAENSE,411540,Sul,PR,"-26.1490000\,-53.0260000",41,PR-Marmeleiro,Paraná
Porto Franco,2109007,SUL MARANHENSE,210900,Nordeste,MA,"-6.3380000\,-47.3990000",21,MA-Porto Franco,Maranhão
Pompéia,3540002,MARILIA,354000,Sudeste,SP,"-22.1090000\,-50.1720000",35,SP-Pompéia,São Paulo
Sertaneja,4126405,NORTE PIONEIRO PARANAENSE,412640,Sul,PR,"-23.0370000\,-50.8380000",41,PR-Sertaneja,Paraná
Santa Rosa do Purus,1200435,VALE DO ACRE,120043,Norte,AC,"-9.4330000\,-70.4930000",12,AC-Santa Rosa do Purus,Acre
Viamão,4323002,METROPOLITANA DE PORTO ALEGRE,432300,Sul,RS,"-30.0810000\,-51.0230000",43,RS-Viamão,Rio Grande do Sul
Brazópolis,3108909,SUL/SUDOESTE DE MINAS,310890,Sudeste,MG,"-22.4740000\,-45.6080000",31,MG-Brazópolis,Minas Gerais
Santana do Seridó,2411429,CENTRAL POTIGUAR,241142,Nordeste,RN,"-6.7710000\,-36.7330000",24,RN-Santana do Seridó,Rio Grande do Norte
Presidente Tancredo Neves,2925758,SUL BAIANO,292575,Nordeste,BA,"-13.4490000\,-39.4200000",29,BA-Presidente Tancredo Neves,Bahia
Araçagi,2500809,AGRESTE PARAIBANO,250080,Nordeste,PB,"-6.8530000\,-35.3810000",25,PB-Araçagi,Paraíba
São José da Coroa Grande,2613404,MATA PERNAMBUCANA,261340,Nordeste,PE,"-8.8980000\,-35.1480000",26,PE-São José da Coroa Grande,Pernambuco
Sapucaia do Sul,4320008,METROPOLITANA DE PORTO ALEGRE,432000,Sul,RS,"-29.8390000\,-51.1440000",43,RS-Sapucaia do Sul,Rio Grande do Sul
Porto Barreiro,4120150,CENTRO-SUL PARANAENSE,412015,Sul,PR,"-25.5470000\,-52.4080000",41,PR-Porto Barreiro,Paraná
Jeceaba,3135407,METROPOLITANA DE BELO HORIZONTE,313540,Sudeste,MG,"-20.5350000\,-43.9830000",31,MG-Jeceaba,Minas Gerais
Cuité,2505105,AGRESTE PARAIBANO,250510,Nordeste,PB,"-6.4850000\,-36.1570000",25,PB-Cuité,Paraíba
Santana do Paraíso,3158953,VALE DO RIO DOCE,315895,Sudeste,MG,"-19.3640000\,-42.5690000",31,MG-Santana do Paraíso,Minas Gerais
Quiterianópolis,2311264,SERTOES CEARENSES,231126,Nordeste,CE,"-5.8430000\,-40.7010000",23,CE-Quiterianópolis,Ceará
São João da Baliza,1400506,SUL DE RORAIMA,140050,Norte,RR,"0.9510000\,-59.9110000",14,RR-São João da Baliza,Roraima
Anchieta,3200409,CENTRAL ESPIRITO-SANTENSE,320040,Sudeste,ES,"-20.8050000\,-40.6450000",32,ES-Anchieta,Espírito Santo
Nina Rodrigues,2107209,NORTE MARANHENSE,210720,Nordeste,MA,"-3.4660000\,-43.9050000",21,MA-Nina Rodrigues,Maranhão
Itajuípe,2915502,SUL BAIANO,291550,Nordeste,BA,"-14.6780000\,-39.3750000",29,BA-Itajuípe,Bahia
Três Palmeiras,4321857,NOROESTE RIO-GRANDENSE,432185,Sul,RS,"-27.6150000\,-52.8410000",43,RS-Três Palmeiras,Rio Grande do Sul
São José do Vale do Rio Preto,3305158,METROPOLITANA DO RIO DE JANEIRO,330515,Sudeste,RJ,"-22.1510000\,-42.9240000",33,RJ-São José do Vale do Rio Preto,Rio de Janeiro
Uruana de Minas,3170479,NOROESTE DE MINAS,317047,Sudeste,MG,"-16.0640000\,-46.2540000",31,MG-Uruana de Minas,Minas Gerais
Jarinu,3525201,MACRO METROPOLITANA PAULISTA,352520,Sudeste,SP,"-23.1010000\,-46.7280000",35,SP-Jarinu,São Paulo
Vespasiano,3171204,METROPOLITANA DE BELO HORIZONTE,317120,Sudeste,MG,"-19.6920000\,-43.9230000",31,MG-Vespasiano,Minas Gerais
Jacuí,3134806,SUL/SUDOESTE DE MINAS,313480,Sudeste,MG,"-21.0170000\,-46.7410000",31,MG-Jacuí,Minas Gerais
Rio Sono,1718758,ORIENTAL DO TOCANTINS,171875,Norte,TO,"-9.3440000\,-47.9020000",17,TO-Rio Sono,Tocantins
Aguiar,2500205,SERTAO PARAIBANO,250020,Nordeste,PB,"-7.0920000\,-38.1710000",25,PB-Aguiar,Paraíba
Tailândia,1507953,NORDESTE PARAENSE,150795,Norte,PA,"-2.9470000\,-48.9530000",15,PA-Tailândia,Pará
Quaraí,4315305,SUDOESTE RIO-GRANDENSE,431530,Sul,RS,"-30.3880000\,-56.4510000",43,RS-Quaraí,Rio Grande do Sul
Brazabrantes,5203609,CENTRO GOIANO,520360,Centro-Oeste,GO,"-16.4310000\,-49.3890000",52,GO-Brazabrantes,Goiás
Serranópolis do Iguaçu,4126355,OESTE PARANAENSE,412635,Sul,PR,"-25.3800000\,-54.0520000",41,PR-Serranópolis do Iguaçu,Paraná
Riqueza,4215075,OESTE CATARINENSE,421507,Sul,SC,"-27.0670000\,-53.3220000",42,SC-Riqueza,Santa Catarina
Faxinal,4107603,NORTE CENTRAL PARANAENSE,410760,Sul,PR,"-24.0010000\,-51.3200000",41,PR-Faxinal,Paraná
Formigueiro,4308409,CENTRO OCIDENTAL RIO-GRANDENSE,430840,Sul,RS,"-30.0000000\,-53.4990000",43,RS-Formigueiro,Rio Grande do Sul
Mirassolândia,3530409,SAO JOSE DO RIO PRETO,353040,Sudeste,SP,"-20.6170000\,-49.4640000",35,SP-Mirassolândia,São Paulo
Palmares Paulista,3535101,SAO JOSE DO RIO PRETO,353510,Sudeste,SP,"-21.0830000\,-48.8010000",35,SP-Palmares Paulista,São Paulo
Tanhaçu,2931004,CENTRO SUL BAIANO,293100,Nordeste,BA,"-14.0210000\,-41.2480000",29,BA-Tanhaçu,Bahia
Santana,1600600,SUL DO AMAPA,160060,Norte,AP,"-0.0580000\,-51.1820000",16,AP-Santana,Amapá
Santa Izabel do Pará,1506500,METROPOLITANA DE BELEM,150650,Norte,PA,"-1.2990000\,-48.1610000",15,PA-Santa Izabel do Pará,Pará
Santa Helena,2513307,SERTAO PARAIBANO,251330,Nordeste,PB,"-6.7200000\,-38.6380000",25,PB-Santa Helena,Paraíba
Pracuúba,1600550,NORTE DO AMAPA,160055,Norte,AP,"1.7430000\,-50.7910000",16,AP-Pracuúba,Amapá
Angélica,5000856,SUDOESTE DE MATO GROSSO DO SUL,500085,Centro-Oeste,MS,"-22.1530000\,-53.7710000",50,MS-Angélica,Mato Grosso do Sul
São Gonçalo do Piauí,2209807,CENTRO-NORTE PIAUIENSE,220980,Nordeste,PI,"-5.9930000\,-42.7030000",22,PI-São Gonçalo do Piauí,Piauí
João Monlevade,3136207,METROPOLITANA DE BELO HORIZONTE,313620,Sudeste,MG,"-19.8100000\,-43.1740000",31,MG-João Monlevade,Minas Gerais
Estância Velha,4307609,METROPOLITANA DE PORTO ALEGRE,430760,Sul,RS,"-29.6480000\,-51.1740000",43,RS-Estância Velha,Rio Grande do Sul
Areias,3503505,VALE DO PARAIBA PAULISTA,350350,Sudeste,SP,"-22.5800000\,-44.6970000",35,SP-Areias,São Paulo
Nova Belém,3144672,VALE DO RIO DOCE,314467,Sudeste,MG,"-18.4750000\,-41.0170000",31,MG-Nova Belém,Minas Gerais
Serranos,3167004,SUL/SUDOESTE DE MINAS,316700,Sudeste,MG,"-21.8900000\,-44.5100000",31,MG-Serranos,Minas Gerais
Erechim,4307005,NOROESTE RIO-GRANDENSE,430700,Sul,RS,"-27.6340000\,-52.2740000",43,RS-Erechim,Rio Grande do Sul
Areia de Baraúnas,2501153,SERTAO PARAIBANO,250115,Nordeste,PB,"-7.1230000\,-36.9410000",25,PB-Areia de Baraúnas,Paraíba
Nazarezinho,2510006,SERTAO PARAIBANO,251000,Nordeste,PB,"-6.9160000\,-38.3250000",25,PB-Nazarezinho,Paraíba
Oscar Bressane,3534500,MARILIA,353450,Sudeste,SP,"-22.3180000\,-50.2810000",35,SP-Oscar Bressane,São Paulo
Parambu,2310308,SERTOES CEARENSES,231030,Nordeste,CE,"-6.2110000\,-40.6940000",23,CE-Parambu,Ceará
Nísia Floresta,2408201,LESTE POTIGUAR,240820,Nordeste,RN,"-6.0910000\,-35.2090000",24,RN-Nísia Floresta,Rio Grande do Norte
Feira de Santana,2910800,CENTRO NORTE BAIANO,291080,Nordeste,BA,"-12.2670000\,-38.9670000",29,BA-Feira de Santana,Bahia
Engenheiro Coelho,3515152,CAMPINAS,351515,Sudeste,SP,"-22.4880000\,-47.2150000",35,SP-Engenheiro Coelho,São Paulo
Caranaíba,3113107,CAMPO DAS VERTENTES,311310,Sudeste,MG,"-20.8760000\,-43.7390000",31,MG-Caranaíba,Minas Gerais
Cabreúva,3508405,MACRO METROPOLITANA PAULISTA,350840,Sudeste,SP,"-23.3080000\,-47.1330000",35,SP-Cabreúva,São Paulo
Caraá,4304713,METROPOLITANA DE PORTO ALEGRE,430471,Sul,RS,"-29.7900000\,-50.4350000",43,RS-Caraá,Rio Grande do Sul
São João Nepomuceno,3162906,ZONA DA MATA,316290,Sudeste,MG,"-21.5400000\,-43.0110000",31,MG-São João Nepomuceno,Minas Gerais
Maceió,2704302,LESTE ALAGOANO,270430,Nordeste,AL,"-9.6660000\,-35.7350000",27,AL-Maceió,Alagoas
Bela Vista do Paraíso,4102802,NORTE CENTRAL PARANAENSE,410280,Sul,PR,"-22.9970000\,-51.1910000",41,PR-Bela Vista do Paraíso,Paraná
Itaiópolis,4208104,NORTE CATARINENSE,420810,Sul,SC,"-26.3360000\,-49.9060000",42,SC-Itaiópolis,Santa Catarina
Camamu,2905800,SUL BAIANO,290580,Nordeste,BA,"-13.9450000\,-39.1040000",29,BA-Camamu,Bahia
João Dias,2405900,OESTE POTIGUAR,240590,Nordeste,RN,"-6.2740000\,-37.7960000",24,RN-João Dias,Rio Grande do Norte
Cujubim,1100940,MADEIRA-GUAPORE,110094,Norte,RO,"-9.3630000\,-62.5850000",11,RO-Cujubim,Rondônia
Cametá,1502103,NORDESTE PARAENSE,150210,Norte,PA,"-2.2440000\,-49.4960000",15,PA-Cametá,Pará
Veredinha,3171071,JEQUITINHONHA,317107,Sudeste,MG,"-17.3990000\,-42.7360000",31,MG-Veredinha,Minas Gerais
Herveiras,4309571,CENTRO ORIENTAL RIO-GRANDENSE,430957,Sul,RS,"-29.4070000\,-52.6530000",43,RS-Herveiras,Rio Grande do Sul
Viradouro,3556800,RIBEIRAO PRETO,355680,Sudeste,SP,"-20.8730000\,-48.2970000",35,SP-Viradouro,São Paulo
Coroaci,3119203,VALE DO RIO DOCE,311920,Sudeste,MG,"-18.6220000\,-42.2860000",31,MG-Coroaci,Minas Gerais
Casa Grande,3114907,METROPOLITANA DE BELO HORIZONTE,311490,Sudeste,MG,"-20.7930000\,-43.9300000",31,MG-Casa Grande,Minas Gerais
Água Doce do Maranhão,2100154,LESTE MARANHENSE,210015,Nordeste,MA,"-2.8410000\,-42.1120000",21,MA-Água Doce do Maranhão,Maranhão
Marcos Parente,2206001,SUDOESTE PIAUIENSE,220600,Nordeste,PI,"-7.1210000\,-43.8940000",22,PI-Marcos Parente,Piauí
Gaspar,4205902,VALE DO ITAJAI,420590,Sul,SC,"-26.9310000\,-48.9590000",42,SC-Gaspar,Santa Catarina
Barra do Piraí,3300308,SUL FLUMINENSE,330030,Sudeste,RJ,"-22.4700000\,-43.8260000",33,RJ-Barra do Piraí,Rio de Janeiro
Conchal,3512209,PIRACICABA,351220,Sudeste,SP,"-22.3300000\,-47.1730000",35,SP-Conchal,São Paulo
Ribeirão,2611804,MATA PERNAMBUCANA,261180,Nordeste,PE,"-8.5140000\,-35.3780000",26,PE-Ribeirão,Pernambuco
Sete Quedas,5007703,SUDOESTE DE MATO GROSSO DO SUL,500770,Centro-Oeste,MS,"-23.9700000\,-55.0360000",50,MS-Sete Quedas,Mato Grosso do Sul
Santa Rita de Cássia,2928406,EXTREMO OESTE BAIANO,292840,Nordeste,BA,"-11.0090000\,-44.5190000",29,BA-Santa Rita de Cássia,Bahia
Sardoá,3165503,VALE DO RIO DOCE,316550,Sudeste,MG,"-18.7840000\,-42.3650000",31,MG-Sardoá,Minas Gerais
Paraíso do Norte,4118006,NOROESTE PARANAENSE,411800,Sul,PR,"-23.2810000\,-52.6020000",41,PR-Paraíso do Norte,Paraná
São José do Calçado,3204807,SUL ESPIRITO-SANTENSE,320480,Sudeste,ES,"-21.0250000\,-41.6540000",32,ES-São José do Calçado,Espírito Santo
Ibaiti,4109708,NORTE PIONEIRO PARANAENSE,410970,Sul,PR,"-23.8490000\,-50.1880000",41,PR-Ibaiti,Paraná
Romaria,3156403,TRIANGULO MINEIRO/ALTO PARANAIBA,315640,Sudeste,MG,"-18.8830000\,-47.5860000",31,MG-Romaria,Minas Gerais
Nova Santa Bárbara,4117214,NORTE PIONEIRO PARANAENSE,411721,Sul,PR,"-23.5970000\,-50.7240000",41,PR-Nova Santa Bárbara,Paraná
Aragominas,1701309,OCIDENTAL DO TOCANTINS,170130,Norte,TO,"-7.1620000\,-48.5280000",17,TO-Aragominas,Tocantins
Porto Alegre do Tocantins,1718006,ORIENTAL DO TOCANTINS,171800,Norte,TO,"-11.6090000\,-47.0490000",17,TO-Porto Alegre do Tocantins,Tocantins
Fernando Prestes,3515608,RIBEIRAO PRETO,351560,Sudeste,SP,"-21.2640000\,-48.6850000",35,SP-Fernando Prestes,São Paulo
Gurinhém,2506400,AGRESTE PARAIBANO,250640,Nordeste,PB,"-7.1240000\,-35.4240000",25,PB-Gurinhém,Paraíba
Quixaba,2611533,SERTAO PERNAMBUCANO,261153,Nordeste,PE,"-7.7200000\,-37.8480000",26,PE-Quixaba,Pernambuco
Maravilha,4210506,OESTE CATARINENSE,421050,Sul,SC,"-26.7610000\,-53.1730000",42,SC-Maravilha,Santa Catarina
Morro Agudo,3531902,RIBEIRAO PRETO,353190,Sudeste,SP,"-20.7310000\,-48.0580000",35,SP-Morro Agudo,São Paulo
Santa Tereza de Goiás,5219605,NORTE GOIANO,521960,Centro-Oeste,GO,"-13.7140000\,-49.0150000",52,GO-Santa Tereza de Goiás,Goiás
Itaobim,3133303,JEQUITINHONHA,313330,Sudeste,MG,"-16.5620000\,-41.5030000",31,MG-Itaobim,Minas Gerais
Cajueiro da Praia,2202083,NORTE PIAUIENSE,220208,Nordeste,PI,"-2.9280000\,-41.3360000",22,PI-Cajueiro da Praia,Piauí
Panambi,4313904,NOROESTE RIO-GRANDENSE,431390,Sul,RS,"-28.2930000\,-53.5020000",43,RS-Panambi,Rio Grande do Sul
Guarda-Mor,3128600,NOROESTE DE MINAS,312860,Sudeste,MG,"-17.7710000\,-47.0980000",31,MG-Guarda-Mor,Minas Gerais
Claraval,3116407,SUL/SUDOESTE DE MINAS,311640,Sudeste,MG,"-20.3990000\,-47.2670000",31,MG-Claraval,Minas Gerais
Macaé,3302403,NORTE FLUMINENSE,330240,Sudeste,RJ,"-22.3710000\,-41.7870000",33,RJ-Macaé,Rio de Janeiro
Santana do Cariri,2312106,SUL CEARENSE,231210,Nordeste,CE,"-7.1880000\,-39.7370000",23,CE-Santana do Cariri,Ceará
Centenário,1704105,ORIENTAL DO TOCANTINS,170410,Norte,TO,"-8.9510000\,-47.3360000",17,TO-Centenário,Tocantins
Engenheiro Caldas,3123700,VALE DO RIO DOCE,312370,Sudeste,MG,"-19.2190000\,-42.0460000",31,MG-Engenheiro Caldas,Minas Gerais
Forquilhinha,4205456,SUL CATARINENSE,420545,Sul,SC,"-28.7470000\,-49.4720000",42,SC-Forquilhinha,Santa Catarina
Palma,3146701,ZONA DA MATA,314670,Sudeste,MG,"-21.3750000\,-42.3140000",31,MG-Palma,Minas Gerais
Formoso,3126208,NOROESTE DE MINAS,312620,Sudeste,MG,"-14.9470000\,-46.2320000",31,MG-Formoso,Minas Gerais
Cotriguaçu,5103379,NORTE MATO-GROSSENSE,510337,Centro-Oeste,MT,"-9.8580000\,-58.4140000",51,MT-Cotriguaçu,Mato Grosso
Acará,1500206,NORDESTE PARAENSE,150020,Norte,PA,"-1.9610000\,-48.1970000",15,PA-Acará,Pará
Baliza,5203104,NOROESTE GOIANO,520310,Centro-Oeste,GO,"-16.1960000\,-52.5450000",52,GO-Baliza,Goiás
Novo Machado,4313425,NOROESTE RIO-GRANDENSE,431342,Sul,RS,"-27.5740000\,-54.5050000",43,RS-Novo Machado,Rio Grande do Sul
Cruzália,3513306,ASSIS,351330,Sudeste,SP,"-22.6770000\,-50.7940000",35,SP-Cruzália,São Paulo
Poxoréu,5107008,SUDESTE MATO-GROSSENSE,510700,Centro-Oeste,MT,"-15.8370000\,-54.3890000",51,MT-Poxoréu,Mato Grosso
Tururu,2313559,NORTE CEARENSE,231355,Nordeste,CE,"-3.5810000\,-39.4370000",23,CE-Tururu,Ceará
São Pedro do Sul,4319406,CENTRO OCIDENTAL RIO-GRANDENSE,431940,Sul,RS,"-29.6210000\,-54.1790000",43,RS-São Pedro do Sul,Rio Grande do Sul
Abelardo Luz,4200101,OESTE CATARINENSE,420010,Sul,SC,"-26.5650000\,-52.3280000",42,SC-Abelardo Luz,Santa Catarina
Santo Amaro do Maranhão,2110278,NORTE MARANHENSE,211027,Nordeste,MA,"-2.5000000\,-43.2540000",21,MA-Santo Amaro do Maranhão,Maranhão
Jequitaí,3135605,NORTE DE MINAS,313560,Sudeste,MG,"-17.2360000\,-44.4460000",31,MG-Jequitaí,Minas Gerais
Chorrochó,2907707,VALE SAO-FRANCISCANO DA BAHIA,290770,Nordeste,BA,"-8.9800000\,-39.0940000",29,BA-Chorrochó,Bahia
Novo Mundo,5106265,NORTE MATO-GROSSENSE,510626,Centro-Oeste,MT,"-9.9500000\,-55.1980000",51,MT-Novo Mundo,Mato Grosso
Lajeado do Bugre,4311429,NOROESTE RIO-GRANDENSE,431142,Sul,RS,"-27.6890000\,-53.1820000",43,RS-Lajeado do Bugre,Rio Grande do Sul
Carambeí,4104659,CENTRO ORIENTAL PARANAENSE,410465,Sul,PR,"-24.9180000\,-50.0970000",41,PR-Carambeí,Paraná
Betânia do Piauí,2201739,SUDESTE PIAUIENSE,220173,Nordeste,PI,"-8.1480000\,-40.7960000",22,PI-Betânia do Piauí,Piauí
Jaci,3524501,SAO JOSE DO RIO PRETO,352450,Sudeste,SP,"-20.8820000\,-49.5700000",35,SP-Jaci,São Paulo
Delfinópolis,3121209,SUL/SUDOESTE DE MINAS,312120,Sudeste,MG,"-20.3440000\,-46.8540000",31,MG-Delfinópolis,Minas Gerais
Herculândia,3519006,MARILIA,351900,Sudeste,SP,"-22.0040000\,-50.3850000",35,SP-Herculândia,São Paulo
Barra de São Miguel,2700607,LESTE ALAGOANO,270060,Nordeste,AL,"-9.8400000\,-35.9080000",27,AL-Barra de São Miguel,Alagoas
Turilândia,2112456,OESTE MARANHENSE,211245,Nordeste,MA,"-2.2010000\,-45.3430000",21,MA-Turilândia,Maranhão
Irupi,3202652,SUL ESPIRITO-SANTENSE,320265,Sudeste,ES,"-20.3450000\,-41.6410000",32,ES-Irupi,Espírito Santo
Serra de São Bento,2413300,AGRESTE POTIGUAR,241330,Nordeste,RN,"-6.4170000\,-35.7040000",24,RN-Serra de São Bento,Rio Grande do Norte
Aiquara,2900603,CENTRO SUL BAIANO,290060,Nordeste,BA,"-14.1290000\,-39.8880000",29,BA-Aiquara,Bahia
Lucas do Rio Verde,5105259,NORTE MATO-GROSSENSE,510525,Centro-Oeste,MT,"-13.0500000\,-55.9110000",51,MT-Lucas do Rio Verde,Mato Grosso
Socorro,3552106,CAMPINAS,355210,Sudeste,SP,"-22.5910000\,-46.5290000",35,SP-Socorro,São Paulo
Chapada do Norte,3116100,JEQUITINHONHA,311610,Sudeste,MG,"-17.0870000\,-42.5350000",31,MG-Chapada do Norte,Minas Gerais
Carangola,3113305,ZONA DA MATA,311330,Sudeste,MG,"-20.7330000\,-42.0290000",31,MG-Carangola,Minas Gerais
Ji-Paraná,1100122,LESTE RONDONIENSE,110012,Norte,RO,"-10.8820000\,-61.9440000",11,RO-Ji-Paraná,Rondônia
São Pedro do Iguaçu,4125753,OESTE PARANAENSE,412575,Sul,PR,"-24.9360000\,-53.8550000",41,PR-São Pedro do Iguaçu,Paraná
São Jorge do Ivaí,4125308,NORTE CENTRAL PARANAENSE,412530,Sul,PR,"-23.4330000\,-52.2930000",41,PR-São Jorge do Ivaí,Paraná
Riachão,2109502,SUL MARANHENSE,210950,Nordeste,MA,"-7.3620000\,-46.6170000",21,MA-Riachão,Maranhão
Tamboara,4126702,NOROESTE PARANAENSE,412670,Sul,PR,"-23.2000000\,-52.4690000",41,PR-Tamboara,Paraná
Matias Olímpio,2206100,NORTE PIAUIENSE,220610,Nordeste,PI,"-3.7160000\,-42.5560000",22,PI-Matias Olímpio,Piauí
Diadema,3513801,METROPOLITANA DE SAO PAULO,351380,Sudeste,SP,"-23.6860000\,-46.6230000",35,SP-Diadema,São Paulo
Desterro do Melo,3121506,CAMPO DAS VERTENTES,312150,Sudeste,MG,"-21.1470000\,-43.5180000",31,MG-Desterro do Melo,Minas Gerais
Rio dos Cedros,4214706,VALE DO ITAJAI,421470,Sul,SC,"-26.7380000\,-49.2740000",42,SC-Rio dos Cedros,Santa Catarina
Pinhalzinho,3538204,CAMPINAS,353820,Sudeste,SP,"-22.7790000\,-46.5910000",35,SP-Pinhalzinho,São Paulo
Caicó,2402006,CENTRAL POTIGUAR,240200,Nordeste,RN,"-6.4580000\,-37.0980000",24,RN-Caicó,Rio Grande do Norte
Timbó,4218202,VALE DO ITAJAI,421820,Sul,SC,"-26.8230000\,-49.2720000",42,SC-Timbó,Santa Catarina
Chapadão do Lageado,4204194,VALE DO ITAJAI,420419,Sul,SC,"-27.5910000\,-49.5540000",42,SC-Chapadão do Lageado,Santa Catarina
Porto Amazonas,4120101,METROPOLITANA DE CURITIBA,412010,Sul,PR,"-25.5450000\,-49.8900000",41,PR-Porto Amazonas,Paraná
Jaguaripe,2917805,METROPOLITANA DE SALVADOR,291780,Nordeste,BA,"-13.1130000\,-38.8960000",29,BA-Jaguaripe,Bahia
Campo Largo,4104204,METROPOLITANA DE CURITIBA,410420,Sul,PR,"-25.4590000\,-49.5280000",41,PR-Campo Largo,Paraná
Jaguaruna,4208807,SUL CATARINENSE,420880,Sul,SC,"-28.6150000\,-49.0260000",42,SC-Jaguaruna,Santa Catarina
Igarapava,3520103,RIBEIRAO PRETO,352010,Sudeste,SP,"-20.0380000\,-47.7470000",35,SP-Igarapava,São Paulo
Indiaroba,2802809,LESTE SERGIPANO,280280,Nordeste,SE,"-11.5190000\,-37.5120000",28,SE-Indiaroba,Sergipe
Ibiassucê,2912004,CENTRO SUL BAIANO,291200,Nordeste,BA,"-14.2590000\,-42.2570000",29,BA-Ibiassucê,Bahia
Goianésia do Pará,1503093,SUDESTE PARAENSE,150309,Norte,PA,"-3.8430000\,-49.0970000",15,PA-Goianésia do Pará,Pará
Bataguassu,5001904,LESTE DE MATO GROSSO DO SUL,500190,Centro-Oeste,MS,"-21.7140000\,-52.4220000",50,MS-Bataguassu,Mato Grosso do Sul
Ubiretama,4322343,NOROESTE RIO-GRANDENSE,432234,Sul,RS,"-28.0460000\,-54.6810000",43,RS-Ubiretama,Rio Grande do Sul
Dom Pedro,2103802,CENTRO MARANHENSE,210380,Nordeste,MA,"-5.0330000\,-44.4360000",21,MA-Dom Pedro,Maranhão
São João do Rio do Peixe,2500700,SERTAO PARAIBANO,250070,Nordeste,PB,"-6.7290000\,-38.4490000",25,PB-São João do Rio do Peixe,Paraíba
Alta Floresta,5100250,NORTE MATO-GROSSENSE,510025,Centro-Oeste,MT,"-9.8760000\,-56.0860000",51,MT-Alta Floresta,Mato Grosso
Rio Pardo,4315701,CENTRO ORIENTAL RIO-GRANDENSE,431570,Sul,RS,"-29.9900000\,-52.3780000",43,RS-Rio Pardo,Rio Grande do Sul
Cajueiro,2701308,LESTE ALAGOANO,270130,Nordeste,AL,"-9.3970000\,-36.1540000",27,AL-Cajueiro,Alagoas
Marataízes,3203320,SUL ESPIRITO-SANTENSE,320332,Sudeste,ES,"-21.0430000\,-40.8240000",32,ES-Marataízes,Espírito Santo
Retirolândia,2926103,NORDESTE BAIANO,292610,Nordeste,BA,"-11.4950000\,-39.4260000",29,BA-Retirolândia,Bahia
Três Pontas,3169406,SUL/SUDOESTE DE MINAS,316940,Sudeste,MG,"-21.3670000\,-45.5130000",31,MG-Três Pontas,Minas Gerais
Boracéia,3507308,BAURU,350730,Sudeste,SP,"-22.1930000\,-48.7790000",35,SP-Boracéia,São Paulo
Cornélio Procópio,4106407,NORTE PIONEIRO PARANAENSE,410640,Sul,PR,"-23.1810000\,-50.6470000",41,PR-Cornélio Procópio,Paraná
Edéia,5207402,SUL GOIANO,520740,Centro-Oeste,GO,"-17.3390000\,-49.9310000",52,GO-Edéia,Goiás
Divisa Nova,3122405,SUL/SUDOESTE DE MINAS,312240,Sudeste,MG,"-21.5110000\,-46.1960000",31,MG-Divisa Nova,Minas Gerais
São Pedro do Turvo,3550506,ASSIS,355050,Sudeste,SP,"-22.7470000\,-49.7400000",35,SP-São Pedro do Turvo,São Paulo
Pirambu,2805307,LESTE SERGIPANO,280530,Nordeste,SE,"-10.7380000\,-36.8560000",28,SE-Pirambu,Sergipe
Campos Borges,4304101,NOROESTE RIO-GRANDENSE,430410,Sul,RS,"-28.8860000\,-52.9990000",43,RS-Campos Borges,Rio Grande do Sul
São Felipe,2929107,METROPOLITANA DE SALVADOR,292910,Nordeste,BA,"-12.8470000\,-39.0890000",29,BA-São Felipe,Bahia
Tupãssi,4127957,OESTE PARANAENSE,412795,Sul,PR,"-24.5880000\,-53.5120000",41,PR-Tupãssi,Paraná
Presidente Getúlio,4214003,VALE DO ITAJAI,421400,Sul,SC,"-27.0510000\,-49.6230000",42,SC-Presidente Getúlio,Santa Catarina
Peri Mirim,2108405,NORTE MARANHENSE,210840,Nordeste,MA,"-2.5780000\,-44.8540000",21,MA-Peri Mirim,Maranhão
Rio dos Índios,4315552,NOROESTE RIO-GRANDENSE,431555,Sul,RS,"-27.3000000\,-52.8410000",43,RS-Rio dos Índios,Rio Grande do Sul
Ipueiras,2305902,NOROESTE CEARENSE,230590,Nordeste,CE,"-4.5420000\,-40.7190000",23,CE-Ipueiras,Ceará
Nova Bandeirantes,5106158,NORTE MATO-GROSSENSE,510615,Centro-Oeste,MT,"-9.8140000\,-57.8620000",51,MT-Nova Bandeirantes,Mato Grosso
Carlinda,5102793,NORTE MATO-GROSSENSE,510279,Centro-Oeste,MT,"-9.9580000\,-55.8320000",51,MT-Carlinda,Mato Grosso
Quintana,3542008,MARILIA,354200,Sudeste,SP,"-22.0730000\,-50.3080000",35,SP-Quintana,São Paulo
Itaguaí,3302007,METROPOLITANA DO RIO DE JANEIRO,330200,Sudeste,RJ,"-22.8520000\,-43.7750000",33,RJ-Itaguaí,Rio de Janeiro
Alto Horizonte,5200555,NORTE GOIANO,520055,Centro-Oeste,GO,"-14.1960000\,-49.3390000",52,GO-Alto Horizonte,Goiás
Ventania,4128534,CENTRO ORIENTAL PARANAENSE,412853,Sul,PR,"-24.2460000\,-50.2430000",41,PR-Ventania,Paraná
Normandia,1400407,NORTE DE RORAIMA,140040,Norte,RR,"3.8810000\,-59.6230000",14,RR-Normandia,Roraima
Bom Princípio do Piauí,2201919,NORTE PIAUIENSE,220191,Nordeste,PI,"-3.1910000\,-41.6450000",22,PI-Bom Princípio do Piauí,Piauí
Tasso Fragoso,2112001,SUL MARANHENSE,211200,Nordeste,MA,"-8.4750000\,-45.7430000",21,MA-Tasso Fragoso,Maranhão
Desterro de Entre Rios,3121407,METROPOLITANA DE BELO HORIZONTE,312140,Sudeste,MG,"-20.6600000\,-44.3330000",31,MG-Desterro de Entre Rios,Minas Gerais
Presidente Castelo Branco,4120408,NORTE CENTRAL PARANAENSE,412040,Sul,PR,"-23.2780000\,-52.1520000",41,PR-Presidente Castelo Branco,Paraná
Brejões,2904308,CENTRO SUL BAIANO,290430,Nordeste,BA,"-13.1040000\,-39.7960000",29,BA-Brejões,Bahia
Colméia,1716703,OCIDENTAL DO TOCANTINS,171670,Norte,TO,"-8.7290000\,-48.7650000",17,TO-Colméia,Tocantins
Santana de Parnaíba,3547304,METROPOLITANA DE SAO PAULO,354730,Sudeste,SP,"-23.4440000\,-46.9180000",35,SP-Santana de Parnaíba,São Paulo
Paranapuã,3535903,SAO JOSE DO RIO PRETO,353590,Sudeste,SP,"-20.1030000\,-50.5860000",35,SP-Paranapuã,São Paulo
Arambaré,4300851,METROPOLITANA DE PORTO ALEGRE,430085,Sul,RS,"-30.9150000\,-51.4980000",43,RS-Arambaré,Rio Grande do Sul
Guaratinguetá,3518404,VALE DO PARAIBA PAULISTA,351840,Sudeste,SP,"-22.8160000\,-45.1930000",35,SP-Guaratinguetá,São Paulo
Itajá,5210802,SUL GOIANO,521080,Centro-Oeste,GO,"-19.0670000\,-51.5440000",52,GO-Itajá,Goiás
Reserva do Cabaçal,5107156,SUDOESTE MATO-GROSSENSE,510715,Centro-Oeste,MT,"-15.0800000\,-58.4660000",51,MT-Reserva do Cabaçal,Mato Grosso
Bacabeira,2101251,NORTE MARANHENSE,210125,Nordeste,MA,"-2.9710000\,-44.3160000",21,MA-Bacabeira,Maranhão
Dom Pedro de Alcântara,4306551,METROPOLITANA DE PORTO ALEGRE,430655,Sul,RS,"-29.3690000\,-49.8500000",43,RS-Dom Pedro de Alcântara,Rio Grande do Sul
Cantagalo,3301108,CENTRO FLUMINENSE,330110,Sudeste,RJ,"-21.9810000\,-42.3680000",33,RJ-Cantagalo,Rio de Janeiro
Nova Santa Rosa,4117222,OESTE PARANAENSE,411722,Sul,PR,"-24.4660000\,-53.9530000",41,PR-Nova Santa Rosa,Paraná
Riacho da Cruz,2410702,OESTE POTIGUAR,241070,Nordeste,RN,"-5.9360000\,-37.9460000",24,RN-Riacho da Cruz,Rio Grande do Norte
Silvanópolis,1720655,ORIENTAL DO TOCANTINS,172065,Norte,TO,"-11.1470000\,-48.1690000",17,TO-Silvanópolis,Tocantins
Capela de Santana,4304689,METROPOLITANA DE PORTO ALEGRE,430468,Sul,RS,"-29.7000000\,-51.3250000",43,RS-Capela de Santana,Rio Grande do Sul
Tubarão,4218707,SUL CATARINENSE,421870,Sul,SC,"-28.4670000\,-49.0070000",42,SC-Tubarão,Santa Catarina
Guaporema,4109104,NOROESTE PARANAENSE,410910,Sul,PR,"-23.3430000\,-52.7790000",41,PR-Guaporema,Paraná
Aparecida,3502507,VALE DO PARAIBA PAULISTA,350250,Sudeste,SP,"-22.8470000\,-45.2300000",35,SP-Aparecida,São Paulo
General Câmara,4308805,METROPOLITANA DE PORTO ALEGRE,430880,Sul,RS,"-29.9050000\,-51.7600000",43,RS-General Câmara,Rio Grande do Sul
Venâncio Aires,4322608,CENTRO ORIENTAL RIO-GRANDENSE,432260,Sul,RS,"-29.6060000\,-52.1920000",43,RS-Venâncio Aires,Rio Grande do Sul
Jurema,2205532,SUDOESTE PIAUIENSE,220553,Nordeste,PI,"-9.2310000\,-43.1280000",22,PI-Jurema,Piauí
Santana do Acaraú,2312007,NOROESTE CEARENSE,231200,Nordeste,CE,"-3.4610000\,-40.2120000",23,CE-Santana do Acaraú,Ceará
Itaju,3522000,BAURU,352200,Sudeste,SP,"-21.9810000\,-48.8050000",35,SP-Itaju,São Paulo
Major Isidoro,2704401,SERTAO ALAGOANO,270440,Nordeste,AL,"-9.5320000\,-36.9850000",27,AL-Major Isidoro,Alagoas
Arroio Grande,4301305,SUDESTE RIO-GRANDENSE,430130,Sul,RS,"-32.2380000\,-53.0870000",43,RS-Arroio Grande,Rio Grande do Sul
Resende,3304201,SUL FLUMINENSE,330420,Sudeste,RJ,"-22.4690000\,-44.4470000",33,RJ-Resende,Rio de Janeiro
São Félix de Balsas,2110807,SUL MARANHENSE,211080,Nordeste,MA,"-7.0830000\,-44.8130000",21,MA-São Félix de Balsas,Maranhão
Monte das Gameleiras,2407906,AGRESTE POTIGUAR,240790,Nordeste,RN,"-6.4410000\,-35.7830000",24,RN-Monte das Gameleiras,Rio Grande do Norte
Bom Jesus da Lapa,2903904,VALE SAO-FRANCISCANO DA BAHIA,290390,Nordeste,BA,"-13.2550000\,-43.4180000",29,BA-Bom Jesus da Lapa,Bahia
Caracol,5002803,SUDOESTE DE MATO GROSSO DO SUL,500280,Centro-Oeste,MS,"-22.0140000\,-57.0240000",50,MS-Caracol,Mato Grosso do Sul
Sul Brasil,4217758,OESTE CATARINENSE,421775,Sul,SC,"-26.7360000\,-52.9650000",42,SC-Sul Brasil,Santa Catarina
Coronel Xavier Chaves,3119708,CAMPO DAS VERTENTES,311970,Sudeste,MG,"-21.0240000\,-44.2230000",31,MG-Coronel Xavier Chaves,Minas Gerais
Riachuelo,2410900,AGRESTE POTIGUAR,241090,Nordeste,RN,"-5.8150000\,-35.8250000",24,RN-Riachuelo,Rio Grande do Norte
Morro do Chapéu,2921708,CENTRO NORTE BAIANO,292170,Nordeste,BA,"-11.5500000\,-41.1560000",29,BA-Morro do Chapéu,Bahia
Tocantins,3169000,ZONA DA MATA,316900,Sudeste,MG,"-21.1750000\,-43.0180000",31,MG-Tocantins,Minas Gerais
Fernando Falcão,2104081,CENTRO MARANHENSE,210408,Nordeste,MA,"-6.1520000\,-44.8930000",21,MA-Fernando Falcão,Maranhão
São Gonçalo dos Campos,2929305,CENTRO NORTE BAIANO,292930,Nordeste,BA,"-12.4330000\,-38.9670000",29,BA-São Gonçalo dos Campos,Bahia
Itu,3523909,MACRO METROPOLITANA PAULISTA,352390,Sudeste,SP,"-23.2640000\,-47.2990000",35,SP-Itu,São Paulo
Conceição do Coité,2908408,NORDESTE BAIANO,290840,Nordeste,BA,"-11.5640000\,-39.2830000",29,BA-Conceição do Coité,Bahia
São Sebastião do Tocantins,1720309,OCIDENTAL DO TOCANTINS,172030,Norte,TO,"-5.2570000\,-48.2000000",17,TO-São Sebastião do Tocantins,Tocantins
Sumaré,3552403,CAMPINAS,355240,Sudeste,SP,"-22.8220000\,-47.2670000",35,SP-Sumaré,São Paulo
Buritizeiro,3109402,NORTE DE MINAS,310940,Sudeste,MG,"-17.3510000\,-44.9620000",31,MG-Buritizeiro,Minas Gerais
Barra D'Alcântara,2201176,CENTRO-NORTE PIAUIENSE,220117,Nordeste,PI,"-6.5170000\,-42.1140000",22,PI-Barra D'Alcântara,Piauí
Parelhas,2408904,CENTRAL POTIGUAR,240890,Nordeste,RN,"-6.6880000\,-36.6580000",24,RN-Parelhas,Rio Grande do Norte
Poço das Trincheiras,2707206,SERTAO ALAGOANO,270720,Nordeste,AL,"-9.3130000\,-37.2860000",27,AL-Poço das Trincheiras,Alagoas
Valinhos,3556206,CAMPINAS,355620,Sudeste,SP,"-22.9710000\,-46.9960000",35,SP-Valinhos,São Paulo
Sambaíba,2109700,SUL MARANHENSE,210970,Nordeste,MA,"-7.1400000\,-45.3460000",21,MA-Sambaíba,Maranhão
Bossoroca,4302501,NOROESTE RIO-GRANDENSE,430250,Sul,RS,"-28.7300000\,-54.9000000",43,RS-Bossoroca,Rio Grande do Sul
Guadalupe,2204501,SUDOESTE PIAUIENSE,220450,Nordeste,PI,"-6.7870000\,-43.5690000",22,PI-Guadalupe,Piauí
Buenos Aires,2602704,MATA PERNAMBUCANA,260270,Nordeste,PE,"-7.7260000\,-35.3270000",26,PE-Buenos Aires,Pernambuco
Figueirópolis D'Oeste,5103809,SUDOESTE MATO-GROSSENSE,510380,Centro-Oeste,MT,"-15.4450000\,-58.7400000",51,MT-Figueirópolis D'Oeste,Mato Grosso
Muquém do São Francisco,2922250,VALE SAO-FRANCISCANO DA BAHIA,292225,Nordeste,BA,"-12.0650000\,-43.5490000",29,BA-Muquém do São Francisco,Bahia
Itapecerica da Serra,3522208,METROPOLITANA DE SAO PAULO,352220,Sudeste,SP,"-23.7170000\,-46.8490000",35,SP-Itapecerica da Serra,São Paulo
Taperoá,2931202,SUL BAIANO,293120,Nordeste,BA,"-13.5380000\,-39.0990000",29,BA-Taperoá,Bahia
Pedreiras,2108207,CENTRO MARANHENSE,210820,Nordeste,MA,"-4.5740000\,-44.5970000",21,MA-Pedreiras,Maranhão
Santo Antônio das Missões,4317707,NOROESTE RIO-GRANDENSE,431770,Sul,RS,"-28.5110000\,-55.2280000",43,RS-Santo Antônio das Missões,Rio Grande do Sul
Virginópolis,3171808,VALE DO RIO DOCE,317180,Sudeste,MG,"-18.8230000\,-42.7040000",31,MG-Virginópolis,Minas Gerais
São Lourenço da Mata,2613701,METROPOLITANA DE RECIFE,261370,Nordeste,PE,"-8.0020000\,-35.0180000",26,PE-São Lourenço da Mata,Pernambuco
Oliveira,3145604,OESTE DE MINAS,314560,Sudeste,MG,"-20.6960000\,-44.8270000",31,MG-Oliveira,Minas Gerais
Tapurah,5108006,NORTE MATO-GROSSENSE,510800,Centro-Oeste,MT,"-12.7720000\,-56.5540000",51,MT-Tapurah,Mato Grosso
Lagoa do Carro,2608453,MATA PERNAMBUCANA,260845,Nordeste,PE,"-7.8450000\,-35.3200000",26,PE-Lagoa do Carro,Pernambuco
Itabira,3131703,METROPOLITANA DE BELO HORIZONTE,313170,Sudeste,MG,"-19.6190000\,-43.2270000",31,MG-Itabira,Minas Gerais
Correia Pinto,4204558,SERRANA,420455,Sul,SC,"-27.5850000\,-50.3610000",42,SC-Correia Pinto,Santa Catarina
Medianeira,4115804,OESTE PARANAENSE,411580,Sul,PR,"-25.2950000\,-54.0940000",41,PR-Medianeira,Paraná
Lago da Pedra,2105708,OESTE MARANHENSE,210570,Nordeste,MA,"-4.5700000\,-45.1320000",21,MA-Lago da Pedra,Maranhão
Anta Gorda,4300703,NORDESTE RIO-GRANDENSE,430070,Sul,RS,"-28.9700000\,-52.0050000",43,RS-Anta Gorda,Rio Grande do Sul
Natividade,1714203,ORIENTAL DO TOCANTINS,171420,Norte,TO,"-11.7100000\,-47.7230000",17,TO-Natividade,Tocantins
Restinga Sêca,4315503,CENTRO OCIDENTAL RIO-GRANDENSE,431550,Sul,RS,"-29.8130000\,-53.3750000",43,RS-Restinga Sêca,Rio Grande do Sul
Ipumirim,4207700,OESTE CATARINENSE,420770,Sul,SC,"-27.0770000\,-52.1360000",42,SC-Ipumirim,Santa Catarina
Berilo,3106507,JEQUITINHONHA,310650,Sudeste,MG,"-16.9520000\,-42.4660000",31,MG-Berilo,Minas Gerais
Palestina,2706208,SERTAO ALAGOANO,270620,Nordeste,AL,"-9.6720000\,-37.3290000",27,AL-Palestina,Alagoas
Mateus Leme,3140704,METROPOLITANA DE BELO HORIZONTE,314070,Sudeste,MG,"-19.9860000\,-44.4280000",31,MG-Mateus Leme,Minas Gerais
Cezarina,5205455,SUL GOIANO,520545,Centro-Oeste,GO,"-16.9720000\,-49.7760000",52,GO-Cezarina,Goiás
Capelinha,3112307,JEQUITINHONHA,311230,Sudeste,MG,"-17.6910000\,-42.5160000",31,MG-Capelinha,Minas Gerais
Jaborá,4208609,OESTE CATARINENSE,420860,Sul,SC,"-27.1760000\,-51.7340000",42,SC-Jaborá,Santa Catarina
Pompéu,3152006,CENTRAL MINEIRA,315200,Sudeste,MG,"-19.2240000\,-44.9350000",31,MG-Pompéu,Minas Gerais
Poloni,3539905,SAO JOSE DO RIO PRETO,353990,Sudeste,SP,"-20.7850000\,-49.8240000",35,SP-Poloni,São Paulo
Gameleiras,3127339,NORTE DE MINAS,312733,Sudeste,MG,"-15.0820000\,-43.1240000",31,MG-Gameleiras,Minas Gerais
São Marcos,4319000,NORDESTE RIO-GRANDENSE,431900,Sul,RS,"-28.9710000\,-51.0680000",43,RS-São Marcos,Rio Grande do Sul
Itaporanga,3522802,ITAPETININGA,352280,Sudeste,SP,"-23.7080000\,-49.4900000",35,SP-Itaporanga,São Paulo
Belmonte,2903409,SUL BAIANO,290340,Nordeste,BA,"-15.8630000\,-38.8830000",29,BA-Belmonte,Bahia
Mandirituba,4114302,METROPOLITANA DE CURITIBA,411430,Sul,PR,"-25.7790000\,-49.3260000",41,PR-Mandirituba,Paraná
São João do Sul,4216404,SUL CATARINENSE,421640,Sul,SC,"-29.2230000\,-49.8100000",42,SC-São João do Sul,Santa Catarina
Buritama,3508108,ARACATUBA,350810,Sudeste,SP,"-21.0660000\,-50.1470000",35,SP-Buritama,São Paulo
Liberato Salzano,4311601,NOROESTE RIO-GRANDENSE,431160,Sul,RS,"-27.6000000\,-53.0730000",43,RS-Liberato Salzano,Rio Grande do Sul
Torixoréu,5108204,SUDESTE MATO-GROSSENSE,510820,Centro-Oeste,MT,"-16.1990000\,-52.5560000",51,MT-Torixoréu,Mato Grosso
Paraibuna,3535606,VALE DO PARAIBA PAULISTA,353560,Sudeste,SP,"-23.3860000\,-45.6620000",35,SP-Paraibuna,São Paulo
Sentinela do Sul,4320354,METROPOLITANA DE PORTO ALEGRE,432035,Sul,RS,"-30.6110000\,-51.5790000",43,RS-Sentinela do Sul,Rio Grande do Sul
Uarini,1304260,CENTRO AMAZONENSE,130426,Norte,AM,"-2.9900000\,-65.1080000",13,AM-Uarini,Amazonas
Novo Planalto,5215256,NOROESTE GOIANO,521525,Centro-Oeste,GO,"-13.2440000\,-49.5040000",52,GO-Novo Planalto,Goiás
Eugenópolis,3124906,ZONA DA MATA,312490,Sudeste,MG,"-21.0990000\,-42.1870000",31,MG-Eugenópolis,Minas Gerais
Feira Nova do Maranhão,2104073,SUL MARANHENSE,210407,Nordeste,MA,"-6.9600000\,-46.6860000",21,MA-Feira Nova do Maranhão,Maranhão
Uiramutã,1400704,NORTE DE RORAIMA,140070,Norte,RR,"4.5960000\,-60.1680000",14,RR-Uiramutã,Roraima
Vitória do Mearim,2112902,NORTE MARANHENSE,211290,Nordeste,MA,"-3.4620000\,-44.8710000",21,MA-Vitória do Mearim,Maranhão
Ewbank da Câmara,3125002,ZONA DA MATA,312500,Sudeste,MG,"-21.5510000\,-43.5100000",31,MG-Ewbank da Câmara,Minas Gerais
Nova Veneza,4211603,SUL CATARINENSE,421160,Sul,SC,"-28.6370000\,-49.4980000",42,SC-Nova Veneza,Santa Catarina
Doutor Ricardo,4306759,CENTRO ORIENTAL RIO-GRANDENSE,430675,Sul,RS,"-29.0860000\,-51.9920000",43,RS-Doutor Ricardo,Rio Grande do Sul
Taquarituba,3553807,ITAPETININGA,355380,Sudeste,SP,"-23.5330000\,-49.2440000",35,SP-Taquarituba,São Paulo
Jaicós,2205201,SUDESTE PIAUIENSE,220520,Nordeste,PI,"-7.3590000\,-41.1380000",22,PI-Jaicós,Piauí
São Gonçalo do Sapucaí,3162005,SUL/SUDOESTE DE MINAS,316200,Sudeste,MG,"-21.8920000\,-45.5950000",31,MG-São Gonçalo do Sapucaí,Minas Gerais
Aloândia,5200506,SUL GOIANO,520050,Centro-Oeste,GO,"-17.7280000\,-49.4800000",52,GO-Aloândia,Goiás
Rondinha,4316204,NOROESTE RIO-GRANDENSE,431620,Sul,RS,"-27.8280000\,-52.9100000",43,RS-Rondinha,Rio Grande do Sul
Passagem,2409209,AGRESTE POTIGUAR,240920,Nordeste,RN,"-6.2790000\,-35.3780000",24,RN-Passagem,Rio Grande do Norte
Cícero Dantas,2907806,NORDESTE BAIANO,290780,Nordeste,BA,"-10.6000000\,-38.3830000",29,BA-Cícero Dantas,Bahia
Botelhos,3108404,SUL/SUDOESTE DE MINAS,310840,Sudeste,MG,"-21.6330000\,-46.3950000",31,MG-Botelhos,Minas Gerais
Resplendor,3154309,VALE DO RIO DOCE,315430,Sudeste,MG,"-19.3260000\,-41.2550000",31,MG-Resplendor,Minas Gerais
Flórida,4108106,NORTE CENTRAL PARANAENSE,410810,Sul,PR,"-23.0870000\,-51.9540000",41,PR-Flórida,Paraná
União dos Palmares,2709301,LESTE ALAGOANO,270930,Nordeste,AL,"-9.1630000\,-36.0320000",27,AL-União dos Palmares,Alagoas
Jatobá,2105450,LESTE MARANHENSE,210545,Nordeste,MA,"-5.8170000\,-44.2230000",21,MA-Jatobá,Maranhão
Abreulândia,1700251,OCIDENTAL DO TOCANTINS,170025,Norte,TO,"-9.6210000\,-49.1510000",17,TO-Abreulândia,Tocantins
Jauru,5105002,SUDOESTE MATO-GROSSENSE,510500,Centro-Oeste,MT,"-15.3420000\,-58.8660000",51,MT-Jauru,Mato Grosso
Diorama,5207105,NOROESTE GOIANO,520710,Centro-Oeste,GO,"-16.2340000\,-51.2560000",52,GO-Diorama,Goiás
Buriti dos Montes,2202026,CENTRO-NORTE PIAUIENSE,220202,Nordeste,PI,"-5.3120000\,-41.0980000",22,PI-Buriti dos Montes,Piauí
Catanduvas,4204004,OESTE CATARINENSE,420400,Sul,SC,"-27.0710000\,-51.6620000",42,SC-Catanduvas,Santa Catarina
Iporá,5210208,CENTRO GOIANO,521020,Centro-Oeste,GO,"-16.4420000\,-51.1180000",52,GO-Iporá,Goiás
Itambé,4111100,NORTE CENTRAL PARANAENSE,411110,Sul,PR,"-23.6610000\,-51.9900000",41,PR-Itambé,Paraná
Barreiros,2601409,MATA PERNAMBUCANA,260140,Nordeste,PE,"-8.8180000\,-35.1860000",26,PE-Barreiros,Pernambuco
Cândido Mota,3510005,ASSIS,351000,Sudeste,SP,"-22.7460000\,-50.3870000",35,SP-Cândido Mota,São Paulo
Acaiaca,3100401,ZONA DA MATA,310040,Sudeste,MG,"-20.3630000\,-43.1450000",31,MG-Acaiaca,Minas Gerais
Chã Grande,2604502,MATA PERNAMBUCANA,260450,Nordeste,PE,"-8.2380000\,-35.4620000",26,PE-Chã Grande,Pernambuco
Sítio Novo do Tocantins,1720804,OCIDENTAL DO TOCANTINS,172080,Norte,TO,"-5.6010000\,-47.6380000",17,TO-Sítio Novo do Tocantins,Tocantins
Goianá,3127388,ZONA DA MATA,312738,Sudeste,MG,"-21.5370000\,-43.2020000",31,MG-Goianá,Minas Gerais
Clementina,3511904,ARACATUBA,351190,Sudeste,SP,"-21.5600000\,-50.4490000",35,SP-Clementina,São Paulo
Florianópolis,4205407,GRANDE FLORIANOPOLIS,420540,Sul,SC,"-27.5970000\,-48.5490000",42,SC-Florianópolis,Santa Catarina
Campinápolis,5102603,NORDESTE MATO-GROSSENSE,510260,Centro-Oeste,MT,"-14.5160000\,-52.8950000",51,MT-Campinápolis,Mato Grosso
Caiçara,4303400,NOROESTE RIO-GRANDENSE,430340,Sul,RS,"-27.2740000\,-53.4320000",43,RS-Caiçara,Rio Grande do Sul
Iraí de Minas,3131604,TRIANGULO MINEIRO/ALTO PARANAIBA,313160,Sudeste,MG,"-18.9840000\,-47.4610000",31,MG-Iraí de Minas,Minas Gerais
Marabá Paulista,3528700,PRESIDENTE PRUDENTE,352870,Sudeste,SP,"-22.1080000\,-51.9630000",35,SP-Marabá Paulista,São Paulo
Brumado,2904605,CENTRO SUL BAIANO,290460,Nordeste,BA,"-14.2040000\,-41.6650000",29,BA-Brumado,Bahia
Irituia,1503507,NORDESTE PARAENSE,150350,Norte,PA,"-1.7690000\,-47.4390000",15,PA-Irituia,Pará
Santo Antônio da Alegria,3547908,RIBEIRAO PRETO,354790,Sudeste,SP,"-21.0870000\,-47.1510000",35,SP-Santo Antônio da Alegria,São Paulo
Nova Fátima,2922730,NORDESTE BAIANO,292273,Nordeste,BA,"-11.6060000\,-39.6310000",29,BA-Nova Fátima,Bahia
São Vicente Férrer,2613800,AGRESTE PERNAMBUCANO,261380,Nordeste,PE,"-7.5910000\,-35.4910000",26,PE-São Vicente Férrer,Pernambuco
Jordão,1200328,VALE DO JURUA,120032,Norte,AC,"-9.4340000\,-71.8840000",12,AC-Jordão,Acre
Ingaí,3130804,CAMPO DAS VERTENTES,313080,Sudeste,MG,"-21.4010000\,-44.9170000",31,MG-Ingaí,Minas Gerais
São José do Hortêncio,4318481,METROPOLITANA DE PORTO ALEGRE,431848,Sul,RS,"-29.5280000\,-51.2510000",43,RS-São José do Hortêncio,Rio Grande do Sul
Doverlândia,5207253,SUL GOIANO,520725,Centro-Oeste,GO,"-16.7200000\,-52.3190000",52,GO-Doverlândia,Goiás
Domingos Martins,3201902,CENTRAL ESPIRITO-SANTENSE,320190,Sudeste,ES,"-20.3630000\,-40.6590000",32,ES-Domingos Martins,Espírito Santo
Bom Jesus de Goiás,5203500,SUL GOIANO,520350,Centro-Oeste,GO,"-18.2150000\,-49.7420000",52,GO-Bom Jesus de Goiás,Goiás
Eldorado do Sul,4306767,METROPOLITANA DE PORTO ALEGRE,430676,Sul,RS,"-30.0840000\,-51.6160000",43,RS-Eldorado do Sul,Rio Grande do Sul
Bodoquena,5002159,SUDOESTE DE MATO GROSSO DO SUL,500215,Centro-Oeste,MS,"-20.5390000\,-56.7150000",50,MS-Bodoquena,Mato Grosso do Sul
Ipê,4310439,NORDESTE RIO-GRANDENSE,431043,Sul,RS,"-28.8200000\,-51.2790000",43,RS-Ipê,Rio Grande do Sul
Barra de São Francisco,3200904,NOROESTE ESPIRITO-SANTENSE,320090,Sudeste,ES,"-18.7550000\,-40.8910000",32,ES-Barra de São Francisco,Espírito Santo
Estação,4307559,NOROESTE RIO-GRANDENSE,430755,Sul,RS,"-27.9110000\,-52.2600000",43,RS-Estação,Rio Grande do Sul
Coqueiro Baixo,4305835,CENTRO ORIENTAL RIO-GRANDENSE,430583,Sul,RS,"-29.1780000\,-52.0930000",43,RS-Coqueiro Baixo,Rio Grande do Sul
Manhuaçu,3139409,ZONA DA MATA,313940,Sudeste,MG,"-20.2580000\,-42.0340000",31,MG-Manhuaçu,Minas Gerais
Nova Esperança do Sul,4313037,CENTRO OCIDENTAL RIO-GRANDENSE,431303,Sul,RS,"-29.4100000\,-54.8290000",43,RS-Nova Esperança do Sul,Rio Grande do Sul
Leopoldina,3138401,ZONA DA MATA,313840,Sudeste,MG,"-21.5320000\,-42.6430000",31,MG-Leopoldina,Minas Gerais
Peixoto de Azevedo,5106422,NORTE MATO-GROSSENSE,510642,Centro-Oeste,MT,"-10.2290000\,-54.9830000",51,MT-Peixoto de Azevedo,Mato Grosso
Gramado dos Loureiros,4309126,NOROESTE RIO-GRANDENSE,430912,Sul,RS,"-27.4440000\,-52.9180000",43,RS-Gramado dos Loureiros,Rio Grande do Sul
Espumoso,4307500,NOROESTE RIO-GRANDENSE,430750,Sul,RS,"-28.7250000\,-52.8500000",43,RS-Espumoso,Rio Grande do Sul
Pesqueira,2610905,AGRESTE PERNAMBUCANO,261090,Nordeste,PE,"-8.3580000\,-36.6960000",26,PE-Pesqueira,Pernambuco
Sete Lagoas,3167202,METROPOLITANA DE BELO HORIZONTE,316720,Sudeste,MG,"-19.4660000\,-44.2470000",31,MG-Sete Lagoas,Minas Gerais
Angelina,4200903,GRANDE FLORIANOPOLIS,420090,Sul,SC,"-27.5690000\,-48.9850000",42,SC-Angelina,Santa Catarina
Japeri,3302270,METROPOLITANA DO RIO DE JANEIRO,330227,Sudeste,RJ,"-22.6430000\,-43.6530000",33,RJ-Japeri,Rio de Janeiro
São Salvador do Tocantins,1720259,OCIDENTAL DO TOCANTINS,172025,Norte,TO,"-12.7440000\,-48.2360000",17,TO-São Salvador do Tocantins,Tocantins
Protásio Alves,4315172,NORDESTE RIO-GRANDENSE,431517,Sul,RS,"-28.7570000\,-51.4730000",43,RS-Protásio Alves,Rio Grande do Sul
Guarani das Missões,4309506,NOROESTE RIO-GRANDENSE,430950,Sul,RS,"-28.1410000\,-54.5580000",43,RS-Guarani das Missões,Rio Grande do Sul
Santa Mônica,4123956,NOROESTE PARANAENSE,412395,Sul,PR,"-23.1080000\,-53.1090000",41,PR-Santa Mônica,Paraná
Vertente do Lério,2616183,AGRESTE PERNAMBUCANO,261618,Nordeste,PE,"-7.7710000\,-35.8500000",26,PE-Vertente do Lério,Pernambuco
São Mateus do Sul,4125605,SUDESTE PARANAENSE,412560,Sul,PR,"-25.8740000\,-50.3830000",41,PR-São Mateus do Sul,Paraná
Jardinópolis,4208955,OESTE CATARINENSE,420895,Sul,SC,"-26.7220000\,-52.8600000",42,SC-Jardinópolis,Santa Catarina
Passa Sete,4314068,CENTRO ORIENTAL RIO-GRANDENSE,431406,Sul,RS,"-29.4530000\,-52.9610000",43,RS-Passa Sete,Rio Grande do Sul
Tabapuã,3552601,SAO JOSE DO RIO PRETO,355260,Sudeste,SP,"-20.9640000\,-49.0320000",35,SP-Tabapuã,São Paulo
Angra dos Reis,3300100,SUL FLUMINENSE,330010,Sudeste,RJ,"-23.0070000\,-44.3180000",33,RJ-Angra dos Reis,Rio de Janeiro
Alto Alegre,1400050,NORTE DE RORAIMA,140005,Norte,RR,"2.9800000\,-61.2920000",14,RR-Alto Alegre,Roraima
Francisco Dumont,3126604,NORTE DE MINAS,312660,Sudeste,MG,"-17.3150000\,-44.2340000",31,MG-Francisco Dumont,Minas Gerais
Dom Feliciano,4306502,METROPOLITANA DE PORTO ALEGRE,430650,Sul,RS,"-30.7040000\,-52.1080000",43,RS-Dom Feliciano,Rio Grande do Sul
Taquaraçu de Minas,3168309,METROPOLITANA DE BELO HORIZONTE,316830,Sudeste,MG,"-19.6700000\,-43.6870000",31,MG-Taquaraçu de Minas,Minas Gerais
Uauá,2932002,NORDESTE BAIANO,293200,Nordeste,BA,"-9.8420000\,-39.4820000",29,BA-Uauá,Bahia
Cocal do Sul,4204251,SUL CATARINENSE,420425,Sul,SC,"-28.6010000\,-49.3260000",42,SC-Cocal do Sul,Santa Catarina
Louveira,3527306,MACRO METROPOLITANA PAULISTA,352730,Sudeste,SP,"-23.0860000\,-46.9510000",35,SP-Louveira,São Paulo
Apucarana,4101408,NORTE CENTRAL PARANAENSE,410140,Sul,PR,"-23.5510000\,-51.4610000",41,PR-Apucarana,Paraná
Júlio de Castilhos,4311205,CENTRO OCIDENTAL RIO-GRANDENSE,431120,Sul,RS,"-29.2270000\,-53.6820000",43,RS-Júlio de Castilhos,Rio Grande do Sul
Governador Valadares,3127701,VALE DO RIO DOCE,312770,Sudeste,MG,"-18.8510000\,-41.9490000",31,MG-Governador Valadares,Minas Gerais
Aparecida d'Oeste,3502606,SAO JOSE DO RIO PRETO,350260,Sudeste,SP,"-20.4490000\,-50.8800000",35,SP-Aparecida d'Oeste,São Paulo
São Sebastião do Passé,2929503,METROPOLITANA DE SALVADOR,292950,Nordeste,BA,"-12.5130000\,-38.4950000",29,BA-São Sebastião do Passé,Bahia
Gurinhatã,3129103,TRIANGULO MINEIRO/ALTO PARANAIBA,312910,Sudeste,MG,"-19.2130000\,-49.7860000",31,MG-Gurinhatã,Minas Gerais
Araguatins,1702208,OCIDENTAL DO TOCANTINS,170220,Norte,TO,"-5.6510000\,-48.1240000",17,TO-Araguatins,Tocantins
Paranaguá,4118204,METROPOLITANA DE CURITIBA,411820,Sul,PR,"-25.5200000\,-48.5090000",41,PR-Paranaguá,Paraná
Boa Vista do Sul,4302253,NORDESTE RIO-GRANDENSE,430225,Sul,RS,"-29.3510000\,-51.6760000",43,RS-Boa Vista do Sul,Rio Grande do Sul
Tupi Paulista,3555109,PRESIDENTE PRUDENTE,355510,Sudeste,SP,"-21.3810000\,-51.5710000",35,SP-Tupi Paulista,São Paulo
Serra do Salitre,3166808,TRIANGULO MINEIRO/ALTO PARANAIBA,316680,Sudeste,MG,"-19.1110000\,-46.6900000",31,MG-Serra do Salitre,Minas Gerais
Baía da Traição,2501401,MATA PARAIBANA,250140,Nordeste,PB,"-6.6880000\,-34.9360000",25,PB-Baía da Traição,Paraíba
Tapiraí,3168200,OESTE DE MINAS,316820,Sudeste,MG,"-19.8880000\,-46.0200000",31,MG-Tapiraí,Minas Gerais
Ibicuitinga,2305332,JAGUARIBE,230533,Nordeste,CE,"-4.9740000\,-38.6390000",23,CE-Ibicuitinga,Ceará
Xambioá,1722107,OCIDENTAL DO TOCANTINS,172210,Norte,TO,"-6.4110000\,-48.5360000",17,TO-Xambioá,Tocantins
Raul Soares,3154002,ZONA DA MATA,315400,Sudeste,MG,"-20.1020000\,-42.4530000",31,MG-Raul Soares,Minas Gerais
Iranduba,1301852,CENTRO AMAZONENSE,130185,Norte,AM,"-3.2850000\,-60.1860000",13,AM-Iranduba,Amazonas
Lobato,4113601,NORTE CENTRAL PARANAENSE,411360,Sul,PR,"-23.0080000\,-51.9510000",41,PR-Lobato,Paraná
Estrela do Norte,3515301,PRESIDENTE PRUDENTE,351530,Sudeste,SP,"-22.4880000\,-51.6600000",35,SP-Estrela do Norte,São Paulo
Bocaina do Sul,4202438,SERRANA,420243,Sul,SC,"-27.7440000\,-49.9440000",42,SC-Bocaina do Sul,Santa Catarina
Teresina,2211001,CENTRO-NORTE PIAUIENSE,221100,Nordeste,PI,"-5.0890000\,-42.8020000",22,PI-Teresina,Piauí
Nova Iguaçu de Goiás,5214879,NORTE GOIANO,521487,Centro-Oeste,GO,"-14.2890000\,-49.3890000",52,GO-Nova Iguaçu de Goiás,Goiás
Itacambira,3132008,NORTE DE MINAS,313200,Sudeste,MG,"-17.0650000\,-43.3090000",31,MG-Itacambira,Minas Gerais
Pará de Minas,3147105,METROPOLITANA DE BELO HORIZONTE,314710,Sudeste,MG,"-19.8600000\,-44.6080000",31,MG-Pará de Minas,Minas Gerais
Pastos Bons,2108009,LESTE MARANHENSE,210800,Nordeste,MA,"-6.6020000\,-44.0770000",21,MA-Pastos Bons,Maranhão
Aurora do Pará,1500958,NORDESTE PARAENSE,150095,Norte,PA,"-2.1340000\,-47.5630000",15,PA-Aurora do Pará,Pará
Itapipoca,2306405,NORTE CEARENSE,230640,Nordeste,CE,"-3.4940000\,-39.5790000",23,CE-Itapipoca,Ceará
Capoeiras,2603801,AGRESTE PERNAMBUCANO,260380,Nordeste,PE,"-8.7350000\,-36.6270000",26,PE-Capoeiras,Pernambuco
Poranga,2311009,NOROESTE CEARENSE,231100,Nordeste,CE,"-4.7450000\,-40.9260000",23,CE-Poranga,Ceará
Patu,2409308,OESTE POTIGUAR,240930,Nordeste,RN,"-6.1100000\,-37.6370000",24,RN-Patu,Rio Grande do Norte
Painel,4211892,SERRANA,421189,Sul,SC,"-27.9290000\,-50.1050000",42,SC-Painel,Santa Catarina
Campo Azul,3111150,NORTE DE MINAS,311115,Sudeste,MG,"-16.5040000\,-44.8110000",31,MG-Campo Azul,Minas Gerais
São Valentim do Sul,4319711,NORDESTE RIO-GRANDENSE,431971,Sul,RS,"-29.0470000\,-51.7650000",43,RS-São Valentim do Sul,Rio Grande do Sul
Juvenília,3136959,NORTE DE MINAS,313695,Sudeste,MG,"-14.2630000\,-44.1600000",31,MG-Juvenília,Minas Gerais
Governador Nunes Freire,2104677,OESTE MARANHENSE,210467,Nordeste,MA,"-2.1260000\,-45.8850000",21,MA-Governador Nunes Freire,Maranhão
Piracema,3150604,OESTE DE MINAS,315060,Sudeste,MG,"-20.5080000\,-44.4830000",31,MG-Piracema,Minas Gerais
Jundiá,2703908,LESTE ALAGOANO,270390,Nordeste,AL,"-8.9350000\,-35.5740000",27,AL-Jundiá,Alagoas
Pauini,1303502,SUL AMAZONENSE,130350,Norte,AM,"-7.7140000\,-66.9760000",13,AM-Pauini,Amazonas
Querência,5107065,NORDESTE MATO-GROSSENSE,510706,Centro-Oeste,MT,"-12.4760000\,-52.3780000",51,MT-Querência,Mato Grosso
São Luís do Quitunde,2708501,LESTE ALAGOANO,270850,Nordeste,AL,"-9.3180000\,-35.5610000",27,AL-São Luís do Quitunde,Alagoas
Careaçu,3113602,SUL/SUDOESTE DE MINAS,311360,Sudeste,MG,"-22.0430000\,-45.6990000",31,MG-Careaçu,Minas Gerais
Alvorada D'Oeste,1100346,LESTE RONDONIENSE,110034,Norte,RO,"-11.4080000\,-62.3890000",11,RO-Alvorada D'Oeste,Rondônia
Santa Cruz de Goiás,5219209,SUL GOIANO,521920,Centro-Oeste,GO,"-17.3160000\,-48.4820000",52,GO-Santa Cruz de Goiás,Goiás
Belém do Brejo do Cruz,2502003,SERTAO PARAIBANO,250200,Nordeste,PB,"-6.1890000\,-37.5360000",25,PB-Belém do Brejo do Cruz,Paraíba
Riacho de Santana,2410801,OESTE POTIGUAR,241080,Nordeste,RN,"-6.2630000\,-38.3160000",24,RN-Riacho de Santana,Rio Grande do Norte
Joaquim Gomes,2703809,LESTE ALAGOANO,270380,Nordeste,AL,"-9.1330000\,-35.7480000",27,AL-Joaquim Gomes,Alagoas
Jiquiriçá,2918209,CENTRO SUL BAIANO,291820,Nordeste,BA,"-13.2570000\,-39.5720000",29,BA-Jiquiriçá,Bahia
Serrolândia,2930600,CENTRO NORTE BAIANO,293060,Nordeste,BA,"-11.4160000\,-40.3020000",29,BA-Serrolândia,Bahia
Balneário Barra do Sul,4202057,NORTE CATARINENSE,420205,Sul,SC,"-26.4560000\,-48.6120000",42,SC-Balneário Barra do Sul,Santa Catarina
Fortaleza dos Nogueiras,2104107,SUL MARANHENSE,210410,Nordeste,MA,"-6.9640000\,-46.1770000",21,MA-Fortaleza dos Nogueiras,Maranhão
Iapu,3129301,VALE DO RIO DOCE,312930,Sudeste,MG,"-19.4370000\,-42.2180000",31,MG-Iapu,Minas Gerais
Caturama,2907558,CENTRO SUL BAIANO,290755,Nordeste,BA,"-13.3290000\,-42.2910000",29,BA-Caturama,Bahia
Ribeirão Preto,3543402,RIBEIRAO PRETO,354340,Sudeste,SP,"-21.1780000\,-47.8100000",35,SP-Ribeirão Preto,São Paulo
Nova América,5214705,CENTRO GOIANO,521470,Centro-Oeste,GO,"-15.0220000\,-49.8960000",52,GO-Nova América,Goiás
Ibertioga,3129400,CAMPO DAS VERTENTES,312940,Sudeste,MG,"-21.4300000\,-43.9630000",31,MG-Ibertioga,Minas Gerais
Pimenta,3150505,OESTE DE MINAS,315050,Sudeste,MG,"-20.4840000\,-45.7990000",31,MG-Pimenta,Minas Gerais
São Miguel,2412500,OESTE POTIGUAR,241250,Nordeste,RN,"-6.2120000\,-38.4970000",24,RN-São Miguel,Rio Grande do Norte
Dores do Rio Preto,3202009,SUL ESPIRITO-SANTENSE,320200,Sudeste,ES,"-20.6890000\,-41.8450000",32,ES-Dores do Rio Preto,Espírito Santo
Primavera do Leste,5107040,SUDESTE MATO-GROSSENSE,510704,Centro-Oeste,MT,"-15.5280000\,-54.3460000",51,MT-Primavera do Leste,Mato Grosso
Rodeio Bonito,4315909,NOROESTE RIO-GRANDENSE,431590,Sul,RS,"-27.4710000\,-53.1690000",43,RS-Rodeio Bonito,Rio Grande do Sul
Tiradentes do Sul,4321477,NOROESTE RIO-GRANDENSE,432147,Sul,RS,"-27.3980000\,-54.0840000",43,RS-Tiradentes do Sul,Rio Grande do Sul
Buenópolis,3109204,CENTRAL MINEIRA,310920,Sudeste,MG,"-17.8730000\,-44.1800000",31,MG-Buenópolis,Minas Gerais
União de Minas,3170438,TRIANGULO MINEIRO/ALTO PARANAIBA,317043,Sudeste,MG,"-19.5300000\,-50.3360000",31,MG-União de Minas,Minas Gerais
Relvado,4315453,CENTRO ORIENTAL RIO-GRANDENSE,431545,Sul,RS,"-29.1110000\,-52.0720000",43,RS-Relvado,Rio Grande do Sul
Santana do Jacaré,3158805,OESTE DE MINAS,315880,Sudeste,MG,"-20.8980000\,-45.1310000",31,MG-Santana do Jacaré,Minas Gerais
Quixelô,2311355,CENTRO-SUL CEARENSE,231135,Nordeste,CE,"-6.2540000\,-39.2020000",23,CE-Quixelô,Ceará
Cantagalo,4104451,CENTRO-SUL PARANAENSE,410445,Sul,PR,"-25.3740000\,-52.1260000",41,PR-Cantagalo,Paraná
Mara Rosa,5212808,NORTE GOIANO,521280,Centro-Oeste,GO,"-14.0170000\,-49.1780000",52,GO-Mara Rosa,Goiás
Rio Brilhante,5007208,SUDOESTE DE MATO GROSSO DO SUL,500720,Centro-Oeste,MS,"-21.8020000\,-54.5460000",50,MS-Rio Brilhante,Mato Grosso do Sul
Pirapora do Bom Jesus,3539103,METROPOLITANA DE SAO PAULO,353910,Sudeste,SP,"-23.3970000\,-47.0020000",35,SP-Pirapora do Bom Jesus,São Paulo
Aparecida do Rio Negro,1701101,ORIENTAL DO TOCANTINS,170110,Norte,TO,"-9.9520000\,-47.9720000",17,TO-Aparecida do Rio Negro,Tocantins
Santa Helena,2109809,NORTE MARANHENSE,210980,Nordeste,MA,"-2.2310000\,-45.3000000",21,MA-Santa Helena,Maranhão
Porto da Folha,2805604,SERTAO SERGIPANO,280560,Nordeste,SE,"-9.9170000\,-37.2780000",28,SE-Porto da Folha,Sergipe
Xangri-lá,4323804,METROPOLITANA DE PORTO ALEGRE,432380,Sul,RS,"-29.8010000\,-50.0440000",43,RS-Xangri-lá,Rio Grande do Sul
Nova Esperança do Sudoeste,4116950,SUDOESTE PARANAENSE,411695,Sul,PR,"-25.9070000\,-53.2630000",41,PR-Nova Esperança do Sudoeste,Paraná
Nova Cruz,2408300,AGRESTE POTIGUAR,240830,Nordeste,RN,"-6.4780000\,-35.4340000",24,RN-Nova Cruz,Rio Grande do Norte
Poções,2925105,CENTRO SUL BAIANO,292510,Nordeste,BA,"-14.5300000\,-40.3650000",29,BA-Poções,Bahia
Riozinho,4315750,METROPOLITANA DE PORTO ALEGRE,431575,Sul,RS,"-29.6410000\,-50.4530000",43,RS-Riozinho,Rio Grande do Sul
Rosário do Ivaí,4122651,NORTE CENTRAL PARANAENSE,412265,Sul,PR,"-24.2780000\,-51.2750000",41,PR-Rosário do Ivaí,Paraná
Ajuricaba,4300208,NOROESTE RIO-GRANDENSE,430020,Sul,RS,"-28.2390000\,-53.7710000",43,RS-Ajuricaba,Rio Grande do Sul
Pedra do Anta,3148806,ZONA DA MATA,314880,Sudeste,MG,"-20.5970000\,-42.7140000",31,MG-Pedra do Anta,Minas Gerais
Taipas do Tocantins,1720937,ORIENTAL DO TOCANTINS,172093,Norte,TO,"-12.1880000\,-46.9890000",17,TO-Taipas do Tocantins,Tocantins
Cachoeiras de Macacu,3300803,METROPOLITANA DO RIO DE JANEIRO,330080,Sudeste,RJ,"-22.4630000\,-42.6530000",33,RJ-Cachoeiras de Macacu,Rio de Janeiro
Lagoa Grande,2608750,SAO FRANCISCO PERNAMBUCANO,260875,Nordeste,PE,"-8.9970000\,-40.2720000",26,PE-Lagoa Grande,Pernambuco
Floraí,4107801,NORTE CENTRAL PARANAENSE,410780,Sul,PR,"-23.3170000\,-52.3040000",41,PR-Floraí,Paraná
São José de Mipibu,2412203,LESTE POTIGUAR,241220,Nordeste,RN,"-6.0750000\,-35.2380000",24,RN-São José de Mipibu,Rio Grande do Norte
Jaciara,5104807,SUDESTE MATO-GROSSENSE,510480,Centro-Oeste,MT,"-15.9650000\,-54.9680000",51,MT-Jaciara,Mato Grosso
Luís Eduardo Magalhães,2919553,EXTREMO OESTE BAIANO,291955,Nordeste,BA,"-12.0920000\,-45.8050000",29,BA-Luís Eduardo Magalhães,Bahia
Sulina,4126652,SUDOESTE PARANAENSE,412665,Sul,PR,"-25.7020000\,-52.7220000",41,PR-Sulina,Paraná
Açucena,3100500,VALE DO RIO DOCE,310050,Sudeste,MG,"-19.0730000\,-42.5460000",31,MG-Açucena,Minas Gerais
Joanésia,3136108,VALE DO RIO DOCE,313610,Sudeste,MG,"-19.1720000\,-42.6790000",31,MG-Joanésia,Minas Gerais
Ipiaçu,3131406,TRIANGULO MINEIRO/ALTO PARANAIBA,313140,Sudeste,MG,"-18.6920000\,-49.9430000",31,MG-Ipiaçu,Minas Gerais
Sete de Setembro,4320578,NOROESTE RIO-GRANDENSE,432057,Sul,RS,"-28.1310000\,-54.4630000",43,RS-Sete de Setembro,Rio Grande do Sul
Guariba,3518602,RIBEIRAO PRETO,351860,Sudeste,SP,"-21.3600000\,-48.2280000",35,SP-Guariba,São Paulo
São João d'Aliança,5220009,NORTE GOIANO,522000,Centro-Oeste,GO,"-14.7060000\,-47.5250000",52,GO-São João d'Aliança,Goiás
Tacuru,5007950,SUDOESTE DE MATO GROSSO DO SUL,500795,Centro-Oeste,MS,"-23.6330000\,-55.0160000",50,MS-Tacuru,Mato Grosso do Sul
Anamã,1300086,CENTRO AMAZONENSE,130008,Norte,AM,"-3.5800000\,-61.4040000",13,AM-Anamã,Amazonas
Cachoeira Dourada,5204250,SUL GOIANO,520425,Centro-Oeste,GO,"-18.4920000\,-49.4750000",52,GO-Cachoeira Dourada,Goiás
Brejão,2602407,AGRESTE PERNAMBUCANO,260240,Nordeste,PE,"-9.0300000\,-36.5690000",26,PE-Brejão,Pernambuco
General Carneiro,5103908,SUDESTE MATO-GROSSENSE,510390,Centro-Oeste,MT,"-15.7110000\,-52.7550000",51,MT-General Carneiro,Mato Grosso
Jussiape,2918605,CENTRO SUL BAIANO,291860,Nordeste,BA,"-13.5170000\,-41.5930000",29,BA-Jussiape,Bahia
Jericó,2507408,SERTAO PARAIBANO,250740,Nordeste,PB,"-6.5540000\,-37.8090000",25,PB-Jericó,Paraíba
Damianópolis,5206701,LESTE GOIANO,520670,Centro-Oeste,GO,"-14.5640000\,-46.1770000",52,GO-Damianópolis,Goiás
Periquito,3149952,VALE DO RIO DOCE,314995,Sudeste,MG,"-19.1580000\,-42.2340000",31,MG-Periquito,Minas Gerais
Santana do Ipanema,2708006,SERTAO ALAGOANO,270800,Nordeste,AL,"-9.3780000\,-37.2450000",27,AL-Santana do Ipanema,Alagoas
Modelo,4210902,OESTE CATARINENSE,421090,Sul,SC,"-26.7780000\,-53.0550000",42,SC-Modelo,Santa Catarina
Lamim,3137908,ZONA DA MATA,313790,Sudeste,MG,"-20.7900000\,-43.4740000",31,MG-Lamim,Minas Gerais
Santo Antônio do Grama,3160108,ZONA DA MATA,316010,Sudeste,MG,"-20.3140000\,-42.6090000",31,MG-Santo Antônio do Grama,Minas Gerais
Bom Jardim,3300506,CENTRO FLUMINENSE,330050,Sudeste,RJ,"-22.1520000\,-42.4190000",33,RJ-Bom Jardim,Rio de Janeiro
Deputado Irapuan Pinheiro,2304269,SERTOES CEARENSES,230426,Nordeste,CE,"-5.9170000\,-39.2680000",23,CE-Deputado Irapuan Pinheiro,Ceará
Marabá,1504208,SUDESTE PARAENSE,150420,Norte,PA,"-5.3690000\,-49.1180000",15,PA-Marabá,Pará
Paulistânia,3536570,BAURU,353657,Sudeste,SP,"-22.5780000\,-49.4030000",35,SP-Paulistânia,São Paulo
Batatais,3505906,RIBEIRAO PRETO,350590,Sudeste,SP,"-20.8910000\,-47.5850000",35,SP-Batatais,São Paulo
Barão de Cocais,3105400,METROPOLITANA DE BELO HORIZONTE,310540,Sudeste,MG,"-19.9460000\,-43.4870000",31,MG-Barão de Cocais,Minas Gerais
Ibarama,4309753,CENTRO ORIENTAL RIO-GRANDENSE,430975,Sul,RS,"-29.4190000\,-53.1350000",43,RS-Ibarama,Rio Grande do Sul
Silveira Martins,4320651,CENTRO OCIDENTAL RIO-GRANDENSE,432065,Sul,RS,"-29.6420000\,-53.5860000",43,RS-Silveira Martins,Rio Grande do Sul
Planaltino,2924900,CENTRO SUL BAIANO,292490,Nordeste,BA,"-13.2590000\,-40.3690000",29,BA-Planaltino,Bahia
Catiguá,3511201,SAO JOSE DO RIO PRETO,351120,Sudeste,SP,"-21.0490000\,-49.0580000",35,SP-Catiguá,São Paulo
Ibicaré,4206801,OESTE CATARINENSE,420680,Sul,SC,"-27.0920000\,-51.3650000",42,SC-Ibicaré,Santa Catarina
São João de Meriti,3305109,METROPOLITANA DO RIO DE JANEIRO,330510,Sudeste,RJ,"-22.8040000\,-43.3720000",33,RJ-São João de Meriti,Rio de Janeiro
Mormaço,4312427,NOROESTE RIO-GRANDENSE,431242,Sul,RS,"-28.6920000\,-52.6920000",43,RS-Mormaço,Rio Grande do Sul
Rancho Alegre,4121307,NORTE PIONEIRO PARANAENSE,412130,Sul,PR,"-23.0700000\,-50.9130000",41,PR-Rancho Alegre,Paraná
Madre de Deus de Minas,3139102,CAMPO DAS VERTENTES,313910,Sudeste,MG,"-21.4830000\,-44.3300000",31,MG-Madre de Deus de Minas,Minas Gerais
Balsa Nova,4102307,METROPOLITANA DE CURITIBA,410230,Sul,PR,"-25.5840000\,-49.6360000",41,PR-Balsa Nova,Paraná
Guaraqueçaba,4109500,METROPOLITANA DE CURITIBA,410950,Sul,PR,"-25.3070000\,-48.3290000",41,PR-Guaraqueçaba,Paraná
Pedro Leopoldo,3149309,METROPOLITANA DE BELO HORIZONTE,314930,Sudeste,MG,"-19.6180000\,-44.0430000",31,MG-Pedro Leopoldo,Minas Gerais
Novo Jardim,1715259,ORIENTAL DO TOCANTINS,171525,Norte,TO,"-11.8240000\,-46.6280000",17,TO-Novo Jardim,Tocantins
Ituiutaba,3134202,TRIANGULO MINEIRO/ALTO PARANAIBA,313420,Sudeste,MG,"-18.9690000\,-49.4650000",31,MG-Ituiutaba,Minas Gerais
São Francisco do Oeste,2411908,OESTE POTIGUAR,241190,Nordeste,RN,"-5.9750000\,-38.1520000",24,RN-São Francisco do Oeste,Rio Grande do Norte
Macatuba,3528007,BAURU,352800,Sudeste,SP,"-22.5020000\,-48.7110000",35,SP-Macatuba,São Paulo
Biritinga,2903607,NORDESTE BAIANO,290360,Nordeste,BA,"-11.6170000\,-38.8000000",29,BA-Biritinga,Bahia
Piaçabuçu,2706802,LESTE ALAGOANO,270680,Nordeste,AL,"-10.4060000\,-36.4340000",27,AL-Piaçabuçu,Alagoas
Lago do Junco,2105807,CENTRO MARANHENSE,210580,Nordeste,MA,"-4.6090000\,-45.0490000",21,MA-Lago do Junco,Maranhão
Governador Celso Ramos,4206009,GRANDE FLORIANOPOLIS,420600,Sul,SC,"-27.3150000\,-48.5590000",42,SC-Governador Celso Ramos,Santa Catarina
Nova Friburgo,3303401,CENTRO FLUMINENSE,330340,Sudeste,RJ,"-22.2820000\,-42.5310000",33,RJ-Nova Friburgo,Rio de Janeiro
Córrego do Bom Jesus,3119906,SUL/SUDOESTE DE MINAS,311990,Sudeste,MG,"-22.6300000\,-46.0200000",31,MG-Córrego do Bom Jesus,Minas Gerais
Caparaó,3112109,ZONA DA MATA,311210,Sudeste,MG,"-20.5210000\,-41.9070000",31,MG-Caparaó,Minas Gerais
Catende,2604205,MATA PERNAMBUCANA,260420,Nordeste,PE,"-8.6670000\,-35.7170000",26,PE-Catende,Pernambuco
Iguaraçu,4110003,NORTE CENTRAL PARANAENSE,411000,Sul,PR,"-23.1970000\,-51.8280000",41,PR-Iguaraçu,Paraná
Terra Boa,4127205,CENTRO OCIDENTAL PARANAENSE,412720,Sul,PR,"-23.7680000\,-52.4440000",41,PR-Terra Boa,Paraná
Caiçara do Rio do Vento,2401909,CENTRAL POTIGUAR,240190,Nordeste,RN,"-5.7600000\,-35.9980000",24,RN-Caiçara do Rio do Vento,Rio Grande do Norte
Marília,3529005,MARILIA,352900,Sudeste,SP,"-22.2140000\,-49.9460000",35,SP-Marília,São Paulo
Esperantinópolis,2104008,CENTRO MARANHENSE,210400,Nordeste,MA,"-4.8830000\,-44.6880000",21,MA-Esperantinópolis,Maranhão
Içara,4207007,SUL CATARINENSE,420700,Sul,SC,"-28.7130000\,-49.3000000",42,SC-Içara,Santa Catarina
São Pedro da União,3163904,SUL/SUDOESTE DE MINAS,316390,Sudeste,MG,"-21.1270000\,-46.6150000",31,MG-São Pedro da União,Minas Gerais
Poço Verde,2805505,AGRESTE SERGIPANO,280550,Nordeste,SE,"-10.7080000\,-38.1830000",28,SE-Poço Verde,Sergipe
Rio Claro,3304409,SUL FLUMINENSE,330440,Sudeste,RJ,"-22.7230000\,-44.1360000",33,RJ-Rio Claro,Rio de Janeiro
Mateiros,1712702,ORIENTAL DO TOCANTINS,171270,Norte,TO,"-10.5480000\,-46.4210000",17,TO-Mateiros,Tocantins
Martinópolis,3529203,PRESIDENTE PRUDENTE,352920,Sudeste,SP,"-22.1460000\,-51.1710000",35,SP-Martinópolis,São Paulo
Amaporã,4100905,NOROESTE PARANAENSE,410090,Sul,PR,"-23.0960000\,-52.7880000",41,PR-Amaporã,Paraná
Caucaia,2303709,METROPOLITANA DE FORTALEZA,230370,Nordeste,CE,"-3.7330000\,-38.6560000",23,CE-Caucaia,Ceará
Lagoa da Canoa,2704104,AGRESTE ALAGOANO,270410,Nordeste,AL,"-9.8300000\,-36.7380000",27,AL-Lagoa da Canoa,Alagoas
São Pedro do Piauí,2210508,CENTRO-NORTE PIAUIENSE,221050,Nordeste,PI,"-5.9290000\,-42.7190000",22,PI-São Pedro do Piauí,Piauí
Messias Targino,2407609,OESTE POTIGUAR,240760,Nordeste,RN,"-6.0790000\,-37.5140000",24,RN-Messias Targino,Rio Grande do Norte
Alcântara,2100204,NORTE MARANHENSE,210020,Nordeste,MA,"-2.4090000\,-44.4150000",21,MA-Alcântara,Maranhão
Santa Rita do Araguaia,5219407,SUL GOIANO,521940,Centro-Oeste,GO,"-17.3260000\,-53.2050000",52,GO-Santa Rita do Araguaia,Goiás
General Maynard,2802502,LESTE SERGIPANO,280250,Nordeste,SE,"-10.6890000\,-36.9840000",28,SE-General Maynard,Sergipe
Chiapetta,4305405,NOROESTE RIO-GRANDENSE,430540,Sul,RS,"-27.9230000\,-53.9410000",43,RS-Chiapetta,Rio Grande do Sul
Ceres,5205406,CENTRO GOIANO,520540,Centro-Oeste,GO,"-15.3080000\,-49.5980000",52,GO-Ceres,Goiás
Vale do Sol,4322533,CENTRO ORIENTAL RIO-GRANDENSE,432253,Sul,RS,"-29.6040000\,-52.6830000",43,RS-Vale do Sol,Rio Grande do Sul
Sousa,2516201,SERTAO PARAIBANO,251620,Nordeste,PB,"-6.7610000\,-38.2310000",25,PB-Sousa,Paraíba
Maracás,2920502,CENTRO SUL BAIANO,292050,Nordeste,BA,"-13.4410000\,-40.4310000",29,BA-Maracás,Bahia
Amorinópolis,5200902,CENTRO GOIANO,520090,Centro-Oeste,GO,"-16.6190000\,-51.0940000",52,GO-Amorinópolis,Goiás
Vargem Alegre,3170578,VALE DO RIO DOCE,317057,Sudeste,MG,"-19.6080000\,-42.2980000",31,MG-Vargem Alegre,Minas Gerais
Pinhão,4119301,CENTRO-SUL PARANAENSE,411930,Sul,PR,"-25.6960000\,-51.6600000",41,PR-Pinhão,Paraná
Santa Luzia D'Oeste,1100296,LESTE RONDONIENSE,110029,Norte,RO,"-11.9020000\,-61.7790000",11,RO-Santa Luzia D'Oeste,Rondônia
Itarema,2306553,NOROESTE CEARENSE,230655,Nordeste,CE,"-2.9200000\,-39.9150000",23,CE-Itarema,Ceará
Santa Luzia,2110005,OESTE MARANHENSE,211000,Nordeste,MA,"-4.0690000\,-45.6900000",21,MA-Santa Luzia,Maranhão
Igrapiúna,2913457,SUL BAIANO,291345,Nordeste,BA,"-13.8260000\,-39.1420000",29,BA-Igrapiúna,Bahia
Planaltina,5217609,LESTE GOIANO,521760,Centro-Oeste,GO,"-15.4530000\,-47.6140000",52,GO-Planaltina,Goiás
Tumiritinga,3169505,VALE DO RIO DOCE,316950,Sudeste,MG,"-18.9790000\,-41.6450000",31,MG-Tumiritinga,Minas Gerais
Piau,3150109,ZONA DA MATA,315010,Sudeste,MG,"-21.5090000\,-43.3230000",31,MG-Piau,Minas Gerais
Anhembi,3502309,BAURU,350230,Sudeste,SP,"-22.7890000\,-48.1270000",35,SP-Anhembi,São Paulo
Queimadas,2512507,AGRESTE PARAIBANO,251250,Nordeste,PB,"-7.3580000\,-35.8980000",25,PB-Queimadas,Paraíba
Santa Cruz de Salinas,3157377,NORTE DE MINAS,315737,Sudeste,MG,"-16.0980000\,-41.7460000",31,MG-Santa Cruz de Salinas,Minas Gerais
Goianápolis,5208400,CENTRO GOIANO,520840,Centro-Oeste,GO,"-16.5110000\,-49.0240000",52,GO-Goianápolis,Goiás
Braço do Norte,4202800,SUL CATARINENSE,420280,Sul,SC,"-28.2750000\,-49.1660000",42,SC-Braço do Norte,Santa Catarina
Bela Vista de Minas,3106002,METROPOLITANA DE BELO HORIZONTE,310600,Sudeste,MG,"-19.8300000\,-43.0910000",31,MG-Bela Vista de Minas,Minas Gerais
Ponto Novo,2925253,CENTRO NORTE BAIANO,292525,Nordeste,BA,"-10.8620000\,-40.1340000",29,BA-Ponto Novo,Bahia
Fátima do Sul,5003801,SUDOESTE DE MATO GROSSO DO SUL,500380,Centro-Oeste,MS,"-22.3740000\,-54.5140000",50,MS-Fátima do Sul,Mato Grosso do Sul
Ervália,3124005,ZONA DA MATA,312400,Sudeste,MG,"-20.8400000\,-42.6570000",31,MG-Ervália,Minas Gerais
Governador Eugênio Barros,2104602,CENTRO MARANHENSE,210460,Nordeste,MA,"-5.3230000\,-44.2470000",21,MA-Governador Eugênio Barros,Maranhão
Lagoa do Barro do Piauí,2205565,SUDESTE PIAUIENSE,220556,Nordeste,PI,"-8.4780000\,-41.5270000",22,PI-Lagoa do Barro do Piauí,Piauí
Buriti dos Lopes,2202000,NORTE PIAUIENSE,220200,Nordeste,PI,"-3.1750000\,-41.8670000",22,PI-Buriti dos Lopes,Piauí
Mato Verde,3141009,NORTE DE MINAS,314100,Sudeste,MG,"-15.3970000\,-42.8660000",31,MG-Mato Verde,Minas Gerais
Lajeado Grande,4209458,OESTE CATARINENSE,420945,Sul,SC,"-26.8580000\,-52.5670000",42,SC-Lajeado Grande,Santa Catarina
Olinda Nova do Maranhão,2107456,NORTE MARANHENSE,210745,Nordeste,MA,"-2.9980000\,-44.9970000",21,MA-Olinda Nova do Maranhão,Maranhão
Caiapônia,5204409,SUL GOIANO,520440,Centro-Oeste,GO,"-16.9570000\,-51.8100000",52,GO-Caiapônia,Goiás
Cruzeiro do Sul,4306205,CENTRO ORIENTAL RIO-GRANDENSE,430620,Sul,RS,"-29.5130000\,-51.9850000",43,RS-Cruzeiro do Sul,Rio Grande do Sul
Parauapebas,1505536,SUDESTE PARAENSE,150553,Norte,PA,"-6.0680000\,-49.9020000",15,PA-Parauapebas,Pará
Conceição do Jacuípe,2908507,METROPOLITANA DE SALVADOR,290850,Nordeste,BA,"-12.3270000\,-38.7650000",29,BA-Conceição do Jacuípe,Bahia
Pacaraima,1400456,NORTE DE RORAIMA,140045,Norte,RR,"4.4310000\,-61.1460000",14,RR-Pacaraima,Roraima
Itaquitinga,2607802,MATA PERNAMBUCANA,260780,Nordeste,PE,"-7.6680000\,-35.1020000",26,PE-Itaquitinga,Pernambuco
Casa Branca,3510807,CAMPINAS,351080,Sudeste,SP,"-21.7740000\,-47.0860000",35,SP-Casa Branca,São Paulo
Araújos,3103900,CENTRAL MINEIRA,310390,Sudeste,MG,"-19.9480000\,-45.1660000",31,MG-Araújos,Minas Gerais
Encanto,2403301,OESTE POTIGUAR,240330,Nordeste,RN,"-6.1110000\,-38.3060000",24,RN-Encanto,Rio Grande do Norte
Almeirim,1500503,BAIXO AMAZONAS,150050,Norte,PA,"-1.5230000\,-52.5820000",15,PA-Almeirim,Pará
Nortelândia,5106000,CENTRO-SUL MATO-GROSSENSE,510600,Centro-Oeste,MT,"-14.4550000\,-56.8030000",51,MT-Nortelândia,Mato Grosso
Blumenau,4202404,VALE DO ITAJAI,420240,Sul,SC,"-26.9190000\,-49.0660000",42,SC-Blumenau,Santa Catarina
Delmiro Gouveia,2702405,SERTAO ALAGOANO,270240,Nordeste,AL,"-9.3860000\,-37.9960000",27,AL-Delmiro Gouveia,Alagoas
Jupiá,4209177,OESTE CATARINENSE,420917,Sul,SC,"-26.3980000\,-52.7280000",42,SC-Jupiá,Santa Catarina
Capitão Leônidas Marques,4104600,OESTE PARANAENSE,410460,Sul,PR,"-25.4790000\,-53.6140000",41,PR-Capitão Leônidas Marques,Paraná
Araruama,3300209,BAIXADAS,330020,Sudeste,RJ,"-22.8730000\,-42.3430000",33,RJ-Araruama,Rio de Janeiro
Missão Velha,2308401,SUL CEARENSE,230840,Nordeste,CE,"-7.2500000\,-39.1430000",23,CE-Missão Velha,Ceará
Cunha Porã,4204707,OESTE CATARINENSE,420470,Sul,SC,"-26.8940000\,-53.1680000",42,SC-Cunha Porã,Santa Catarina
Bandeira,3105202,JEQUITINHONHA,310520,Sudeste,MG,"-15.8850000\,-40.5590000",31,MG-Bandeira,Minas Gerais
Ouvidor,5215504,SUL GOIANO,521550,Centro-Oeste,GO,"-18.2340000\,-47.8390000",52,GO-Ouvidor,Goiás
Campo Alegre de Goiás,5204805,SUL GOIANO,520480,Centro-Oeste,GO,"-17.6390000\,-47.7820000",52,GO-Campo Alegre de Goiás,Goiás
Praia Grande,3541000,METROPOLITANA DE SAO PAULO,354100,Sudeste,SP,"-24.0060000\,-46.4030000",35,SP-Praia Grande,São Paulo
Francisco Badaró,3126505,JEQUITINHONHA,312650,Sudeste,MG,"-16.9930000\,-42.3520000",31,MG-Francisco Badaró,Minas Gerais
Terra Roxa,4127403,OESTE PARANAENSE,412740,Sul,PR,"-24.1570000\,-54.0970000",41,PR-Terra Roxa,Paraná
Murutinga do Sul,3532108,ARACATUBA,353210,Sudeste,SP,"-20.9930000\,-51.2780000",35,SP-Murutinga do Sul,São Paulo
Santa Terezinha,5107776,NORDESTE MATO-GROSSENSE,510777,Centro-Oeste,MT,"-10.4700000\,-50.5030000",51,MT-Santa Terezinha,Mato Grosso
Vitória Brasil,3556958,SAO JOSE DO RIO PRETO,355695,Sudeste,SP,"-20.1970000\,-50.4840000",35,SP-Vitória Brasil,São Paulo
Santa Inês,2513356,SERTAO PARAIBANO,251335,Nordeste,PB,"-7.6210000\,-38.5540000",25,PB-Santa Inês,Paraíba
São José da Laje,2708303,LESTE ALAGOANO,270830,Nordeste,AL,"-9.0100000\,-36.0580000",27,AL-São José da Laje,Alagoas
Brejo do Cruz,2502805,SERTAO PARAIBANO,250280,Nordeste,PB,"-6.3490000\,-37.4980000",25,PB-Brejo do Cruz,Paraíba
Umbaúba,2807600,LESTE SERGIPANO,280760,Nordeste,SE,"-11.3830000\,-37.6580000",28,SE-Umbaúba,Sergipe
Congonhal,3117900,SUL/SUDOESTE DE MINAS,311790,Sudeste,MG,"-22.1530000\,-46.0390000",31,MG-Congonhal,Minas Gerais
Palmeira dos Índios,2706307,AGRESTE ALAGOANO,270630,Nordeste,AL,"-9.4070000\,-36.6280000",27,AL-Palmeira dos Índios,Alagoas
Vitória de Santo Antão,2616407,MATA PERNAMBUCANA,261640,Nordeste,PE,"-8.1180000\,-35.2910000",26,PE-Vitória de Santo Antão,Pernambuco
Balneário Gaivota,4202073,SUL CATARINENSE,420207,Sul,SC,"-29.1570000\,-49.5790000",42,SC-Balneário Gaivota,Santa Catarina
Sapé,2515302,MATA PARAIBANA,251530,Nordeste,PB,"-7.0950000\,-35.2330000",25,PB-Sapé,Paraíba
Acorizal,5100102,CENTRO-SUL MATO-GROSSENSE,510010,Centro-Oeste,MT,"-15.2050000\,-56.3660000",51,MT-Acorizal,Mato Grosso
Atalaia,4102208,NORTE CENTRAL PARANAENSE,410220,Sul,PR,"-23.1510000\,-52.0540000",41,PR-Atalaia,Paraná
Sapiranga,4319901,METROPOLITANA DE PORTO ALEGRE,431990,Sul,RS,"-29.6380000\,-51.0070000",43,RS-Sapiranga,Rio Grande do Sul
Mirante do Paranapanema,3530201,PRESIDENTE PRUDENTE,353020,Sudeste,SP,"-22.2920000\,-51.9060000",35,SP-Mirante do Paranapanema,São Paulo
Uruará,1508159,SUDOESTE PARAENSE,150815,Norte,PA,"-3.7180000\,-53.7370000",15,PA-Uruará,Pará
Curvelo,3120904,CENTRAL MINEIRA,312090,Sudeste,MG,"-18.7560000\,-44.4310000",31,MG-Curvelo,Minas Gerais
Faxinal do Soturno,4308003,CENTRO OCIDENTAL RIO-GRANDENSE,430800,Sul,RS,"-29.5750000\,-53.4450000",43,RS-Faxinal do Soturno,Rio Grande do Sul
Barra dos Coqueiros,2800605,LESTE SERGIPANO,280060,Nordeste,SE,"-10.9090000\,-37.0390000",28,SE-Barra dos Coqueiros,Sergipe
Santa Luzia,2513406,BORBOREMA,251340,Nordeste,PB,"-6.8720000\,-36.9190000",25,PB-Santa Luzia,Paraíba
Monte Alegre,1504802,BAIXO AMAZONAS,150480,Norte,PA,"-2.0080000\,-54.0690000",15,PA-Monte Alegre,Pará
São Borja,4318002,SUDOESTE RIO-GRANDENSE,431800,Sul,RS,"-28.6610000\,-56.0040000",43,RS-São Borja,Rio Grande do Sul
Tapiramutá,2931301,CENTRO NORTE BAIANO,293130,Nordeste,BA,"-11.8470000\,-40.7910000",29,BA-Tapiramutá,Bahia
Maraã,1302801,NORTE AMAZONENSE,130280,Norte,AM,"-1.8560000\,-65.5810000",13,AM-Maraã,Amazonas
Valparaíso de Goiás,5221858,LESTE GOIANO,522185,Centro-Oeste,GO,"-16.0660000\,-47.9790000",52,GO-Valparaíso de Goiás,Goiás
Barão,4301651,METROPOLITANA DE PORTO ALEGRE,430165,Sul,RS,"-29.3770000\,-51.4960000",43,RS-Barão,Rio Grande do Sul
Princesa,4214151,OESTE CATARINENSE,421415,Sul,SC,"-26.4420000\,-53.5980000",42,SC-Princesa,Santa Catarina
Jacutinga,3134905,SUL/SUDOESTE DE MINAS,313490,Sudeste,MG,"-22.2860000\,-46.6120000",31,MG-Jacutinga,Minas Gerais
Palmital,4117800,CENTRO-SUL PARANAENSE,411780,Sul,PR,"-24.8930000\,-52.2030000",41,PR-Palmital,Paraná
Santa Margarida,3157906,ZONA DA MATA,315790,Sudeste,MG,"-20.3840000\,-42.2510000",31,MG-Santa Margarida,Minas Gerais
Santana do Deserto,3158607,ZONA DA MATA,315860,Sudeste,MG,"-21.9500000\,-43.1660000",31,MG-Santana do Deserto,Minas Gerais
Piratini,4314605,SUDESTE RIO-GRANDENSE,431460,Sul,RS,"-31.4480000\,-53.1040000",43,RS-Piratini,Rio Grande do Sul
Alto Alegre do Maranhão,2100436,LESTE MARANHENSE,210043,Nordeste,MA,"-4.2130000\,-44.4460000",21,MA-Alto Alegre do Maranhão,Maranhão
Ermo,4205191,SUL CATARINENSE,420519,Sul,SC,"-28.9830000\,-49.6440000",42,SC-Ermo,Santa Catarina
Chapadinha,2103208,LESTE MARANHENSE,210320,Nordeste,MA,"-3.7420000\,-43.3600000",21,MA-Chapadinha,Maranhão
Umburanas,2932457,CENTRO NORTE BAIANO,293245,Nordeste,BA,"-10.7330000\,-41.3260000",29,BA-Umburanas,Bahia
Suzano,3552502,METROPOLITANA DE SAO PAULO,355250,Sudeste,SP,"-23.5430000\,-46.3110000",35,SP-Suzano,São Paulo
Balsas,2101400,SUL MARANHENSE,210140,Nordeste,MA,"-7.5330000\,-46.0360000",21,MA-Balsas,Maranhão
Sant'Ana do Livramento,4317103,SUDOESTE RIO-GRANDENSE,431710,Sul,RS,"-30.8910000\,-55.5330000",43,RS-Sant'Ana do Livramento,Rio Grande do Sul
Guará,3517703,RIBEIRAO PRETO,351770,Sudeste,SP,"-20.4280000\,-47.8240000",35,SP-Guará,São Paulo
Fartura do Piauí,2203750,SUDOESTE PIAUIENSE,220375,Nordeste,PI,"-9.4840000\,-42.7910000",22,PI-Fartura do Piauí,Piauí
Marilac,3140100,VALE DO RIO DOCE,314010,Sudeste,MG,"-18.5080000\,-42.0840000",31,MG-Marilac,Minas Gerais
Nova União,3136603,METROPOLITANA DE BELO HORIZONTE,313660,Sudeste,MG,"-19.6900000\,-43.5800000",31,MG-Nova União,Minas Gerais
Paulino Neves,2108058,NORTE MARANHENSE,210805,Nordeste,MA,"-2.7190000\,-42.5330000",21,MA-Paulino Neves,Maranhão
Rio Grande,4315602,SUDESTE RIO-GRANDENSE,431560,Sul,RS,"-32.0350000\,-52.0990000",43,RS-Rio Grande,Rio Grande do Sul
Miracema do Tocantins,1713205,OCIDENTAL DO TOCANTINS,171320,Norte,TO,"-9.5670000\,-48.3920000",17,TO-Miracema do Tocantins,Tocantins
Lindóia do Sul,4209854,OESTE CATARINENSE,420985,Sul,SC,"-27.0530000\,-52.0670000",42,SC-Lindóia do Sul,Santa Catarina
Novo Acordo,1715101,ORIENTAL DO TOCANTINS,171510,Norte,TO,"-9.9630000\,-47.6770000",17,TO-Novo Acordo,Tocantins
Juazeiro,2918407,VALE SAO-FRANCISCANO DA BAHIA,291840,Nordeste,BA,"-9.4140000\,-40.5030000",29,BA-Juazeiro,Bahia
Antonina,4101200,METROPOLITANA DE CURITIBA,410120,Sul,PR,"-25.4290000\,-48.7120000",41,PR-Antonina,Paraná
Campo Formoso,2906006,CENTRO NORTE BAIANO,290600,Nordeste,BA,"-10.5090000\,-40.3210000",29,BA-Campo Formoso,Bahia
Imbituva,4110102,SUDESTE PARANAENSE,411010,Sul,PR,"-25.2300000\,-50.6040000",41,PR-Imbituva,Paraná
Goiabeira,3127370,VALE DO RIO DOCE,312737,Sudeste,MG,"-18.9820000\,-41.2230000",31,MG-Goiabeira,Minas Gerais
Jaqueira,2607950,MATA PERNAMBUCANA,260795,Nordeste,PE,"-8.7270000\,-35.7930000",26,PE-Jaqueira,Pernambuco
Morro do Chapéu do Piauí,2206670,NORTE PIAUIENSE,220667,Nordeste,PI,"-3.7430000\,-42.3120000",22,PI-Morro do Chapéu do Piauí,Piauí
Cataguases,3115300,ZONA DA MATA,311530,Sudeste,MG,"-21.3890000\,-42.6970000",31,MG-Cataguases,Minas Gerais
Mundo Novo,2922102,CENTRO NORTE BAIANO,292210,Nordeste,BA,"-11.8590000\,-40.4720000",29,BA-Mundo Novo,Bahia
Doresópolis,3123403,OESTE DE MINAS,312340,Sudeste,MG,"-20.2870000\,-45.9030000",31,MG-Doresópolis,Minas Gerais
Caldas,3110301,SUL/SUDOESTE DE MINAS,311030,Sudeste,MG,"-21.9240000\,-46.3860000",31,MG-Caldas,Minas Gerais
Porto Firme,3152303,ZONA DA MATA,315230,Sudeste,MG,"-20.6730000\,-43.0840000",31,MG-Porto Firme,Minas Gerais
Araguacema,1701903,OCIDENTAL DO TOCANTINS,170190,Norte,TO,"-8.8040000\,-49.5560000",17,TO-Araguacema,Tocantins
São Domingos,2928950,NORDESTE BAIANO,292895,Nordeste,BA,"-11.5030000\,-39.5420000",29,BA-São Domingos,Bahia
Couto de Magalhães de Minas,3120102,JEQUITINHONHA,312010,Sudeste,MG,"-18.0710000\,-43.4710000",31,MG-Couto de Magalhães de Minas,Minas Gerais
Cedro,2303808,CENTRO-SUL CEARENSE,230380,Nordeste,CE,"-6.6070000\,-39.0620000",23,CE-Cedro,Ceará
Morro Agudo de Goiás,5213855,CENTRO GOIANO,521385,Centro-Oeste,GO,"-15.3210000\,-50.0570000",52,GO-Morro Agudo de Goiás,Goiás
Martinópole,2307908,NOROESTE CEARENSE,230790,Nordeste,CE,"-3.2260000\,-40.6970000",23,CE-Martinópole,Ceará
São Benedito do Sul,2612901,MATA PERNAMBUCANA,261290,Nordeste,PE,"-8.8080000\,-35.9520000",26,PE-São Benedito do Sul,Pernambuco
Malhada,2920205,CENTRO SUL BAIANO,292020,Nordeste,BA,"-14.3360000\,-43.7740000",29,BA-Malhada,Bahia
Anhumas,3502408,PRESIDENTE PRUDENTE,350240,Sudeste,SP,"-22.2950000\,-51.3870000",35,SP-Anhumas,São Paulo
Jaborandi,3524204,RIBEIRAO PRETO,352420,Sudeste,SP,"-20.6880000\,-48.4130000",35,SP-Jaborandi,São Paulo
Ponto dos Volantes,3152170,JEQUITINHONHA,315217,Sudeste,MG,"-16.7530000\,-41.5040000",31,MG-Ponto dos Volantes,Minas Gerais
Marechal Cândido Rondon,4114609,OESTE PARANAENSE,411460,Sul,PR,"-24.5560000\,-54.0570000",41,PR-Marechal Cândido Rondon,Paraná
Luisburgo,3138674,ZONA DA MATA,313867,Sudeste,MG,"-20.4400000\,-42.1030000",31,MG-Luisburgo,Minas Gerais
São Miguel de Taipu,2515005,MATA PARAIBANA,251500,Nordeste,PB,"-7.2500000\,-35.2100000",25,PB-São Miguel de Taipu,Paraíba
Potim,3540754,VALE DO PARAIBA PAULISTA,354075,Sudeste,SP,"-22.8430000\,-45.2510000",35,SP-Potim,São Paulo
Victor Graeff,4323200,NOROESTE RIO-GRANDENSE,432320,Sul,RS,"-28.5600000\,-52.7480000",43,RS-Victor Graeff,Rio Grande do Sul
Balneário Pinhal,4301636,METROPOLITANA DE PORTO ALEGRE,430163,Sul,RS,"-30.2470000\,-50.2330000",43,RS-Balneário Pinhal,Rio Grande do Sul
Cruzeiro do Iguaçu,4106571,SUDOESTE PARANAENSE,410657,Sul,PR,"-25.6160000\,-53.1280000",41,PR-Cruzeiro do Iguaçu,Paraná
Américo de Campos,3501806,SAO JOSE DO RIO PRETO,350180,Sudeste,SP,"-20.2990000\,-49.7320000",35,SP-Américo de Campos,São Paulo
Cruzília,3120805,SUL/SUDOESTE DE MINAS,312080,Sudeste,MG,"-21.8390000\,-44.8080000",31,MG-Cruzília,Minas Gerais
Jacareí,3524402,VALE DO PARAIBA PAULISTA,352440,Sudeste,SP,"-23.3050000\,-45.9660000",35,SP-Jacareí,São Paulo
Coronel Macedo,3512605,ITAPETININGA,351260,Sudeste,SP,"-23.6310000\,-49.3140000",35,SP-Coronel Macedo,São Paulo
Roncador,4122503,CENTRO OCIDENTAL PARANAENSE,412250,Sul,PR,"-24.6030000\,-52.2750000",41,PR-Roncador,Paraná
Maria da Fé,3139904,SUL/SUDOESTE DE MINAS,313990,Sudeste,MG,"-22.3080000\,-45.3750000",31,MG-Maria da Fé,Minas Gerais
Severínia,3551900,SAO JOSE DO RIO PRETO,355190,Sudeste,SP,"-20.8090000\,-48.8030000",35,SP-Severínia,São Paulo
São Domingos do Capim,1507201,NORDESTE PARAENSE,150720,Norte,PA,"-1.6750000\,-47.7750000",15,PA-São Domingos do Capim,Pará
Itarana,3202900,CENTRAL ESPIRITO-SANTENSE,320290,Sudeste,ES,"-19.8740000\,-40.8750000",32,ES-Itarana,Espírito Santo
Formosa,5208004,LESTE GOIANO,520800,Centro-Oeste,GO,"-15.5370000\,-47.3340000",52,GO-Formosa,Goiás
Maracajá,4210407,SUL CATARINENSE,421040,Sul,SC,"-28.8470000\,-49.4530000",42,SC-Maracajá,Santa Catarina
Mariópolis,4115309,SUDOESTE PARANAENSE,411530,Sul,PR,"-26.3550000\,-52.5590000",41,PR-Mariópolis,Paraná
Paracuru,2310209,NORTE CEARENSE,231020,Nordeste,CE,"-3.4100000\,-39.0310000",23,CE-Paracuru,Ceará
Bom Jesus do Tocantins,1703305,ORIENTAL DO TOCANTINS,170330,Norte,TO,"-8.9650000\,-48.1660000",17,TO-Bom Jesus do Tocantins,Tocantins
Nova Mamoré,1100338,MADEIRA-GUAPORE,110033,Norte,RO,"-10.4110000\,-65.3310000",11,RO-Nova Mamoré,Rondônia
Vargem Grande do Sul,3556404,CAMPINAS,355640,Sudeste,SP,"-21.8320000\,-46.8940000",35,SP-Vargem Grande do Sul,São Paulo
Vista Alegre do Alto,3556909,RIBEIRAO PRETO,355690,Sudeste,SP,"-21.1710000\,-48.6290000",35,SP-Vista Alegre do Alto,São Paulo
Portão,4314803,METROPOLITANA DE PORTO ALEGRE,431480,Sul,RS,"-29.7020000\,-51.2420000",43,RS-Portão,Rio Grande do Sul
Senador Rui Palmeira,2708956,SERTAO ALAGOANO,270895,Nordeste,AL,"-9.3540000\,-37.5070000",27,AL-Senador Rui Palmeira,Alagoas
Oiapoque,1600501,NORTE DO AMAPA,160050,Norte,AP,"3.8430000\,-51.8350000",16,AP-Oiapoque,Amapá
Curral de Dentro,3120870,NORTE DE MINAS,312087,Sudeste,MG,"-15.9380000\,-41.8440000",31,MG-Curral de Dentro,Minas Gerais
São João da Fronteira,2209872,NORTE PIAUIENSE,220987,Nordeste,PI,"-3.9560000\,-41.2580000",22,PI-São João da Fronteira,Piauí
Santa Luzia,3157807,METROPOLITANA DE BELO HORIZONTE,315780,Sudeste,MG,"-19.7700000\,-43.8510000",31,MG-Santa Luzia,Minas Gerais
Saltinho,3545159,PIRACICABA,354515,Sudeste,SP,"-22.8470000\,-47.6770000",35,SP-Saltinho,São Paulo
São Leopoldo,4318705,METROPOLITANA DE PORTO ALEGRE,431870,Sul,RS,"-29.7600000\,-51.1470000",43,RS-São Leopoldo,Rio Grande do Sul
Nova Iorque,2107308,LESTE MARANHENSE,210730,Nordeste,MA,"-6.7340000\,-44.0440000",21,MA-Nova Iorque,Maranhão
Valença do Piauí,2211308,CENTRO-NORTE PIAUIENSE,221130,Nordeste,PI,"-6.4080000\,-41.7460000",22,PI-Valença do Piauí,Piauí
Claro dos Poções,3116506,NORTE DE MINAS,311650,Sudeste,MG,"-17.0800000\,-44.2090000",31,MG-Claro dos Poções,Minas Gerais
Franco da Rocha,3516408,METROPOLITANA DE SAO PAULO,351640,Sudeste,SP,"-23.3220000\,-46.7270000",35,SP-Franco da Rocha,São Paulo
Tupiratins,1721307,OCIDENTAL DO TOCANTINS,172130,Norte,TO,"-8.3940000\,-48.1160000",17,TO-Tupiratins,Tocantins
Serrinha,2930501,NORDESTE BAIANO,293050,Nordeste,BA,"-11.6640000\,-39.0080000",29,BA-Serrinha,Bahia
São Vicente do Seridó,2515401,BORBOREMA,251540,Nordeste,PB,"-6.9340000\,-36.4020000",25,PB-São Vicente do Seridó,Paraíba
Gaurama,4308706,NOROESTE RIO-GRANDENSE,430870,Sul,RS,"-27.5840000\,-52.0940000",43,RS-Gaurama,Rio Grande do Sul
Araquari,4201307,NORTE CATARINENSE,420130,Sul,SC,"-26.3700000\,-48.7220000",42,SC-Araquari,Santa Catarina
Silveirânia,3167301,ZONA DA MATA,316730,Sudeste,MG,"-21.1590000\,-43.2150000",31,MG-Silveirânia,Minas Gerais
Gentio do Ouro,2911303,CENTRO NORTE BAIANO,291130,Nordeste,BA,"-11.4290000\,-42.5060000",29,BA-Gentio do Ouro,Bahia
Fonte Boa,1301605,SUDOESTE AMAZONENSE,130160,Norte,AM,"-2.5140000\,-66.0920000",13,AM-Fonte Boa,Amazonas
Ibirapuitã,4309951,NOROESTE RIO-GRANDENSE,430995,Sul,RS,"-28.6240000\,-52.5110000",43,RS-Ibirapuitã,Rio Grande do Sul
Ponta Porã,5006606,SUDOESTE DE MATO GROSSO DO SUL,500660,Centro-Oeste,MS,"-22.5360000\,-55.7260000",50,MS-Ponta Porã,Mato Grosso do Sul
Batalha,2700706,SERTAO ALAGOANO,270070,Nordeste,AL,"-9.6780000\,-37.1250000",27,AL-Batalha,Alagoas
Patrocínio Paulista,3536307,RIBEIRAO PRETO,353630,Sudeste,SP,"-20.6390000\,-47.2820000",35,SP-Patrocínio Paulista,São Paulo
Alfenas,3101607,SUL/SUDOESTE DE MINAS,310160,Sudeste,MG,"-21.4290000\,-45.9470000",31,MG-Alfenas,Minas Gerais
Riachão,2512747,AGRESTE PARAIBANO,251274,Nordeste,PB,"-6.5500000\,-35.6460000",25,PB-Riachão,Paraíba
Boa Esperança do Iguaçu,4103024,SUDOESTE PARANAENSE,410302,Sul,PR,"-25.6360000\,-53.2120000",41,PR-Boa Esperança do Iguaçu,Paraná
São José,4216602,GRANDE FLORIANOPOLIS,421660,Sul,SC,"-27.6150000\,-48.6280000",42,SC-São José,Santa Catarina
Itumbiara,5211503,SUL GOIANO,521150,Centro-Oeste,GO,"-18.4200000\,-49.2180000",52,GO-Itumbiara,Goiás
Pitimbu,2511905,MATA PARAIBANA,251190,Nordeste,PB,"-7.4710000\,-34.8090000",25,PB-Pitimbu,Paraíba
São Miguel do Oeste,4217204,OESTE CATARINENSE,421720,Sul,SC,"-26.7250000\,-53.5180000",42,SC-São Miguel do Oeste,Santa Catarina
Rio Manso,3155306,METROPOLITANA DE BELO HORIZONTE,315530,Sudeste,MG,"-20.2650000\,-44.3080000",31,MG-Rio Manso,Minas Gerais
Iguaba Grande,3301876,BAIXADAS,330187,Sudeste,RJ,"-22.8390000\,-42.2290000",33,RJ-Iguaba Grande,Rio de Janeiro
Rondolândia,5107578,NORTE MATO-GROSSENSE,510757,Centro-Oeste,MT,"-10.8380000\,-61.4710000",51,MT-Rondolândia,Mato Grosso
Virgem da Lapa,3171600,JEQUITINHONHA,317160,Sudeste,MG,"-16.8040000\,-42.3430000",31,MG-Virgem da Lapa,Minas Gerais
Campinaçu,5204656,NORTE GOIANO,520465,Centro-Oeste,GO,"-13.7900000\,-48.5710000",52,GO-Campinaçu,Goiás
Rio Casca,3154903,ZONA DA MATA,315490,Sudeste,MG,"-20.2260000\,-42.6510000",31,MG-Rio Casca,Minas Gerais
Tigrinhos,4217956,OESTE CATARINENSE,421795,Sul,SC,"-26.6880000\,-53.1580000",42,SC-Tigrinhos,Santa Catarina
João Costa,2205359,SUDESTE PIAUIENSE,220535,Nordeste,PI,"-8.5110000\,-42.4140000",22,PI-João Costa,Piauí
Barro Alto,5203203,CENTRO GOIANO,520320,Centro-Oeste,GO,"-14.9710000\,-48.9160000",52,GO-Barro Alto,Goiás
Laranjal,3138005,ZONA DA MATA,313800,Sudeste,MG,"-21.3740000\,-42.4770000",31,MG-Laranjal,Minas Gerais
Pilar de Goiás,5216908,CENTRO GOIANO,521690,Centro-Oeste,GO,"-14.7640000\,-49.5780000",52,GO-Pilar de Goiás,Goiás
Santana dos Garrotes,2513604,SERTAO PARAIBANO,251360,Nordeste,PB,"-7.3840000\,-37.9860000",25,PB-Santana dos Garrotes,Paraíba
Pacaembu,3534906,PRESIDENTE PRUDENTE,353490,Sudeste,SP,"-21.5620000\,-51.2610000",35,SP-Pacaembu,São Paulo
Mauriti,2308104,SUL CEARENSE,230810,Nordeste,CE,"-7.3890000\,-38.7740000",23,CE-Mauriti,Ceará
Pereira Barreto,3537404,ARACATUBA,353740,Sudeste,SP,"-20.6380000\,-51.1090000",35,SP-Pereira Barreto,São Paulo
Novo Aripuanã,1303304,SUL AMAZONENSE,130330,Norte,AM,"-5.1210000\,-60.3800000",13,AM-Novo Aripuanã,Amazonas
Santa Fé do Sul,3546603,SAO JOSE DO RIO PRETO,354660,Sudeste,SP,"-20.2110000\,-50.9260000",35,SP-Santa Fé do Sul,São Paulo
Buíque,2602803,AGRESTE PERNAMBUCANO,260280,Nordeste,PE,"-8.6230000\,-37.1560000",26,PE-Buíque,Pernambuco
Frederico Westphalen,4308508,NOROESTE RIO-GRANDENSE,430850,Sul,RS,"-27.3590000\,-53.3940000",43,RS-Frederico Westphalen,Rio Grande do Sul
Queimados,3304144,METROPOLITANA DO RIO DE JANEIRO,330414,Sudeste,RJ,"-22.7160000\,-43.5550000",33,RJ-Queimados,Rio de Janeiro
Rosário da Limeira,3156452,ZONA DA MATA,315645,Sudeste,MG,"-20.9790000\,-42.5120000",31,MG-Rosário da Limeira,Minas Gerais
Marilena,4115002,NOROESTE PARANAENSE,411500,Sul,PR,"-22.7360000\,-53.0400000",41,PR-Marilena,Paraná
Alto Taquari,5100607,SUDESTE MATO-GROSSENSE,510060,Centro-Oeste,MT,"-17.8260000\,-53.2820000",51,MT-Alto Taquari,Mato Grosso
Telêmaco Borba,4127106,CENTRO ORIENTAL PARANAENSE,412710,Sul,PR,"-24.3240000\,-50.6160000",41,PR-Telêmaco Borba,Paraná
Fruta de Leite,3127073,NORTE DE MINAS,312707,Sudeste,MG,"-16.1310000\,-42.5330000",31,MG-Fruta de Leite,Minas Gerais
Taquaral de Goiás,5221007,CENTRO GOIANO,522100,Centro-Oeste,GO,"-16.0540000\,-49.6060000",52,GO-Taquaral de Goiás,Goiás
Capinzal do Norte,2102754,LESTE MARANHENSE,210275,Nordeste,MA,"-4.7280000\,-44.3270000",21,MA-Capinzal do Norte,Maranhão
Alto Bela Vista,4200754,OESTE CATARINENSE,420075,Sul,SC,"-27.4580000\,-51.8790000",42,SC-Alto Bela Vista,Santa Catarina
Selvíria,5007802,LESTE DE MATO GROSSO DO SUL,500780,Centro-Oeste,MS,"-20.3670000\,-51.4190000",50,MS-Selvíria,Mato Grosso do Sul
Unistalda,4322376,CENTRO OCIDENTAL RIO-GRANDENSE,432237,Sul,RS,"-29.0470000\,-55.1500000",43,RS-Unistalda,Rio Grande do Sul
Alterosa,3102001,SUL/SUDOESTE DE MINAS,310200,Sudeste,MG,"-21.2490000\,-46.1430000",31,MG-Alterosa,Minas Gerais
Bananeiras,2501500,AGRESTE PARAIBANO,250150,Nordeste,PB,"-6.7500000\,-35.6330000",25,PB-Bananeiras,Paraíba
Santa Helena,4123501,OESTE PARANAENSE,412350,Sul,PR,"-24.8600000\,-54.3330000",41,PR-Santa Helena,Paraná
Andrelândia,3102803,SUL/SUDOESTE DE MINAS,310280,Sudeste,MG,"-21.7400000\,-44.3090000",31,MG-Andrelândia,Minas Gerais
Cerrito,4305124,SUDESTE RIO-GRANDENSE,430512,Sul,RS,"-31.8560000\,-52.8130000",43,RS-Cerrito,Rio Grande do Sul
Maturéia,2509396,SERTAO PARAIBANO,250939,Nordeste,PB,"-7.2670000\,-37.3510000",25,PB-Maturéia,Paraíba
Tenório,2516755,BORBOREMA,251675,Nordeste,PB,"-6.9420000\,-36.6290000",25,PB-Tenório,Paraíba
Redenção da Serra,3542305,VALE DO PARAIBA PAULISTA,354230,Sudeste,SP,"-23.2670000\,-45.5370000",35,SP-Redenção da Serra,São Paulo
Quebrangulo,2707602,AGRESTE ALAGOANO,270760,Nordeste,AL,"-9.3190000\,-36.4710000",27,AL-Quebrangulo,Alagoas
Imbituba,4207304,SUL CATARINENSE,420730,Sul,SC,"-28.2400000\,-48.6700000",42,SC-Imbituba,Santa Catarina
Rianápolis,5218706,CENTRO GOIANO,521870,Centro-Oeste,GO,"-15.4470000\,-49.5100000",52,GO-Rianápolis,Goiás
Itaipulândia,4110953,OESTE PARANAENSE,411095,Sul,PR,"-25.1370000\,-54.3020000",41,PR-Itaipulândia,Paraná
Arroio do Sal,4301057,METROPOLITANA DE PORTO ALEGRE,430105,Sul,RS,"-29.5510000\,-49.8890000",43,RS-Arroio do Sal,Rio Grande do Sul
Avelinópolis,5202809,CENTRO GOIANO,520280,Centro-Oeste,GO,"-16.4660000\,-49.7580000",52,GO-Avelinópolis,Goiás
Taguatinga,1720903,ORIENTAL DO TOCANTINS,172090,Norte,TO,"-12.4040000\,-46.4360000",17,TO-Taguatinga,Tocantins
Luís Correia,2205706,NORTE PIAUIENSE,220570,Nordeste,PI,"-2.8790000\,-41.6670000",22,PI-Luís Correia,Piauí
Santa Cruz de Monte Castelo,4123303,NOROESTE PARANAENSE,412330,Sul,PR,"-22.9530000\,-53.2970000",41,PR-Santa Cruz de Monte Castelo,Paraná
Trombudo Central,4218608,VALE DO ITAJAI,421860,Sul,SC,"-27.2990000\,-49.7900000",42,SC-Trombudo Central,Santa Catarina
Patrocínio do Muriaé,3148202,ZONA DA MATA,314820,Sudeste,MG,"-21.1530000\,-42.2150000",31,MG-Patrocínio do Muriaé,Minas Gerais
Itapirapuã,5211008,NOROESTE GOIANO,521100,Centro-Oeste,GO,"-15.8230000\,-50.6130000",52,GO-Itapirapuã,Goiás
Jacareacanga,1503754,SUDOESTE PARAENSE,150375,Norte,PA,"-6.2240000\,-57.7540000",15,PA-Jacareacanga,Pará
Firminópolis,5207808,CENTRO GOIANO,520780,Centro-Oeste,GO,"-16.5820000\,-50.3050000",52,GO-Firminópolis,Goiás
São Bento do Tocantins,1720101,OCIDENTAL DO TOCANTINS,172010,Norte,TO,"-5.9150000\,-48.0600000",17,TO-São Bento do Tocantins,Tocantins
Capivari,3510401,PIRACICABA,351040,Sudeste,SP,"-22.9950000\,-47.5080000",35,SP-Capivari,São Paulo
Araçoiaba da Serra,3502903,MACRO METROPOLITANA PAULISTA,350290,Sudeste,SP,"-23.5050000\,-47.6140000",35,SP-Araçoiaba da Serra,São Paulo
Santa Cruz dos Milagres,2209153,CENTRO-NORTE PIAUIENSE,220915,Nordeste,PI,"-5.8040000\,-41.9560000",22,PI-Santa Cruz dos Milagres,Piauí
Zabelê,2517407,BORBOREMA,251740,Nordeste,PB,"-8.0760000\,-37.0980000",25,PB-Zabelê,Paraíba
Magalhães Barata,1504109,NORDESTE PARAENSE,150410,Norte,PA,"-0.7950000\,-47.5980000",15,PA-Magalhães Barata,Pará
Arame,2100956,CENTRO MARANHENSE,210095,Nordeste,MA,"-4.7330000\,-45.9080000",21,MA-Arame,Maranhão
Cruzmaltina,4106852,NORTE CENTRAL PARANAENSE,410685,Sul,PR,"-24.0130000\,-51.4590000",41,PR-Cruzmaltina,Paraná
São Francisco de Goiás,5219902,CENTRO GOIANO,521990,Centro-Oeste,GO,"-15.9310000\,-49.2610000",52,GO-São Francisco de Goiás,Goiás
Maracaju,5005400,SUDOESTE DE MATO GROSSO DO SUL,500540,Centro-Oeste,MS,"-21.6140000\,-55.1680000",50,MS-Maracaju,Mato Grosso do Sul
Santa Bárbara do Tugúrio,3157302,CAMPO DAS VERTENTES,315730,Sudeste,MG,"-21.2460000\,-43.5590000",31,MG-Santa Bárbara do Tugúrio,Minas Gerais
Governador Jorge Teixeira,1101005,LESTE RONDONIENSE,110100,Norte,RO,"-10.6100000\,-62.7370000",11,RO-Governador Jorge Teixeira,Rondônia
Sapucaí-Mirim,3165404,SUL/SUDOESTE DE MINAS,316540,Sudeste,MG,"-22.7480000\,-45.7430000",31,MG-Sapucaí-Mirim,Minas Gerais
Ipixuna,1301803,SUDOESTE AMAZONENSE,130180,Norte,AM,"-7.0510000\,-71.6950000",13,AM-Ipixuna,Amazonas
Jacaraú,2507309,MATA PARAIBANA,250730,Nordeste,PB,"-6.6120000\,-35.2930000",25,PB-Jacaraú,Paraíba
Várzea Nova,2933158,CENTRO NORTE BAIANO,293315,Nordeste,BA,"-11.2590000\,-40.9420000",29,BA-Várzea Nova,Bahia
Ariranha,3503703,SAO JOSE DO RIO PRETO,350370,Sudeste,SP,"-21.1880000\,-48.7870000",35,SP-Ariranha,São Paulo
Chapada da Natividade,1705102,ORIENTAL DO TOCANTINS,170510,Norte,TO,"-11.6170000\,-47.7510000",17,TO-Chapada da Natividade,Tocantins
Vianópolis,5222005,SUL GOIANO,522200,Centro-Oeste,GO,"-16.7420000\,-48.5160000",52,GO-Vianópolis,Goiás
Venha-Ver,2414753,OESTE POTIGUAR,241475,Nordeste,RN,"-6.3260000\,-38.4840000",24,RN-Venha-Ver,Rio Grande do Norte
Algodão de Jandaíra,2500577,AGRESTE PARAIBANO,250057,Nordeste,PB,"-6.8160000\,-35.9220000",25,PB-Algodão de Jandaíra,Paraíba
Diamantino,5103502,NORTE MATO-GROSSENSE,510350,Centro-Oeste,MT,"-14.4090000\,-56.4460000",51,MT-Diamantino,Mato Grosso
Taubaté,3554102,VALE DO PARAIBA PAULISTA,355410,Sudeste,SP,"-23.0260000\,-45.5550000",35,SP-Taubaté,São Paulo
Pinhal de São Bento,4119251,SUDOESTE PARANAENSE,411925,Sul,PR,"-26.0300000\,-53.4830000",41,PR-Pinhal de São Bento,Paraná
Lages,4209300,SERRANA,420930,Sul,SC,"-27.8160000\,-50.3260000",42,SC-Lages,Santa Catarina
Populina,3540408,SAO JOSE DO RIO PRETO,354040,Sudeste,SP,"-19.9540000\,-50.5380000",35,SP-Populina,São Paulo
Novo Repartimento,1505064,SUDESTE PARAENSE,150506,Norte,PA,"-4.3310000\,-49.7960000",15,PA-Novo Repartimento,Pará
Marianópolis do Tocantins,1712504,OCIDENTAL DO TOCANTINS,171250,Norte,TO,"-9.7960000\,-49.6540000",17,TO-Marianópolis do Tocantins,Tocantins
São José da Lagoa Tapada,2514206,SERTAO PARAIBANO,251420,Nordeste,PB,"-6.9410000\,-38.1620000",25,PB-São José da Lagoa Tapada,Paraíba
Santa Vitória,3159803,TRIANGULO MINEIRO/ALTO PARANAIBA,315980,Sudeste,MG,"-18.8390000\,-50.1210000",31,MG-Santa Vitória,Minas Gerais
São Domingos do Prata,3161007,METROPOLITANA DE BELO HORIZONTE,316100,Sudeste,MG,"-19.8650000\,-42.9680000",31,MG-São Domingos do Prata,Minas Gerais
Cachoeira Grande,2102374,NORTE MARANHENSE,210237,Nordeste,MA,"-2.9270000\,-44.0580000",21,MA-Cachoeira Grande,Maranhão
Senhora de Oliveira,3166006,ZONA DA MATA,316600,Sudeste,MG,"-20.7940000\,-43.3440000",31,MG-Senhora de Oliveira,Minas Gerais
Santaluz,2928000,NORDESTE BAIANO,292800,Nordeste,BA,"-11.2560000\,-39.3750000",29,BA-Santaluz,Bahia
Glaucilândia,3127354,NORTE DE MINAS,312735,Sudeste,MG,"-16.8500000\,-43.6970000",31,MG-Glaucilândia,Minas Gerais
Tuiuti,3554953,MACRO METROPOLITANA PAULISTA,355495,Sudeste,SP,"-22.8160000\,-46.6940000",35,SP-Tuiuti,São Paulo
Feliz,4308102,METROPOLITANA DE PORTO ALEGRE,430810,Sul,RS,"-29.4510000\,-51.3060000",43,RS-Feliz,Rio Grande do Sul
Carlos Gomes,4304853,NOROESTE RIO-GRANDENSE,430485,Sul,RS,"-27.7180000\,-51.9140000",43,RS-Carlos Gomes,Rio Grande do Sul
São João de Iracema,3549250,SAO JOSE DO RIO PRETO,354925,Sudeste,SP,"-20.5130000\,-50.3520000",35,SP-São João de Iracema,São Paulo
Bom Jesus do Araguaia,5101852,NORDESTE MATO-GROSSENSE,510185,Centro-Oeste,MT,"-12.1750000\,-51.5030000",51,MT-Bom Jesus do Araguaia,Mato Grosso
Panorama,3535408,PRESIDENTE PRUDENTE,353540,Sudeste,SP,"-21.3560000\,-51.8600000",35,SP-Panorama,São Paulo
Borda da Mata,3108305,SUL/SUDOESTE DE MINAS,310830,Sudeste,MG,"-22.2740000\,-46.1650000",31,MG-Borda da Mata,Minas Gerais
Antônio Carlos,4201208,GRANDE FLORIANOPOLIS,420120,Sul,SC,"-27.5170000\,-48.7680000",42,SC-Antônio Carlos,Santa Catarina
Serra Grande,2515708,SERTAO PARAIBANO,251570,Nordeste,PB,"-7.2150000\,-38.3700000",25,PB-Serra Grande,Paraíba
Carlos Chagas,3113701,VALE DO MUCURI,311370,Sudeste,MG,"-17.7030000\,-40.7660000",31,MG-Carlos Chagas,Minas Gerais
Mortugaba,2921807,CENTRO SUL BAIANO,292180,Nordeste,BA,"-15.0230000\,-42.3680000",29,BA-Mortugaba,Bahia
Tapejara,4320909,NOROESTE RIO-GRANDENSE,432090,Sul,RS,"-28.0680000\,-52.0140000",43,RS-Tapejara,Rio Grande do Sul
Canto do Buriti,2202307,SUDOESTE PIAUIENSE,220230,Nordeste,PI,"-8.1100000\,-42.9440000",22,PI-Canto do Buriti,Piauí
Pescaria Brava,4212650,SUL CATARINENSE,421265,Sul,SC,"-28.3748000\,-48.8834000",42,SC-Pescaria Brava,Santa Catarina
Vigia,1508209,NORDESTE PARAENSE,150820,Norte,PA,"-0.8580000\,-48.1420000",15,PA-Vigia,Pará
Vacaria,4322509,NORDESTE RIO-GRANDENSE,432250,Sul,RS,"-28.5120000\,-50.9340000",43,RS-Vacaria,Rio Grande do Sul
Pindamonhangaba,3538006,VALE DO PARAIBA PAULISTA,353800,Sudeste,SP,"-22.9240000\,-45.4620000",35,SP-Pindamonhangaba,São Paulo
Caraí,3113008,JEQUITINHONHA,311300,Sudeste,MG,"-17.1890000\,-41.6950000",31,MG-Caraí,Minas Gerais
Florânia,2403806,CENTRAL POTIGUAR,240380,Nordeste,RN,"-6.1270000\,-36.8180000",24,RN-Florânia,Rio Grande do Norte
São Miguel das Missões,4319158,NOROESTE RIO-GRANDENSE,431915,Sul,RS,"-28.5630000\,-54.5540000",43,RS-São Miguel das Missões,Rio Grande do Sul
Guarabira,2506301,AGRESTE PARAIBANO,250630,Nordeste,PB,"-6.8550000\,-35.4900000",25,PB-Guarabira,Paraíba
Estreito,2104057,SUL MARANHENSE,210405,Nordeste,MA,"-6.5610000\,-47.4510000",21,MA-Estreito,Maranhão
Sooretama,3205010,LITORAL NORTE ESPIRITO-SANTENSE,320501,Sudeste,ES,"-19.1970000\,-40.0980000",32,ES-Sooretama,Espírito Santo
Córrego Fundo,3119955,OESTE DE MINAS,311995,Sudeste,MG,"-20.4490000\,-45.5550000",31,MG-Córrego Fundo,Minas Gerais
Vargem Grande Paulista,3556453,METROPOLITANA DE SAO PAULO,355645,Sudeste,SP,"-23.6030000\,-47.0260000",35,SP-Vargem Grande Paulista,São Paulo
Feira Grande,2702603,AGRESTE ALAGOANO,270260,Nordeste,AL,"-9.9000000\,-36.6780000",27,AL-Feira Grande,Alagoas
Monte do Carmo,1713601,ORIENTAL DO TOCANTINS,171360,Norte,TO,"-10.7630000\,-48.1090000",17,TO-Monte do Carmo,Tocantins
Perdizes,3149804,TRIANGULO MINEIRO/ALTO PARANAIBA,314980,Sudeste,MG,"-19.3530000\,-47.2930000",31,MG-Perdizes,Minas Gerais
Sarapuí,3551108,MACRO METROPOLITANA PAULISTA,355110,Sudeste,SP,"-23.6410000\,-47.8250000",35,SP-Sarapuí,São Paulo
Banabuiú,2301851,SERTOES CEARENSES,230185,Nordeste,CE,"-5.3100000\,-38.9210000",23,CE-Banabuiú,Ceará
Urucará,1304302,CENTRO AMAZONENSE,130430,Norte,AM,"-2.5360000\,-57.7600000",13,AM-Urucará,Amazonas
Guairaçá,4108908,NOROESTE PARANAENSE,410890,Sul,PR,"-22.9340000\,-52.6860000",41,PR-Guairaçá,Paraná
Santa Fé do Araguaia,1718865,OCIDENTAL DO TOCANTINS,171886,Norte,TO,"-7.1570000\,-48.7210000",17,TO-Santa Fé do Araguaia,Tocantins
São Rafael,2412807,OESTE POTIGUAR,241280,Nordeste,RN,"-5.7990000\,-36.9210000",24,RN-São Rafael,Rio Grande do Norte
São José da Bela Vista,3549508,RIBEIRAO PRETO,354950,Sudeste,SP,"-20.5930000\,-47.6400000",35,SP-São José da Bela Vista,São Paulo
Flexeiras,2702801,LESTE ALAGOANO,270280,Nordeste,AL,"-9.2730000\,-35.7150000",27,AL-Flexeiras,Alagoas
Maravilhas,3139706,METROPOLITANA DE BELO HORIZONTE,313970,Sudeste,MG,"-19.5160000\,-44.6760000",31,MG-Maravilhas,Minas Gerais
Dores do Turvo,3123304,ZONA DA MATA,312330,Sudeste,MG,"-20.9760000\,-43.1890000",31,MG-Dores do Turvo,Minas Gerais
Mata Grande,2705002,SERTAO ALAGOANO,270500,Nordeste,AL,"-9.1180000\,-37.7340000",27,AL-Mata Grande,Alagoas
Pedrinhas,2805109,LESTE SERGIPANO,280510,Nordeste,SE,"-11.1920000\,-37.6740000",28,SE-Pedrinhas,Sergipe
Santa Cruz,2411205,AGRESTE POTIGUAR,241120,Nordeste,RN,"-6.2290000\,-36.0230000",24,RN-Santa Cruz,Rio Grande do Norte
Porto Walter,1200393,VALE DO JURUA,120039,Norte,AC,"-8.2690000\,-72.7440000",12,AC-Porto Walter,Acre
Igarassu,2606804,METROPOLITANA DE RECIFE,260680,Nordeste,PE,"-7.8340000\,-34.9060000",26,PE-Igarassu,Pernambuco
Brumadinho,3109006,METROPOLITANA DE BELO HORIZONTE,310900,Sudeste,MG,"-20.1430000\,-44.2000000",31,MG-Brumadinho,Minas Gerais
Araruna,4101705,CENTRO OCIDENTAL PARANAENSE,410170,Sul,PR,"-23.9320000\,-52.4960000",41,PR-Araruna,Paraná
Colniza,5103254,NORTE MATO-GROSSENSE,510325,Centro-Oeste,MT,"-9.4560000\,-59.2290000",51,MT-Colniza,Mato Grosso
Varjota,2313955,NOROESTE CEARENSE,231395,Nordeste,CE,"-4.1940000\,-40.4770000",23,CE-Varjota,Ceará
Agrolândia,4200200,VALE DO ITAJAI,420020,Sul,SC,"-27.4120000\,-49.8260000",42,SC-Agrolândia,Santa Catarina
Guaraíta,5209291,CENTRO GOIANO,520929,Centro-Oeste,GO,"-15.6140000\,-50.0240000",52,GO-Guaraíta,Goiás
Rio Doce,3155009,ZONA DA MATA,315500,Sudeste,MG,"-20.2420000\,-42.9070000",31,MG-Rio Doce,Minas Gerais
Cajobi,3509304,SAO JOSE DO RIO PRETO,350930,Sudeste,SP,"-20.8800000\,-48.8090000",35,SP-Cajobi,São Paulo
Filadélfia,2910859,CENTRO NORTE BAIANO,291085,Nordeste,BA,"-10.7410000\,-40.1330000",29,BA-Filadélfia,Bahia
Abre Campo,3100302,ZONA DA MATA,310030,Sudeste,MG,"-20.3010000\,-42.4780000",31,MG-Abre Campo,Minas Gerais
São Vicente de Minas,3165305,SUL/SUDOESTE DE MINAS,316530,Sudeste,MG,"-21.7130000\,-44.4440000",31,MG-São Vicente de Minas,Minas Gerais
Cristais,3120201,OESTE DE MINAS,312020,Sudeste,MG,"-20.8760000\,-45.5190000",31,MG-Cristais,Minas Gerais
Francisco Dantas,2403905,OESTE POTIGUAR,240390,Nordeste,RN,"-6.0780000\,-38.1190000",24,RN-Francisco Dantas,Rio Grande do Norte
Rosário Oeste,5107701,CENTRO-SUL MATO-GROSSENSE,510770,Centro-Oeste,MT,"-14.8360000\,-56.4280000",51,MT-Rosário Oeste,Mato Grosso
Viçosa do Ceará,2314102,NOROESTE CEARENSE,231410,Nordeste,CE,"-3.5620000\,-41.0920000",23,CE-Viçosa do Ceará,Ceará
Tacima,2516409,AGRESTE PARAIBANO,251640,Nordeste,PB,"-6.4880000\,-35.6370000",25,PB-Tacima,Paraíba
Euclides da Cunha Paulista,3515350,PRESIDENTE PRUDENTE,351535,Sudeste,SP,"-22.5610000\,-52.5900000",35,SP-Euclides da Cunha Paulista,São Paulo
Unaí,3170404,NOROESTE DE MINAS,317040,Sudeste,MG,"-16.3580000\,-46.9060000",31,MG-Unaí,Minas Gerais
Nova Prata do Iguaçu,4117255,SUDOESTE PARANAENSE,411725,Sul,PR,"-25.6330000\,-53.3470000",41,PR-Nova Prata do Iguaçu,Paraná
Muribeca,2804300,AGRESTE SERGIPANO,280430,Nordeste,SE,"-10.4270000\,-36.9590000",28,SE-Muribeca,Sergipe
Ribeira do Amparo,2926509,NORDESTE BAIANO,292650,Nordeste,BA,"-11.0470000\,-38.4330000",29,BA-Ribeira do Amparo,Bahia
Cabeceira Grande,3109451,NOROESTE DE MINAS,310945,Sudeste,MG,"-16.0300000\,-47.0910000",31,MG-Cabeceira Grande,Minas Gerais
Afonso Bezerra,2400307,CENTRAL POTIGUAR,240030,Nordeste,RN,"-5.4980000\,-36.5060000",24,RN-Afonso Bezerra,Rio Grande do Norte
Dois Lajeados,4306452,NORDESTE RIO-GRANDENSE,430645,Sul,RS,"-28.9840000\,-51.8360000",43,RS-Dois Lajeados,Rio Grande do Sul
Canhotinho,2603702,AGRESTE PERNAMBUCANO,260370,Nordeste,PE,"-8.8820000\,-36.1910000",26,PE-Canhotinho,Pernambuco
Bela Cruz,2302305,NOROESTE CEARENSE,230230,Nordeste,CE,"-3.0510000\,-40.1680000",23,CE-Bela Cruz,Ceará
Zortéa,4219853,SERRANA,421985,Sul,SC,"-27.4510000\,-51.5550000",42,SC-Zortéa,Santa Catarina
Felisburgo,3125606,JEQUITINHONHA,312560,Sudeste,MG,"-16.6390000\,-40.7610000",31,MG-Felisburgo,Minas Gerais
Turvo,4127965,CENTRO-SUL PARANAENSE,412796,Sul,PR,"-25.0430000\,-51.5300000",41,PR-Turvo,Paraná
Terra Nova,2615201,SAO FRANCISCO PERNAMBUCANO,261520,Nordeste,PE,"-8.2300000\,-39.3760000",26,PE-Terra Nova,Pernambuco
Congonhas do Norte,3118106,METROPOLITANA DE BELO HORIZONTE,311810,Sudeste,MG,"-18.8070000\,-43.6810000",31,MG-Congonhas do Norte,Minas Gerais
Coromandel,3119302,TRIANGULO MINEIRO/ALTO PARANAIBA,311930,Sudeste,MG,"-18.4730000\,-47.2000000",31,MG-Coromandel,Minas Gerais
Miguel Alves,2206209,NORTE PIAUIENSE,220620,Nordeste,PI,"-4.1660000\,-42.8950000",22,PI-Miguel Alves,Piauí
Aparecida do Rio Doce,5201454,SUL GOIANO,520145,Centro-Oeste,GO,"-18.2990000\,-51.1450000",52,GO-Aparecida do Rio Doce,Goiás
Naviraí,5005707,SUDOESTE DE MATO GROSSO DO SUL,500570,Centro-Oeste,MS,"-23.0650000\,-54.1910000",50,MS-Naviraí,Mato Grosso do Sul
Caaporã,2503001,MATA PARAIBANA,250300,Nordeste,PB,"-7.5160000\,-34.9080000",25,PB-Caaporã,Paraíba
Buriti do Tocantins,1703800,OCIDENTAL DO TOCANTINS,170380,Norte,TO,"-5.3160000\,-48.2290000",17,TO-Buriti do Tocantins,Tocantins
Colônia do Gurguéia,2202752,SUDOESTE PIAUIENSE,220275,Nordeste,PI,"-8.1820000\,-43.7920000",22,PI-Colônia do Gurguéia,Piauí
Curitiba,4106902,METROPOLITANA DE CURITIBA,410690,Sul,PR,"-25.4280000\,-49.2730000",41,PR-Curitiba,Paraná
Barueri,3505708,METROPOLITANA DE SAO PAULO,350570,Sudeste,SP,"-23.5110000\,-46.8760000",35,SP-Barueri,São Paulo
Rio Piracicaba,3155702,METROPOLITANA DE BELO HORIZONTE,315570,Sudeste,MG,"-19.9290000\,-43.1740000",31,MG-Rio Piracicaba,Minas Gerais
Itaquara,2916708,CENTRO SUL BAIANO,291670,Nordeste,BA,"-13.4510000\,-39.9410000",29,BA-Itaquara,Bahia
Mesquita,3141702,VALE DO RIO DOCE,314170,Sudeste,MG,"-19.2230000\,-42.6070000",31,MG-Mesquita,Minas Gerais
Santo Augusto,4317806,NOROESTE RIO-GRANDENSE,431780,Sul,RS,"-27.8510000\,-53.7770000",43,RS-Santo Augusto,Rio Grande do Sul
Itaguara,3132206,METROPOLITANA DE BELO HORIZONTE,313220,Sudeste,MG,"-20.3920000\,-44.4880000",31,MG-Itaguara,Minas Gerais
Bias Fortes,3106804,ZONA DA MATA,310680,Sudeste,MG,"-21.6060000\,-43.7570000",31,MG-Bias Fortes,Minas Gerais
Baldim,3105004,METROPOLITANA DE BELO HORIZONTE,310500,Sudeste,MG,"-19.2880000\,-43.9570000",31,MG-Baldim,Minas Gerais
Cananéia,3509908,LITORAL SUL PAULISTA,350990,Sudeste,SP,"-25.0150000\,-47.9270000",35,SP-Cananéia,São Paulo
Betânia,2601805,SERTAO PERNAMBUCANO,260180,Nordeste,PE,"-8.2760000\,-38.0340000",26,PE-Betânia,Pernambuco
Cocalinho,5103106,NORDESTE MATO-GROSSENSE,510310,Centro-Oeste,MT,"-14.3970000\,-50.9960000",51,MT-Cocalinho,Mato Grosso
Cordeirópolis,3512407,PIRACICABA,351240,Sudeste,SP,"-22.4820000\,-47.4570000",35,SP-Cordeirópolis,São Paulo
Soledade,4320800,NOROESTE RIO-GRANDENSE,432080,Sul,RS,"-28.8180000\,-52.5100000",43,RS-Soledade,Rio Grande do Sul
Landri Sales,2205607,SUDOESTE PIAUIENSE,220560,Nordeste,PI,"-7.2660000\,-43.9300000",22,PI-Landri Sales,Piauí
Ribeirãozinho,5107198,SUDESTE MATO-GROSSENSE,510719,Centro-Oeste,MT,"-16.4850000\,-52.6920000",51,MT-Ribeirãozinho,Mato Grosso
Santo Antônio do Jardim,3548104,CAMPINAS,354810,Sudeste,SP,"-22.1160000\,-46.6800000",35,SP-Santo Antônio do Jardim,São Paulo
Bujari,1200138,VALE DO ACRE,120013,Norte,AC,"-9.8310000\,-67.9520000",12,AC-Bujari,Acre
São João do Tigre,2514107,BORBOREMA,251410,Nordeste,PB,"-8.0790000\,-36.8480000",25,PB-São João do Tigre,Paraíba
Guarapuava,4109401,CENTRO-SUL PARANAENSE,410940,Sul,PR,"-25.3950000\,-51.4580000",41,PR-Guarapuava,Paraná
Comodoro,5103304,NORTE MATO-GROSSENSE,510330,Centro-Oeste,MT,"-13.6630000\,-59.7860000",51,MT-Comodoro,Mato Grosso
Bela Vista de Goiás,5203302,CENTRO GOIANO,520330,Centro-Oeste,GO,"-16.9730000\,-48.9530000",52,GO-Bela Vista de Goiás,Goiás
Paranacity,4118105,NOROESTE PARANAENSE,411810,Sul,PR,"-22.9300000\,-52.1510000",41,PR-Paranacity,Paraná
Mineiros,5213103,SUL GOIANO,521310,Centro-Oeste,GO,"-17.5690000\,-52.5510000",52,GO-Mineiros,Goiás
Carneiros,2701803,SERTAO ALAGOANO,270180,Nordeste,AL,"-9.4830000\,-37.3770000",27,AL-Carneiros,Alagoas
Fortaleza,2304400,METROPOLITANA DE FORTALEZA,230440,Nordeste,CE,"-3.7170000\,-38.5430000",23,CE-Fortaleza,Ceará
Óleo,3533809,ASSIS,353380,Sudeste,SP,"-22.9410000\,-49.3420000",35,SP-Óleo,São Paulo
Sucupira do Riachão,2111953,LESTE MARANHENSE,211195,Nordeste,MA,"-6.4110000\,-43.5460000",21,MA-Sucupira do Riachão,Maranhão
Maetinga,2919959,CENTRO SUL BAIANO,291995,Nordeste,BA,"-14.6630000\,-41.4920000",29,BA-Maetinga,Bahia
Fátima,2910750,NORDESTE BAIANO,291075,Nordeste,BA,"-10.6000000\,-38.2170000",29,BA-Fátima,Bahia
Cabixi,1100031,LESTE RONDONIENSE,110003,Norte,RO,"-13.4920000\,-60.5450000",11,RO-Cabixi,Rondônia
Campo Mourão,4104303,CENTRO OCIDENTAL PARANAENSE,410430,Sul,PR,"-24.0460000\,-52.3830000",41,PR-Campo Mourão,Paraná
Capitão,4304697,CENTRO ORIENTAL RIO-GRANDENSE,430469,Sul,RS,"-29.2690000\,-51.9890000",43,RS-Capitão,Rio Grande do Sul
Riachinho,3154457,NORTE DE MINAS,315445,Sudeste,MG,"-16.2300000\,-45.9920000",31,MG-Riachinho,Minas Gerais
Itaboraí,3301900,METROPOLITANA DO RIO DE JANEIRO,330190,Sudeste,RJ,"-22.7440000\,-42.8590000",33,RJ-Itaboraí,Rio de Janeiro
Cachoeira da Prata,3109600,METROPOLITANA DE BELO HORIZONTE,310960,Sudeste,MG,"-19.5250000\,-44.4540000",31,MG-Cachoeira da Prata,Minas Gerais
Santos Dumont,3160702,ZONA DA MATA,316070,Sudeste,MG,"-21.4570000\,-43.5530000",31,MG-Santos Dumont,Minas Gerais
Wagner,2933406,CENTRO SUL BAIANO,293340,Nordeste,BA,"-12.2870000\,-41.1680000",29,BA-Wagner,Bahia
Turiúba,3555208,ARACATUBA,355520,Sudeste,SP,"-20.9330000\,-50.1080000",35,SP-Turiúba,São Paulo
Matias Barbosa,3140803,ZONA DA MATA,314080,Sudeste,MG,"-21.8690000\,-43.3190000",31,MG-Matias Barbosa,Minas Gerais
Garanhuns,2606002,AGRESTE PERNAMBUCANO,260600,Nordeste,PE,"-8.8900000\,-36.4930000",26,PE-Garanhuns,Pernambuco
São João das Duas Pontes,3549201,SAO JOSE DO RIO PRETO,354920,Sudeste,SP,"-20.3890000\,-50.3780000",35,SP-São João das Duas Pontes,São Paulo
Santa Luzia do Pará,1506559,NORDESTE PARAENSE,150655,Norte,PA,"-1.5170000\,-46.9420000",15,PA-Santa Luzia do Pará,Pará
Seberi,4320206,NOROESTE RIO-GRANDENSE,432020,Sul,RS,"-27.4780000\,-53.4030000",43,RS-Seberi,Rio Grande do Sul
Lagoa do Sítio,2205599,CENTRO-NORTE PIAUIENSE,220559,Nordeste,PI,"-6.5130000\,-41.5840000",22,PI-Lagoa do Sítio,Piauí
Santo Ângelo,4317509,NOROESTE RIO-GRANDENSE,431750,Sul,RS,"-28.2990000\,-54.2630000",43,RS-Santo Ângelo,Rio Grande do Sul
Tijucas do Sul,4127601,METROPOLITANA DE CURITIBA,412760,Sul,PR,"-25.9280000\,-49.1990000",41,PR-Tijucas do Sul,Paraná
Santa Rosa de Goiás,5219506,CENTRO GOIANO,521950,Centro-Oeste,GO,"-16.0850000\,-49.4940000",52,GO-Santa Rosa de Goiás,Goiás
Mossâmedes,5213905,CENTRO GOIANO,521390,Centro-Oeste,GO,"-16.1270000\,-50.2150000",52,GO-Mossâmedes,Goiás
Orocó,2609808,SAO FRANCISCO PERNAMBUCANO,260980,Nordeste,PE,"-8.6200000\,-39.6020000",26,PE-Orocó,Pernambuco
Amarante do Maranhão,2100600,OESTE MARANHENSE,210060,Nordeste,MA,"-5.5670000\,-46.7420000",21,MA-Amarante do Maranhão,Maranhão
Santo Amaro das Brotas,2806602,LESTE SERGIPANO,280660,Nordeste,SE,"-10.7890000\,-37.0540000",28,SE-Santo Amaro das Brotas,Sergipe
Primavera,2611408,MATA PERNAMBUCANA,261140,Nordeste,PE,"-8.3310000\,-35.3540000",26,PE-Primavera,Pernambuco
Mirassol,3530300,SAO JOSE DO RIO PRETO,353030,Sudeste,SP,"-20.8190000\,-49.5210000",35,SP-Mirassol,São Paulo
Passa Tempo,3147709,OESTE DE MINAS,314770,Sudeste,MG,"-20.6510000\,-44.4960000",31,MG-Passa Tempo,Minas Gerais
Maripá de Minas,3140209,ZONA DA MATA,314020,Sudeste,MG,"-21.6980000\,-42.9590000",31,MG-Maripá de Minas,Minas Gerais
Jampruca,3135076,VALE DO RIO DOCE,313507,Sudeste,MG,"-18.4630000\,-41.8040000",31,MG-Jampruca,Minas Gerais
Pirapozinho,3539202,PRESIDENTE PRUDENTE,353920,Sudeste,SP,"-22.2750000\,-51.5000000",35,SP-Pirapozinho,São Paulo
Aporé,5201504,SUL GOIANO,520150,Centro-Oeste,GO,"-18.9650000\,-51.9260000",52,GO-Aporé,Goiás
Ibiraiaras,4309902,NOROESTE RIO-GRANDENSE,430990,Sul,RS,"-28.3700000\,-51.6360000",43,RS-Ibiraiaras,Rio Grande do Sul
Várzea Branca,2211357,SUDOESTE PIAUIENSE,221135,Nordeste,PI,"-9.2390000\,-42.9640000",22,PI-Várzea Branca,Piauí
Frei Paulo,2802304,SERTAO SERGIPANO,280230,Nordeste,SE,"-10.5490000\,-37.5340000",28,SE-Frei Paulo,Sergipe
Águas de Lindóia,3500501,CAMPINAS,350050,Sudeste,SP,"-22.4760000\,-46.6330000",35,SP-Águas de Lindóia,São Paulo
Iepê,3519907,ASSIS,351990,Sudeste,SP,"-22.6610000\,-51.0760000",35,SP-Iepê,São Paulo
Maragogi,2704500,LESTE ALAGOANO,270450,Nordeste,AL,"-9.0120000\,-35.2220000",27,AL-Maragogi,Alagoas
Vista Alegre do Prata,4323606,NORDESTE RIO-GRANDENSE,432360,Sul,RS,"-28.8090000\,-51.7900000",43,RS-Vista Alegre do Prata,Rio Grande do Sul
Rio Maria,1506161,SUDESTE PARAENSE,150616,Norte,PA,"-7.3110000\,-50.0480000",15,PA-Rio Maria,Pará
Rafael Jambeiro,2925956,CENTRO NORTE BAIANO,292595,Nordeste,BA,"-12.4080000\,-39.5010000",29,BA-Rafael Jambeiro,Bahia
Catingueira,2504207,SERTAO PARAIBANO,250420,Nordeste,PB,"-7.1260000\,-37.6090000",25,PB-Catingueira,Paraíba
Zé Doca,2114007,OESTE MARANHENSE,211400,Nordeste,MA,"-3.2430000\,-45.8240000",21,MA-Zé Doca,Maranhão
Gameleira de Goiás,5208152,SUL GOIANO,520815,Centro-Oeste,GO,"-16.4635000\,-48.6701000",52,GO-Gameleira de Goiás,Goiás
Ipueira,2404804,CENTRAL POTIGUAR,240480,Nordeste,RN,"-6.8140000\,-37.1990000",24,RN-Ipueira,Rio Grande do Norte
Brasnorte,5101902,NORTE MATO-GROSSENSE,510190,Centro-Oeste,MT,"-12.1550000\,-57.9790000",51,MT-Brasnorte,Mato Grosso
Iracema,1400282,SUL DE RORAIMA,140028,Norte,RR,"2.1820000\,-61.0410000",14,RR-Iracema,Roraima
Abaetetuba,1500107,NORDESTE PARAENSE,150010,Norte,PA,"-1.7180000\,-48.8830000",15,PA-Abaetetuba,Pará
Japaraíba,3135308,CENTRAL MINEIRA,313530,Sudeste,MG,"-20.1410000\,-45.5030000",31,MG-Japaraíba,Minas Gerais
Machados,2609105,AGRESTE PERNAMBUCANO,260910,Nordeste,PE,"-7.6860000\,-35.5150000",26,PE-Machados,Pernambuco
Caxambu,3115508,SUL/SUDOESTE DE MINAS,311550,Sudeste,MG,"-21.9770000\,-44.9330000",31,MG-Caxambu,Minas Gerais
Tanabi,3553401,SAO JOSE DO RIO PRETO,355340,Sudeste,SP,"-20.6260000\,-49.6490000",35,SP-Tanabi,São Paulo
Rio das Ostras,3304524,BAIXADAS,330452,Sudeste,RJ,"-22.5270000\,-41.9450000",33,RJ-Rio das Ostras,Rio de Janeiro
Ererê,2304277,JAGUARIBE,230427,Nordeste,CE,"-6.0320000\,-38.3490000",23,CE-Ererê,Ceará
Orobó,2609709,AGRESTE PERNAMBUCANO,260970,Nordeste,PE,"-7.7450000\,-35.6020000",26,PE-Orobó,Pernambuco
Bequimão,2101905,NORTE MARANHENSE,210190,Nordeste,MA,"-2.4490000\,-44.7830000",21,MA-Bequimão,Maranhão
Muniz Freire,3203700,SUL ESPIRITO-SANTENSE,320370,Sudeste,ES,"-20.4640000\,-41.4130000",32,ES-Muniz Freire,Espírito Santo
São Luís de Montes Belos,5220108,CENTRO GOIANO,522010,Centro-Oeste,GO,"-16.5250000\,-50.3720000",52,GO-São Luís de Montes Belos,Goiás
Centralina,3115805,TRIANGULO MINEIRO/ALTO PARANAIBA,311580,Sudeste,MG,"-18.5840000\,-49.1990000",31,MG-Centralina,Minas Gerais
Agrestina,2600302,AGRESTE PERNAMBUCANO,260030,Nordeste,PE,"-8.4580000\,-35.9450000",26,PE-Agrestina,Pernambuco
Morrinhos,2308906,NOROESTE CEARENSE,230890,Nordeste,CE,"-3.2290000\,-40.1250000",23,CE-Morrinhos,Ceará
Entre Rios do Sul,4306957,NOROESTE RIO-GRANDENSE,430695,Sul,RS,"-27.5280000\,-52.7330000",43,RS-Entre Rios do Sul,Rio Grande do Sul
Gonçalves,3127404,SUL/SUDOESTE DE MINAS,312740,Sudeste,MG,"-22.6590000\,-45.8560000",31,MG-Gonçalves,Minas Gerais
Itanhomi,3133204,VALE DO RIO DOCE,313320,Sudeste,MG,"-19.1720000\,-41.8650000",31,MG-Itanhomi,Minas Gerais
São Luiz do Norte,5220157,CENTRO GOIANO,522015,Centro-Oeste,GO,"-14.8630000\,-49.3290000",52,GO-São Luiz do Norte,Goiás
Valença,2932903,SUL BAIANO,293290,Nordeste,BA,"-13.3700000\,-39.0730000",29,BA-Valença,Bahia
Formiga,3126109,OESTE DE MINAS,312610,Sudeste,MG,"-20.4640000\,-45.4260000",31,MG-Formiga,Minas Gerais
Tupandi,4322251,METROPOLITANA DE PORTO ALEGRE,432225,Sul,RS,"-29.4760000\,-51.4210000",43,RS-Tupandi,Rio Grande do Sul
Piratuba,4213104,OESTE CATARINENSE,421310,Sul,SC,"-27.4200000\,-51.7720000",42,SC-Piratuba,Santa Catarina
Tavares,2516607,SERTAO PARAIBANO,251660,Nordeste,PB,"-7.6360000\,-37.8780000",25,PB-Tavares,Paraíba
Lagoa de Itaenga,2608503,MATA PERNAMBUCANA,260850,Nordeste,PE,"-7.9360000\,-35.2900000",26,PE-Lagoa de Itaenga,Pernambuco
Itupiranga,1503705,SUDESTE PARAENSE,150370,Norte,PA,"-5.1350000\,-49.3270000",15,PA-Itupiranga,Pará
Itaporanga d'Ajuda,2803203,LESTE SERGIPANO,280320,Nordeste,SE,"-10.9980000\,-37.3110000",28,SE-Itaporanga d'Ajuda,Sergipe
União da Vitória,4128203,SUDESTE PARANAENSE,412820,Sul,PR,"-26.2300000\,-51.0860000",41,PR-União da Vitória,Paraná
Inúbia Paulista,3520806,PRESIDENTE PRUDENTE,352080,Sudeste,SP,"-21.7700000\,-50.9620000",35,SP-Inúbia Paulista,São Paulo
Pedra Branca,2511004,SERTAO PARAIBANO,251100,Nordeste,PB,"-7.4270000\,-38.0680000",25,PB-Pedra Branca,Paraíba
Campo Novo,4304002,NOROESTE RIO-GRANDENSE,430400,Sul,RS,"-27.6750000\,-53.8030000",43,RS-Campo Novo,Rio Grande do Sul
Lagoa de São Francisco,2205573,CENTRO-NORTE PIAUIENSE,220557,Nordeste,PI,"-4.3920000\,-41.6010000",22,PI-Lagoa de São Francisco,Piauí
Teotônio Vilela,2709152,LESTE ALAGOANO,270915,Nordeste,AL,"-9.9050000\,-36.3530000",27,AL-Teotônio Vilela,Alagoas
Pedro Canário,3204054,LITORAL NORTE ESPIRITO-SANTENSE,320405,Sudeste,ES,"-18.0300000\,-40.1510000",32,ES-Pedro Canário,Espírito Santo
Palmares,2610004,MATA PERNAMBUCANA,261000,Nordeste,PE,"-8.6830000\,-35.5920000",26,PE-Palmares,Pernambuco
Salinópolis,1506203,NORDESTE PARAENSE,150620,Norte,PA,"-0.6290000\,-47.3560000",15,PA-Salinópolis,Pará
Tefé,1304203,CENTRO AMAZONENSE,130420,Norte,AM,"-3.3540000\,-64.7110000",13,AM-Tefé,Amazonas
Vanini,4322558,NOROESTE RIO-GRANDENSE,432255,Sul,RS,"-28.4780000\,-51.8450000",43,RS-Vanini,Rio Grande do Sul
Douradina,4107256,NOROESTE PARANAENSE,410725,Sul,PR,"-23.3810000\,-53.2920000",41,PR-Douradina,Paraná
Santa Efigênia de Minas,3157500,VALE DO RIO DOCE,315750,Sudeste,MG,"-18.8270000\,-42.4480000",31,MG-Santa Efigênia de Minas,Minas Gerais
Anita Garibaldi,4201000,SERRANA,420100,Sul,SC,"-27.6890000\,-51.1300000",42,SC-Anita Garibaldi,Santa Catarina
Senador Salgado Filho,4320321,NOROESTE RIO-GRANDENSE,432032,Sul,RS,"-28.0310000\,-54.5430000",43,RS-Senador Salgado Filho,Rio Grande do Sul
Borborema,2502706,AGRESTE PARAIBANO,250270,Nordeste,PB,"-6.8010000\,-35.6260000",25,PB-Borborema,Paraíba
Brejetuba,3201159,CENTRAL ESPIRITO-SANTENSE,320115,Sudeste,ES,"-20.1460000\,-41.2900000",32,ES-Brejetuba,Espírito Santo
Timóteo,3168705,VALE DO RIO DOCE,316870,Sudeste,MG,"-19.5830000\,-42.6440000",31,MG-Timóteo,Minas Gerais
Treze Tílias,4218509,OESTE CATARINENSE,421850,Sul,SC,"-27.0020000\,-51.4060000",42,SC-Treze Tílias,Santa Catarina
Barcarena,1501303,METROPOLITANA DE BELEM,150130,Norte,PA,"-1.5060000\,-48.6260000",15,PA-Barcarena,Pará
Japi,2405405,AGRESTE POTIGUAR,240540,Nordeste,RN,"-6.4650000\,-35.9470000",24,RN-Japi,Rio Grande do Norte
São Miguel do Fidalgo,2210391,SUDOESTE PIAUIENSE,221039,Nordeste,PI,"-7.5860000\,-42.3700000",22,PI-São Miguel do Fidalgo,Piauí
João Dourado,2918357,CENTRO NORTE BAIANO,291835,Nordeste,BA,"-11.3500000\,-41.6640000",29,BA-João Dourado,Bahia
Campo Belo do Sul,4203402,SERRANA,420340,Sul,SC,"-27.8990000\,-50.7610000",42,SC-Campo Belo do Sul,Santa Catarina
Carmópolis,2801504,LESTE SERGIPANO,280150,Nordeste,SE,"-10.6480000\,-36.9890000",28,SE-Carmópolis,Sergipe
Rio Bananal,3204351,LITORAL NORTE ESPIRITO-SANTENSE,320435,Sudeste,ES,"-19.2650000\,-40.3330000",32,ES-Rio Bananal,Espírito Santo
Jitaúna,2918308,CENTRO SUL BAIANO,291830,Nordeste,BA,"-14.0190000\,-39.8890000",29,BA-Jitaúna,Bahia
Traipu,2709202,AGRESTE ALAGOANO,270920,Nordeste,AL,"-9.9710000\,-37.0030000",27,AL-Traipu,Alagoas
Demerval Lobão,2203305,CENTRO-NORTE PIAUIENSE,220330,Nordeste,PI,"-5.3580000\,-42.6760000",22,PI-Demerval Lobão,Piauí
Boa Esperança,3201001,NOROESTE ESPIRITO-SANTENSE,320100,Sudeste,ES,"-18.5400000\,-40.2960000",32,ES-Boa Esperança,Espírito Santo
Jaboticaba,4310850,NOROESTE RIO-GRANDENSE,431085,Sul,RS,"-27.6310000\,-53.2770000",43,RS-Jaboticaba,Rio Grande do Sul
Chupinguaia,1100924,LESTE RONDONIENSE,110092,Norte,RO,"-12.5520000\,-60.9000000",11,RO-Chupinguaia,Rondônia
Campo Limpo Paulista,3509601,MACRO METROPOLITANA PAULISTA,350960,Sudeste,SP,"-23.2060000\,-46.7840000",35,SP-Campo Limpo Paulista,São Paulo
Vieiras,3171402,ZONA DA MATA,317140,Sudeste,MG,"-20.8660000\,-42.2440000",31,MG-Vieiras,Minas Gerais
Conceição da Barra,3201605,LITORAL NORTE ESPIRITO-SANTENSE,320160,Sudeste,ES,"-18.5930000\,-39.7320000",32,ES-Conceição da Barra,Espírito Santo
Paula Freitas,4118600,SUDESTE PARANAENSE,411860,Sul,PR,"-26.2080000\,-50.9380000",41,PR-Paula Freitas,Paraná
Maquiné,4311775,METROPOLITANA DE PORTO ALEGRE,431177,Sul,RS,"-29.6750000\,-50.2070000",43,RS-Maquiné,Rio Grande do Sul
Belém,1501402,METROPOLITANA DE BELEM,150140,Norte,PA,"-1.4560000\,-48.5040000",15,PA-Belém,Pará
Primeiro de Maio,4120507,NORTE CENTRAL PARANAENSE,412050,Sul,PR,"-22.8510000\,-51.0280000",41,PR-Primeiro de Maio,Paraná
Itapicuru,2916500,NORDESTE BAIANO,291650,Nordeste,BA,"-11.3170000\,-38.2330000",29,BA-Itapicuru,Bahia
Espigão D'Oeste,1100098,LESTE RONDONIENSE,110009,Norte,RO,"-11.5250000\,-61.0130000",11,RO-Espigão D'Oeste,Rondônia
Dois Irmãos do Buriti,5003488,PANTANAL SUL MATO-GROSSENSE,500348,Centro-Oeste,MS,"-20.6800000\,-55.2960000",50,MS-Dois Irmãos do Buriti,Mato Grosso do Sul
Castanhal,1502400,METROPOLITANA DE BELEM,150240,Norte,PA,"-1.2970000\,-47.9220000",15,PA-Castanhal,Pará
Minas Novas,3141801,JEQUITINHONHA,314180,Sudeste,MG,"-17.2190000\,-42.5900000",31,MG-Minas Novas,Minas Gerais
São Félix do Araguaia,5107859,NORDESTE MATO-GROSSENSE,510785,Centro-Oeste,MT,"-11.6170000\,-50.6690000",51,MT-São Félix do Araguaia,Mato Grosso
Caldas Brandão,2503803,AGRESTE PARAIBANO,250380,Nordeste,PB,"-7.1030000\,-35.3260000",25,PB-Caldas Brandão,Paraíba
Santa Maria da Serra,3547007,PIRACICABA,354700,Sudeste,SP,"-22.5670000\,-48.1610000",35,SP-Santa Maria da Serra,São Paulo
Nova União,1101435,LESTE RONDONIENSE,110143,Norte,RO,"-10.9040000\,-62.5610000",11,RO-Nova União,Rondônia
Itueta,3134103,VALE DO RIO DOCE,313410,Sudeste,MG,"-19.3940000\,-41.1700000",31,MG-Itueta,Minas Gerais
Mondaí,4211009,OESTE CATARINENSE,421100,Sul,SC,"-27.1030000\,-53.4020000",42,SC-Mondaí,Santa Catarina
Progresso,4315156,CENTRO ORIENTAL RIO-GRANDENSE,431515,Sul,RS,"-29.2440000\,-52.3120000",43,RS-Progresso,Rio Grande do Sul
Jataizinho,4112702,NORTE PIONEIRO PARANAENSE,411270,Sul,PR,"-23.2540000\,-50.9800000",41,PR-Jataizinho,Paraná
Verdejante,2616100,SERTAO PERNAMBUCANO,261610,Nordeste,PE,"-7.9260000\,-38.9720000",26,PE-Verdejante,Pernambuco
Ernestina,4307054,NOROESTE RIO-GRANDENSE,430705,Sul,RS,"-28.4990000\,-52.5730000",43,RS-Ernestina,Rio Grande do Sul
São Lourenço do Piauí,2210359,SUDOESTE PIAUIENSE,221035,Nordeste,PI,"-9.1690000\,-42.5450000",22,PI-São Lourenço do Piauí,Piauí
Araucária,4101804,METROPOLITANA DE CURITIBA,410180,Sul,PR,"-25.5930000\,-49.4100000",41,PR-Araucária,Paraná
Palma Sola,4212007,OESTE CATARINENSE,421200,Sul,SC,"-26.3480000\,-53.2780000",42,SC-Palma Sola,Santa Catarina
Macaubal,3528106,SAO JOSE DO RIO PRETO,352810,Sudeste,SP,"-20.8060000\,-49.9640000",35,SP-Macaubal,São Paulo
Malta,2508802,SERTAO PARAIBANO,250880,Nordeste,PB,"-6.9040000\,-37.5220000",25,PB-Malta,Paraíba
Mucajaí,1400308,SUL DE RORAIMA,140030,Norte,RR,"2.4300000\,-60.9000000",14,RR-Mucajaí,Roraima
Gavião,2911253,NORDESTE BAIANO,291125,Nordeste,BA,"-11.4710000\,-39.7840000",29,BA-Gavião,Bahia
Capitão Gervásio Oliveira,2202455,SUDESTE PIAUIENSE,220245,Nordeste,PI,"-8.4900000\,-41.8200000",22,PI-Capitão Gervásio Oliveira,Piauí
São José do Barreiro,3549607,VALE DO PARAIBA PAULISTA,354960,Sudeste,SP,"-22.6450000\,-44.5780000",35,SP-São José do Barreiro,São Paulo
Nova Araçá,4312807,NORDESTE RIO-GRANDENSE,431280,Sul,RS,"-28.6590000\,-51.7450000",43,RS-Nova Araçá,Rio Grande do Sul
Grão Mogol,3127800,NORTE DE MINAS,312780,Sudeste,MG,"-16.5590000\,-42.8900000",31,MG-Grão Mogol,Minas Gerais
Rio Bonito do Iguaçu,4122156,CENTRO-SUL PARANAENSE,412215,Sul,PR,"-25.4910000\,-52.5260000",41,PR-Rio Bonito do Iguaçu,Paraná
Rio Real,2927002,NORDESTE BAIANO,292700,Nordeste,BA,"-11.4850000\,-37.9330000",29,BA-Rio Real,Bahia
Vinhedo,3556701,CAMPINAS,355670,Sudeste,SP,"-23.0300000\,-46.9750000",35,SP-Vinhedo,São Paulo
Paraopeba,3147402,METROPOLITANA DE BELO HORIZONTE,314740,Sudeste,MG,"-19.2740000\,-44.4040000",31,MG-Paraopeba,Minas Gerais
Santa Helena,4215554,OESTE CATARINENSE,421555,Sul,SC,"-26.9380000\,-53.6190000",42,SC-Santa Helena,Santa Catarina
Bandeirante,4202081,OESTE CATARINENSE,420208,Sul,SC,"-26.7690000\,-53.6380000",42,SC-Bandeirante,Santa Catarina
Birigui,3506508,ARACATUBA,350650,Sudeste,SP,"-21.2890000\,-50.3400000",35,SP-Birigui,São Paulo
Palmares do Sul,4313656,METROPOLITANA DE PORTO ALEGRE,431365,Sul,RS,"-30.2580000\,-50.5100000",43,RS-Palmares do Sul,Rio Grande do Sul
Lupionópolis,4113809,NORTE CENTRAL PARANAENSE,411380,Sul,PR,"-22.7550000\,-51.6570000",41,PR-Lupionópolis,Paraná
Boqueirão do Leão,4302451,CENTRO ORIENTAL RIO-GRANDENSE,430245,Sul,RS,"-29.3040000\,-52.4290000",43,RS-Boqueirão do Leão,Rio Grande do Sul
Corrente,2202901,SUDOESTE PIAUIENSE,220290,Nordeste,PI,"-10.4430000\,-45.1620000",22,PI-Corrente,Piauí
Malhador,2803906,AGRESTE SERGIPANO,280390,Nordeste,SE,"-10.6580000\,-37.3050000",28,SE-Malhador,Sergipe
Gararu,2802403,SERTAO SERGIPANO,280240,Nordeste,SE,"-9.9680000\,-37.0830000",28,SE-Gararu,Sergipe
Campo Alegre de Lourdes,2905909,VALE SAO-FRANCISCANO DA BAHIA,290590,Nordeste,BA,"-9.5160000\,-43.0110000",29,BA-Campo Alegre de Lourdes,Bahia
América Dourada,2901155,CENTRO NORTE BAIANO,290115,Nordeste,BA,"-11.4550000\,-41.4360000",29,BA-América Dourada,Bahia
Cacimbinhas,2701209,AGRESTE ALAGOANO,270120,Nordeste,AL,"-9.4000000\,-36.9900000",27,AL-Cacimbinhas,Alagoas
Poço das Antas,4314753,METROPOLITANA DE PORTO ALEGRE,431475,Sul,RS,"-29.4500000\,-51.6710000",43,RS-Poço das Antas,Rio Grande do Sul
Manaquiri,1302553,CENTRO AMAZONENSE,130255,Norte,AM,"-3.4280000\,-60.4590000",13,AM-Manaquiri,Amazonas
Governador Archer,2104503,CENTRO MARANHENSE,210450,Nordeste,MA,"-5.0220000\,-44.2710000",21,MA-Governador Archer,Maranhão
São Bento do Sapucaí,3548609,VALE DO PARAIBA PAULISTA,354860,Sudeste,SP,"-22.6890000\,-45.7310000",35,SP-São Bento do Sapucaí,São Paulo
Urbano Santos,2112605,LESTE MARANHENSE,211260,Nordeste,MA,"-3.2080000\,-43.4040000",21,MA-Urbano Santos,Maranhão
Montanha,3203502,LITORAL NORTE ESPIRITO-SANTENSE,320350,Sudeste,ES,"-18.1270000\,-40.3630000",32,ES-Montanha,Espírito Santo
Papanduva,4212205,NORTE CATARINENSE,421220,Sul,SC,"-26.3700000\,-50.1440000",42,SC-Papanduva,Santa Catarina
Cocal de Telha,2202711,CENTRO-NORTE PIAUIENSE,220271,Nordeste,PI,"-4.5590000\,-41.9720000",22,PI-Cocal de Telha,Piauí
Caririaçu,2303204,SUL CEARENSE,230320,Nordeste,CE,"-7.0420000\,-39.2840000",23,CE-Caririaçu,Ceará
Balneário Camboriú,4202008,VALE DO ITAJAI,420200,Sul,SC,"-26.9910000\,-48.6350000",42,SC-Balneário Camboriú,Santa Catarina
Vicentina,5008404,SUDOESTE DE MATO GROSSO DO SUL,500840,Centro-Oeste,MS,"-22.4090000\,-54.4360000",50,MS-Vicentina,Mato Grosso do Sul
Rio Novo do Sul,3204401,CENTRAL ESPIRITO-SANTENSE,320440,Sudeste,ES,"-20.8630000\,-40.9360000",32,ES-Rio Novo do Sul,Espírito Santo
Boa Nova,2903706,CENTRO SUL BAIANO,290370,Nordeste,BA,"-14.3630000\,-40.2080000",29,BA-Boa Nova,Bahia
Missal,4116059,OESTE PARANAENSE,411605,Sul,PR,"-25.0920000\,-54.2480000",41,PR-Missal,Paraná
Ubaíra,2932101,CENTRO SUL BAIANO,293210,Nordeste,BA,"-13.2680000\,-39.6630000",29,BA-Ubaíra,Bahia
Tupanci do Sul,4322186,NOROESTE RIO-GRANDENSE,432218,Sul,RS,"-27.9250000\,-51.5360000",43,RS-Tupanci do Sul,Rio Grande do Sul
Paranhos,5006358,SUDOESTE DE MATO GROSSO DO SUL,500635,Centro-Oeste,MS,"-23.8930000\,-55.4310000",50,MS-Paranhos,Mato Grosso do Sul
Embaúba,3514957,SAO JOSE DO RIO PRETO,351495,Sudeste,SP,"-20.9830000\,-48.8360000",35,SP-Embaúba,São Paulo
Novo Santo Antônio,5106315,NORDESTE MATO-GROSSENSE,510631,Centro-Oeste,MT,"-12.2900000\,-50.9680000",51,MT-Novo Santo Antônio,Mato Grosso
Arceburgo,3104106,SUL/SUDOESTE DE MINAS,310410,Sudeste,MG,"-21.3640000\,-46.9400000",31,MG-Arceburgo,Minas Gerais
Mogeiro,2509404,AGRESTE PARAIBANO,250940,Nordeste,PB,"-7.2990000\,-35.4790000",25,PB-Mogeiro,Paraíba
Mallet,4113908,SUDESTE PARANAENSE,411390,Sul,PR,"-25.8780000\,-50.8210000",41,PR-Mallet,Paraná
Santa Rita do Sapucaí,3159605,SUL/SUDOESTE DE MINAS,315960,Sudeste,MG,"-22.2520000\,-45.7030000",31,MG-Santa Rita do Sapucaí,Minas Gerais
Pedro II,2207900,CENTRO-NORTE PIAUIENSE,220790,Nordeste,PI,"-4.4250000\,-41.4590000",22,PI-Pedro II,Piauí
Senador Guiomard,1200450,VALE DO ACRE,120045,Norte,AC,"-10.1510000\,-67.7360000",12,AC-Senador Guiomard,Acre
Juarez Távora,2507606,AGRESTE PARAIBANO,250760,Nordeste,PB,"-7.1720000\,-35.5830000",25,PB-Juarez Távora,Paraíba
Presidente Médici,2109239,OESTE MARANHENSE,210923,Nordeste,MA,"-2.3870000\,-45.8200000",21,MA-Presidente Médici,Maranhão
Jeriquara,3525409,RIBEIRAO PRETO,352540,Sudeste,SP,"-20.3110000\,-47.5890000",35,SP-Jeriquara,São Paulo
Morungaba,3532009,MACRO METROPOLITANA PAULISTA,353200,Sudeste,SP,"-22.8800000\,-46.7920000",35,SP-Morungaba,São Paulo
Castelândia,5205059,SUL GOIANO,520505,Centro-Oeste,GO,"-18.0910000\,-50.2010000",52,GO-Castelândia,Goiás
Alto Paraná,4100608,NOROESTE PARANAENSE,410060,Sul,PR,"-23.1290000\,-52.3190000",41,PR-Alto Paraná,Paraná
Campina Grande,2504009,AGRESTE PARAIBANO,250400,Nordeste,PB,"-7.2310000\,-35.8810000",25,PB-Campina Grande,Paraíba
Canaã dos Carajás,1502152,SUDESTE PARAENSE,150215,Norte,PA,"-6.4970000\,-49.8780000",15,PA-Canaã dos Carajás,Pará
Ubaporanga,3170057,VALE DO RIO DOCE,317005,Sudeste,MG,"-19.6350000\,-42.1060000",31,MG-Ubaporanga,Minas Gerais
Garruchos,4308656,SUDOESTE RIO-GRANDENSE,430865,Sul,RS,"-28.1840000\,-55.6390000",43,RS-Garruchos,Rio Grande do Sul
Presidente Sarney,2109270,NORTE MARANHENSE,210927,Nordeste,MA,"-2.5910000\,-45.3640000",21,MA-Presidente Sarney,Maranhão
São José dos Cordeiros,2514800,BORBOREMA,251480,Nordeste,PB,"-7.3910000\,-36.8080000",25,PB-São José dos Cordeiros,Paraíba
Japira,4112306,NORTE PIONEIRO PARANAENSE,411230,Sul,PR,"-23.8130000\,-50.1390000",41,PR-Japira,Paraná
Paudalho,2610608,MATA PERNAMBUCANA,261060,Nordeste,PE,"-7.8970000\,-35.1800000",26,PE-Paudalho,Pernambuco
Raposa,2109452,NORTE MARANHENSE,210945,Nordeste,MA,"-2.4230000\,-44.1030000",21,MA-Raposa,Maranhão
Esperança Nova,4107520,NOROESTE PARANAENSE,410752,Sul,PR,"-23.7240000\,-53.8110000",41,PR-Esperança Nova,Paraná
Arara,2500908,AGRESTE PARAIBANO,250090,Nordeste,PB,"-6.8280000\,-35.7580000",25,PB-Arara,Paraíba
Olho d'Água,2510402,SERTAO PARAIBANO,251040,Nordeste,PB,"-7.2280000\,-37.7510000",25,PB-Olho d'Água,Paraíba
Ouroeste,3534757,SAO JOSE DO RIO PRETO,353475,Sudeste,SP,"-20.0010000\,-50.3720000",35,SP-Ouroeste,São Paulo
Italva,3302056,NOROESTE FLUMINENSE,330205,Sudeste,RJ,"-21.4210000\,-41.6910000",33,RJ-Italva,Rio de Janeiro
Afogados da Ingazeira,2600104,SERTAO PERNAMBUCANO,260010,Nordeste,PE,"-7.7510000\,-37.6390000",26,PE-Afogados da Ingazeira,Pernambuco
Casa Nova,2907202,VALE SAO-FRANCISCANO DA BAHIA,290720,Nordeste,BA,"-9.1620000\,-40.9710000",29,BA-Casa Nova,Bahia
Sagres,3544707,PRESIDENTE PRUDENTE,354470,Sudeste,SP,"-21.8840000\,-50.9560000",35,SP-Sagres,São Paulo
Barracão,4301800,NOROESTE RIO-GRANDENSE,430180,Sul,RS,"-27.6720000\,-51.4610000",43,RS-Barracão,Rio Grande do Sul
Guaramirim,4206504,NORTE CATARINENSE,420650,Sul,SC,"-26.4730000\,-49.0030000",42,SC-Guaramirim,Santa Catarina
Porto Estrela,5106851,SUDOESTE MATO-GROSSENSE,510685,Centro-Oeste,MT,"-15.3240000\,-57.2280000",51,MT-Porto Estrela,Mato Grosso
São Sebastião da Vargem Alegre,3164431,ZONA DA MATA,316443,Sudeste,MG,"-21.0720000\,-42.6360000",31,MG-São Sebastião da Vargem Alegre,Minas Gerais
Coronel Domingos Soares,4106456,CENTRO-SUL PARANAENSE,410645,Sul,PR,"-26.2280000\,-52.0320000",41,PR-Coronel Domingos Soares,Paraná
Patos do Piauí,2207777,SUDESTE PIAUIENSE,220777,Nordeste,PI,"-7.6680000\,-41.2440000",22,PI-Patos do Piauí,Piauí
Itapiratins,1710904,ORIENTAL DO TOCANTINS,171090,Norte,TO,"-8.3840000\,-48.1110000",17,TO-Itapiratins,Tocantins
Canguaretama,2402204,LESTE POTIGUAR,240220,Nordeste,RN,"-6.3800000\,-35.1290000",24,RN-Canguaretama,Rio Grande do Norte
Siderópolis,4217600,SUL CATARINENSE,421760,Sul,SC,"-28.5980000\,-49.4240000",42,SC-Siderópolis,Santa Catarina
Ourinhos,3534708,ASSIS,353470,Sudeste,SP,"-22.9790000\,-49.8710000",35,SP-Ourinhos,São Paulo
Florestópolis,4108007,NORTE CENTRAL PARANAENSE,410800,Sul,PR,"-22.8630000\,-51.3870000",41,PR-Florestópolis,Paraná
Volta Redonda,3306305,SUL FLUMINENSE,330630,Sudeste,RJ,"-22.5230000\,-44.1040000",33,RJ-Volta Redonda,Rio de Janeiro
Humberto de Campos,2105005,NORTE MARANHENSE,210500,Nordeste,MA,"-2.5980000\,-43.4610000",21,MA-Humberto de Campos,Maranhão
Riacho de Santo Antônio,2512788,BORBOREMA,251278,Nordeste,PB,"-7.6930000\,-36.1570000",25,PB-Riacho de Santo Antônio,Paraíba
Flores do Piauí,2203800,SUDOESTE PIAUIENSE,220380,Nordeste,PI,"-7.7910000\,-42.9270000",22,PI-Flores do Piauí,Piauí
Fronteira,3127008,TRIANGULO MINEIRO/ALTO PARANAIBA,312700,Sudeste,MG,"-20.2680000\,-49.1990000",31,MG-Fronteira,Minas Gerais
Lajeado Novo,2105989,OESTE MARANHENSE,210598,Nordeste,MA,"-6.1890000\,-47.0350000",21,MA-Lajeado Novo,Maranhão
Urubici,4218905,SERRANA,421890,Sul,SC,"-28.0150000\,-49.5920000",42,SC-Urubici,Santa Catarina
Barra do Guarita,4301859,NOROESTE RIO-GRANDENSE,430185,Sul,RS,"-27.1920000\,-53.7100000",43,RS-Barra do Guarita,Rio Grande do Sul
São Miguel do Tapuio,2210409,CENTRO-NORTE PIAUIENSE,221040,Nordeste,PI,"-5.5040000\,-41.3230000",22,PI-São Miguel do Tapuio,Piauí
Foz do Jordão,4108452,CENTRO-SUL PARANAENSE,410845,Sul,PR,"-25.7370000\,-52.1190000",41,PR-Foz do Jordão,Paraná
Alcinópolis,5000252,CENTRO NORTE DE MATO GROSSO DO SUL,500025,Centro-Oeste,MS,"-18.3240000\,-53.7060000",50,MS-Alcinópolis,Mato Grosso do Sul
Cordisburgo,3118908,METROPOLITANA DE BELO HORIZONTE,311890,Sudeste,MG,"-19.1250000\,-44.3210000",31,MG-Cordisburgo,Minas Gerais
Quitandinha,4121208,METROPOLITANA DE CURITIBA,412120,Sul,PR,"-25.8720000\,-49.4980000",41,PR-Quitandinha,Paraná
Corupá,4204509,NORTE CATARINENSE,420450,Sul,SC,"-26.4250000\,-49.2430000",42,SC-Corupá,Santa Catarina
Marizópolis,2509156,SERTAO PARAIBANO,250915,Nordeste,PB,"-6.8420000\,-38.3470000",25,PB-Marizópolis,Paraíba
Pequi,3149606,METROPOLITANA DE BELO HORIZONTE,314960,Sudeste,MG,"-19.6330000\,-44.6590000",31,MG-Pequi,Minas Gerais
Mirassol d'Oeste,5105622,SUDOESTE MATO-GROSSENSE,510562,Centro-Oeste,MT,"-15.6750000\,-58.0960000",51,MT-Mirassol d'Oeste,Mato Grosso
Rondon do Pará,1506187,SUDESTE PARAENSE,150618,Norte,PA,"-4.7760000\,-48.0670000",15,PA-Rondon do Pará,Pará
Piracaia,3538600,MACRO METROPOLITANA PAULISTA,353860,Sudeste,SP,"-23.0540000\,-46.3580000",35,SP-Piracaia,São Paulo
Abaiara,2300101,SUL CEARENSE,230010,Nordeste,CE,"-7.3590000\,-39.0460000",23,CE-Abaiara,Ceará
Palmeiras do Tocantins,1713809,OCIDENTAL DO TOCANTINS,171380,Norte,TO,"-6.6130000\,-47.5460000",17,TO-Palmeiras do Tocantins,Tocantins
Arinos,3104502,NOROESTE DE MINAS,310450,Sudeste,MG,"-15.9170000\,-46.1060000",31,MG-Arinos,Minas Gerais
Guarapari,3202405,CENTRAL ESPIRITO-SANTENSE,320240,Sudeste,ES,"-20.6580000\,-40.5110000",32,ES-Guarapari,Espírito Santo
Dom Basílio,2910107,CENTRO SUL BAIANO,291010,Nordeste,BA,"-13.7600000\,-41.7710000",29,BA-Dom Basílio,Bahia
Antônio Prado de Minas,3103108,ZONA DA MATA,310310,Sudeste,MG,"-21.0160000\,-42.1090000",31,MG-Antônio Prado de Minas,Minas Gerais
Vargem Bonita,4219176,OESTE CATARINENSE,421917,Sul,SC,"-27.0070000\,-51.7400000",42,SC-Vargem Bonita,Santa Catarina
Lucélia,3527405,PRESIDENTE PRUDENTE,352740,Sudeste,SP,"-21.7200000\,-51.0190000",35,SP-Lucélia,São Paulo
Capitólio,3112802,SUL/SUDOESTE DE MINAS,311280,Sudeste,MG,"-20.6150000\,-46.0500000",31,MG-Capitólio,Minas Gerais
Macaúbas,2919801,CENTRO SUL BAIANO,291980,Nordeste,BA,"-13.0190000\,-42.6990000",29,BA-Macaúbas,Bahia
Santana do Matos,2411403,CENTRAL POTIGUAR,241140,Nordeste,RN,"-5.9580000\,-36.6560000",24,RN-Santana do Matos,Rio Grande do Norte
Visconde do Rio Branco,3172004,ZONA DA MATA,317200,Sudeste,MG,"-21.0100000\,-42.8410000",31,MG-Visconde do Rio Branco,Minas Gerais
Fervedouro,3125952,ZONA DA MATA,312595,Sudeste,MG,"-20.7260000\,-42.2790000",31,MG-Fervedouro,Minas Gerais
São Vendelino,4319752,METROPOLITANA DE PORTO ALEGRE,431975,Sul,RS,"-29.3690000\,-51.3770000",43,RS-São Vendelino,Rio Grande do Sul
Muliterno,4312625,NOROESTE RIO-GRANDENSE,431262,Sul,RS,"-28.3290000\,-51.7680000",43,RS-Muliterno,Rio Grande do Sul
Jucás,2307403,CENTRO-SUL CEARENSE,230740,Nordeste,CE,"-6.5250000\,-39.5280000",23,CE-Jucás,Ceará
Matina,2921054,CENTRO SUL BAIANO,292105,Nordeste,BA,"-13.9090000\,-42.8490000",29,BA-Matina,Bahia
Ivolândia,5211602,CENTRO GOIANO,521160,Centro-Oeste,GO,"-16.6020000\,-50.7940000",52,GO-Ivolândia,Goiás
Sonora,5007935,CENTRO NORTE DE MATO GROSSO DO SUL,500793,Centro-Oeste,MS,"-17.5770000\,-54.7580000",50,MS-Sonora,Mato Grosso do Sul
Muritiba,2922300,METROPOLITANA DE SALVADOR,292230,Nordeste,BA,"-12.6260000\,-38.9900000",29,BA-Muritiba,Bahia
Nova Módica,3144904,VALE DO RIO DOCE,314490,Sudeste,MG,"-18.4370000\,-41.5010000",31,MG-Nova Módica,Minas Gerais
Paraíso,3535705,SAO JOSE DO RIO PRETO,353570,Sudeste,SP,"-21.0160000\,-48.7740000",35,SP-Paraíso,São Paulo
Alagoinha do Piauí,2200251,SUDESTE PIAUIENSE,220025,Nordeste,PI,"-7.0080000\,-40.9390000",22,PI-Alagoinha do Piauí,Piauí
Belém,2501906,AGRESTE PARAIBANO,250190,Nordeste,PB,"-6.7470000\,-35.5190000",25,PB-Belém,Paraíba
Glória de Dourados,5004007,SUDOESTE DE MATO GROSSO DO SUL,500400,Centro-Oeste,MS,"-22.4180000\,-54.2330000",50,MS-Glória de Dourados,Mato Grosso do Sul
Aurora do Tocantins,1702703,ORIENTAL DO TOCANTINS,170270,Norte,TO,"-12.7130000\,-46.4080000",17,TO-Aurora do Tocantins,Tocantins
Canudos,2906824,NORDESTE BAIANO,290682,Nordeste,BA,"-9.9640000\,-39.1640000",29,BA-Canudos,Bahia
Araxá,3104007,TRIANGULO MINEIRO/ALTO PARANAIBA,310400,Sudeste,MG,"-19.5930000\,-46.9410000",31,MG-Araxá,Minas Gerais
Minas do Leão,4312252,METROPOLITANA DE PORTO ALEGRE,431225,Sul,RS,"-30.1270000\,-52.0480000",43,RS-Minas do Leão,Rio Grande do Sul
Santa Filomena,2209203,SUDOESTE PIAUIENSE,220920,Nordeste,PI,"-9.1120000\,-45.9220000",22,PI-Santa Filomena,Piauí
Rio Branco do Sul,4122206,METROPOLITANA DE CURITIBA,412220,Sul,PR,"-25.1900000\,-49.3140000",41,PR-Rio Branco do Sul,Paraná
Paraíba do Sul,3303708,CENTRO FLUMINENSE,330370,Sudeste,RJ,"-22.1620000\,-43.2930000",33,RJ-Paraíba do Sul,Rio de Janeiro
Ipuã,3521309,RIBEIRAO PRETO,352130,Sudeste,SP,"-20.4380000\,-48.0120000",35,SP-Ipuã,São Paulo
Celso Ramos,4204152,SERRANA,420415,Sul,SC,"-27.6340000\,-51.3360000",42,SC-Celso Ramos,Santa Catarina
São José do Alegre,3163201,SUL/SUDOESTE DE MINAS,316320,Sudeste,MG,"-22.3290000\,-45.5260000",31,MG-São José do Alegre,Minas Gerais
Petrolândia,2611002,SAO FRANCISCO PERNAMBUCANO,261100,Nordeste,PE,"-9.0690000\,-38.3030000",26,PE-Petrolândia,Pernambuco
São Joaquim da Barra,3549409,RIBEIRAO PRETO,354940,Sudeste,SP,"-20.5810000\,-47.8550000",35,SP-São Joaquim da Barra,São Paulo
Jambeiro,3524907,VALE DO PARAIBA PAULISTA,352490,Sudeste,SP,"-23.2540000\,-45.6880000",35,SP-Jambeiro,São Paulo
Caxias do Sul,4305108,NORDESTE RIO-GRANDENSE,430510,Sul,RS,"-29.1680000\,-51.1790000",43,RS-Caxias do Sul,Rio Grande do Sul
Guareí,3518503,ITAPETININGA,351850,Sudeste,SP,"-23.3730000\,-48.1840000",35,SP-Guareí,São Paulo
Presidente Médici,1100254,LESTE RONDONIENSE,110025,Norte,RO,"-11.1760000\,-61.9010000",11,RO-Presidente Médici,Rondônia
Cachoeira dos Índios,2503308,SERTAO PARAIBANO,250330,Nordeste,PB,"-6.9270000\,-38.6740000",25,PB-Cachoeira dos Índios,Paraíba
Capim Grosso,2906873,CENTRO NORTE BAIANO,290687,Nordeste,BA,"-11.3810000\,-40.0130000",29,BA-Capim Grosso,Bahia
Santa Albertina,3545704,SAO JOSE DO RIO PRETO,354570,Sudeste,SP,"-20.0320000\,-50.7280000",35,SP-Santa Albertina,São Paulo
Tacaimbó,2614709,AGRESTE PERNAMBUCANO,261470,Nordeste,PE,"-8.3160000\,-36.2930000",26,PE-Tacaimbó,Pernambuco
Ibaté,3519303,ARARAQUARA,351930,Sudeste,SP,"-21.9550000\,-47.9970000",35,SP-Ibaté,São Paulo
Miraguaí,4312302,NOROESTE RIO-GRANDENSE,431230,Sul,RS,"-27.4940000\,-53.6860000",43,RS-Miraguaí,Rio Grande do Sul
Jacobina,2917508,CENTRO NORTE BAIANO,291750,Nordeste,BA,"-11.1810000\,-40.5180000",29,BA-Jacobina,Bahia
Seringueiras,1101500,LESTE RONDONIENSE,110150,Norte,RO,"-11.7980000\,-63.0310000",11,RO-Seringueiras,Rondônia
Santa Luzia do Paruá,2110039,OESTE MARANHENSE,211003,Nordeste,MA,"-2.6290000\,-45.7730000",21,MA-Santa Luzia do Paruá,Maranhão
São Carlos do Ivaí,4124608,NOROESTE PARANAENSE,412460,Sul,PR,"-23.3150000\,-52.4760000",41,PR-São Carlos do Ivaí,Paraná
Buriti Bravo,2102309,LESTE MARANHENSE,210230,Nordeste,MA,"-5.8370000\,-43.8340000",21,MA-Buriti Bravo,Maranhão
Realeza,4121406,SUDOESTE PARANAENSE,412140,Sul,PR,"-25.7670000\,-53.5270000",41,PR-Realeza,Paraná
Juatuba,3136652,METROPOLITANA DE BELO HORIZONTE,313665,Sudeste,MG,"-19.9520000\,-44.3430000",31,MG-Juatuba,Minas Gerais
Nova Olinda,2510204,SERTAO PARAIBANO,251020,Nordeste,PB,"-7.4800000\,-38.0420000",25,PB-Nova Olinda,Paraíba
São João do Sabugi,2412104,CENTRAL POTIGUAR,241210,Nordeste,RN,"-6.7180000\,-37.2010000",24,RN-São João do Sabugi,Rio Grande do Norte
Coronel Pacheco,3119609,ZONA DA MATA,311960,Sudeste,MG,"-21.5880000\,-43.2660000",31,MG-Coronel Pacheco,Minas Gerais
Juti,5005152,SUDOESTE DE MATO GROSSO DO SUL,500515,Centro-Oeste,MS,"-22.8610000\,-54.6030000",50,MS-Juti,Mato Grosso do Sul
Trizidela do Vale,2112233,CENTRO MARANHENSE,211223,Nordeste,MA,"-4.5380000\,-44.6280000",21,MA-Trizidela do Vale,Maranhão
Ângulo,4101150,NORTE CENTRAL PARANAENSE,410115,Sul,PR,"-23.1950000\,-51.9150000",41,PR-Ângulo,Paraná
Colatina,3201506,NOROESTE ESPIRITO-SANTENSE,320150,Sudeste,ES,"-19.5390000\,-40.6310000",32,ES-Colatina,Espírito Santo
Morro do Pilar,3143708,METROPOLITANA DE BELO HORIZONTE,314370,Sudeste,MG,"-19.2160000\,-43.3760000",31,MG-Morro do Pilar,Minas Gerais
Alcobaça,2900801,SUL BAIANO,290080,Nordeste,BA,"-17.5190000\,-39.1960000",29,BA-Alcobaça,Bahia
Barra Velha,4202107,VALE DO ITAJAI,420210,Sul,SC,"-26.6320000\,-48.6850000",42,SC-Barra Velha,Santa Catarina
Ijaci,3130408,CAMPO DAS VERTENTES,313040,Sudeste,MG,"-21.1700000\,-44.9250000",31,MG-Ijaci,Minas Gerais
Nova Lacerda,5106182,SUDOESTE MATO-GROSSENSE,510618,Centro-Oeste,MT,"-14.4760000\,-59.6090000",51,MT-Nova Lacerda,Mato Grosso
Divinésia,3121902,ZONA DA MATA,312190,Sudeste,MG,"-20.9900000\,-43.0040000",31,MG-Divinésia,Minas Gerais
Ipupiara,2914109,CENTRO SUL BAIANO,291410,Nordeste,BA,"-11.8200000\,-42.6140000",29,BA-Ipupiara,Bahia
Tuparendi,4322301,NOROESTE RIO-GRANDENSE,432230,Sul,RS,"-27.7560000\,-54.4820000",43,RS-Tuparendi,Rio Grande do Sul
Barra do Rocha,2903102,SUL BAIANO,290310,Nordeste,BA,"-14.2110000\,-39.6020000",29,BA-Barra do Rocha,Bahia
Santana de Mangueira,2513505,SERTAO PARAIBANO,251350,Nordeste,PB,"-7.5550000\,-38.3320000",25,PB-Santana de Mangueira,Paraíba
Cruz Alta,4306106,NOROESTE RIO-GRANDENSE,430610,Sul,RS,"-28.6390000\,-53.6060000",43,RS-Cruz Alta,Rio Grande do Sul
Santa Maria de Jetibá,3204559,CENTRAL ESPIRITO-SANTENSE,320455,Sudeste,ES,"-20.0410000\,-40.7460000",32,ES-Santa Maria de Jetibá,Espírito Santo
Carvalhos,3114808,SUL/SUDOESTE DE MINAS,311480,Sudeste,MG,"-22.0010000\,-44.4610000",31,MG-Carvalhos,Minas Gerais
Ibotirama,2913200,VALE SAO-FRANCISCANO DA BAHIA,291320,Nordeste,BA,"-12.1850000\,-43.2210000",29,BA-Ibotirama,Bahia
Goiatuba,5209101,SUL GOIANO,520910,Centro-Oeste,GO,"-18.0130000\,-49.3570000",52,GO-Goiatuba,Goiás
Itaiçaba,2306207,JAGUARIBE,230620,Nordeste,CE,"-4.6740000\,-37.8220000",23,CE-Itaiçaba,Ceará
Salto do Jacuí,4316451,NOROESTE RIO-GRANDENSE,431645,Sul,RS,"-29.0880000\,-53.2130000",43,RS-Salto do Jacuí,Rio Grande do Sul
Santo Antônio do Descoberto,5219753,LESTE GOIANO,521975,Centro-Oeste,GO,"-15.9400000\,-48.2550000",52,GO-Santo Antônio do Descoberto,Goiás
Mar Vermelho,2704906,AGRESTE ALAGOANO,270490,Nordeste,AL,"-9.4480000\,-36.3880000",27,AL-Mar Vermelho,Alagoas
São Tiago,3165008,CAMPO DAS VERTENTES,316500,Sudeste,MG,"-20.9130000\,-44.5090000",31,MG-São Tiago,Minas Gerais
Areial,2501203,AGRESTE PARAIBANO,250120,Nordeste,PB,"-7.0480000\,-35.9310000",25,PB-Areial,Paraíba
Jaraguá,5211800,CENTRO GOIANO,521180,Centro-Oeste,GO,"-15.7570000\,-49.3340000",52,GO-Jaraguá,Goiás
Suzanápolis,3552551,ARACATUBA,355255,Sudeste,SP,"-20.5010000\,-51.0250000",35,SP-Suzanápolis,São Paulo
Santa Cruz da Esperança,3546256,RIBEIRAO PRETO,354625,Sudeste,SP,"-21.2910000\,-47.4300000",35,SP-Santa Cruz da Esperança,São Paulo
Campinas do Piauí,2202109,SUDESTE PIAUIENSE,220210,Nordeste,PI,"-7.6600000\,-41.8820000",22,PI-Campinas do Piauí,Piauí
Almadina,2900900,SUL BAIANO,290090,Nordeste,BA,"-14.7050000\,-39.6370000",29,BA-Almadina,Bahia
Nova Maringá,5108907,NORTE MATO-GROSSENSE,510890,Centro-Oeste,MT,"-13.0260000\,-57.0740000",51,MT-Nova Maringá,Mato Grosso
Inhapi,2703304,SERTAO ALAGOANO,270330,Nordeste,AL,"-9.2190000\,-37.7540000",27,AL-Inhapi,Alagoas
Santa Maria do Oeste,4123857,CENTRO-SUL PARANAENSE,412385,Sul,PR,"-24.9390000\,-51.8630000",41,PR-Santa Maria do Oeste,Paraná
Dois Irmãos das Missões,4306429,NOROESTE RIO-GRANDENSE,430642,Sul,RS,"-27.6590000\,-53.5310000",43,RS-Dois Irmãos das Missões,Rio Grande do Sul
Iraí,4310504,NOROESTE RIO-GRANDENSE,431050,Sul,RS,"-27.1940000\,-53.2510000",43,RS-Iraí,Rio Grande do Sul
Tucano,2931905,NORDESTE BAIANO,293190,Nordeste,BA,"-10.9630000\,-38.7870000",29,BA-Tucano,Bahia
Faxinalzinho,4308052,NOROESTE RIO-GRANDENSE,430805,Sul,RS,"-27.4240000\,-52.6730000",43,RS-Faxinalzinho,Rio Grande do Sul
Itajobi,3521903,SAO JOSE DO RIO PRETO,352190,Sudeste,SP,"-21.3180000\,-49.0540000",35,SP-Itajobi,São Paulo
Araçuaí,3103405,JEQUITINHONHA,310340,Sudeste,MG,"-16.8500000\,-42.0700000",31,MG-Araçuaí,Minas Gerais
Presidente Juscelino,3153202,CENTRAL MINEIRA,315320,Sudeste,MG,"-18.6370000\,-44.0580000",31,MG-Presidente Juscelino,Minas Gerais
Granito,2606309,SERTAO PERNAMBUCANO,260630,Nordeste,PE,"-7.7160000\,-39.6150000",26,PE-Granito,Pernambuco
Carrapateira,2504108,SERTAO PARAIBANO,250410,Nordeste,PB,"-7.0390000\,-38.3440000",25,PB-Carrapateira,Paraíba
São Gonçalo,3304904,METROPOLITANA DO RIO DE JANEIRO,330490,Sudeste,RJ,"-22.8270000\,-43.0540000",33,RJ-São Gonçalo,Rio de Janeiro
Vargem,4219150,SERRANA,421915,Sul,SC,"-27.4890000\,-50.9750000",42,SC-Vargem,Santa Catarina
Jurema,2608404,AGRESTE PERNAMBUCANO,260840,Nordeste,PE,"-8.7180000\,-36.1360000",26,PE-Jurema,Pernambuco
Orizânia,3145877,ZONA DA MATA,314587,Sudeste,MG,"-20.5060000\,-42.2100000",31,MG-Orizânia,Minas Gerais
Itapiranga,1302009,CENTRO AMAZONENSE,130200,Norte,AM,"-2.7490000\,-58.0220000",13,AM-Itapiranga,Amazonas
São Martinho,4217105,SUL CATARINENSE,421710,Sul,SC,"-28.1650000\,-48.9790000",42,SC-São Martinho,Santa Catarina
Guaramiranga,2305100,NORTE CEARENSE,230510,Nordeste,CE,"-4.2630000\,-38.9330000",23,CE-Guaramiranga,Ceará
Rio Negro,5007307,CENTRO NORTE DE MATO GROSSO DO SUL,500730,Centro-Oeste,MS,"-19.4490000\,-54.9870000",50,MS-Rio Negro,Mato Grosso do Sul
Belágua,2101731,LESTE MARANHENSE,210173,Nordeste,MA,"-3.1550000\,-43.5100000",21,MA-Belágua,Maranhão
Águas de Santa Bárbara,3500550,BAURU,350055,Sudeste,SP,"-22.8810000\,-49.2390000",35,SP-Águas de Santa Bárbara,São Paulo
Cuité de Mamanguape,2505238,MATA PARAIBANA,250523,Nordeste,PB,"-6.9150000\,-35.2520000",25,PB-Cuité de Mamanguape,Paraíba
São José dos Ausentes,4318622,NORDESTE RIO-GRANDENSE,431862,Sul,RS,"-28.7480000\,-50.0660000",43,RS-São José dos Ausentes,Rio Grande do Sul
Ribeirão Pires,3543303,METROPOLITANA DE SAO PAULO,354330,Sudeste,SP,"-23.7110000\,-46.4130000",35,SP-Ribeirão Pires,São Paulo
São José dos Campos,3549904,VALE DO PARAIBA PAULISTA,354990,Sudeste,SP,"-23.1790000\,-45.8870000",35,SP-São José dos Campos,São Paulo
Charqueadas,4305355,METROPOLITANA DE PORTO ALEGRE,430535,Sul,RS,"-29.9550000\,-51.6250000",43,RS-Charqueadas,Rio Grande do Sul
Piraúba,3151305,ZONA DA MATA,315130,Sudeste,MG,"-21.2760000\,-43.0260000",31,MG-Piraúba,Minas Gerais
Bom Sucesso de Itararé,3507159,ITAPETININGA,350715,Sudeste,SP,"-24.3180000\,-49.1440000",35,SP-Bom Sucesso de Itararé,São Paulo
Maribondo,2704807,AGRESTE ALAGOANO,270480,Nordeste,AL,"-9.5770000\,-36.3050000",27,AL-Maribondo,Alagoas
Botuporã,2904209,CENTRO SUL BAIANO,290420,Nordeste,BA,"-13.3820000\,-42.5230000",29,BA-Botuporã,Bahia
Serra Nova Dourada,5107883,NORDESTE MATO-GROSSENSE,510788,Centro-Oeste,MT,"-12.0920000\,-51.4020000",51,MT-Serra Nova Dourada,Mato Grosso
Tesouro,5108105,SUDESTE MATO-GROSSENSE,510810,Centro-Oeste,MT,"-16.0790000\,-53.5530000",51,MT-Tesouro,Mato Grosso
Cachoeira de Goiás,5204201,CENTRO GOIANO,520420,Centro-Oeste,GO,"-16.6680000\,-50.6470000",52,GO-Cachoeira de Goiás,Goiás
Itororó,2917102,CENTRO SUL BAIANO,291710,Nordeste,BA,"-15.1170000\,-40.0700000",29,BA-Itororó,Bahia
Lavras da Mangabeira,2307502,CENTRO-SUL CEARENSE,230750,Nordeste,CE,"-6.7530000\,-38.9720000",23,CE-Lavras da Mangabeira,Ceará
Flora Rica,3515806,PRESIDENTE PRUDENTE,351580,Sudeste,SP,"-21.6760000\,-51.3840000",35,SP-Flora Rica,São Paulo
Bom Sucesso,4103206,NORTE CENTRAL PARANAENSE,410320,Sul,PR,"-23.7100000\,-51.7640000",41,PR-Bom Sucesso,Paraná
Tuparetama,2615904,SERTAO PERNAMBUCANO,261590,Nordeste,PE,"-7.6020000\,-37.3110000",26,PE-Tuparetama,Pernambuco
Ilha Grande,2204659,NORTE PIAUIENSE,220465,Nordeste,PI,"-2.8580000\,-41.8210000",22,PI-Ilha Grande,Piauí
Wanderley,2933455,EXTREMO OESTE BAIANO,293345,Nordeste,BA,"-12.1200000\,-43.8880000",29,BA-Wanderley,Bahia
Nova Castilho,3532868,SAO JOSE DO RIO PRETO,353286,Sudeste,SP,"-20.7630000\,-50.3430000",35,SP-Nova Castilho,São Paulo
Iaras,3519253,BAURU,351925,Sudeste,SP,"-22.8710000\,-49.1630000",35,SP-Iaras,São Paulo
Caturaí,5205208,CENTRO GOIANO,520520,Centro-Oeste,GO,"-16.4470000\,-49.4940000",52,GO-Caturaí,Goiás
Baião,1501204,NORDESTE PARAENSE,150120,Norte,PA,"-2.7910000\,-49.6720000",15,PA-Baião,Pará
Alvorada,1700707,OCIDENTAL DO TOCANTINS,170070,Norte,TO,"-12.4800000\,-49.1250000",17,TO-Alvorada,Tocantins
Muitos Capões,4312617,NORDESTE RIO-GRANDENSE,431261,Sul,RS,"-28.3140000\,-51.1820000",43,RS-Muitos Capões,Rio Grande do Sul
Sanharó,2612406,AGRESTE PERNAMBUCANO,261240,Nordeste,PE,"-8.3610000\,-36.5660000",26,PE-Sanharó,Pernambuco
Passira,2610509,AGRESTE PERNAMBUCANO,261050,Nordeste,PE,"-7.9950000\,-35.5810000",26,PE-Passira,Pernambuco
Augusto Pestana,4301503,NOROESTE RIO-GRANDENSE,430150,Sul,RS,"-28.5170000\,-53.9920000",43,RS-Augusto Pestana,Rio Grande do Sul
Farias Brito,2304301,SUL CEARENSE,230430,Nordeste,CE,"-6.9310000\,-39.5660000",23,CE-Farias Brito,Ceará
Espírito Santo,2403509,LESTE POTIGUAR,240350,Nordeste,RN,"-6.3320000\,-35.3090000",24,RN-Espírito Santo,Rio Grande do Norte
Arneiroz,2301505,SERTOES CEARENSES,230150,Nordeste,CE,"-6.3240000\,-40.1610000",23,CE-Arneiroz,Ceará
Castanheiras,1100908,LESTE RONDONIENSE,110090,Norte,RO,"-11.4270000\,-61.9500000",11,RO-Castanheiras,Rondônia
Viana,3205101,CENTRAL ESPIRITO-SANTENSE,320510,Sudeste,ES,"-20.3900000\,-40.4960000",32,ES-Viana,Espírito Santo
Pindoretama,2310852,NORTE CEARENSE,231085,Nordeste,CE,"-4.0280000\,-38.3060000",23,CE-Pindoretama,Ceará
Abaíra,2900108,CENTRO SUL BAIANO,290010,Nordeste,BA,"-13.2500000\,-41.6640000",29,BA-Abaíra,Bahia
Bom Jesus do Sul,4103156,SUDOESTE PARANAENSE,410315,Sul,PR,"-26.1930000\,-53.5970000",41,PR-Bom Jesus do Sul,Paraná
Novo Horizonte do Oeste,1100502,LESTE RONDONIENSE,110050,Norte,RO,"-11.7100000\,-62.0000000",11,RO-Novo Horizonte do Oeste,Rondônia
Buriti Alegre,5203906,SUL GOIANO,520390,Centro-Oeste,GO,"-18.1440000\,-49.0440000",52,GO-Buriti Alegre,Goiás
Cerquilho,3511508,ITAPETININGA,351150,Sudeste,SP,"-23.1650000\,-47.7440000",35,SP-Cerquilho,São Paulo
Rio Azul,4122008,SUDESTE PARANAENSE,412200,Sul,PR,"-25.7330000\,-50.7960000",41,PR-Rio Azul,Paraná
Marema,4210555,OESTE CATARINENSE,421055,Sul,SC,"-26.8020000\,-52.6250000",42,SC-Marema,Santa Catarina
Alegre,3200201,SUL ESPIRITO-SANTENSE,320020,Sudeste,ES,"-20.7640000\,-41.5330000",32,ES-Alegre,Espírito Santo
Xinguara,1508407,SUDESTE PARAENSE,150840,Norte,PA,"-7.0950000\,-49.9460000",15,PA-Xinguara,Pará
São Miguel do Guaporé,1100320,LESTE RONDONIENSE,110032,Norte,RO,"-11.6810000\,-62.6840000",11,RO-São Miguel do Guaporé,Rondônia
Cerejeiras,1100056,LESTE RONDONIENSE,110005,Norte,RO,"-13.1890000\,-60.8120000",11,RO-Cerejeiras,Rondônia
Segredo,4320263,CENTRO ORIENTAL RIO-GRANDENSE,432026,Sul,RS,"-29.2690000\,-53.0120000",43,RS-Segredo,Rio Grande do Sul
Pato Bragado,4118451,OESTE PARANAENSE,411845,Sul,PR,"-24.6260000\,-54.2250000",41,PR-Pato Bragado,Paraná
Casimiro de Abreu,3301306,BAIXADAS,330130,Sudeste,RJ,"-22.4810000\,-42.2040000",33,RJ-Casimiro de Abreu,Rio de Janeiro
Saudades,4217303,OESTE CATARINENSE,421730,Sul,SC,"-26.9240000\,-53.0030000",42,SC-Saudades,Santa Catarina
Ibitirama,3202553,SUL ESPIRITO-SANTENSE,320255,Sudeste,ES,"-20.5410000\,-41.6670000",32,ES-Ibitirama,Espírito Santo
Volta Grande,3172103,ZONA DA MATA,317210,Sudeste,MG,"-21.7710000\,-42.5390000",31,MG-Volta Grande,Minas Gerais
Americana,3501608,CAMPINAS,350160,Sudeste,SP,"-22.7390000\,-47.3310000",35,SP-Americana,São Paulo
Barra de Santana,2501575,BORBOREMA,250157,Nordeste,PB,"-7.5200000\,-36.0000000",25,PB-Barra de Santana,Paraíba
São Bento do Norte,2411601,CENTRAL POTIGUAR,241160,Nordeste,RN,"-5.0930000\,-35.9590000",24,RN-São Bento do Norte,Rio Grande do Norte
Itapitanga,2916609,SUL BAIANO,291660,Nordeste,BA,"-14.4230000\,-39.5650000",29,BA-Itapitanga,Bahia
Macuco,3302452,CENTRO FLUMINENSE,330245,Sudeste,RJ,"-21.9840000\,-42.2530000",33,RJ-Macuco,Rio de Janeiro
Nova Ramada,4313334,NOROESTE RIO-GRANDENSE,431333,Sul,RS,"-28.0640000\,-53.6970000",43,RS-Nova Ramada,Rio Grande do Sul
Tabuleiro,3167905,ZONA DA MATA,316790,Sudeste,MG,"-21.3590000\,-43.2480000",31,MG-Tabuleiro,Minas Gerais
Ouro Branco,3145901,METROPOLITANA DE BELO HORIZONTE,314590,Sudeste,MG,"-20.5210000\,-43.6920000",31,MG-Ouro Branco,Minas Gerais
Estrela d'Oeste,3515202,SAO JOSE DO RIO PRETO,351520,Sudeste,SP,"-20.2880000\,-50.4010000",35,SP-Estrela d'Oeste,São Paulo
Laguna Carapã,5005251,SUDOESTE DE MATO GROSSO DO SUL,500525,Centro-Oeste,MS,"-22.5460000\,-55.1500000",50,MS-Laguna Carapã,Mato Grosso do Sul
Itobi,3523800,CAMPINAS,352380,Sudeste,SP,"-21.7370000\,-46.9750000",35,SP-Itobi,São Paulo
Sobradinho,4320701,CENTRO ORIENTAL RIO-GRANDENSE,432070,Sul,RS,"-29.4210000\,-53.0290000",43,RS-Sobradinho,Rio Grande do Sul
Pau D'Arco,1716307,OCIDENTAL DO TOCANTINS,171630,Norte,TO,"-7.5400000\,-49.3720000",17,TO-Pau D'Arco,Tocantins
Itapajé,2306306,NORTE CEARENSE,230630,Nordeste,CE,"-3.6870000\,-39.5860000",23,CE-Itapajé,Ceará
Corumbiara,1100072,LESTE RONDONIENSE,110007,Norte,RO,"-12.9620000\,-60.8870000",11,RO-Corumbiara,Rondônia
Ilicínea,3130507,SUL/SUDOESTE DE MINAS,313050,Sudeste,MG,"-20.9360000\,-45.8330000",31,MG-Ilicínea,Minas Gerais
Ipiranga do Norte,5104526,NORTE MATO-GROSSENSE,510452,Centro-Oeste,MT,"-12.2410000\,-56.1460000",51,MT-Ipiranga do Norte,Mato Grosso
Nioaque,5005806,SUDOESTE DE MATO GROSSO DO SUL,500580,Centro-Oeste,MS,"-21.1350000\,-55.8300000",50,MS-Nioaque,Mato Grosso do Sul
Linha Nova,4311643,METROPOLITANA DE PORTO ALEGRE,431164,Sul,RS,"-29.4680000\,-51.2010000",43,RS-Linha Nova,Rio Grande do Sul
Itajubá,3132404,SUL/SUDOESTE DE MINAS,313240,Sudeste,MG,"-22.4260000\,-45.4530000",31,MG-Itajubá,Minas Gerais
Goiandira,5208509,SUL GOIANO,520850,Centro-Oeste,GO,"-18.1330000\,-48.0850000",52,GO-Goiandira,Goiás
São João do Manhuaçu,3162559,ZONA DA MATA,316255,Sudeste,MG,"-20.3940000\,-42.1510000",31,MG-São João do Manhuaçu,Minas Gerais
Boa Vista das Missões,4302154,NOROESTE RIO-GRANDENSE,430215,Sul,RS,"-27.6630000\,-53.3140000",43,RS-Boa Vista das Missões,Rio Grande do Sul
Delfim Moreira,3121100,SUL/SUDOESTE DE MINAS,312110,Sudeste,MG,"-22.5090000\,-45.2800000",31,MG-Delfim Moreira,Minas Gerais
Capão Alto,4203253,SERRANA,420325,Sul,SC,"-27.9370000\,-50.5120000",42,SC-Capão Alto,Santa Catarina
São Manoel do Paraná,4125555,NOROESTE PARANAENSE,412555,Sul,PR,"-23.4030000\,-52.6440000",41,PR-São Manoel do Paraná,Paraná
Carauari,1301001,SUDOESTE AMAZONENSE,130100,Norte,AM,"-4.8830000\,-66.8960000",13,AM-Carauari,Amazonas
Xavantina,4219606,OESTE CATARINENSE,421960,Sul,SC,"-27.0690000\,-52.3420000",42,SC-Xavantina,Santa Catarina
Ibiraçu,3202504,LITORAL NORTE ESPIRITO-SANTENSE,320250,Sudeste,ES,"-19.8320000\,-40.3700000",32,ES-Ibiraçu,Espírito Santo
Rosana,3544251,PRESIDENTE PRUDENTE,354425,Sudeste,SP,"-22.5800000\,-53.0590000",35,SP-Rosana,São Paulo
Prado Ferreira,4120333,NORTE CENTRAL PARANAENSE,412033,Sul,PR,"-23.0390000\,-51.4420000",41,PR-Prado Ferreira,Paraná
Indiavaí,5104500,SUDOESTE MATO-GROSSENSE,510450,Centro-Oeste,MT,"-15.4940000\,-58.5730000",51,MT-Indiavaí,Mato Grosso
Concórdia,4204301,OESTE CATARINENSE,420430,Sul,SC,"-27.2340000\,-52.0280000",42,SC-Concórdia,Santa Catarina
Charrua,4305371,NOROESTE RIO-GRANDENSE,430537,Sul,RS,"-27.9520000\,-52.0150000",43,RS-Charrua,Rio Grande do Sul
Santo Antônio do Içá,1303700,SUDOESTE AMAZONENSE,130370,Norte,AM,"-3.1020000\,-67.9400000",13,AM-Santo Antônio do Içá,Amazonas
Boa Vista do Incra,4302238,NOROESTE RIO-GRANDENSE,430223,Sul,RS,"-28.8190000\,-53.3870000",43,RS-Boa Vista do Incra,Rio Grande do Sul
Ubirajara,3555505,BAURU,355550,Sudeste,SP,"-22.5270000\,-49.6630000",35,SP-Ubirajara,São Paulo
Sobradinho,2930774,VALE SAO-FRANCISCANO DA BAHIA,293077,Nordeste,BA,"-9.4550000\,-40.8230000",29,BA-Sobradinho,Bahia
Timbiras,2112100,LESTE MARANHENSE,211210,Nordeste,MA,"-4.2550000\,-43.9410000",21,MA-Timbiras,Maranhão
Catalão,5205109,SUL GOIANO,520510,Centro-Oeste,GO,"-18.1700000\,-47.9420000",52,GO-Catalão,Goiás
Pedra Dourada,3149002,ZONA DA MATA,314900,Sudeste,MG,"-20.8300000\,-42.1540000",31,MG-Pedra Dourada,Minas Gerais
Novo Xingu,4313466,NOROESTE RIO-GRANDENSE,431346,Sul,RS,"-27.7470000\,-53.0540000",43,RS-Novo Xingu,Rio Grande do Sul
Santa Inês,4123600,NORTE CENTRAL PARANAENSE,412360,Sul,PR,"-22.6380000\,-51.9030000",41,PR-Santa Inês,Paraná
Pilões,2410009,OESTE POTIGUAR,241000,Nordeste,RN,"-6.2690000\,-38.0430000",24,RN-Pilões,Rio Grande do Norte
São Domingos do Sul,4318051,NOROESTE RIO-GRANDENSE,431805,Sul,RS,"-28.5310000\,-51.8880000",43,RS-São Domingos do Sul,Rio Grande do Sul
Paulo Afonso,2924009,VALE SAO-FRANCISCANO DA BAHIA,292400,Nordeste,BA,"-9.4080000\,-38.2220000",29,BA-Paulo Afonso,Bahia
Picuí,2511400,BORBOREMA,251140,Nordeste,PB,"-6.5550000\,-36.3490000",25,PB-Picuí,Paraíba
Barro Preto,2903300,SUL BAIANO,290330,Nordeste,BA,"-14.8100000\,-39.4710000",29,BA-Barro Preto,Bahia
Epitaciolândia,1200252,VALE DO ACRE,120025,Norte,AC,"-11.0290000\,-68.7410000",12,AC-Epitaciolândia,Acre
Treviso,4218350,SUL CATARINENSE,421835,Sul,SC,"-28.5160000\,-49.4580000",42,SC-Treviso,Santa Catarina
Potiretama,2311231,JAGUARIBE,231123,Nordeste,CE,"-5.6680000\,-38.2510000",23,CE-Potiretama,Ceará
Jussara,4113007,NOROESTE PARANAENSE,411300,Sul,PR,"-23.6210000\,-52.4690000",41,PR-Jussara,Paraná
Santa Helena de Minas,3157658,VALE DO MUCURI,315765,Sudeste,MG,"-16.9830000\,-40.6860000",31,MG-Santa Helena de Minas,Minas Gerais
Alto Caparaó,3102050,ZONA DA MATA,310205,Sudeste,MG,"-20.4340000\,-41.8680000",31,MG-Alto Caparaó,Minas Gerais
Parecis,1101450,LESTE RONDONIENSE,110145,Norte,RO,"-12.1750000\,-61.6030000",11,RO-Parecis,Rondônia
Regeneração,2208809,CENTRO-NORTE PIAUIENSE,220880,Nordeste,PI,"-6.2380000\,-42.6880000",22,PI-Regeneração,Piauí
Penha,4212502,VALE DO ITAJAI,421250,Sul,SC,"-26.7690000\,-48.6460000",42,SC-Penha,Santa Catarina
Boa Vista,1400100,NORTE DE RORAIMA,140010,Norte,RR,"2.8200000\,-60.6730000",14,RR-Boa Vista,Roraima
Macambira,2803708,AGRESTE SERGIPANO,280370,Nordeste,SE,"-10.6660000\,-37.5410000",28,SE-Macambira,Sergipe
Prudente de Morais,3153608,METROPOLITANA DE BELO HORIZONTE,315360,Sudeste,MG,"-19.4820000\,-44.1550000",31,MG-Prudente de Morais,Minas Gerais
Rio de Contas,2926707,CENTRO SUL BAIANO,292670,Nordeste,BA,"-13.5790000\,-41.8110000",29,BA-Rio de Contas,Bahia
Imbaú,4110078,CENTRO ORIENTAL PARANAENSE,411007,Sul,PR,"-24.4450000\,-50.7610000",41,PR-Imbaú,Paraná
Tufilândia,2112274,OESTE MARANHENSE,211227,Nordeste,MA,"-3.7290000\,-45.5540000",21,MA-Tufilândia,Maranhão
Lagoa Salgada,2406601,AGRESTE POTIGUAR,240660,Nordeste,RN,"-6.1340000\,-35.4940000",24,RN-Lagoa Salgada,Rio Grande do Norte
Paulo Lopes,4212304,GRANDE FLORIANOPOLIS,421230,Sul,SC,"-27.9620000\,-48.6840000",42,SC-Paulo Lopes,Santa Catarina
Serra Negra do Norte,2413409,CENTRAL POTIGUAR,241340,Nordeste,RN,"-6.6660000\,-37.3970000",24,RN-Serra Negra do Norte,Rio Grande do Norte
Hugo Napoleão,2204600,CENTRO-NORTE PIAUIENSE,220460,Nordeste,PI,"-5.9890000\,-42.5560000",22,PI-Hugo Napoleão,Piauí
Tapauá,1304104,SUL AMAZONENSE,130410,Norte,AM,"-5.6280000\,-63.1830000",13,AM-Tapauá,Amazonas
Tibau,2411056,OESTE POTIGUAR,241105,Nordeste,RN,"-4.8370000\,-37.2530000",24,RN-Tibau,Rio Grande do Norte
Riachão das Neves,2926202,EXTREMO OESTE BAIANO,292620,Nordeste,BA,"-11.7460000\,-44.9100000",29,BA-Riachão das Neves,Bahia
Carandaí,3113206,CAMPO DAS VERTENTES,311320,Sudeste,MG,"-20.9540000\,-43.8060000",31,MG-Carandaí,Minas Gerais
São Gabriel do Oeste,5007695,CENTRO NORTE DE MATO GROSSO DO SUL,500769,Centro-Oeste,MS,"-19.3950000\,-54.5660000",50,MS-São Gabriel do Oeste,Mato Grosso do Sul
Lizarda,1712405,ORIENTAL DO TOCANTINS,171240,Norte,TO,"-9.5940000\,-46.6730000",17,TO-Lizarda,Tocantins
Calmon,4203154,OESTE CATARINENSE,420315,Sul,SC,"-26.6000000\,-51.0970000",42,SC-Calmon,Santa Catarina
Guaratinga,2911808,SUL BAIANO,291180,Nordeste,BA,"-16.5840000\,-39.7830000",29,BA-Guaratinga,Bahia
Itabela,2914653,SUL BAIANO,291465,Nordeste,BA,"-16.5750000\,-39.5530000",29,BA-Itabela,Bahia
Cerro Negro,4204178,SERRANA,420417,Sul,SC,"-27.7950000\,-50.8760000",42,SC-Cerro Negro,Santa Catarina
Tonantins,1304237,SUDOESTE AMAZONENSE,130423,Norte,AM,"-2.8730000\,-67.8020000",13,AM-Tonantins,Amazonas
Porto dos Gaúchos,5106802,NORTE MATO-GROSSENSE,510680,Centro-Oeste,MT,"-11.5350000\,-57.4140000",51,MT-Porto dos Gaúchos,Mato Grosso
Quinze de Novembro,4315354,NOROESTE RIO-GRANDENSE,431535,Sul,RS,"-28.7420000\,-53.0950000",43,RS-Quinze de Novembro,Rio Grande do Sul
Aurora,2301703,SUL CEARENSE,230170,Nordeste,CE,"-6.9430000\,-38.9680000",23,CE-Aurora,Ceará
Capinzal,4203907,OESTE CATARINENSE,420390,Sul,SC,"-27.3440000\,-51.6120000",42,SC-Capinzal,Santa Catarina
Olímpio Noronha,3145505,SUL/SUDOESTE DE MINAS,314550,Sudeste,MG,"-22.0680000\,-45.2640000",31,MG-Olímpio Noronha,Minas Gerais
Mucurici,3203601,LITORAL NORTE ESPIRITO-SANTENSE,320360,Sudeste,ES,"-18.0930000\,-40.5160000",32,ES-Mucurici,Espírito Santo
Lavrinhas,3526605,VALE DO PARAIBA PAULISTA,352660,Sudeste,SP,"-22.5710000\,-44.9020000",35,SP-Lavrinhas,São Paulo
Itumirim,3134301,CAMPO DAS VERTENTES,313430,Sudeste,MG,"-21.3170000\,-44.8710000",31,MG-Itumirim,Minas Gerais
Passagem Franca do Piauí,2207751,CENTRO-NORTE PIAUIENSE,220775,Nordeste,PI,"-5.8580000\,-42.4400000",22,PI-Passagem Franca do Piauí,Piauí
Timburi,3554607,ASSIS,355460,Sudeste,SP,"-23.2050000\,-49.6070000",35,SP-Timburi,São Paulo
Divisópolis,3122454,JEQUITINHONHA,312245,Sudeste,MG,"-15.7260000\,-41.0000000",31,MG-Divisópolis,Minas Gerais
Boa Vista da Aparecida,4103057,OESTE PARANAENSE,410305,Sul,PR,"-25.4360000\,-53.4080000",41,PR-Boa Vista da Aparecida,Paraná
São João da Varjota,2209955,SUDESTE PIAUIENSE,220995,Nordeste,PI,"-6.9420000\,-41.8900000",22,PI-São João da Varjota,Piauí
Caiana,3110103,ZONA DA MATA,311010,Sudeste,MG,"-20.6960000\,-41.9250000",31,MG-Caiana,Minas Gerais
Novo Progresso,1505031,SUDOESTE PARAENSE,150503,Norte,PA,"-7.1470000\,-55.3820000",15,PA-Novo Progresso,Pará
Avaí,3504305,BAURU,350430,Sudeste,SP,"-22.1470000\,-49.3330000",35,SP-Avaí,São Paulo
Floresta Azul,2911006,SUL BAIANO,291100,Nordeste,BA,"-14.8600000\,-39.6600000",29,BA-Floresta Azul,Bahia
Santa Terezinha,4215679,NORTE CATARINENSE,421567,Sul,SC,"-26.7790000\,-50.0080000",42,SC-Santa Terezinha,Santa Catarina
Ananás,1701002,OCIDENTAL DO TOCANTINS,170100,Norte,TO,"-6.3660000\,-48.0730000",17,TO-Ananás,Tocantins
Irati,4110706,SUDESTE PARANAENSE,411070,Sul,PR,"-25.4670000\,-50.6510000",41,PR-Irati,Paraná
São Pedro de Alcântara,4217253,GRANDE FLORIANOPOLIS,421725,Sul,SC,"-27.5660000\,-48.8050000",42,SC-São Pedro de Alcântara,Santa Catarina
Cândido Godói,4304309,NOROESTE RIO-GRANDENSE,430430,Sul,RS,"-27.9520000\,-54.7520000",43,RS-Cândido Godói,Rio Grande do Sul
Estrela do Norte,5207501,NORTE GOIANO,520750,Centro-Oeste,GO,"-13.8680000\,-49.0730000",52,GO-Estrela do Norte,Goiás
Atílio Vivacqua,3200706,SUL ESPIRITO-SANTENSE,320070,Sudeste,ES,"-20.9140000\,-41.1980000",32,ES-Atílio Vivacqua,Espírito Santo
Cedral,3511300,SAO JOSE DO RIO PRETO,351130,Sudeste,SP,"-20.9030000\,-49.2680000",35,SP-Cedral,São Paulo
Brejinho de Nazaré,1703701,OCIDENTAL DO TOCANTINS,170370,Norte,TO,"-11.0000000\,-48.5660000",17,TO-Brejinho de Nazaré,Tocantins
Roteiro,2707800,LESTE ALAGOANO,270780,Nordeste,AL,"-9.8330000\,-35.9780000",27,AL-Roteiro,Alagoas
Careiro,1301100,CENTRO AMAZONENSE,130110,Norte,AM,"-3.7680000\,-60.3690000",13,AM-Careiro,Amazonas
Ipiranga de Goiás,5210158,CENTRO GOIANO,521015,Centro-Oeste,GO,"-15.1700000\,-49.6700000",52,GO-Ipiranga de Goiás,Goiás
Baependi,3104908,SUL/SUDOESTE DE MINAS,310490,Sudeste,MG,"-21.9590000\,-44.8900000",31,MG-Baependi,Minas Gerais
Vera,5108501,NORTE MATO-GROSSENSE,510850,Centro-Oeste,MT,"-12.3060000\,-55.3170000",51,MT-Vera,Mato Grosso
Jutaí,1302306,SUDOESTE AMAZONENSE,130230,Norte,AM,"-2.7470000\,-66.7670000",13,AM-Jutaí,Amazonas
Monte Santo do Tocantins,1713700,OCIDENTAL DO TOCANTINS,171370,Norte,TO,"-10.0040000\,-48.9950000",17,TO-Monte Santo do Tocantins,Tocantins
São Félix do Xingu,1507300,SUDESTE PARAENSE,150730,Norte,PA,"-6.6450000\,-51.9950000",15,PA-São Félix do Xingu,Pará
Várzea Paulista,3556503,MACRO METROPOLITANA PAULISTA,355650,Sudeste,SP,"-23.2110000\,-46.8280000",35,SP-Várzea Paulista,São Paulo
São Joaquim,4216503,SERRANA,421650,Sul,SC,"-28.2940000\,-49.9320000",42,SC-São Joaquim,Santa Catarina
Pains,3146503,OESTE DE MINAS,314650,Sudeste,MG,"-20.3710000\,-45.6610000",31,MG-Pains,Minas Gerais
Trindade,5221403,CENTRO GOIANO,522140,Centro-Oeste,GO,"-16.6490000\,-49.4890000",52,GO-Trindade,Goiás
Rebouças,4121505,SUDESTE PARANAENSE,412150,Sul,PR,"-25.6210000\,-50.6930000",41,PR-Rebouças,Paraná
Xanxerê,4219507,OESTE CATARINENSE,421950,Sul,SC,"-26.8770000\,-52.4040000",42,SC-Xanxerê,Santa Catarina
Rubinéia,3544509,SAO JOSE DO RIO PRETO,354450,Sudeste,SP,"-20.1790000\,-51.0020000",35,SP-Rubinéia,São Paulo
Itaperuna,3302205,NOROESTE FLUMINENSE,330220,Sudeste,RJ,"-21.2050000\,-41.8880000",33,RJ-Itaperuna,Rio de Janeiro
Graça Aranha,2104701,CENTRO MARANHENSE,210470,Nordeste,MA,"-5.4100000\,-44.3340000",21,MA-Graça Aranha,Maranhão
Bernardo Sayão,1703206,OCIDENTAL DO TOCANTINS,170320,Norte,TO,"-7.8740000\,-48.8880000",17,TO-Bernardo Sayão,Tocantins
Alegria,4300455,NOROESTE RIO-GRANDENSE,430045,Sul,RS,"-27.8270000\,-54.0570000",43,RS-Alegria,Rio Grande do Sul
São João da Boa Vista,3549102,CAMPINAS,354910,Sudeste,SP,"-21.9690000\,-46.7980000",35,SP-São João da Boa Vista,São Paulo
São Francisco de Paula,3161205,OESTE DE MINAS,316120,Sudeste,MG,"-20.7100000\,-44.9850000",31,MG-São Francisco de Paula,Minas Gerais
Pugmil,1718451,OCIDENTAL DO TOCANTINS,171845,Norte,TO,"-10.4240000\,-48.8940000",17,TO-Pugmil,Tocantins
Planalto,4119806,SUDOESTE PARANAENSE,411980,Sul,PR,"-25.7160000\,-53.7660000",41,PR-Planalto,Paraná
Sandovalina,3545506,PRESIDENTE PRUDENTE,354550,Sudeste,SP,"-22.4560000\,-51.7630000",35,SP-Sandovalina,São Paulo
Riacho Frio,2208858,SUDOESTE PIAUIENSE,220885,Nordeste,PI,"-10.1250000\,-44.9530000",22,PI-Riacho Frio,Piauí
Estiva,3124500,SUL/SUDOESTE DE MINAS,312450,Sudeste,MG,"-22.4630000\,-46.0170000",31,MG-Estiva,Minas Gerais
Itamari,2915700,SUL BAIANO,291570,Nordeste,BA,"-13.7780000\,-39.6840000",29,BA-Itamari,Bahia
Silva Jardim,3305604,BAIXADAS,330560,Sudeste,RJ,"-22.6510000\,-42.3920000",33,RJ-Silva Jardim,Rio de Janeiro
Iguatemi,5004304,SUDOESTE DE MATO GROSSO DO SUL,500430,Centro-Oeste,MS,"-23.6800000\,-54.5610000",50,MS-Iguatemi,Mato Grosso do Sul
Bom Jesus do Amparo,3107703,METROPOLITANA DE BELO HORIZONTE,310770,Sudeste,MG,"-19.7040000\,-43.4740000",31,MG-Bom Jesus do Amparo,Minas Gerais
Congonhinhas,4106001,NORTE PIONEIRO PARANAENSE,410600,Sul,PR,"-23.5510000\,-50.5540000",41,PR-Congonhinhas,Paraná
Junqueirópolis,3526001,PRESIDENTE PRUDENTE,352600,Sudeste,SP,"-21.5150000\,-51.4340000",35,SP-Junqueirópolis,São Paulo
Guaiçara,3517208,BAURU,351720,Sudeste,SP,"-21.6220000\,-49.7990000",35,SP-Guaiçara,São Paulo
Nova Canaã Paulista,3532843,SAO JOSE DO RIO PRETO,353284,Sudeste,SP,"-20.3860000\,-50.9490000",35,SP-Nova Canaã Paulista,São Paulo
Tamboril do Piauí,2210953,SUDOESTE PIAUIENSE,221095,Nordeste,PI,"-8.4000000\,-42.9140000",22,PI-Tamboril do Piauí,Piauí
Serrania,3166907,SUL/SUDOESTE DE MINAS,316690,Sudeste,MG,"-21.5480000\,-46.0400000",31,MG-Serrania,Minas Gerais
Mesópolis,3529658,SAO JOSE DO RIO PRETO,352965,Sudeste,SP,"-19.9660000\,-50.6380000",35,SP-Mesópolis,São Paulo
Japaratinga,2703601,LESTE ALAGOANO,270360,Nordeste,AL,"-9.0880000\,-35.2580000",27,AL-Japaratinga,Alagoas
Custódia,2605103,SERTAO PERNAMBUCANO,260510,Nordeste,PE,"-8.0880000\,-37.6430000",26,PE-Custódia,Pernambuco
São José do Ouro,4318606,NOROESTE RIO-GRANDENSE,431860,Sul,RS,"-27.7690000\,-51.5940000",43,RS-São José do Ouro,Rio Grande do Sul
Tuneiras do Oeste,4127908,NOROESTE PARANAENSE,412790,Sul,PR,"-23.8710000\,-52.8760000",41,PR-Tuneiras do Oeste,Paraná
Nicolau Vergueiro,4312674,NOROESTE RIO-GRANDENSE,431267,Sul,RS,"-28.5360000\,-52.4640000",43,RS-Nicolau Vergueiro,Rio Grande do Sul
Cachoeirinha,2603108,AGRESTE PERNAMBUCANO,260310,Nordeste,PE,"-8.4860000\,-36.2330000",26,PE-Cachoeirinha,Pernambuco
Parnamirim,2403251,LESTE POTIGUAR,240325,Nordeste,RN,"-5.9160000\,-35.2630000",24,RN-Parnamirim,Rio Grande do Norte
Parisi,3536257,SAO JOSE DO RIO PRETO,353625,Sudeste,SP,"-20.3040000\,-50.0150000",35,SP-Parisi,São Paulo
Salto do Céu,5107750,SUDOESTE MATO-GROSSENSE,510775,Centro-Oeste,MT,"-15.1300000\,-58.1270000",51,MT-Salto do Céu,Mato Grosso
Baianópolis,2902500,EXTREMO OESTE BAIANO,290250,Nordeste,BA,"-12.3060000\,-44.5350000",29,BA-Baianópolis,Bahia
Bela Vista do Toldo,4202131,NORTE CATARINENSE,420213,Sul,SC,"-26.2730000\,-50.4640000",42,SC-Bela Vista do Toldo,Santa Catarina
Curral Novo do Piauí,2203271,SUDESTE PIAUIENSE,220327,Nordeste,PI,"-7.8320000\,-40.9010000",22,PI-Curral Novo do Piauí,Piauí
Nova Ponte,3145000,TRIANGULO MINEIRO/ALTO PARANAIBA,314500,Sudeste,MG,"-19.1360000\,-47.6830000",31,MG-Nova Ponte,Minas Gerais
Mendonça,3529500,SAO JOSE DO RIO PRETO,352950,Sudeste,SP,"-21.1670000\,-49.5810000",35,SP-Mendonça,São Paulo
São Domingos,5219803,LESTE GOIANO,521980,Centro-Oeste,GO,"-13.3980000\,-46.3180000",52,GO-São Domingos,Goiás
Vila Rica,5108600,NORDESTE MATO-GROSSENSE,510860,Centro-Oeste,MT,"-10.0120000\,-51.1160000",51,MT-Vila Rica,Mato Grosso
Remígio,2512705,AGRESTE PARAIBANO,251270,Nordeste,PB,"-6.9030000\,-35.8340000",25,PB-Remígio,Paraíba
Timbé do Sul,4218103,SUL CATARINENSE,421810,Sul,SC,"-28.8300000\,-49.8470000",42,SC-Timbé do Sul,Santa Catarina
Fazenda Nova,5207600,CENTRO GOIANO,520760,Centro-Oeste,GO,"-16.1830000\,-50.7800000",52,GO-Fazenda Nova,Goiás
Mário Campos,3140159,METROPOLITANA DE BELO HORIZONTE,314015,Sudeste,MG,"-20.0560000\,-44.1880000",31,MG-Mário Campos,Minas Gerais
Alto Alegre do Pindaré,2100477,OESTE MARANHENSE,210047,Nordeste,MA,"-3.6900000\,-45.9030000",21,MA-Alto Alegre do Pindaré,Maranhão
Nhandeara,3532603,SAO JOSE DO RIO PRETO,353260,Sudeste,SP,"-20.6940000\,-50.0380000",35,SP-Nhandeara,São Paulo
Pureza,2410405,LESTE POTIGUAR,241040,Nordeste,RN,"-5.4670000\,-35.5560000",24,RN-Pureza,Rio Grande do Norte
Áurea,4301552,NOROESTE RIO-GRANDENSE,430155,Sul,RS,"-27.6980000\,-52.0490000",43,RS-Áurea,Rio Grande do Sul
Palmelo,5215801,SUL GOIANO,521580,Centro-Oeste,GO,"-17.3240000\,-48.4240000",52,GO-Palmelo,Goiás
Sapeaçu,2929602,METROPOLITANA DE SALVADOR,292960,Nordeste,BA,"-12.7280000\,-39.1820000",29,BA-Sapeaçu,Bahia
Confresa,5103353,NORDESTE MATO-GROSSENSE,510335,Centro-Oeste,MT,"-10.6440000\,-51.5690000",51,MT-Confresa,Mato Grosso
São José do Egito,2613602,SERTAO PERNAMBUCANO,261360,Nordeste,PE,"-7.4790000\,-37.2740000",26,PE-São José do Egito,Pernambuco
Jaçanã,2405009,AGRESTE POTIGUAR,240500,Nordeste,RN,"-6.4260000\,-36.2050000",24,RN-Jaçanã,Rio Grande do Norte
Primeira Cruz,2109403,NORTE MARANHENSE,210940,Nordeste,MA,"-2.5100000\,-43.4380000",21,MA-Primeira Cruz,Maranhão
Manaus,1302603,CENTRO AMAZONENSE,130260,Norte,AM,"-3.1020000\,-60.0250000",13,AM-Manaus,Amazonas
Olaria,3145406,ZONA DA MATA,314540,Sudeste,MG,"-21.8610000\,-43.9370000",31,MG-Olaria,Minas Gerais
Aracoiaba,2301208,NORTE CEARENSE,230120,Nordeste,CE,"-4.3710000\,-38.8140000",23,CE-Aracoiaba,Ceará
Ibirapitanga,2912707,SUL BAIANO,291270,Nordeste,BA,"-14.1640000\,-39.3740000",29,BA-Ibirapitanga,Bahia
Santo Antônio do Leverger,5107800,CENTRO-SUL MATO-GROSSENSE,510780,Centro-Oeste,MT,"-15.8660000\,-56.0770000",51,MT-Santo Antônio do Leverger,Mato Grosso
Tabaí,4320859,CENTRO ORIENTAL RIO-GRANDENSE,432085,Sul,RS,"-29.6430000\,-51.6820000",43,RS-Tabaí,Rio Grande do Sul
Flor da Serra do Sul,4107850,SUDOESTE PARANAENSE,410785,Sul,PR,"-26.2570000\,-53.3070000",41,PR-Flor da Serra do Sul,Paraná
Gravataí,4309209,METROPOLITANA DE PORTO ALEGRE,430920,Sul,RS,"-29.9440000\,-50.9920000",43,RS-Gravataí,Rio Grande do Sul
Santa Bárbara,3157203,METROPOLITANA DE BELO HORIZONTE,315720,Sudeste,MG,"-19.9590000\,-43.4150000",31,MG-Santa Bárbara,Minas Gerais
Rubelita,3156502,NORTE DE MINAS,315650,Sudeste,MG,"-16.4080000\,-42.2630000",31,MG-Rubelita,Minas Gerais
Sucupira,1720853,OCIDENTAL DO TOCANTINS,172085,Norte,TO,"-11.9930000\,-48.9710000",17,TO-Sucupira,Tocantins
Jateí,5005103,SUDOESTE DE MATO GROSSO DO SUL,500510,Centro-Oeste,MS,"-22.4820000\,-54.3030000",50,MS-Jateí,Mato Grosso do Sul
Taquari,4321303,CENTRO ORIENTAL RIO-GRANDENSE,432130,Sul,RS,"-29.8000000\,-51.8640000",43,RS-Taquari,Rio Grande do Sul
Brasilândia de Minas,3108552,NOROESTE DE MINAS,310855,Sudeste,MG,"-17.0100000\,-46.0090000",31,MG-Brasilândia de Minas,Minas Gerais
Piraquara,4119509,METROPOLITANA DE CURITIBA,411950,Sul,PR,"-25.4420000\,-49.0630000",41,PR-Piraquara,Paraná
Aragoiânia,5201801,CENTRO GOIANO,520180,Centro-Oeste,GO,"-16.9120000\,-49.4510000",52,GO-Aragoiânia,Goiás
São Pedro,2412708,AGRESTE POTIGUAR,241270,Nordeste,RN,"-5.8980000\,-35.6340000",24,RN-São Pedro,Rio Grande do Norte
Bom Sucesso,2502300,SERTAO PARAIBANO,250230,Nordeste,PB,"-6.4450000\,-37.9290000",25,PB-Bom Sucesso,Paraíba
Brasileira,2201960,NORTE PIAUIENSE,220196,Nordeste,PI,"-4.1310000\,-41.7820000",22,PI-Brasileira,Piauí
Pires Ferreira,2310951,NOROESTE CEARENSE,231095,Nordeste,CE,"-4.2470000\,-40.6450000",23,CE-Pires Ferreira,Ceará
São João do Paraíso,2111052,SUL MARANHENSE,211105,Nordeste,MA,"-6.4610000\,-47.0580000",21,MA-São João do Paraíso,Maranhão
Carnaúba dos Dantas,2402402,CENTRAL POTIGUAR,240240,Nordeste,RN,"-6.5560000\,-36.5950000",24,RN-Carnaúba dos Dantas,Rio Grande do Norte
Cacimbas,2503555,SERTAO PARAIBANO,250355,Nordeste,PB,"-7.2110000\,-37.0580000",25,PB-Cacimbas,Paraíba
Lucrécia,2406908,OESTE POTIGUAR,240690,Nordeste,RN,"-6.1200000\,-37.8160000",24,RN-Lucrécia,Rio Grande do Norte
Sento Sé,2930204,VALE SAO-FRANCISCANO DA BAHIA,293020,Nordeste,BA,"-9.7460000\,-41.8850000",29,BA-Sento Sé,Bahia
Água Doce do Norte,3200169,NOROESTE ESPIRITO-SANTENSE,320016,Sudeste,ES,"-18.5470000\,-40.9790000",32,ES-Água Doce do Norte,Espírito Santo
Conceição da Feira,2908200,CENTRO NORTE BAIANO,290820,Nordeste,BA,"-12.5060000\,-38.9990000",29,BA-Conceição da Feira,Bahia
Parari,2510659,BORBOREMA,251065,Nordeste,PB,"-7.3210000\,-36.6560000",25,PB-Parari,Paraíba
Major Sales,2407252,OESTE POTIGUAR,240725,Nordeste,RN,"-6.4060000\,-38.3240000",24,RN-Major Sales,Rio Grande do Norte
São José do Rio Preto,3549805,SAO JOSE DO RIO PRETO,354980,Sudeste,SP,"-20.8200000\,-49.3790000",35,SP-São José do Rio Preto,São Paulo
Três Fronteiras,3554904,SAO JOSE DO RIO PRETO,355490,Sudeste,SP,"-20.2350000\,-50.8900000",35,SP-Três Fronteiras,São Paulo
Anahy,4101051,OESTE PARANAENSE,410105,Sul,PR,"-24.6440000\,-53.1350000",41,PR-Anahy,Paraná
Presidente Juscelino,2109205,NORTE MARANHENSE,210920,Nordeste,MA,"-2.9280000\,-44.0650000",21,MA-Presidente Juscelino,Maranhão
Poço Dantas,2512036,SERTAO PARAIBANO,251203,Nordeste,PB,"-6.4030000\,-38.4950000",25,PB-Poço Dantas,Paraíba
Mozarlândia,5214002,NOROESTE GOIANO,521400,Centro-Oeste,GO,"-14.7450000\,-50.5710000",52,GO-Mozarlândia,Goiás
Santana do São Francisco,2806404,LESTE SERGIPANO,280640,Nordeste,SE,"-10.2910000\,-36.6080000",28,SE-Santana do São Francisco,Sergipe
Indianópolis,4110409,NOROESTE PARANAENSE,411040,Sul,PR,"-23.4760000\,-52.6960000",41,PR-Indianópolis,Paraná
Santana de Cataguases,3158409,ZONA DA MATA,315840,Sudeste,MG,"-21.2870000\,-42.5570000",31,MG-Santana de Cataguases,Minas Gerais
Goioxim,4108650,CENTRO-SUL PARANAENSE,410865,Sul,PR,"-25.1950000\,-51.9930000",41,PR-Goioxim,Paraná
Campo do Meio,3111309,SUL/SUDOESTE DE MINAS,311130,Sudeste,MG,"-21.1070000\,-45.8300000",31,MG-Campo do Meio,Minas Gerais
Campos Altos,3111507,TRIANGULO MINEIRO/ALTO PARANAIBA,311150,Sudeste,MG,"-19.6960000\,-46.1710000",31,MG-Campos Altos,Minas Gerais
Cariacica,3201308,CENTRAL ESPIRITO-SANTENSE,320130,Sudeste,ES,"-20.2640000\,-40.4200000",32,ES-Cariacica,Espírito Santo
Poconé,5106505,CENTRO-SUL MATO-GROSSENSE,510650,Centro-Oeste,MT,"-16.2570000\,-56.6230000",51,MT-Poconé,Mato Grosso
Conselheiro Lafaiete,3118304,METROPOLITANA DE BELO HORIZONTE,311830,Sudeste,MG,"-20.6600000\,-43.7860000",31,MG-Conselheiro Lafaiete,Minas Gerais
Jandaia do Sul,4112108,NORTE CENTRAL PARANAENSE,411210,Sul,PR,"-23.6030000\,-51.6430000",41,PR-Jandaia do Sul,Paraná
Céu Azul,4105300,OESTE PARANAENSE,410530,Sul,PR,"-25.1470000\,-53.8490000",41,PR-Céu Azul,Paraná
Pancas,3204005,NOROESTE ESPIRITO-SANTENSE,320400,Sudeste,ES,"-19.2250000\,-40.8510000",32,ES-Pancas,Espírito Santo
Pacoti,2309805,NORTE CEARENSE,230980,Nordeste,CE,"-4.2250000\,-38.9230000",23,CE-Pacoti,Ceará
Cipó,2907905,NORDESTE BAIANO,290790,Nordeste,BA,"-11.1000000\,-38.5170000",29,BA-Cipó,Bahia
Goiana,2606200,MATA PERNAMBUCANA,260620,Nordeste,PE,"-7.5610000\,-35.0030000",26,PE-Goiana,Pernambuco
Mongaguá,3531100,LITORAL SUL PAULISTA,353110,Sudeste,SP,"-24.0870000\,-46.6290000",35,SP-Mongaguá,São Paulo
Faria Lemos,3125309,ZONA DA MATA,312530,Sudeste,MG,"-20.8080000\,-42.0300000",31,MG-Faria Lemos,Minas Gerais
Jacuípe,2703502,LESTE ALAGOANO,270350,Nordeste,AL,"-8.8420000\,-35.4600000",27,AL-Jacuípe,Alagoas
Soledade,2516102,AGRESTE PARAIBANO,251610,Nordeste,PB,"-7.0570000\,-36.3630000",25,PB-Soledade,Paraíba
Iramaia,2914307,CENTRO SUL BAIANO,291430,Nordeste,BA,"-13.2860000\,-40.9510000",29,BA-Iramaia,Bahia
Nova Viçosa,2923001,SUL BAIANO,292300,Nordeste,BA,"-17.8920000\,-39.3720000",29,BA-Nova Viçosa,Bahia
Alfredo Wagner,4200705,GRANDE FLORIANOPOLIS,420070,Sul,SC,"-27.7000000\,-49.3340000",42,SC-Alfredo Wagner,Santa Catarina
Remanso,2926004,VALE SAO-FRANCISCANO DA BAHIA,292600,Nordeste,BA,"-9.6220000\,-42.0810000",29,BA-Remanso,Bahia
Reriutaba,2311702,NOROESTE CEARENSE,231170,Nordeste,CE,"-4.1420000\,-40.5820000",23,CE-Reriutaba,Ceará
Biritiba Mirim,3506607,METROPOLITANA DE SAO PAULO,350660,Sudeste,SP,"-23.5730000\,-46.0390000",35,SP-Biritiba Mirim,São Paulo
Ponte Nova,3152105,ZONA DA MATA,315210,Sudeste,MG,"-20.4160000\,-42.9090000",31,MG-Ponte Nova,Minas Gerais
Viçosa,3171303,ZONA DA MATA,317130,Sudeste,MG,"-20.7540000\,-42.8820000",31,MG-Viçosa,Minas Gerais
Ortigueira,4117305,CENTRO ORIENTAL PARANAENSE,411730,Sul,PR,"-24.2080000\,-50.9490000",41,PR-Ortigueira,Paraná
Fortaleza de Minas,3126307,SUL/SUDOESTE DE MINAS,312630,Sudeste,MG,"-20.8490000\,-46.7180000",31,MG-Fortaleza de Minas,Minas Gerais
Jaboticabal,3524303,RIBEIRAO PRETO,352430,Sudeste,SP,"-21.2550000\,-48.3220000",35,SP-Jaboticabal,São Paulo
São José do Sabugi,2514701,BORBOREMA,251470,Nordeste,PB,"-6.7760000\,-36.7990000",25,PB-São José do Sabugi,Paraíba
Mocajuba,1504604,NORDESTE PARAENSE,150460,Norte,PA,"-2.5840000\,-49.5070000",15,PA-Mocajuba,Pará
Cerro Corá,2402709,CENTRAL POTIGUAR,240270,Nordeste,RN,"-6.0460000\,-36.3460000",24,RN-Cerro Corá,Rio Grande do Norte
Platina,3539707,ASSIS,353970,Sudeste,SP,"-22.6380000\,-50.2040000",35,SP-Platina,São Paulo
Jatobá,2608057,SAO FRANCISCO PERNAMBUCANO,260805,Nordeste,PE,"-9.1830000\,-38.2690000",26,PE-Jatobá,Pernambuco
São Francisco do Guaporé,1101492,MADEIRA-GUAPORE,110149,Norte,RO,"-12.0620000\,-63.5690000",11,RO-São Francisco do Guaporé,Rondônia
Belterra,1501451,BAIXO AMAZONAS,150145,Norte,PA,"-2.6360000\,-54.9370000",15,PA-Belterra,Pará
Arraial,2201002,CENTRO-NORTE PIAUIENSE,220100,Nordeste,PI,"-6.6550000\,-42.5320000",22,PI-Arraial,Piauí
Sabáudia,4122701,NORTE CENTRAL PARANAENSE,412270,Sul,PR,"-23.3180000\,-51.5530000",41,PR-Sabáudia,Paraná
Porto Rico do Maranhão,2109056,NORTE MARANHENSE,210905,Nordeste,MA,"-1.8930000\,-44.6050000",21,MA-Porto Rico do Maranhão,Maranhão
Lagoa Grande,3137536,NOROESTE DE MINAS,313753,Sudeste,MG,"-17.8350000\,-46.5140000",31,MG-Lagoa Grande,Minas Gerais
Vicentinópolis,5222054,SUL GOIANO,522205,Centro-Oeste,GO,"-17.7350000\,-49.8060000",52,GO-Vicentinópolis,Goiás
Santo Antônio do Jacinto,3160306,JEQUITINHONHA,316030,Sudeste,MG,"-16.5340000\,-40.1760000",31,MG-Santo Antônio do Jacinto,Minas Gerais
Tarumã,3553955,ASSIS,355395,Sudeste,SP,"-22.7470000\,-50.5770000",35,SP-Tarumã,São Paulo
São José do Seridó,2412401,CENTRAL POTIGUAR,241240,Nordeste,RN,"-6.4490000\,-36.8780000",24,RN-São José do Seridó,Rio Grande do Norte
Apiacá,3200508,SUL ESPIRITO-SANTENSE,320050,Sudeste,ES,"-21.1540000\,-41.5680000",32,ES-Apiacá,Espírito Santo
Jaborandi,2917359,EXTREMO OESTE BAIANO,291735,Nordeste,BA,"-13.6190000\,-44.4330000",29,BA-Jaborandi,Bahia
José Boiteux,4209151,VALE DO ITAJAI,420915,Sul,SC,"-26.9580000\,-49.6280000",42,SC-José Boiteux,Santa Catarina
Catas Altas,3115359,METROPOLITANA DE BELO HORIZONTE,311535,Sudeste,MG,"-20.0750000\,-43.4080000",31,MG-Catas Altas,Minas Gerais
Aspásia,3503950,SAO JOSE DO RIO PRETO,350395,Sudeste,SP,"-20.1590000\,-50.7330000",35,SP-Aspásia,São Paulo
Caridade,2303006,NORTE CEARENSE,230300,Nordeste,CE,"-4.2320000\,-39.1930000",23,CE-Caridade,Ceará
Canguçu,4304507,SUDESTE RIO-GRANDENSE,430450,Sul,RS,"-31.3950000\,-52.6760000",43,RS-Canguçu,Rio Grande do Sul
Jales,3524808,SAO JOSE DO RIO PRETO,352480,Sudeste,SP,"-20.2690000\,-50.5460000",35,SP-Jales,São Paulo
Figueirópolis,1707652,OCIDENTAL DO TOCANTINS,170765,Norte,TO,"-12.1310000\,-49.1740000",17,TO-Figueirópolis,Tocantins
Manoel Vitorino,2920403,CENTRO SUL BAIANO,292040,Nordeste,BA,"-14.1450000\,-40.2430000",29,BA-Manoel Vitorino,Bahia
Nova Redenção,2922854,CENTRO SUL BAIANO,292285,Nordeste,BA,"-12.8190000\,-41.0710000",29,BA-Nova Redenção,Bahia
Imigrante,4310363,CENTRO ORIENTAL RIO-GRANDENSE,431036,Sul,RS,"-29.3550000\,-51.7770000",43,RS-Imigrante,Rio Grande do Sul
Monções,3531001,SAO JOSE DO RIO PRETO,353100,Sudeste,SP,"-20.8500000\,-50.0920000",35,SP-Monções,São Paulo
Iporã,4110607,NOROESTE PARANAENSE,411060,Sul,PR,"-24.0030000\,-53.7040000",41,PR-Iporã,Paraná
Montezuma,3143450,NORTE DE MINAS,314345,Sudeste,MG,"-15.1720000\,-42.4970000",31,MG-Montezuma,Minas Gerais
São Bento,2513901,SERTAO PARAIBANO,251390,Nordeste,PB,"-6.4860000\,-37.4510000",25,PB-São Bento,Paraíba
Dom Macedo Costa,2910206,METROPOLITANA DE SALVADOR,291020,Nordeste,BA,"-12.9050000\,-39.1930000",29,BA-Dom Macedo Costa,Bahia
Cruz das Almas,2909802,METROPOLITANA DE SALVADOR,290980,Nordeste,BA,"-12.6700000\,-39.1020000",29,BA-Cruz das Almas,Bahia
São Pedro dos Ferros,3164001,ZONA DA MATA,316400,Sudeste,MG,"-20.1700000\,-42.5240000",31,MG-São Pedro dos Ferros,Minas Gerais
Ribeirão do Pinhal,4121901,NORTE PIONEIRO PARANAENSE,412190,Sul,PR,"-23.4080000\,-50.3570000",41,PR-Ribeirão do Pinhal,Paraná
Chapada dos Guimarães,5103007,CENTRO-SUL MATO-GROSSENSE,510300,Centro-Oeste,MT,"-15.4610000\,-55.7500000",51,MT-Chapada dos Guimarães,Mato Grosso
Oratórios,3145851,ZONA DA MATA,314585,Sudeste,MG,"-20.4310000\,-42.8060000",31,MG-Oratórios,Minas Gerais
Trabiju,3554755,ARARAQUARA,355475,Sudeste,SP,"-22.0420000\,-48.3360000",35,SP-Trabiju,São Paulo
Jangada,5104906,CENTRO-SUL MATO-GROSSENSE,510490,Centro-Oeste,MT,"-15.2360000\,-56.4890000",51,MT-Jangada,Mato Grosso
Campanário,3110806,VALE DO RIO DOCE,311080,Sudeste,MG,"-18.2390000\,-41.7480000",31,MG-Campanário,Minas Gerais
Jaguarari,2917706,CENTRO NORTE BAIANO,291770,Nordeste,BA,"-10.2600000\,-40.1960000",29,BA-Jaguarari,Bahia
Pereiras,3537503,ITAPETININGA,353750,Sudeste,SP,"-23.0760000\,-47.9760000",35,SP-Pereiras,São Paulo
Alto Paraguai,5100508,CENTRO-SUL MATO-GROSSENSE,510050,Centro-Oeste,MT,"-14.5140000\,-56.4830000",51,MT-Alto Paraguai,Mato Grosso
Ribeira do Piauí,2208874,SUDESTE PIAUIENSE,220887,Nordeste,PI,"-7.6910000\,-42.7130000",22,PI-Ribeira do Piauí,Piauí
Chapadão do Sul,5002951,LESTE DE MATO GROSSO DO SUL,500295,Centro-Oeste,MS,"-18.7940000\,-52.6230000",50,MS-Chapadão do Sul,Mato Grosso do Sul
São Sebastião da Grama,3550803,CAMPINAS,355080,Sudeste,SP,"-21.7110000\,-46.8210000",35,SP-São Sebastião da Grama,São Paulo
Quijingue,2925907,NORDESTE BAIANO,292590,Nordeste,BA,"-10.7530000\,-39.2100000",29,BA-Quijingue,Bahia
Alto Paraíso de Goiás,5200605,NORTE GOIANO,520060,Centro-Oeste,GO,"-14.1330000\,-47.5100000",52,GO-Alto Paraíso de Goiás,Goiás
Bom Sucesso,3108008,OESTE DE MINAS,310800,Sudeste,MG,"-21.0330000\,-44.7580000",31,MG-Bom Sucesso,Minas Gerais
Mata,4312104,CENTRO OCIDENTAL RIO-GRANDENSE,431210,Sul,RS,"-29.5660000\,-54.4600000",43,RS-Mata,Rio Grande do Sul
Lucena,2508604,MATA PARAIBANA,250860,Nordeste,PB,"-6.9000000\,-34.8690000",25,PB-Lucena,Paraíba
Franciscópolis,3126752,VALE DO MUCURI,312675,Sudeste,MG,"-17.9600000\,-42.0090000",31,MG-Franciscópolis,Minas Gerais
Ribeirão Grande,3543253,ITAPETININGA,354325,Sudeste,SP,"-24.0990000\,-48.3650000",35,SP-Ribeirão Grande,São Paulo
Fontoura Xavier,4308300,NOROESTE RIO-GRANDENSE,430830,Sul,RS,"-28.9830000\,-52.3460000",43,RS-Fontoura Xavier,Rio Grande do Sul
Mirandiba,2609303,SERTAO PERNAMBUCANO,260930,Nordeste,PE,"-8.1190000\,-38.7280000",26,PE-Mirandiba,Pernambuco
Arealva,3503406,BAURU,350340,Sudeste,SP,"-22.0290000\,-48.9110000",35,SP-Arealva,São Paulo
Buerarema,2904704,SUL BAIANO,290470,Nordeste,BA,"-14.9590000\,-39.3000000",29,BA-Buerarema,Bahia
Cachoeira,2904902,METROPOLITANA DE SALVADOR,290490,Nordeste,BA,"-12.6180000\,-38.9560000",29,BA-Cachoeira,Bahia
Alcântaras,2300507,NOROESTE CEARENSE,230050,Nordeste,CE,"-3.5890000\,-40.5460000",23,CE-Alcântaras,Ceará
Alpinópolis,3101904,SUL/SUDOESTE DE MINAS,310190,Sudeste,MG,"-20.8640000\,-46.3880000",31,MG-Alpinópolis,Minas Gerais
Ibipeba,2912400,CENTRO NORTE BAIANO,291240,Nordeste,BA,"-11.6410000\,-42.0110000",29,BA-Ibipeba,Bahia
Frei Miguelinho,2605806,AGRESTE PERNAMBUCANO,260580,Nordeste,PE,"-7.9400000\,-35.9120000",26,PE-Frei Miguelinho,Pernambuco
Bom Jardim da Serra,4202503,SERRANA,420250,Sul,SC,"-28.3370000\,-49.6250000",42,SC-Bom Jardim da Serra,Santa Catarina
Monte Belo do Sul,4312385,NORDESTE RIO-GRANDENSE,431238,Sul,RS,"-29.1630000\,-51.6320000",43,RS-Monte Belo do Sul,Rio Grande do Sul
Camacho,3110400,OESTE DE MINAS,311040,Sudeste,MG,"-20.6250000\,-45.1570000",31,MG-Camacho,Minas Gerais
Miraíma,2308377,NOROESTE CEARENSE,230837,Nordeste,CE,"-3.5690000\,-39.9700000",23,CE-Miraíma,Ceará
Penápolis,3537305,ARACATUBA,353730,Sudeste,SP,"-21.4200000\,-50.0780000",35,SP-Penápolis,São Paulo
Antonina do Norte,2300804,CENTRO-SUL CEARENSE,230080,Nordeste,CE,"-6.7750000\,-39.9890000",23,CE-Antonina do Norte,Ceará
Morro da Garça,3143609,CENTRAL MINEIRA,314360,Sudeste,MG,"-18.5470000\,-44.6030000",31,MG-Morro da Garça,Minas Gerais
São Bonifácio,4215901,GRANDE FLORIANOPOLIS,421590,Sul,SC,"-27.9010000\,-48.9290000",42,SC-São Bonifácio,Santa Catarina
Manacapuru,1302504,CENTRO AMAZONENSE,130250,Norte,AM,"-3.3000000\,-60.6210000",13,AM-Manacapuru,Amazonas
São Domingos do Araguaia,1507151,SUDESTE PARAENSE,150715,Norte,PA,"-5.5380000\,-48.7330000",15,PA-São Domingos do Araguaia,Pará
Catanduvas,4105003,OESTE PARANAENSE,410500,Sul,PR,"-25.2030000\,-53.1570000",41,PR-Catanduvas,Paraná
São José do Jacuri,3163508,VALE DO RIO DOCE,316350,Sudeste,MG,"-18.2750000\,-42.6700000",31,MG-São José do Jacuri,Minas Gerais
Guaraí,1709302,OCIDENTAL DO TOCANTINS,170930,Norte,TO,"-8.8340000\,-48.5100000",17,TO-Guaraí,Tocantins
Perdigão,3149705,OESTE DE MINAS,314970,Sudeste,MG,"-19.9530000\,-45.0840000",31,MG-Perdigão,Minas Gerais
Tenente Ananias,2414100,OESTE POTIGUAR,241410,Nordeste,RN,"-6.4650000\,-38.1800000",24,RN-Tenente Ananias,Rio Grande do Norte
Nova Esperança,4116901,NORTE CENTRAL PARANAENSE,411690,Sul,PR,"-23.1840000\,-52.2050000",41,PR-Nova Esperança,Paraná
Palmeirante,1715705,OCIDENTAL DO TOCANTINS,171570,Norte,TO,"-7.8600000\,-47.9260000",17,TO-Palmeirante,Tocantins
Serra Dourada,2930303,EXTREMO OESTE BAIANO,293030,Nordeste,BA,"-12.7610000\,-43.9500000",29,BA-Serra Dourada,Bahia
Campos Novos,4203600,SERRANA,420360,Sul,SC,"-27.4020000\,-51.2250000",42,SC-Campos Novos,Santa Catarina
Pinhalzinho,4212908,OESTE CATARINENSE,421290,Sul,SC,"-26.8480000\,-52.9920000",42,SC-Pinhalzinho,Santa Catarina
Jaguariúna,3524709,CAMPINAS,352470,Sudeste,SP,"-22.7060000\,-46.9860000",35,SP-Jaguariúna,São Paulo
Agudo,4300109,CENTRO OCIDENTAL RIO-GRANDENSE,430010,Sul,RS,"-29.6450000\,-53.2400000",43,RS-Agudo,Rio Grande do Sul
Cantá,1400175,NORTE DE RORAIMA,140017,Norte,RR,"2.6100000\,-60.5970000",14,RR-Cantá,Roraima
Jijoca de Jericoacoara,2307254,NOROESTE CEARENSE,230725,Nordeste,CE,"-2.7940000\,-40.5130000",23,CE-Jijoca de Jericoacoara,Ceará
Vassouras,3306206,METROPOLITANA DO RIO DE JANEIRO,330620,Sudeste,RJ,"-22.4040000\,-43.6630000",33,RJ-Vassouras,Rio de Janeiro
São Bento,2110500,NORTE MARANHENSE,211050,Nordeste,MA,"-2.6960000\,-44.8210000",21,MA-São Bento,Maranhão
Tabatinga,1304062,SUDOESTE AMAZONENSE,130406,Norte,AM,"-4.2530000\,-69.9380000",13,AM-Tabatinga,Amazonas
Cantanhede,2102705,NORTE MARANHENSE,210270,Nordeste,MA,"-3.6330000\,-44.3770000",21,MA-Cantanhede,Maranhão
Ouro Verde do Oeste,4117453,OESTE PARANAENSE,411745,Sul,PR,"-24.8050000\,-53.9030000",41,PR-Ouro Verde do Oeste,Paraná
Paraisópolis,3147303,SUL/SUDOESTE DE MINAS,314730,Sudeste,MG,"-22.5540000\,-45.7800000",31,MG-Paraisópolis,Minas Gerais
Senhor do Bonfim,2930105,CENTRO NORTE BAIANO,293010,Nordeste,BA,"-10.4630000\,-40.1910000",29,BA-Senhor do Bonfim,Bahia
Cascavel,4104808,OESTE PARANAENSE,410480,Sul,PR,"-24.9560000\,-53.4550000",41,PR-Cascavel,Paraná
Santa Leopoldina,3204500,CENTRAL ESPIRITO-SANTENSE,320450,Sudeste,ES,"-20.1010000\,-40.5300000",32,ES-Santa Leopoldina,Espírito Santo
Rio das Antas,4214409,OESTE CATARINENSE,421440,Sul,SC,"-26.8990000\,-51.0740000",42,SC-Rio das Antas,Santa Catarina
Cedro do Abaeté,3115607,CENTRAL MINEIRA,311560,Sudeste,MG,"-19.1480000\,-45.7110000",31,MG-Cedro do Abaeté,Minas Gerais
Tracuateua,1508035,NORDESTE PARAENSE,150803,Norte,PA,"-1.0720000\,-46.8970000",15,PA-Tracuateua,Pará
Pérola d'Oeste,4119004,SUDOESTE PARANAENSE,411900,Sul,PR,"-25.8240000\,-53.7400000",41,PR-Pérola d'Oeste,Paraná
São Gabriel da Palha,3204708,NOROESTE ESPIRITO-SANTENSE,320470,Sudeste,ES,"-19.0170000\,-40.5360000",32,ES-São Gabriel da Palha,Espírito Santo
Gado Bravo,2506251,AGRESTE PARAIBANO,250625,Nordeste,PB,"-7.5830000\,-35.7910000",25,PB-Gado Bravo,Paraíba
Nova Odessa,3533403,CAMPINAS,353340,Sudeste,SP,"-22.7780000\,-47.2960000",35,SP-Nova Odessa,São Paulo
Porteiras,2311108,SUL CEARENSE,231110,Nordeste,CE,"-7.5350000\,-39.1180000",23,CE-Porteiras,Ceará
Massaranduba,2509206,AGRESTE PARAIBANO,250920,Nordeste,PB,"-7.2000000\,-35.7890000",25,PB-Massaranduba,Paraíba
Benjamin Constant do Sul,4302055,NOROESTE RIO-GRANDENSE,430205,Sul,RS,"-27.5100000\,-52.5980000",43,RS-Benjamin Constant do Sul,Rio Grande do Sul
Arapuã,4101655,NORTE CENTRAL PARANAENSE,410165,Sul,PR,"-24.3160000\,-51.7870000",41,PR-Arapuã,Paraná
Senador Canedo,5220454,CENTRO GOIANO,522045,Centro-Oeste,GO,"-16.7080000\,-49.0930000",52,GO-Senador Canedo,Goiás
Ubatuba,3555406,VALE DO PARAIBA PAULISTA,355540,Sudeste,SP,"-23.4340000\,-45.0710000",35,SP-Ubatuba,São Paulo
Pratinha,3153004,TRIANGULO MINEIRO/ALTO PARANAIBA,315300,Sudeste,MG,"-19.7510000\,-46.3780000",31,MG-Pratinha,Minas Gerais
Cacimba de Dentro,2503506,AGRESTE PARAIBANO,250350,Nordeste,PB,"-6.6420000\,-35.7900000",25,PB-Cacimba de Dentro,Paraíba
Pinheiros,3204104,LITORAL NORTE ESPIRITO-SANTENSE,320410,Sudeste,ES,"-18.4120000\,-40.2150000",32,ES-Pinheiros,Espírito Santo
Joaquim Nabuco,2608206,MATA PERNAMBUCANA,260820,Nordeste,PE,"-8.6240000\,-35.5330000",26,PE-Joaquim Nabuco,Pernambuco
Barra do Chapéu,3505351,ITAPETININGA,350535,Sudeste,SP,"-24.4730000\,-49.0250000",35,SP-Barra do Chapéu,São Paulo
São Sebastião,3550704,VALE DO PARAIBA PAULISTA,355070,Sudeste,SP,"-23.7600000\,-45.4100000",35,SP-São Sebastião,São Paulo
São Miguel da Baixa Grande,2210383,CENTRO-NORTE PIAUIENSE,221038,Nordeste,PI,"-5.8640000\,-42.1860000",22,PI-São Miguel da Baixa Grande,Piauí
Aroazes,2200905,CENTRO-NORTE PIAUIENSE,220090,Nordeste,PI,"-6.1190000\,-41.7930000",22,PI-Aroazes,Piauí
Coração de Maria,2908903,CENTRO NORTE BAIANO,290890,Nordeste,BA,"-12.2330000\,-38.7500000",29,BA-Coração de Maria,Bahia
Pocrane,3151909,VALE DO RIO DOCE,315190,Sudeste,MG,"-19.6200000\,-41.6370000",31,MG-Pocrane,Minas Gerais
Vargem Alta,3205036,SUL ESPIRITO-SANTENSE,320503,Sudeste,ES,"-20.6710000\,-41.0070000",32,ES-Vargem Alta,Espírito Santo
Recife,2611606,METROPOLITANA DE RECIFE,261160,Nordeste,PE,"-8.0540000\,-34.8810000",26,PE-Recife,Pernambuco
Vista Gaúcha,4323705,NOROESTE RIO-GRANDENSE,432370,Sul,RS,"-27.2910000\,-53.7020000",43,RS-Vista Gaúcha,Rio Grande do Sul
Dias d'Ávila,2910057,METROPOLITANA DE SALVADOR,291005,Nordeste,BA,"-12.6130000\,-38.2970000",29,BA-Dias d'Ávila,Bahia
Aguiarnópolis,1700301,OCIDENTAL DO TOCANTINS,170030,Norte,TO,"-6.5630000\,-47.4660000",17,TO-Aguiarnópolis,Tocantins
Guapé,3128105,SUL/SUDOESTE DE MINAS,312810,Sudeste,MG,"-20.7620000\,-45.9180000",31,MG-Guapé,Minas Gerais
Santa Clara d'Oeste,3546108,SAO JOSE DO RIO PRETO,354610,Sudeste,SP,"-20.0890000\,-50.9540000",35,SP-Santa Clara d'Oeste,São Paulo
Palmeira,4212056,SERRANA,421205,Sul,SC,"-27.5830000\,-50.1590000",42,SC-Palmeira,Santa Catarina
Tatuí,3554003,ITAPETININGA,355400,Sudeste,SP,"-23.3560000\,-47.8570000",35,SP-Tatuí,São Paulo
Vargeão,4219101,OESTE CATARINENSE,421910,Sul,SC,"-26.8640000\,-52.1550000",42,SC-Vargeão,Santa Catarina
Crucilândia,3120607,METROPOLITANA DE BELO HORIZONTE,312060,Sudeste,MG,"-20.3840000\,-44.3370000",31,MG-Crucilândia,Minas Gerais
Forquilha,2304350,NOROESTE CEARENSE,230435,Nordeste,CE,"-3.7980000\,-40.2610000",23,CE-Forquilha,Ceará
Novo Horizonte,4211652,OESTE CATARINENSE,421165,Sul,SC,"-26.4440000\,-52.8340000",42,SC-Novo Horizonte,Santa Catarina
Solânea,2516003,AGRESTE PARAIBANO,251600,Nordeste,PB,"-6.7780000\,-35.6970000",25,PB-Solânea,Paraíba
Itiquira,5104609,SUDESTE MATO-GROSSENSE,510460,Centro-Oeste,MT,"-17.2090000\,-54.1500000",51,MT-Itiquira,Mato Grosso
Eliseu Martins,2203602,SUDOESTE PIAUIENSE,220360,Nordeste,PI,"-8.0970000\,-43.6640000",22,PI-Eliseu Martins,Piauí
Itauçu,5211404,CENTRO GOIANO,521140,Centro-Oeste,GO,"-16.2010000\,-49.6080000",52,GO-Itauçu,Goiás
Jardim,2307106,SUL CEARENSE,230710,Nordeste,CE,"-7.5820000\,-39.2980000",23,CE-Jardim,Ceará
Santana do Garambéu,3158706,CAMPO DAS VERTENTES,315870,Sudeste,MG,"-21.6010000\,-44.1040000",31,MG-Santana do Garambéu,Minas Gerais
Bugre,3109253,VALE DO RIO DOCE,310925,Sudeste,MG,"-19.4070000\,-42.2650000",31,MG-Bugre,Minas Gerais
Vila Boa,5222203,LESTE GOIANO,522220,Centro-Oeste,GO,"-15.0380000\,-47.0590000",52,GO-Vila Boa,Goiás
Salesópolis,3545001,METROPOLITANA DE SAO PAULO,354500,Sudeste,SP,"-23.5320000\,-45.8460000",35,SP-Salesópolis,São Paulo
Milagres,2308302,SUL CEARENSE,230830,Nordeste,CE,"-7.3130000\,-38.9460000",23,CE-Milagres,Ceará
Cupira,2605004,AGRESTE PERNAMBUCANO,260500,Nordeste,PE,"-8.6170000\,-35.9500000",26,PE-Cupira,Pernambuco
Massaranduba,4210605,NORTE CATARINENSE,421060,Sul,SC,"-26.6110000\,-49.0080000",42,SC-Massaranduba,Santa Catarina
Pium,1717503,OCIDENTAL DO TOCANTINS,171750,Norte,TO,"-10.4430000\,-49.1820000",17,TO-Pium,Tocantins
Janiópolis,4112207,CENTRO OCIDENTAL PARANAENSE,411220,Sul,PR,"-24.1420000\,-52.7820000",41,PR-Janiópolis,Paraná
Guarulhos,3518800,METROPOLITANA DE SAO PAULO,351880,Sudeste,SP,"-23.4630000\,-46.5330000",35,SP-Guarulhos,São Paulo
Amapá do Maranhão,2100550,OESTE MARANHENSE,210055,Nordeste,MA,"-1.6750000\,-46.0020000",21,MA-Amapá do Maranhão,Maranhão
Trajano de Moraes,3305901,CENTRO FLUMINENSE,330590,Sudeste,RJ,"-22.0630000\,-42.0660000",33,RJ-Trajano de Moraes,Rio de Janeiro
Jacinto,3134707,JEQUITINHONHA,313470,Sudeste,MG,"-16.1440000\,-40.2930000",31,MG-Jacinto,Minas Gerais
Miranorte,1713304,OCIDENTAL DO TOCANTINS,171330,Norte,TO,"-9.5290000\,-48.5900000",17,TO-Miranorte,Tocantins
Cruz,2304251,NOROESTE CEARENSE,230425,Nordeste,CE,"-2.9180000\,-40.1720000",23,CE-Cruz,Ceará
Monte Santo,2921500,NORDESTE BAIANO,292150,Nordeste,BA,"-10.4380000\,-39.3330000",29,BA-Monte Santo,Bahia
Guaraciaba,3128204,ZONA DA MATA,312820,Sudeste,MG,"-20.5710000\,-43.0080000",31,MG-Guaraciaba,Minas Gerais
Álvares Machado,3501301,PRESIDENTE PRUDENTE,350130,Sudeste,SP,"-22.0790000\,-51.4720000",35,SP-Álvares Machado,São Paulo
São Domingos,4216107,OESTE CATARINENSE,421610,Sul,SC,"-26.5580000\,-52.5320000",42,SC-São Domingos,Santa Catarina
Córrego do Ouro,5205703,CENTRO GOIANO,520570,Centro-Oeste,GO,"-16.2940000\,-50.5480000",52,GO-Córrego do Ouro,Goiás
Domingos Mourão,2203420,CENTRO-NORTE PIAUIENSE,220342,Nordeste,PI,"-4.2540000\,-41.2700000",22,PI-Domingos Mourão,Piauí
Taboleiro Grande,2413805,OESTE POTIGUAR,241380,Nordeste,RN,"-5.9300000\,-38.0450000",24,RN-Taboleiro Grande,Rio Grande do Norte
Sabará,3156700,METROPOLITANA DE BELO HORIZONTE,315670,Sudeste,MG,"-19.8860000\,-43.8070000",31,MG-Sabará,Minas Gerais
Faro,1503002,BAIXO AMAZONAS,150300,Norte,PA,"-2.1710000\,-56.7450000",15,PA-Faro,Pará
Morro Redondo,4312450,SUDESTE RIO-GRANDENSE,431245,Sul,RS,"-31.5880000\,-52.6330000",43,RS-Morro Redondo,Rio Grande do Sul
Nacip Raydan,3144201,VALE DO RIO DOCE,314420,Sudeste,MG,"-18.4590000\,-42.2490000",31,MG-Nacip Raydan,Minas Gerais
Araçaí,3103207,METROPOLITANA DE BELO HORIZONTE,310320,Sudeste,MG,"-19.1990000\,-44.2480000",31,MG-Araçaí,Minas Gerais
Itanagra,2915908,METROPOLITANA DE SALVADOR,291590,Nordeste,BA,"-12.2630000\,-38.0420000",29,BA-Itanagra,Bahia
Glória do Goitá,2606101,MATA PERNAMBUCANA,260610,Nordeste,PE,"-8.0020000\,-35.2930000",26,PE-Glória do Goitá,Pernambuco
Itajá,2404853,OESTE POTIGUAR,240485,Nordeste,RN,"-5.6440000\,-36.8710000",24,RN-Itajá,Rio Grande do Norte
São Francisco de Paula,4318200,NORDESTE RIO-GRANDENSE,431820,Sul,RS,"-29.4480000\,-50.5840000",43,RS-São Francisco de Paula,Rio Grande do Sul
Cáceres,5102504,CENTRO-SUL MATO-GROSSENSE,510250,Centro-Oeste,MT,"-16.0710000\,-57.6790000",51,MT-Cáceres,Mato Grosso
Cafeara,4103404,NORTE CENTRAL PARANAENSE,410340,Sul,PR,"-22.7930000\,-51.7160000",41,PR-Cafeara,Paraná
Ponte Preta,4314787,NOROESTE RIO-GRANDENSE,431478,Sul,RS,"-27.6540000\,-52.4880000",43,RS-Ponte Preta,Rio Grande do Sul
Pontal do Paraná,4119954,METROPOLITANA DE CURITIBA,411995,Sul,PR,"-25.6740000\,-48.5110000",41,PR-Pontal do Paraná,Paraná
Cruzeta,2403004,CENTRAL POTIGUAR,240300,Nordeste,RN,"-6.4120000\,-36.7900000",24,RN-Cruzeta,Rio Grande do Norte
Rafael Godeiro,2410603,OESTE POTIGUAR,241060,Nordeste,RN,"-6.0760000\,-37.7170000",24,RN-Rafael Godeiro,Rio Grande do Norte
Ipixuna do Pará,1503457,NORDESTE PARAENSE,150345,Norte,PA,"-2.5580000\,-47.4940000",15,PA-Ipixuna do Pará,Pará
Angatuba,3502200,ITAPETININGA,350220,Sudeste,SP,"-23.4900000\,-48.4130000",35,SP-Angatuba,São Paulo
Cachoeira do Arari,1502004,MARAJO,150200,Norte,PA,"-1.0110000\,-48.9630000",15,PA-Cachoeira do Arari,Pará
Jaú,3525300,BAURU,352530,Sudeste,SP,"-22.2960000\,-48.5580000",35,SP-Jaú,São Paulo
Paracatu,3147006,NOROESTE DE MINAS,314700,Sudeste,MG,"-17.2220000\,-46.8750000",31,MG-Paracatu,Minas Gerais
São Sebastião da Amoreira,4126009,NORTE PIONEIRO PARANAENSE,412600,Sul,PR,"-23.4650000\,-50.7610000",41,PR-São Sebastião da Amoreira,Paraná
Feira Nova,2802205,SERTAO SERGIPANO,280220,Nordeste,SE,"-10.2640000\,-37.3130000",28,SE-Feira Nova,Sergipe
Igarapé-Açu,1503200,NORDESTE PARAENSE,150320,Norte,PA,"-1.1270000\,-47.6180000",15,PA-Igarapé-Açu,Pará
Bela Vista do Maranhão,2101772,NORTE MARANHENSE,210177,Nordeste,MA,"-3.7310000\,-45.3150000",21,MA-Bela Vista do Maranhão,Maranhão
Tapiratiba,3553609,CAMPINAS,355360,Sudeste,SP,"-21.4680000\,-46.7490000",35,SP-Tapiratiba,São Paulo
Esmeraldas,3124104,METROPOLITANA DE BELO HORIZONTE,312410,Sudeste,MG,"-19.7630000\,-44.3140000",31,MG-Esmeraldas,Minas Gerais
Francisco Alves,4108320,NOROESTE PARANAENSE,410832,Sul,PR,"-24.0660000\,-53.8480000",41,PR-Francisco Alves,Paraná
Presidente Kubitschek,3153301,JEQUITINHONHA,315330,Sudeste,MG,"-18.6140000\,-43.5620000",31,MG-Presidente Kubitschek,Minas Gerais
Campos Sales,2302701,SUL CEARENSE,230270,Nordeste,CE,"-7.0740000\,-40.3760000",23,CE-Campos Sales,Ceará
Forquetinha,4308433,CENTRO ORIENTAL RIO-GRANDENSE,430843,Sul,RS,"-29.3820000\,-52.0910000",43,RS-Forquetinha,Rio Grande do Sul
Pontal do Araguaia,5106653,SUDESTE MATO-GROSSENSE,510665,Centro-Oeste,MT,"-15.9340000\,-52.3170000",51,MT-Pontal do Araguaia,Mato Grosso
Nazaré da Mata,2609501,MATA PERNAMBUCANA,260950,Nordeste,PE,"-7.7420000\,-35.2280000",26,PE-Nazaré da Mata,Pernambuco
Fagundes,2506103,AGRESTE PARAIBANO,250610,Nordeste,PB,"-7.3550000\,-35.7750000",25,PB-Fagundes,Paraíba
Josenópolis,3136579,NORTE DE MINAS,313657,Sudeste,MG,"-16.5470000\,-42.5150000",31,MG-Josenópolis,Minas Gerais
Piquet Carneiro,2310902,SERTOES CEARENSES,231090,Nordeste,CE,"-5.8040000\,-39.4180000",23,CE-Piquet Carneiro,Ceará
São José do Divino,3163300,VALE DO RIO DOCE,316330,Sudeste,MG,"-18.4790000\,-41.3890000",31,MG-São José do Divino,Minas Gerais
Manduri,3528601,ASSIS,352860,Sudeste,SP,"-23.0030000\,-49.3220000",35,SP-Manduri,São Paulo
Santo Antônio do Paraíso,4124301,NORTE PIONEIRO PARANAENSE,412430,Sul,PR,"-23.4940000\,-50.6460000",41,PR-Santo Antônio do Paraíso,Paraná
Cláudio,3116605,OESTE DE MINAS,311660,Sudeste,MG,"-20.4430000\,-44.7660000",31,MG-Cláudio,Minas Gerais
Manhumirim,3139508,ZONA DA MATA,313950,Sudeste,MG,"-20.3580000\,-41.9580000",31,MG-Manhumirim,Minas Gerais
Canudos do Vale,4304614,CENTRO ORIENTAL RIO-GRANDENSE,430461,Sul,RS,"-29.3230000\,-52.2340000",43,RS-Canudos do Vale,Rio Grande do Sul
Roca Sales,4315800,CENTRO ORIENTAL RIO-GRANDENSE,431580,Sul,RS,"-29.2840000\,-51.8680000",43,RS-Roca Sales,Rio Grande do Sul
São Gonçalo do Gurguéia,2209757,SUDOESTE PIAUIENSE,220975,Nordeste,PI,"-10.0300000\,-45.3030000",22,PI-São Gonçalo do Gurguéia,Piauí
Nossa Senhora do Socorro,2804805,LESTE SERGIPANO,280480,Nordeste,SE,"-10.8550000\,-37.1260000",28,SE-Nossa Senhora do Socorro,Sergipe
Nova Palma,4313102,CENTRO OCIDENTAL RIO-GRANDENSE,431310,Sul,RS,"-29.4720000\,-53.4690000",43,RS-Nova Palma,Rio Grande do Sul
Colombo,4105805,METROPOLITANA DE CURITIBA,410580,Sul,PR,"-25.2920000\,-49.2240000",41,PR-Colombo,Paraná
Piraquê,1717206,OCIDENTAL DO TOCANTINS,171720,Norte,TO,"-6.7740000\,-48.2970000",17,TO-Piraquê,Tocantins
Santana da Boa Vista,4317004,SUDESTE RIO-GRANDENSE,431700,Sul,RS,"-30.8720000\,-53.1150000",43,RS-Santana da Boa Vista,Rio Grande do Sul
Paulo de Faria,3536604,SAO JOSE DO RIO PRETO,353660,Sudeste,SP,"-20.0310000\,-49.3830000",35,SP-Paulo de Faria,São Paulo
Vertentes,2616209,AGRESTE PERNAMBUCANO,261620,Nordeste,PE,"-7.9030000\,-35.9880000",26,PE-Vertentes,Pernambuco
Lagoa de Velhos,2406403,AGRESTE POTIGUAR,240640,Nordeste,RN,"-6.0040000\,-35.8720000",24,RN-Lagoa de Velhos,Rio Grande do Norte
Pato Branco,4118501,SUDOESTE PARANAENSE,411850,Sul,PR,"-26.2290000\,-52.6710000",41,PR-Pato Branco,Paraná
Nova Guataporanga,3533106,PRESIDENTE PRUDENTE,353310,Sudeste,SP,"-21.3340000\,-51.6440000",35,SP-Nova Guataporanga,São Paulo
Costa Marques,1100080,MADEIRA-GUAPORE,110008,Norte,RO,"-12.4450000\,-64.2270000",11,RO-Costa Marques,Rondônia
Santa Cruz do Rio Pardo,3546405,ASSIS,354640,Sudeste,SP,"-22.8990000\,-49.6330000",35,SP-Santa Cruz do Rio Pardo,São Paulo
Teixeira de Freitas,2931350,SUL BAIANO,293135,Nordeste,BA,"-17.5350000\,-39.7420000",29,BA-Teixeira de Freitas,Bahia
Capão do Leão,4304663,SUDESTE RIO-GRANDENSE,430466,Sul,RS,"-31.7630000\,-52.4840000",43,RS-Capão do Leão,Rio Grande do Sul
Canaã,3111705,ZONA DA MATA,311170,Sudeste,MG,"-20.6860000\,-42.6200000",31,MG-Canaã,Minas Gerais
Paulo Bento,4314134,NOROESTE RIO-GRANDENSE,431413,Sul,RS,"-27.7030000\,-52.4210000",43,RS-Paulo Bento,Rio Grande do Sul
Ilópolis,4310306,NORDESTE RIO-GRANDENSE,431030,Sul,RS,"-28.9270000\,-52.1240000",43,RS-Ilópolis,Rio Grande do Sul
Inhuma,2204709,CENTRO-NORTE PIAUIENSE,220470,Nordeste,PI,"-6.6680000\,-41.7080000",22,PI-Inhuma,Piauí
Rodrigues Alves,1200427,VALE DO JURUA,120042,Norte,AC,"-7.7420000\,-72.6470000",12,AC-Rodrigues Alves,Acre
Araripina,2601102,SERTAO PERNAMBUCANO,260110,Nordeste,PE,"-7.5760000\,-40.4980000",26,PE-Araripina,Pernambuco
Maués,1302900,CENTRO AMAZONENSE,130290,Norte,AM,"-3.3840000\,-57.7190000",13,AM-Maués,Amazonas
Witmarsum,4219408,VALE DO ITAJAI,421940,Sul,SC,"-26.9260000\,-49.7960000",42,SC-Witmarsum,Santa Catarina
Simões,2210706,SUDESTE PIAUIENSE,221070,Nordeste,PI,"-7.5990000\,-40.8180000",22,PI-Simões,Piauí
Estrela de Alagoas,2702553,AGRESTE ALAGOANO,270255,Nordeste,AL,"-9.3900000\,-36.7600000",27,AL-Estrela de Alagoas,Alagoas
Colinas do Sul,5205521,NORTE GOIANO,520552,Centro-Oeste,GO,"-14.1510000\,-48.0780000",52,GO-Colinas do Sul,Goiás
Bicas,3106903,ZONA DA MATA,310690,Sudeste,MG,"-21.7250000\,-43.0590000",31,MG-Bicas,Minas Gerais
Nossa Senhora Aparecida,2804458,SERTAO SERGIPANO,280445,Nordeste,SE,"-10.4430000\,-37.4890000",28,SE-Nossa Senhora Aparecida,Sergipe
Tiros,3168903,TRIANGULO MINEIRO/ALTO PARANAIBA,316890,Sudeste,MG,"-19.0040000\,-45.9640000",31,MG-Tiros,Minas Gerais
Trairão,1508050,SUDOESTE PARAENSE,150805,Norte,PA,"-4.5740000\,-55.9440000",15,PA-Trairão,Pará
Pedra Preta,2409605,CENTRAL POTIGUAR,240960,Nordeste,RN,"-5.5830000\,-36.1050000",24,RN-Pedra Preta,Rio Grande do Norte
Medeiros,3141306,OESTE DE MINAS,314130,Sudeste,MG,"-19.9960000\,-46.2260000",31,MG-Medeiros,Minas Gerais
Pedreira,3537107,CAMPINAS,353710,Sudeste,SP,"-22.7420000\,-46.9010000",35,SP-Pedreira,São Paulo
Monte Alegre de Sergipe,2804201,SERTAO SERGIPANO,280420,Nordeste,SE,"-10.0270000\,-37.5620000",28,SE-Monte Alegre de Sergipe,Sergipe
Medicilândia,1504455,SUDOESTE PARAENSE,150445,Norte,PA,"-3.4460000\,-52.8890000",15,PA-Medicilândia,Pará
Centenário,4305116,NOROESTE RIO-GRANDENSE,430511,Sul,RS,"-27.7610000\,-51.9990000",43,RS-Centenário,Rio Grande do Sul
Carmésia,3113800,VALE DO RIO DOCE,311380,Sudeste,MG,"-19.0890000\,-43.1420000",31,MG-Carmésia,Minas Gerais
Caraúbas,2402303,OESTE POTIGUAR,240230,Nordeste,RN,"-5.7930000\,-37.5570000",24,RN-Caraúbas,Rio Grande do Norte
Nossa Senhora dos Remédios,2206803,NORTE PIAUIENSE,220680,Nordeste,PI,"-3.9790000\,-42.6210000",22,PI-Nossa Senhora dos Remédios,Piauí
Verdelândia,3171030,NORTE DE MINAS,317103,Sudeste,MG,"-15.5890000\,-43.6030000",31,MG-Verdelândia,Minas Gerais
Nova Petrópolis,4313201,METROPOLITANA DE PORTO ALEGRE,431320,Sul,RS,"-29.3760000\,-51.1140000",43,RS-Nova Petrópolis,Rio Grande do Sul
Rio das Flores,3304508,SUL FLUMINENSE,330450,Sudeste,RJ,"-22.1680000\,-43.5860000",33,RJ-Rio das Flores,Rio de Janeiro
Limoeiro,2608909,AGRESTE PERNAMBUCANO,260890,Nordeste,PE,"-7.8750000\,-35.4500000",26,PE-Limoeiro,Pernambuco
Cedro de São João,2801603,LESTE SERGIPANO,280160,Nordeste,SE,"-10.2520000\,-36.8840000",28,SE-Cedro de São João,Sergipe
Senador Elói de Souza,2413102,AGRESTE POTIGUAR,241310,Nordeste,RN,"-6.0360000\,-35.6930000",24,RN-Senador Elói de Souza,Rio Grande do Norte
Nova Canaã,2922706,CENTRO SUL BAIANO,292270,Nordeste,BA,"-14.7940000\,-40.1420000",29,BA-Nova Canaã,Bahia
Monte Negro,1101401,LESTE RONDONIENSE,110140,Norte,RO,"-10.2460000\,-63.2900000",11,RO-Monte Negro,Rondônia
Marituba,1504422,METROPOLITANA DE BELEM,150442,Norte,PA,"-1.3550000\,-48.3420000",15,PA-Marituba,Pará
Monte Alegre dos Campos,4312377,NORDESTE RIO-GRANDENSE,431237,Sul,RS,"-28.6830000\,-50.7830000",43,RS-Monte Alegre dos Campos,Rio Grande do Sul
Eunápolis,2910727,SUL BAIANO,291072,Nordeste,BA,"-16.3780000\,-39.5800000",29,BA-Eunápolis,Bahia
Terezópolis de Goiás,5221197,CENTRO GOIANO,522119,Centro-Oeste,GO,"-16.3950000\,-49.0800000",52,GO-Terezópolis de Goiás,Goiás
Amparo,2500734,BORBOREMA,250073,Nordeste,PB,"-7.5680000\,-37.0640000",25,PB-Amparo,Paraíba
Curuá,1502855,BAIXO AMAZONAS,150285,Norte,PA,"-1.8880000\,-55.1170000",15,PA-Curuá,Pará
Vargem Grande do Rio Pardo,3170651,NORTE DE MINAS,317065,Sudeste,MG,"-15.4030000\,-42.3080000",31,MG-Vargem Grande do Rio Pardo,Minas Gerais
Erebango,4306973,NOROESTE RIO-GRANDENSE,430697,Sul,RS,"-27.8550000\,-52.3020000",43,RS-Erebango,Rio Grande do Sul
Ronda Alta,4316105,NOROESTE RIO-GRANDENSE,431610,Sul,RS,"-27.7670000\,-52.8020000",43,RS-Ronda Alta,Rio Grande do Sul
Inhacorá,4310413,NOROESTE RIO-GRANDENSE,431041,Sul,RS,"-27.8830000\,-54.0170000",43,RS-Inhacorá,Rio Grande do Sul
Benevides,1501501,METROPOLITANA DE BELEM,150150,Norte,PA,"-1.3610000\,-48.2450000",15,PA-Benevides,Pará
Tupaciguara,3169604,TRIANGULO MINEIRO/ALTO PARANAIBA,316960,Sudeste,MG,"-18.5930000\,-48.7050000",31,MG-Tupaciguara,Minas Gerais
São João do Carú,2111029,OESTE MARANHENSE,211102,Nordeste,MA,"-3.5540000\,-46.2560000",21,MA-São João do Carú,Maranhão
Barreirinha,1300508,CENTRO AMAZONENSE,130050,Norte,AM,"-2.7930000\,-57.0700000",13,AM-Barreirinha,Amazonas
Erval Grande,4307203,NOROESTE RIO-GRANDENSE,430720,Sul,RS,"-27.3910000\,-52.5710000",43,RS-Erval Grande,Rio Grande do Sul
São João do Polêsine,4318432,CENTRO OCIDENTAL RIO-GRANDENSE,431843,Sul,RS,"-29.6140000\,-53.4460000",43,RS-São João do Polêsine,Rio Grande do Sul
Estiva Gerbi,3557303,CAMPINAS,355730,Sudeste,SP,"-22.2710000\,-46.9450000",35,SP-Estiva Gerbi,São Paulo
Várzea Grande,2211407,CENTRO-NORTE PIAUIENSE,221140,Nordeste,PI,"-6.5450000\,-42.2460000",22,PI-Várzea Grande,Piauí
Pirapó,4314555,NOROESTE RIO-GRANDENSE,431455,Sul,RS,"-28.0450000\,-55.1990000",43,RS-Pirapó,Rio Grande do Sul
Pacatuba,2309706,METROPOLITANA DE FORTALEZA,230970,Nordeste,CE,"-3.9840000\,-38.6200000",23,CE-Pacatuba,Ceará
São José do Mantimento,3163607,ZONA DA MATA,316360,Sudeste,MG,"-20.0050000\,-41.7450000",31,MG-São José do Mantimento,Minas Gerais
Quixeramobim,2311405,SERTOES CEARENSES,231140,Nordeste,CE,"-5.1990000\,-39.2930000",23,CE-Quixeramobim,Ceará
Cururupu,2103703,NORTE MARANHENSE,210370,Nordeste,MA,"-1.8280000\,-44.8680000",21,MA-Cururupu,Maranhão
Ipaussu,3520905,ASSIS,352090,Sudeste,SP,"-23.0570000\,-49.6260000",35,SP-Ipaussu,São Paulo
Cajati,3509254,LITORAL SUL PAULISTA,350925,Sudeste,SP,"-24.7360000\,-48.1230000",35,SP-Cajati,São Paulo
Barcelos,1300409,NORTE AMAZONENSE,130040,Norte,AM,"-0.9750000\,-62.9240000",13,AM-Barcelos,Amazonas
Bozano,4302584,NOROESTE RIO-GRANDENSE,430258,Sul,RS,"-28.3680000\,-53.7710000",43,RS-Bozano,Rio Grande do Sul
Lavínia,3526506,ARACATUBA,352650,Sudeste,SP,"-21.1680000\,-51.0400000",35,SP-Lavínia,São Paulo
Bandeirantes,4102406,NORTE PIONEIRO PARANAENSE,410240,Sul,PR,"-23.1100000\,-50.3680000",41,PR-Bandeirantes,Paraná
Santo Afonso,5107263,CENTRO-SUL MATO-GROSSENSE,510726,Centro-Oeste,MT,"-14.4980000\,-57.0020000",51,MT-Santo Afonso,Mato Grosso
Bananal,3504909,VALE DO PARAIBA PAULISTA,350490,Sudeste,SP,"-22.6840000\,-44.3230000",35,SP-Bananal,São Paulo
Independência,4310405,NOROESTE RIO-GRANDENSE,431040,Sul,RS,"-27.8330000\,-54.1880000",43,RS-Independência,Rio Grande do Sul
Vespasiano Corrêa,4322855,CENTRO ORIENTAL RIO-GRANDENSE,432285,Sul,RS,"-29.0680000\,-51.8590000",43,RS-Vespasiano Corrêa,Rio Grande do Sul
Turmalina,3555307,SAO JOSE DO RIO PRETO,355530,Sudeste,SP,"-20.0520000\,-50.4760000",35,SP-Turmalina,São Paulo
Tarrafas,2313252,CENTRO-SUL CEARENSE,231325,Nordeste,CE,"-6.6840000\,-39.7610000",23,CE-Tarrafas,Ceará
Uiraúna,2516904,SERTAO PARAIBANO,251690,Nordeste,PB,"-6.5180000\,-38.4120000",25,PB-Uiraúna,Paraíba
Albertina,3101409,SUL/SUDOESTE DE MINAS,310140,Sudeste,MG,"-22.2010000\,-46.6160000",31,MG-Albertina,Minas Gerais
Rodolfo Fernandes,2411007,OESTE POTIGUAR,241100,Nordeste,RN,"-5.7880000\,-38.0600000",24,RN-Rodolfo Fernandes,Rio Grande do Norte
Carrancas,3114600,CAMPO DAS VERTENTES,311460,Sudeste,MG,"-21.4880000\,-44.6430000",31,MG-Carrancas,Minas Gerais
Jardim do Seridó,2405702,CENTRAL POTIGUAR,240570,Nordeste,RN,"-6.5840000\,-36.7740000",24,RN-Jardim do Seridó,Rio Grande do Norte
Igarapé-Miri,1503309,NORDESTE PARAENSE,150330,Norte,PA,"-1.9750000\,-48.9600000",15,PA-Igarapé-Miri,Pará
Inhumas,5210000,CENTRO GOIANO,521000,Centro-Oeste,GO,"-16.3580000\,-49.4960000",52,GO-Inhumas,Goiás
Dourado,3514304,ARARAQUARA,351430,Sudeste,SP,"-22.1000000\,-48.3180000",35,SP-Dourado,São Paulo
São João da Urtiga,4318424,NOROESTE RIO-GRANDENSE,431842,Sul,RS,"-27.8200000\,-51.8280000",43,RS-São João da Urtiga,Rio Grande do Sul
Cachoeira de Pajeú,3102704,JEQUITINHONHA,310270,Sudeste,MG,"-15.9660000\,-41.4980000",31,MG-Cachoeira de Pajeú,Minas Gerais
Bonópolis,5203575,NORTE GOIANO,520357,Centro-Oeste,GO,"-13.6360000\,-49.8100000",52,GO-Bonópolis,Goiás
Bagé,4301602,SUDOESTE RIO-GRANDENSE,430160,Sul,RS,"-31.3310000\,-54.1070000",43,RS-Bagé,Rio Grande do Sul
Rio Novo,3155405,ZONA DA MATA,315540,Sudeste,MG,"-21.4580000\,-43.1250000",31,MG-Rio Novo,Minas Gerais
Camocim,2302602,NOROESTE CEARENSE,230260,Nordeste,CE,"-2.9020000\,-40.8410000",23,CE-Camocim,Ceará
Mauá da Serra,4115754,NORTE CENTRAL PARANAENSE,411575,Sul,PR,"-23.9010000\,-51.2290000",41,PR-Mauá da Serra,Paraná
Maragogipe,2920601,METROPOLITANA DE SALVADOR,292060,Nordeste,BA,"-12.7780000\,-38.9190000",29,BA-Maragogipe,Bahia
Córrego Novo,3120003,VALE DO RIO DOCE,312000,Sudeste,MG,"-19.8320000\,-42.3960000",31,MG-Córrego Novo,Minas Gerais
Vila Pavão,3205150,NOROESTE ESPIRITO-SANTENSE,320515,Sudeste,ES,"-18.6150000\,-40.6110000",32,ES-Vila Pavão,Espírito Santo
São José de Ubá,3305133,NOROESTE FLUMINENSE,330513,Sudeste,RJ,"-21.3580000\,-41.9430000",33,RJ-São José de Ubá,Rio de Janeiro
Abaeté,3100203,CENTRAL MINEIRA,310020,Sudeste,MG,"-19.1600000\,-45.4460000",31,MG-Abaeté,Minas Gerais
Passa Vinte,3147808,SUL/SUDOESTE DE MINAS,314780,Sudeste,MG,"-22.2090000\,-44.2340000",31,MG-Passa Vinte,Minas Gerais
Serrano do Maranhão,2111789,NORTE MARANHENSE,211178,Nordeste,MA,"-1.8560000\,-45.1230000",21,MA-Serrano do Maranhão,Maranhão
Tanquinho,2931103,CENTRO NORTE BAIANO,293110,Nordeste,BA,"-11.9790000\,-39.1040000",29,BA-Tanquinho,Bahia
Palhoça,4211900,GRANDE FLORIANOPOLIS,421190,Sul,SC,"-27.6450000\,-48.6680000",42,SC-Palhoça,Santa Catarina
Arco-Íris,3503356,MARILIA,350335,Sudeste,SP,"-21.7730000\,-50.4650000",35,SP-Arco-Íris,São Paulo
Serra Caiada,2410306,AGRESTE POTIGUAR,241030,Nordeste,RN,"-6.1060000\,-35.7130000",24,RN-Serra Caiada,Rio Grande do Norte
Salgado,2806206,LESTE SERGIPANO,280620,Nordeste,SE,"-11.0320000\,-37.4750000",28,SE-Salgado,Sergipe
Benedito Leite,2101806,SUL MARANHENSE,210180,Nordeste,MA,"-7.2230000\,-44.5580000",21,MA-Benedito Leite,Maranhão
Cocos,2908101,EXTREMO OESTE BAIANO,290810,Nordeste,BA,"-14.1840000\,-44.5340000",29,BA-Cocos,Bahia
Cássia dos Coqueiros,3510906,RIBEIRAO PRETO,351090,Sudeste,SP,"-21.2830000\,-47.1700000",35,SP-Cássia dos Coqueiros,São Paulo
Piracicaba,3538709,PIRACICABA,353870,Sudeste,SP,"-22.7250000\,-47.6490000",35,SP-Piracicaba,São Paulo
Taquaral,3553658,RIBEIRAO PRETO,355365,Sudeste,SP,"-21.0720000\,-48.4100000",35,SP-Taquaral,São Paulo
Itaeté,2915007,CENTRO SUL BAIANO,291500,Nordeste,BA,"-12.9860000\,-40.9730000",29,BA-Itaeté,Bahia
Paripiranga,2923803,NORDESTE BAIANO,292380,Nordeste,BA,"-10.6880000\,-37.8620000",29,BA-Paripiranga,Bahia
Cabo de Santo Agostinho,2602902,METROPOLITANA DE RECIFE,260290,Nordeste,PE,"-8.2870000\,-35.0350000",26,PE-Cabo de Santo Agostinho,Pernambuco
Eldorado,3514809,LITORAL SUL PAULISTA,351480,Sudeste,SP,"-24.5200000\,-48.1080000",35,SP-Eldorado,São Paulo
Ubarana,3555356,SAO JOSE DO RIO PRETO,355535,Sudeste,SP,"-21.1660000\,-49.7180000",35,SP-Ubarana,São Paulo
Machado,3139003,SUL/SUDOESTE DE MINAS,313900,Sudeste,MG,"-21.6750000\,-45.9200000",31,MG-Machado,Minas Gerais
Lindolfo Collor,4311627,METROPOLITANA DE PORTO ALEGRE,431162,Sul,RS,"-29.5970000\,-51.2090000",43,RS-Lindolfo Collor,Rio Grande do Sul
Pereiro,2310803,JAGUARIBE,231080,Nordeste,CE,"-6.0450000\,-38.4610000",23,CE-Pereiro,Ceará
Água Santa,4300059,NOROESTE RIO-GRANDENSE,430005,Sul,RS,"-28.1770000\,-52.0340000",43,RS-Água Santa,Rio Grande do Sul
Santa Lúcia,4123824,OESTE PARANAENSE,412382,Sul,PR,"-25.4070000\,-53.5660000",41,PR-Santa Lúcia,Paraná
Atalaia,2700409,LESTE ALAGOANO,270040,Nordeste,AL,"-9.5020000\,-36.0230000",27,AL-Atalaia,Alagoas
Ijuí,4310207,NOROESTE RIO-GRANDENSE,431020,Sul,RS,"-28.3880000\,-53.9150000",43,RS-Ijuí,Rio Grande do Sul
Caravelas,2906907,SUL BAIANO,290690,Nordeste,BA,"-17.7320000\,-39.2660000",29,BA-Caravelas,Bahia
São Miguel do Guamá,1507607,NORDESTE PARAENSE,150760,Norte,PA,"-1.6270000\,-47.4830000",15,PA-São Miguel do Guamá,Pará
Tamandaré,2614857,MATA PERNAMBUCANA,261485,Nordeste,PE,"-8.7600000\,-35.1050000",26,PE-Tamandaré,Pernambuco
Cândido Mendes,2102606,OESTE MARANHENSE,210260,Nordeste,MA,"-1.4470000\,-45.7170000",21,MA-Cândido Mendes,Maranhão
Teodoro Sampaio,3554300,PRESIDENTE PRUDENTE,355430,Sudeste,SP,"-22.5330000\,-52.1680000",35,SP-Teodoro Sampaio,São Paulo
Tietê,3554508,PIRACICABA,355450,Sudeste,SP,"-23.1020000\,-47.7150000",35,SP-Tietê,São Paulo
Campestre,2701357,LESTE ALAGOANO,270135,Nordeste,AL,"-8.8460000\,-35.5680000",27,AL-Campestre,Alagoas
Barro Alto,2903235,CENTRO NORTE BAIANO,290323,Nordeste,BA,"-11.7610000\,-41.9120000",29,BA-Barro Alto,Bahia
Altair,3500907,SAO JOSE DO RIO PRETO,350090,Sudeste,SP,"-20.5240000\,-49.0590000",35,SP-Altair,São Paulo
São Sebastião do Alto,3305307,CENTRO FLUMINENSE,330530,Sudeste,RJ,"-21.9570000\,-42.1350000",33,RJ-São Sebastião do Alto,Rio de Janeiro
Icapuí,2305357,JAGUARIBE,230535,Nordeste,CE,"-4.7130000\,-37.3550000",23,CE-Icapuí,Ceará
Porto Velho,1100205,MADEIRA-GUAPORE,110020,Norte,RO,"-8.7620000\,-63.9040000",11,RO-Porto Velho,Rondônia
Olho d'Água do Borges,2408409,OESTE POTIGUAR,240840,Nordeste,RN,"-5.9560000\,-37.7060000",24,RN-Olho d'Água do Borges,Rio Grande do Norte
Paulista,2610707,METROPOLITANA DE RECIFE,261070,Nordeste,PE,"-7.9410000\,-34.8730000",26,PE-Paulista,Pernambuco
Camapuã,5002605,CENTRO NORTE DE MATO GROSSO DO SUL,500260,Centro-Oeste,MS,"-19.5310000\,-54.0440000",50,MS-Camapuã,Mato Grosso do Sul
Santa Cruz da Conceição,3546207,PIRACICABA,354620,Sudeste,SP,"-22.1400000\,-47.4520000",35,SP-Santa Cruz da Conceição,São Paulo
Itapira,3522604,CAMPINAS,352260,Sudeste,SP,"-22.4360000\,-46.8220000",35,SP-Itapira,São Paulo
Primavera de Rondônia,1101476,LESTE RONDONIENSE,110147,Norte,RO,"-11.8280000\,-61.3210000",11,RO-Primavera de Rondônia,Rondônia
Jacinto Machado,4208708,SUL CATARINENSE,420870,Sul,SC,"-28.9970000\,-49.7640000",42,SC-Jacinto Machado,Santa Catarina
Taquarivaí,3553856,ITAPETININGA,355385,Sudeste,SP,"-23.9240000\,-48.6930000",35,SP-Taquarivaí,São Paulo
Ribeiro Gonçalves,2208908,SUDOESTE PIAUIENSE,220890,Nordeste,PI,"-7.5580000\,-45.2420000",22,PI-Ribeiro Gonçalves,Piauí
União da Serra,4322350,NORDESTE RIO-GRANDENSE,432235,Sul,RS,"-28.7950000\,-52.0370000",43,RS-União da Serra,Rio Grande do Sul
Dueré,1707306,OCIDENTAL DO TOCANTINS,170730,Norte,TO,"-11.3440000\,-49.2710000",17,TO-Dueré,Tocantins
Barra do Jacaré,4102703,NORTE PIONEIRO PARANAENSE,410270,Sul,PR,"-23.1150000\,-50.1810000",41,PR-Barra do Jacaré,Paraná
Boa Esperança,4103008,CENTRO OCIDENTAL PARANAENSE,410300,Sul,PR,"-24.2420000\,-52.7890000",41,PR-Boa Esperança,Paraná
Pé de Serra,2924058,NORDESTE BAIANO,292405,Nordeste,BA,"-11.8340000\,-39.6130000",29,BA-Pé de Serra,Bahia
São João do Manteninha,3162575,VALE DO RIO DOCE,316257,Sudeste,MG,"-18.7210000\,-41.1600000",31,MG-São João do Manteninha,Minas Gerais
Puxinanã,2512408,AGRESTE PARAIBANO,251240,Nordeste,PB,"-7.1610000\,-35.9610000",25,PB-Puxinanã,Paraíba
Paranatinga,5106307,NORTE MATO-GROSSENSE,510630,Centro-Oeste,MT,"-14.4320000\,-54.0510000",51,MT-Paranatinga,Mato Grosso
Coronel Martins,4204459,OESTE CATARINENSE,420445,Sul,SC,"-26.5120000\,-52.6690000",42,SC-Coronel Martins,Santa Catarina
Novo Barreiro,4313490,NOROESTE RIO-GRANDENSE,431349,Sul,RS,"-27.9090000\,-53.1080000",43,RS-Novo Barreiro,Rio Grande do Sul
Conselheiro Mairinck,4106100,NORTE PIONEIRO PARANAENSE,410610,Sul,PR,"-23.6300000\,-50.1690000",41,PR-Conselheiro Mairinck,Paraná
Chavantes,3557204,ASSIS,355720,Sudeste,SP,"-23.0390000\,-49.7090000",35,SP-Chavantes,São Paulo
Iconha,3202603,CENTRAL ESPIRITO-SANTENSE,320260,Sudeste,ES,"-20.7930000\,-40.8110000",32,ES-Iconha,Espírito Santo
Boa Vista do Cadeado,4302220,NOROESTE RIO-GRANDENSE,430222,Sul,RS,"-28.6070000\,-53.8150000",43,RS-Boa Vista do Cadeado,Rio Grande do Sul
Cedro,2604304,SERTAO PERNAMBUCANO,260430,Nordeste,PE,"-7.7220000\,-39.2390000",26,PE-Cedro,Pernambuco
Sabino,3544608,BAURU,354460,Sudeste,SP,"-21.4600000\,-49.5780000",35,SP-Sabino,São Paulo
Jardim de Piranhas,2405603,CENTRAL POTIGUAR,240560,Nordeste,RN,"-6.3790000\,-37.3520000",24,RN-Jardim de Piranhas,Rio Grande do Norte
Ivaí,4111407,SUDESTE PARANAENSE,411140,Sul,PR,"-25.0110000\,-50.8590000",41,PR-Ivaí,Paraná
Matões,2106607,LESTE MARANHENSE,210660,Nordeste,MA,"-5.5190000\,-43.1990000",21,MA-Matões,Maranhão
Bambuí,3105103,OESTE DE MINAS,310510,Sudeste,MG,"-20.0060000\,-45.9770000",31,MG-Bambuí,Minas Gerais
Matinha,2106508,NORTE MARANHENSE,210650,Nordeste,MA,"-3.1010000\,-45.0340000",21,MA-Matinha,Maranhão
Porto Acre,1200807,VALE DO ACRE,120080,Norte,AC,"-9.5880000\,-67.5330000",12,AC-Porto Acre,Acre
Buriticupu,2102325,OESTE MARANHENSE,210232,Nordeste,MA,"-4.3460000\,-46.4010000",21,MA-Buriticupu,Maranhão
Araricá,4300877,METROPOLITANA DE PORTO ALEGRE,430087,Sul,RS,"-29.6140000\,-50.9250000",43,RS-Araricá,Rio Grande do Sul
Passabém,3147501,METROPOLITANA DE BELO HORIZONTE,314750,Sudeste,MG,"-19.3530000\,-43.1360000",31,MG-Passabém,Minas Gerais
Penalva,2108306,NORTE MARANHENSE,210830,Nordeste,MA,"-3.2940000\,-45.1740000",21,MA-Penalva,Maranhão
Quadra,3541653,ITAPETININGA,354165,Sudeste,SP,"-23.2990000\,-48.0550000",35,SP-Quadra,São Paulo
Cascavel,2303501,NORTE CEARENSE,230350,Nordeste,CE,"-4.1310000\,-38.2360000",23,CE-Cascavel,Ceará
Iomerê,4207577,OESTE CATARINENSE,420757,Sul,SC,"-27.0040000\,-51.2420000",42,SC-Iomerê,Santa Catarina
Rio Acima,3154804,METROPOLITANA DE BELO HORIZONTE,315480,Sudeste,MG,"-20.0880000\,-43.7890000",31,MG-Rio Acima,Minas Gerais
Brochier,4302659,METROPOLITANA DE PORTO ALEGRE,430265,Sul,RS,"-29.5510000\,-51.5930000",43,RS-Brochier,Rio Grande do Sul
Francisco Morato,3516309,METROPOLITANA DE SAO PAULO,351630,Sudeste,SP,"-23.2820000\,-46.7450000",35,SP-Francisco Morato,São Paulo
Augusto Severo,2401305,OESTE POTIGUAR,240130,Nordeste,RN,"-5.8640000\,-37.3100000",24,RN-Augusto Severo,Rio Grande do Norte
São Gabriel da Cachoeira,1303809,NORTE AMAZONENSE,130380,Norte,AM,"-0.1300000\,-67.0890000",13,AM-São Gabriel da Cachoeira,Amazonas
Guimarânia,3128907,TRIANGULO MINEIRO/ALTO PARANAIBA,312890,Sudeste,MG,"-18.8440000\,-46.7930000",31,MG-Guimarânia,Minas Gerais
Santa Cruz do Piauí,2209104,SUDESTE PIAUIENSE,220910,Nordeste,PI,"-7.1850000\,-41.7680000",22,PI-Santa Cruz do Piauí,Piauí
Santa Fé,4123402,NORTE CENTRAL PARANAENSE,412340,Sul,PR,"-23.0380000\,-51.8050000",41,PR-Santa Fé,Paraná
Rio Largo,2707701,LESTE ALAGOANO,270770,Nordeste,AL,"-9.4780000\,-35.8530000",27,AL-Rio Largo,Alagoas
Porecatu,4120002,NORTE CENTRAL PARANAENSE,412000,Sul,PR,"-22.7560000\,-51.3790000",41,PR-Porecatu,Paraná
Elói Mendes,3123601,SUL/SUDOESTE DE MINAS,312360,Sudeste,MG,"-21.6100000\,-45.5650000",31,MG-Elói Mendes,Minas Gerais
Rio Fortuna,4214904,SUL CATARINENSE,421490,Sul,SC,"-28.1310000\,-49.1050000",42,SC-Rio Fortuna,Santa Catarina
Cachoeira Paulista,3508603,VALE DO PARAIBA PAULISTA,350860,Sudeste,SP,"-22.6650000\,-45.0090000",35,SP-Cachoeira Paulista,São Paulo
Santo Antônio do Rio Abaixo,3160504,METROPOLITANA DE BELO HORIZONTE,316050,Sudeste,MG,"-19.2280000\,-43.2540000",31,MG-Santo Antônio do Rio Abaixo,Minas Gerais
Capela,2701704,LESTE ALAGOANO,270170,Nordeste,AL,"-9.4080000\,-36.0740000",27,AL-Capela,Alagoas
Miguelópolis,3529708,RIBEIRAO PRETO,352970,Sudeste,SP,"-20.1790000\,-48.0320000",35,SP-Miguelópolis,São Paulo
Palmeiras,2923506,CENTRO SUL BAIANO,292350,Nordeste,BA,"-12.5290000\,-41.5590000",29,BA-Palmeiras,Bahia
Bela Vista,5002100,SUDOESTE DE MATO GROSSO DO SUL,500210,Centro-Oeste,MS,"-22.1090000\,-56.5210000",50,MS-Bela Vista,Mato Grosso do Sul
Extremoz,2403608,LESTE POTIGUAR,240360,Nordeste,RN,"-5.7060000\,-35.3070000",24,RN-Extremoz,Rio Grande do Norte
Laranjal,4113254,CENTRO-SUL PARANAENSE,411325,Sul,PR,"-24.8870000\,-52.4690000",41,PR-Laranjal,Paraná
Monteiro Lobato,3531704,VALE DO PARAIBA PAULISTA,353170,Sudeste,SP,"-22.9570000\,-45.8400000",35,SP-Monteiro Lobato,São Paulo
Vitor Meireles,4219358,VALE DO ITAJAI,421935,Sul,SC,"-26.8810000\,-49.8330000",42,SC-Vitor Meireles,Santa Catarina
Novo Horizonte do Norte,5106273,NORTE MATO-GROSSENSE,510627,Centro-Oeste,MT,"-11.4130000\,-57.3520000",51,MT-Novo Horizonte do Norte,Mato Grosso
Andradas,3102605,SUL/SUDOESTE DE MINAS,310260,Sudeste,MG,"-22.0680000\,-46.5690000",31,MG-Andradas,Minas Gerais
Guarantã do Norte,5104104,NORTE MATO-GROSSENSE,510410,Centro-Oeste,MT,"-9.7880000\,-54.9100000",51,MT-Guarantã do Norte,Mato Grosso
Tacaratu,2614808,SAO FRANCISCO PERNAMBUCANO,261480,Nordeste,PE,"-9.1060000\,-38.1500000",26,PE-Tacaratu,Pernambuco
Santa Cecília do Sul,4316733,NOROESTE RIO-GRANDENSE,431673,Sul,RS,"-28.1615000\,-51.9250000",43,RS-Santa Cecília do Sul,Rio Grande do Sul
Barão de Monte Alto,3105509,ZONA DA MATA,310550,Sudeste,MG,"-21.2450000\,-42.2380000",31,MG-Barão de Monte Alto,Minas Gerais
Campo Florido,3111408,TRIANGULO MINEIRO/ALTO PARANAIBA,311140,Sudeste,MG,"-19.7610000\,-48.5720000",31,MG-Campo Florido,Minas Gerais
Montenegro,4312401,METROPOLITANA DE PORTO ALEGRE,431240,Sul,RS,"-29.6890000\,-51.4610000",43,RS-Montenegro,Rio Grande do Sul
Curiúva,4107009,NORTE PIONEIRO PARANAENSE,410700,Sul,PR,"-24.0330000\,-50.4580000",41,PR-Curiúva,Paraná
Moeda,3142304,METROPOLITANA DE BELO HORIZONTE,314230,Sudeste,MG,"-20.3330000\,-44.0530000",31,MG-Moeda,Minas Gerais
Juína,5105150,NORTE MATO-GROSSENSE,510515,Centro-Oeste,MT,"-11.3780000\,-58.7410000",51,MT-Juína,Mato Grosso
Itirapuã,3523701,RIBEIRAO PRETO,352370,Sudeste,SP,"-20.6410000\,-47.2190000",35,SP-Itirapuã,São Paulo
São Roque do Canaã,3204955,CENTRAL ESPIRITO-SANTENSE,320495,Sudeste,ES,"-19.7390000\,-40.6570000",32,ES-São Roque do Canaã,Espírito Santo
Araguanã,1702158,OCIDENTAL DO TOCANTINS,170215,Norte,TO,"-6.5810000\,-48.6440000",17,TO-Araguanã,Tocantins
Nova Iguaçu,3303500,METROPOLITANA DO RIO DE JANEIRO,330350,Sudeste,RJ,"-22.7590000\,-43.4510000",33,RJ-Nova Iguaçu,Rio de Janeiro
Fernando Pedroza,2403756,CENTRAL POTIGUAR,240375,Nordeste,RN,"-5.6970000\,-36.5310000",24,RN-Fernando Pedroza,Rio Grande do Norte
São Luís do Curu,2312601,NORTE CEARENSE,231260,Nordeste,CE,"-3.6700000\,-39.2430000",23,CE-São Luís do Curu,Ceará
Santa Cruz do Xingu,5107743,NORDESTE MATO-GROSSENSE,510774,Centro-Oeste,MT,"-10.1550000\,-52.3920000",51,MT-Santa Cruz do Xingu,Mato Grosso
Pavão,3148509,VALE DO MUCURI,314850,Sudeste,MG,"-17.4280000\,-40.9990000",31,MG-Pavão,Minas Gerais
Campo Magro,4104253,METROPOLITANA DE CURITIBA,410425,Sul,PR,"-25.3690000\,-49.4510000",41,PR-Campo Magro,Paraná
Santa Bárbara d'Oeste,3545803,CAMPINAS,354580,Sudeste,SP,"-22.7540000\,-47.4140000",35,SP-Santa Bárbara d'Oeste,São Paulo
Palmeirina,2610103,AGRESTE PERNAMBUCANO,261010,Nordeste,PE,"-9.0040000\,-36.3260000",26,PE-Palmeirina,Pernambuco
Ourizona,4117404,NORTE CENTRAL PARANAENSE,411740,Sul,PR,"-23.4050000\,-52.1990000",41,PR-Ourizona,Paraná
Vermelho Novo,3171154,ZONA DA MATA,317115,Sudeste,MG,"-20.0360000\,-42.2670000",31,MG-Vermelho Novo,Minas Gerais
Fortuna,2104206,CENTRO MARANHENSE,210420,Nordeste,MA,"-5.7330000\,-44.1580000",21,MA-Fortuna,Maranhão
Aroeiras do Itaim,2200954,SUDESTE PIAUIENSE,220095,Nordeste,PI,"-7.2760000\,-41.5640000",22,PI-Aroeiras do Itaim,Piauí
Paranã,1716208,ORIENTAL DO TOCANTINS,171620,Norte,TO,"-12.6150000\,-47.8830000",17,TO-Paranã,Tocantins
Conde,2908606,NORDESTE BAIANO,290860,Nordeste,BA,"-11.8140000\,-37.6110000",29,BA-Conde,Bahia
Arroio Trinta,4201604,OESTE CATARINENSE,420160,Sul,SC,"-26.9330000\,-51.3390000",42,SC-Arroio Trinta,Santa Catarina
Sebastião Laranjeiras,2930006,CENTRO SUL BAIANO,293000,Nordeste,BA,"-14.5730000\,-42.9400000",29,BA-Sebastião Laranjeiras,Bahia
Cunha,3513603,VALE DO PARAIBA PAULISTA,351360,Sudeste,SP,"-23.0740000\,-44.9600000",35,SP-Cunha,São Paulo
Osasco,3534401,METROPOLITANA DE SAO PAULO,353440,Sudeste,SP,"-23.5330000\,-46.7920000",35,SP-Osasco,São Paulo
Santa Rosa do Sul,4215653,SUL CATARINENSE,421565,Sul,SC,"-29.1360000\,-49.7000000",42,SC-Santa Rosa do Sul,Santa Catarina
Muniz Ferreira,2922201,METROPOLITANA DE SALVADOR,292220,Nordeste,BA,"-13.0030000\,-39.1100000",29,BA-Muniz Ferreira,Bahia
Maraial,2609204,MATA PERNAMBUCANA,260920,Nordeste,PE,"-8.8030000\,-35.8290000",26,PE-Maraial,Pernambuco
Bom Jesus dos Perdões,3507100,MACRO METROPOLITANA PAULISTA,350710,Sudeste,SP,"-23.1350000\,-46.4650000",35,SP-Bom Jesus dos Perdões,São Paulo
Taperoá,2516508,BORBOREMA,251650,Nordeste,PB,"-7.2070000\,-36.8270000",25,PB-Taperoá,Paraíba
Olímpia,3533908,SAO JOSE DO RIO PRETO,353390,Sudeste,SP,"-20.7370000\,-48.9150000",35,SP-Olímpia,São Paulo
Campos de Júlio,5102686,NORTE MATO-GROSSENSE,510268,Centro-Oeste,MT,"-13.8990000\,-59.1480000",51,MT-Campos de Júlio,Mato Grosso
Nova Lima,3144805,METROPOLITANA DE BELO HORIZONTE,314480,Sudeste,MG,"-19.9860000\,-43.8470000",31,MG-Nova Lima,Minas Gerais
Taiúva,3553203,RIBEIRAO PRETO,355320,Sudeste,SP,"-21.1240000\,-48.4520000",35,SP-Taiúva,São Paulo
Bom Jesus do Tocantins,1501576,SUDESTE PARAENSE,150157,Norte,PA,"-5.0510000\,-48.6090000",15,PA-Bom Jesus do Tocantins,Pará
Califórnia,4103503,NORTE CENTRAL PARANAENSE,410350,Sul,PR,"-23.6500000\,-51.3550000",41,PR-Califórnia,Paraná
Ribas do Rio Pardo,5007109,LESTE DE MATO GROSSO DO SUL,500710,Centro-Oeste,MS,"-20.4430000\,-53.7590000",50,MS-Ribas do Rio Pardo,Mato Grosso do Sul
Nossa Senhora de Nazaré,2206753,CENTRO-NORTE PIAUIENSE,220675,Nordeste,PI,"-4.6310000\,-42.1730000",22,PI-Nossa Senhora de Nazaré,Piauí
Parnarama,2107803,LESTE MARANHENSE,210780,Nordeste,MA,"-5.6820000\,-43.0930000",21,MA-Parnarama,Maranhão
Denise,5103452,SUDOESTE MATO-GROSSENSE,510345,Centro-Oeste,MT,"-14.7400000\,-57.0540000",51,MT-Denise,Mato Grosso
Picos,2208007,SUDESTE PIAUIENSE,220800,Nordeste,PI,"-7.0770000\,-41.4670000",22,PI-Picos,Piauí
Santa Teresinha,2513802,SERTAO PARAIBANO,251380,Nordeste,PB,"-7.1160000\,-37.4520000",25,PB-Santa Teresinha,Paraíba
Orlândia,3534302,RIBEIRAO PRETO,353430,Sudeste,SP,"-20.7200000\,-47.8870000",35,SP-Orlândia,São Paulo
Serra do Mel,2413359,OESTE POTIGUAR,241335,Nordeste,RN,"-5.1700000\,-37.0290000",24,RN-Serra do Mel,Rio Grande do Norte
Onda Verde,3534005,SAO JOSE DO RIO PRETO,353400,Sudeste,SP,"-20.6140000\,-49.2990000",35,SP-Onda Verde,São Paulo
Monte Formoso,3143153,JEQUITINHONHA,314315,Sudeste,MG,"-16.8660000\,-41.2550000",31,MG-Monte Formoso,Minas Gerais
Taparuba,3168051,VALE DO RIO DOCE,316805,Sudeste,MG,"-19.7590000\,-41.6160000",31,MG-Taparuba,Minas Gerais
Balneário Arroio do Silva,4201950,SUL CATARINENSE,420195,Sul,SC,"-28.9840000\,-49.4130000",42,SC-Balneário Arroio do Silva,Santa Catarina
Ascurra,4201703,VALE DO ITAJAI,420170,Sul,SC,"-26.9550000\,-49.3760000",42,SC-Ascurra,Santa Catarina
Rio Grande do Piauí,2209005,SUDOESTE PIAUIENSE,220900,Nordeste,PI,"-7.7750000\,-43.1420000",22,PI-Rio Grande do Piauí,Piauí
Paraíso,4212239,OESTE CATARINENSE,421223,Sul,SC,"-26.6140000\,-53.6720000",42,SC-Paraíso,Santa Catarina
São Martinho da Serra,4319125,CENTRO OCIDENTAL RIO-GRANDENSE,431912,Sul,RS,"-29.5380000\,-53.8550000",43,RS-São Martinho da Serra,Rio Grande do Sul
Cabrobó,2603009,SAO FRANCISCO PERNAMBUCANO,260300,Nordeste,PE,"-8.5120000\,-39.3070000",26,PE-Cabrobó,Pernambuco
Jussara,5212204,NOROESTE GOIANO,521220,Centro-Oeste,GO,"-15.8650000\,-50.8680000",52,GO-Jussara,Goiás
Santa Cruz da Vitória,2927804,SUL BAIANO,292780,Nordeste,BA,"-14.9610000\,-39.8120000",29,BA-Santa Cruz da Vitória,Bahia
Santo Amaro da Imperatriz,4215703,GRANDE FLORIANOPOLIS,421570,Sul,SC,"-27.6880000\,-48.7790000",42,SC-Santo Amaro da Imperatriz,Santa Catarina
Nova Santa Rita,4313375,METROPOLITANA DE PORTO ALEGRE,431337,Sul,RS,"-29.8570000\,-51.2740000",43,RS-Nova Santa Rita,Rio Grande do Sul
Santa Rosa do Piauí,2209377,SUDESTE PIAUIENSE,220937,Nordeste,PI,"-6.7990000\,-42.2880000",22,PI-Santa Rosa do Piauí,Piauí
Novo Brasil,5215207,CENTRO GOIANO,521520,Centro-Oeste,GO,"-16.0340000\,-50.7110000",52,GO-Novo Brasil,Goiás
Itaguatins,1710706,OCIDENTAL DO TOCANTINS,171070,Norte,TO,"-5.7680000\,-47.4810000",17,TO-Itaguatins,Tocantins
Benedito Novo,4202206,VALE DO ITAJAI,420220,Sul,SC,"-26.7830000\,-49.3640000",42,SC-Benedito Novo,Santa Catarina
Rio Preto,3155900,ZONA DA MATA,315590,Sudeste,MG,"-22.0890000\,-43.8280000",31,MG-Rio Preto,Minas Gerais
Caiuá,3509106,PRESIDENTE PRUDENTE,350910,Sudeste,SP,"-21.8320000\,-51.9980000",35,SP-Caiuá,São Paulo
Piratininga,3539400,BAURU,353940,Sudeste,SP,"-22.4130000\,-49.1350000",35,SP-Piratininga,São Paulo
Aquiraz,2301000,METROPOLITANA DE FORTALEZA,230100,Nordeste,CE,"-3.9010000\,-38.3910000",23,CE-Aquiraz,Ceará
Inhaúma,3131000,METROPOLITANA DE BELO HORIZONTE,313100,Sudeste,MG,"-19.4910000\,-44.3900000",31,MG-Inhaúma,Minas Gerais
Laranjal do Jari,1600279,SUL DO AMAPA,160027,Norte,AP,"-0.8420000\,-52.5160000",16,AP-Laranjal do Jari,Amapá
Cravinhos,3513108,RIBEIRAO PRETO,351310,Sudeste,SP,"-21.3400000\,-47.7290000",35,SP-Cravinhos,São Paulo
João Alfredo,2608107,AGRESTE PERNAMBUCANO,260810,Nordeste,PE,"-7.8560000\,-35.5880000",26,PE-João Alfredo,Pernambuco
Campos Novos Paulista,3509809,ASSIS,350980,Sudeste,SP,"-22.6030000\,-50.0030000",35,SP-Campos Novos Paulista,São Paulo
Montes Altos,2107001,OESTE MARANHENSE,210700,Nordeste,MA,"-5.8310000\,-47.0670000",21,MA-Montes Altos,Maranhão
Nova Olinda do Norte,1303106,CENTRO AMAZONENSE,130310,Norte,AM,"-3.8880000\,-59.0940000",13,AM-Nova Olinda do Norte,Amazonas
Candói,4104428,CENTRO-SUL PARANAENSE,410442,Sul,PR,"-25.6630000\,-52.1260000",41,PR-Candói,Paraná
Pedra Lavrada,2511103,BORBOREMA,251110,Nordeste,PB,"-6.7570000\,-36.4800000",25,PB-Pedra Lavrada,Paraíba
Tutóia,2112506,NORTE MARANHENSE,211250,Nordeste,MA,"-2.7620000\,-42.2740000",21,MA-Tutóia,Maranhão
Santa Margarida do Sul,4316972,SUDOESTE RIO-GRANDENSE,431697,Sul,RS,"-30.3390000\,-54.0790000",43,RS-Santa Margarida do Sul,Rio Grande do Sul
Cipotânea,3116308,ZONA DA MATA,311630,Sudeste,MG,"-20.9050000\,-43.3660000",31,MG-Cipotânea,Minas Gerais
Conceição das Pedras,3117207,SUL/SUDOESTE DE MINAS,311720,Sudeste,MG,"-22.1600000\,-45.4550000",31,MG-Conceição das Pedras,Minas Gerais
Macaíba,2407104,LESTE POTIGUAR,240710,Nordeste,RN,"-5.8580000\,-35.3540000",24,RN-Macaíba,Rio Grande do Norte
Tauá,2313302,SERTOES CEARENSES,231330,Nordeste,CE,"-6.0030000\,-40.2930000",23,CE-Tauá,Ceará
Cruzeiro do Sul,4106704,NOROESTE PARANAENSE,410670,Sul,PR,"-22.9620000\,-52.1610000",41,PR-Cruzeiro do Sul,Paraná
Pomerode,4213203,VALE DO ITAJAI,421320,Sul,SC,"-26.7410000\,-49.1770000",42,SC-Pomerode,Santa Catarina
Ribamar Fiquene,2109551,OESTE MARANHENSE,210955,Nordeste,MA,"-5.9300000\,-47.3840000",21,MA-Ribamar Fiquene,Maranhão
Jaguapitã,4111902,NORTE CENTRAL PARANAENSE,411190,Sul,PR,"-23.1130000\,-51.5320000",41,PR-Jaguapitã,Paraná
Monte Horebe,2509602,SERTAO PARAIBANO,250960,Nordeste,PB,"-7.2150000\,-38.5860000",25,PB-Monte Horebe,Paraíba
Seabra,2929909,CENTRO SUL BAIANO,292990,Nordeste,BA,"-12.4190000\,-41.7700000",29,BA-Seabra,Bahia
Cidade Gaúcha,4105607,NOROESTE PARANAENSE,410560,Sul,PR,"-23.3800000\,-52.9450000",41,PR-Cidade Gaúcha,Paraná
Pantano Grande,4313953,CENTRO ORIENTAL RIO-GRANDENSE,431395,Sul,RS,"-30.1910000\,-52.3740000",43,RS-Pantano Grande,Rio Grande do Sul
Presidente Kennedy,1718402,OCIDENTAL DO TOCANTINS,171840,Norte,TO,"-8.5390000\,-48.5060000",17,TO-Presidente Kennedy,Tocantins
Portalegre,2410207,OESTE POTIGUAR,241020,Nordeste,RN,"-6.0240000\,-37.9880000",24,RN-Portalegre,Rio Grande do Norte
Santo Antônio da Patrulha,4317608,METROPOLITANA DE PORTO ALEGRE,431760,Sul,RS,"-29.8180000\,-50.5200000",43,RS-Santo Antônio da Patrulha,Rio Grande do Sul
Dores de Guanhães,3123106,VALE DO RIO DOCE,312310,Sudeste,MG,"-19.0580000\,-42.9290000",31,MG-Dores de Guanhães,Minas Gerais
Timon,2112209,LESTE MARANHENSE,211220,Nordeste,MA,"-5.0940000\,-42.8370000",21,MA-Timon,Maranhão
Triunfo,4322004,METROPOLITANA DE PORTO ALEGRE,432200,Sul,RS,"-29.9430000\,-51.7180000",43,RS-Triunfo,Rio Grande do Sul
Santa Rita de Jacutinga,3159308,ZONA DA MATA,315930,Sudeste,MG,"-22.1490000\,-44.0950000",31,MG-Santa Rita de Jacutinga,Minas Gerais
Monte Alegre,2407807,AGRESTE POTIGUAR,240780,Nordeste,RN,"-6.0680000\,-35.3320000",24,RN-Monte Alegre,Rio Grande do Norte
Arraial do Cabo,3300258,BAIXADAS,330025,Sudeste,RJ,"-22.9660000\,-42.0280000",33,RJ-Arraial do Cabo,Rio de Janeiro
Cedral,2103109,NORTE MARANHENSE,210310,Nordeste,MA,"-2.0000000\,-44.5360000",21,MA-Cedral,Maranhão
Pau dos Ferros,2409407,OESTE POTIGUAR,240940,Nordeste,RN,"-6.1110000\,-38.2090000",24,RN-Pau dos Ferros,Rio Grande do Norte
Conquista D'Oeste,5103361,SUDOESTE MATO-GROSSENSE,510336,Centro-Oeste,MT,"-14.5410000\,-59.5480000",51,MT-Conquista D'Oeste,Mato Grosso
Magalhães de Almeida,2106300,LESTE MARANHENSE,210630,Nordeste,MA,"-3.3960000\,-42.2040000",21,MA-Magalhães de Almeida,Maranhão
Catuji,3115458,VALE DO MUCURI,311545,Sudeste,MG,"-17.3120000\,-41.5170000",31,MG-Catuji,Minas Gerais
Ibicuí,2912301,CENTRO SUL BAIANO,291230,Nordeste,BA,"-14.8420000\,-39.9870000",29,BA-Ibicuí,Bahia
Presidente Nereu,4214102,VALE DO ITAJAI,421410,Sul,SC,"-27.2770000\,-49.3900000",42,SC-Presidente Nereu,Santa Catarina
Casinhas,2604155,AGRESTE PERNAMBUCANO,260415,Nordeste,PE,"-7.7410000\,-35.7210000",26,PE-Casinhas,Pernambuco
Neves Paulista,3532504,SAO JOSE DO RIO PRETO,353250,Sudeste,SP,"-20.8460000\,-49.6300000",35,SP-Neves Paulista,São Paulo
Wenceslau Guimarães,2933505,SUL BAIANO,293350,Nordeste,BA,"-13.6870000\,-39.4790000",29,BA-Wenceslau Guimarães,Bahia
Luislândia,3138682,NORTE DE MINAS,313868,Sudeste,MG,"-16.1180000\,-44.5890000",31,MG-Luislândia,Minas Gerais
Branquinha,2701100,LESTE ALAGOANO,270110,Nordeste,AL,"-9.2460000\,-36.0150000",27,AL-Branquinha,Alagoas
Tavares,4321352,METROPOLITANA DE PORTO ALEGRE,432135,Sul,RS,"-31.2870000\,-51.0940000",43,RS-Tavares,Rio Grande do Sul
Heliópolis,2911857,NORDESTE BAIANO,291185,Nordeste,BA,"-10.6830000\,-38.2860000",29,BA-Heliópolis,Bahia
Taquarana,2709103,AGRESTE ALAGOANO,270910,Nordeste,AL,"-9.6450000\,-36.4970000",27,AL-Taquarana,Alagoas
Russas,2311801,JAGUARIBE,231180,Nordeste,CE,"-4.9400000\,-37.9760000",23,CE-Russas,Ceará
Várzea do Poço,2933109,CENTRO NORTE BAIANO,293310,Nordeste,BA,"-11.5290000\,-40.3200000",29,BA-Várzea do Poço,Bahia
Poços de Caldas,3151800,SUL/SUDOESTE DE MINAS,315180,Sudeste,MG,"-21.7880000\,-46.5610000",31,MG-Poços de Caldas,Minas Gerais
Piranguçu,3150901,SUL/SUDOESTE DE MINAS,315090,Sudeste,MG,"-22.5280000\,-45.4950000",31,MG-Piranguçu,Minas Gerais
Taquaritinga do Norte,2615003,AGRESTE PERNAMBUCANO,261500,Nordeste,PE,"-7.9030000\,-36.0440000",26,PE-Taquaritinga do Norte,Pernambuco
Sabinópolis,3156809,VALE DO RIO DOCE,315680,Sudeste,MG,"-18.6660000\,-43.0840000",31,MG-Sabinópolis,Minas Gerais
Paraí,4314001,NORDESTE RIO-GRANDENSE,431400,Sul,RS,"-28.5940000\,-51.7860000",43,RS-Paraí,Rio Grande do Sul
Itapetim,2607703,SERTAO PERNAMBUCANO,260770,Nordeste,PE,"-7.3780000\,-37.1900000",26,PE-Itapetim,Pernambuco
Guajará,1301654,SUDOESTE AMAZONENSE,130165,Norte,AM,"-7.5460000\,-72.5840000",13,AM-Guajará,Amazonas
Itaju do Colônia,2915403,SUL BAIANO,291540,Nordeste,BA,"-15.1430000\,-39.7240000",29,BA-Itaju do Colônia,Bahia
Anaurilândia,5000807,LESTE DE MATO GROSSO DO SUL,500080,Centro-Oeste,MS,"-22.1880000\,-52.7180000",50,MS-Anaurilândia,Mato Grosso do Sul
Taboão da Serra,3552809,METROPOLITANA DE SAO PAULO,355280,Sudeste,SP,"-23.6020000\,-46.7530000",35,SP-Taboão da Serra,São Paulo
Cajazeiras,2503704,SERTAO PARAIBANO,250370,Nordeste,PB,"-6.8900000\,-38.5620000",25,PB-Cajazeiras,Paraíba
Pirajuba,3150703,TRIANGULO MINEIRO/ALTO PARANAIBA,315070,Sudeste,MG,"-19.9070000\,-48.7010000",31,MG-Pirajuba,Minas Gerais
Ouro Verde de Minas,3146206,VALE DO MUCURI,314620,Sudeste,MG,"-18.0710000\,-41.2700000",31,MG-Ouro Verde de Minas,Minas Gerais
Gongogi,2911501,SUL BAIANO,291150,Nordeste,BA,"-14.3220000\,-39.4650000",29,BA-Gongogi,Bahia
Breves,1501808,MARAJO,150180,Norte,PA,"-1.6820000\,-50.4800000",15,PA-Breves,Pará
Fernandópolis,3515509,SAO JOSE DO RIO PRETO,351550,Sudeste,SP,"-20.2840000\,-50.2460000",35,SP-Fernandópolis,São Paulo
Lajinha,3137700,ZONA DA MATA,313770,Sudeste,MG,"-20.1510000\,-41.6230000",31,MG-Lajinha,Minas Gerais
Groaíras,2304905,NOROESTE CEARENSE,230490,Nordeste,CE,"-3.9130000\,-40.3830000",23,CE-Groaíras,Ceará
São José da Safira,3163003,VALE DO RIO DOCE,316300,Sudeste,MG,"-18.3240000\,-42.1430000",31,MG-São José da Safira,Minas Gerais
São Francisco de Itabapoana,3304755,NORTE FLUMINENSE,330475,Sudeste,RJ,"-21.4700000\,-41.1190000",33,RJ-São Francisco de Itabapoana,Rio de Janeiro
Jaguaribara,2306801,JAGUARIBE,230680,Nordeste,CE,"-5.6580000\,-38.6200000",23,CE-Jaguaribara,Ceará
Condado,2604601,MATA PERNAMBUCANA,260460,Nordeste,PE,"-7.5860000\,-35.1060000",26,PE-Condado,Pernambuco
Passa Quatro,3147600,SUL/SUDOESTE DE MINAS,314760,Sudeste,MG,"-22.3900000\,-44.9670000",31,MG-Passa Quatro,Minas Gerais
Campos Gerais,3111606,SUL/SUDOESTE DE MINAS,311160,Sudeste,MG,"-21.2350000\,-45.7590000",31,MG-Campos Gerais,Minas Gerais
Itanhandu,3133105,SUL/SUDOESTE DE MINAS,313310,Sudeste,MG,"-22.2960000\,-44.9350000",31,MG-Itanhandu,Minas Gerais
Baturité,2302107,NORTE CEARENSE,230210,Nordeste,CE,"-4.3290000\,-38.8850000",23,CE-Baturité,Ceará
Oliveira de Fátima,1715507,OCIDENTAL DO TOCANTINS,171550,Norte,TO,"-10.7080000\,-48.9070000",17,TO-Oliveira de Fátima,Tocantins
Santa Rosa da Serra,3159704,TRIANGULO MINEIRO/ALTO PARANAIBA,315970,Sudeste,MG,"-19.5300000\,-45.9660000",31,MG-Santa Rosa da Serra,Minas Gerais
Careiro da Várzea,1301159,CENTRO AMAZONENSE,130115,Norte,AM,"-3.2210000\,-59.8260000",13,AM-Careiro da Várzea,Amazonas
Doutor Maurício Cardoso,4306734,NOROESTE RIO-GRANDENSE,430673,Sul,RS,"-27.5060000\,-54.3610000",43,RS-Doutor Maurício Cardoso,Rio Grande do Sul
São Manuel,3550100,BAURU,355010,Sudeste,SP,"-22.7310000\,-48.5710000",35,SP-São Manuel,São Paulo
São João,4124806,SUDOESTE PARANAENSE,412480,Sul,PR,"-25.8280000\,-52.7250000",41,PR-São João,Paraná
Brodowski,3507803,RIBEIRAO PRETO,350780,Sudeste,SP,"-20.9910000\,-47.6590000",35,SP-Brodowski,São Paulo
Mato Grosso,2509370,SERTAO PARAIBANO,250937,Nordeste,PB,"-6.5340000\,-37.7250000",25,PB-Mato Grosso,Paraíba
Sucupira do Norte,2111904,LESTE MARANHENSE,211190,Nordeste,MA,"-6.4770000\,-44.1920000",21,MA-Sucupira do Norte,Maranhão
Quatis,3304128,SUL FLUMINENSE,330412,Sudeste,RJ,"-22.4070000\,-44.2580000",33,RJ-Quatis,Rio de Janeiro
Cocal dos Alves,2202729,NORTE PIAUIENSE,220272,Nordeste,PI,"-3.7290000\,-41.4490000",22,PI-Cocal dos Alves,Piauí
Uirapuru,5221577,NOROESTE GOIANO,522157,Centro-Oeste,GO,"-14.2850000\,-49.9220000",52,GO-Uirapuru,Goiás
Heliodora,3129202,SUL/SUDOESTE DE MINAS,312920,Sudeste,MG,"-22.0670000\,-45.5420000",31,MG-Heliodora,Minas Gerais
Quixeré,2311504,JAGUARIBE,231150,Nordeste,CE,"-5.0740000\,-37.9890000",23,CE-Quixeré,Ceará
General Carneiro,4108502,SUDESTE PARANAENSE,410850,Sul,PR,"-26.4280000\,-51.3160000",41,PR-General Carneiro,Paraná
Novais,3533254,SAO JOSE DO RIO PRETO,353325,Sudeste,SP,"-20.9920000\,-48.9190000",35,SP-Novais,São Paulo
Simonésia,3167608,ZONA DA MATA,316760,Sudeste,MG,"-20.1240000\,-42.0010000",31,MG-Simonésia,Minas Gerais
Condado,2504504,SERTAO PARAIBANO,250450,Nordeste,PB,"-6.9100000\,-37.6010000",25,PB-Condado,Paraíba
Santo Antônio do Tauá,1507003,METROPOLITANA DE BELEM,150700,Norte,PA,"-1.1520000\,-48.1290000",15,PA-Santo Antônio do Tauá,Pará
São José da Lapa,3162955,METROPOLITANA DE BELO HORIZONTE,316295,Sudeste,MG,"-19.7010000\,-43.9550000",31,MG-São José da Lapa,Minas Gerais
Manga,3139300,NORTE DE MINAS,313930,Sudeste,MG,"-14.7560000\,-43.9320000",31,MG-Manga,Minas Gerais
Macarani,2919702,CENTRO SUL BAIANO,291970,Nordeste,BA,"-15.5680000\,-40.4230000",29,BA-Macarani,Bahia
Jóia,4311155,NOROESTE RIO-GRANDENSE,431115,Sul,RS,"-28.6470000\,-54.1220000",43,RS-Jóia,Rio Grande do Sul
Nova Ubiratã,5106240,NORTE MATO-GROSSENSE,510624,Centro-Oeste,MT,"-12.9910000\,-55.2550000",51,MT-Nova Ubiratã,Mato Grosso
Irineópolis,4207908,NORTE CATARINENSE,420790,Sul,SC,"-26.2390000\,-50.8000000",42,SC-Irineópolis,Santa Catarina
Braga,4302600,NOROESTE RIO-GRANDENSE,430260,Sul,RS,"-27.6140000\,-53.7390000",43,RS-Braga,Rio Grande do Sul
Mucugê,2921906,CENTRO SUL BAIANO,292190,Nordeste,BA,"-13.0050000\,-41.3710000",29,BA-Mucugê,Bahia
Boa Viagem,2302404,SERTOES CEARENSES,230240,Nordeste,CE,"-5.1280000\,-39.7320000",23,CE-Boa Viagem,Ceará
Olivença,2706000,SERTAO ALAGOANO,270600,Nordeste,AL,"-9.5190000\,-37.1910000",27,AL-Olivença,Alagoas
Nhamundá,1303007,CENTRO AMAZONENSE,130300,Norte,AM,"-2.1860000\,-56.7130000",13,AM-Nhamundá,Amazonas
São João do Caiuá,4124905,NOROESTE PARANAENSE,412490,Sul,PR,"-22.8520000\,-52.3370000",41,PR-São João do Caiuá,Paraná
Serra do Ramalho,2930154,VALE SAO-FRANCISCANO DA BAHIA,293015,Nordeste,BA,"-13.5720000\,-43.5980000",29,BA-Serra do Ramalho,Bahia
Pilões,2511608,AGRESTE PARAIBANO,251160,Nordeste,PB,"-6.9020000\,-35.6230000",25,PB-Pilões,Paraíba
Cajari,2102507,NORTE MARANHENSE,210250,Nordeste,MA,"-3.3210000\,-45.0110000",21,MA-Cajari,Maranhão
Pacajus,2309607,METROPOLITANA DE FORTALEZA,230960,Nordeste,CE,"-4.1730000\,-38.4610000",23,CE-Pacajus,Ceará
Itapaci,5210901,CENTRO GOIANO,521090,Centro-Oeste,GO,"-14.9510000\,-49.5490000",52,GO-Itapaci,Goiás
Santa Cruz do Capibaribe,2612505,AGRESTE PERNAMBUCANO,261250,Nordeste,PE,"-7.9570000\,-36.2050000",26,PE-Santa Cruz do Capibaribe,Pernambuco
Umarizal,2414506,OESTE POTIGUAR,241450,Nordeste,RN,"-5.9910000\,-37.8140000",24,RN-Umarizal,Rio Grande do Norte
Pradópolis,3540903,RIBEIRAO PRETO,354090,Sudeste,SP,"-21.3590000\,-48.0660000",35,SP-Pradópolis,São Paulo
Professor Jamil,5218391,SUL GOIANO,521839,Centro-Oeste,GO,"-17.2510000\,-49.2440000",52,GO-Professor Jamil,Goiás
Pederneiras,3536703,BAURU,353670,Sudeste,SP,"-22.3520000\,-48.7750000",35,SP-Pederneiras,São Paulo
Cristalândia do Piauí,2203008,SUDOESTE PIAUIENSE,220300,Nordeste,PI,"-10.6530000\,-45.1850000",22,PI-Cristalândia do Piauí,Piauí
São Pedro das Missões,4319364,NOROESTE RIO-GRANDENSE,431936,Sul,RS,"-27.0770000\,-53.2460000",43,RS-São Pedro das Missões,Rio Grande do Sul
Cubatão,3513504,METROPOLITANA DE SAO PAULO,351350,Sudeste,SP,"-23.8950000\,-46.4250000",35,SP-Cubatão,São Paulo
Dirceu Arcoverde,2203354,SUDOESTE PIAUIENSE,220335,Nordeste,PI,"-9.3380000\,-42.4280000",22,PI-Dirceu Arcoverde,Piauí
Água Fria de Goiás,5200175,LESTE GOIANO,520017,Centro-Oeste,GO,"-14.9860000\,-47.7840000",52,GO-Água Fria de Goiás,Goiás
Lagoa do Mato,2105922,LESTE MARANHENSE,210592,Nordeste,MA,"-6.0470000\,-43.5260000",21,MA-Lagoa do Mato,Maranhão
Miguel Leão,2206308,CENTRO-NORTE PIAUIENSE,220630,Nordeste,PI,"-5.6810000\,-42.7390000",22,PI-Miguel Leão,Piauí
Taiaçu,3553104,RIBEIRAO PRETO,355310,Sudeste,SP,"-21.1440000\,-48.5130000",35,SP-Taiaçu,São Paulo
Santa Terezinha,2928505,CENTRO NORTE BAIANO,292850,Nordeste,BA,"-12.7720000\,-39.5230000",29,BA-Santa Terezinha,Bahia
Jardinópolis,3525102,RIBEIRAO PRETO,352510,Sudeste,SP,"-21.0180000\,-47.7640000",35,SP-Jardinópolis,São Paulo
Correntes,2604700,AGRESTE PERNAMBUCANO,260470,Nordeste,PE,"-9.1290000\,-36.3300000",26,PE-Correntes,Pernambuco
Itanhém,2916005,SUL BAIANO,291600,Nordeste,BA,"-17.1660000\,-40.3300000",29,BA-Itanhém,Bahia
Planalto,2925006,CENTRO SUL BAIANO,292500,Nordeste,BA,"-14.6700000\,-40.4710000",29,BA-Planalto,Bahia
Arraias,1702406,ORIENTAL DO TOCANTINS,170240,Norte,TO,"-12.9310000\,-46.9380000",17,TO-Arraias,Tocantins
Brasília,5300108,DISTRITO FEDERAL,530010,Centro-Oeste,DF,"-15.7800000\,-47.9300000",53,DF-Brasília,Distrito Federal
Presidente Epitácio,3541307,PRESIDENTE PRUDENTE,354130,Sudeste,SP,"-21.7630000\,-52.1160000",35,SP-Presidente Epitácio,São Paulo
Belo Horizonte,3106200,METROPOLITANA DE BELO HORIZONTE,310620,Sudeste,MG,"-19.8170000\,-43.9560000",31,MG-Belo Horizonte,Minas Gerais
Salto do Lontra,4123006,SUDOESTE PARANAENSE,412300,Sul,PR,"-25.7840000\,-53.3090000",41,PR-Salto do Lontra,Paraná
Queluz,3541901,VALE DO PARAIBA PAULISTA,354190,Sudeste,SP,"-22.5370000\,-44.7740000",35,SP-Queluz,São Paulo
João Câmara,2405801,AGRESTE POTIGUAR,240580,Nordeste,RN,"-5.5380000\,-35.8200000",24,RN-João Câmara,Rio Grande do Norte
Presidente Castello Branco,4213906,OESTE CATARINENSE,421390,Sul,SC,"-27.2230000\,-51.8070000",42,SC-Presidente Castello Branco,Santa Catarina
Inocência,5004403,LESTE DE MATO GROSSO DO SUL,500440,Centro-Oeste,MS,"-19.7260000\,-51.9300000",50,MS-Inocência,Mato Grosso do Sul
Ouro Branco,2408508,CENTRAL POTIGUAR,240850,Nordeste,RN,"-6.7010000\,-36.9460000",24,RN-Ouro Branco,Rio Grande do Norte
Alto Alegre,4300554,NOROESTE RIO-GRANDENSE,430055,Sul,RS,"-28.7730000\,-52.9900000",43,RS-Alto Alegre,Rio Grande do Sul
Carmópolis de Minas,3114501,OESTE DE MINAS,311450,Sudeste,MG,"-20.5410000\,-44.6350000",31,MG-Carmópolis de Minas,Minas Gerais
Rolândia,4122404,NORTE CENTRAL PARANAENSE,412240,Sul,PR,"-23.3100000\,-51.3690000",41,PR-Rolândia,Paraná
Paraguaçu Paulista,3535507,ASSIS,353550,Sudeste,SP,"-22.4130000\,-50.5760000",35,SP-Paraguaçu Paulista,São Paulo
Paula Cândido,3148301,ZONA DA MATA,314830,Sudeste,MG,"-20.8740000\,-42.9800000",31,MG-Paula Cândido,Minas Gerais
Pimenteiras,2208106,CENTRO-NORTE PIAUIENSE,220810,Nordeste,PI,"-6.2450000\,-41.4190000",22,PI-Pimenteiras,Piauí
Nilo Peçanha,2922607,SUL BAIANO,292260,Nordeste,BA,"-13.5990000\,-39.1070000",29,BA-Nilo Peçanha,Bahia
São José do Jacuípe,2929370,CENTRO NORTE BAIANO,292937,Nordeste,BA,"-11.4120000\,-39.8670000",29,BA-São José do Jacuípe,Bahia
Camacan,2905602,SUL BAIANO,290560,Nordeste,BA,"-15.4190000\,-39.4960000",29,BA-Camacan,Bahia
Maçambará,4311718,SUDOESTE RIO-GRANDENSE,431171,Sul,RS,"-29.1430000\,-56.0650000",43,RS-Maçambará,Rio Grande do Sul
Santana da Ponte Pensa,3547205,SAO JOSE DO RIO PRETO,354720,Sudeste,SP,"-20.2530000\,-50.7970000",35,SP-Santana da Ponte Pensa,São Paulo
Cambará,4103602,NORTE PIONEIRO PARANAENSE,410360,Sul,PR,"-23.0460000\,-50.0740000",41,PR-Cambará,Paraná
Santo Estêvão,2928802,CENTRO NORTE BAIANO,292880,Nordeste,BA,"-12.4300000\,-39.2510000",29,BA-Santo Estêvão,Bahia
Santa Terezinha de Goiás,5219704,NORTE GOIANO,521970,Centro-Oeste,GO,"-14.4380000\,-49.7060000",52,GO-Santa Terezinha de Goiás,Goiás
Lidianópolis,4113429,NORTE CENTRAL PARANAENSE,411342,Sul,PR,"-24.1090000\,-51.6530000",41,PR-Lidianópolis,Paraná
Andorinha,2901353,CENTRO NORTE BAIANO,290135,Nordeste,BA,"-10.3450000\,-39.8330000",29,BA-Andorinha,Bahia
Piedade dos Gerais,3150406,METROPOLITANA DE BELO HORIZONTE,315040,Sudeste,MG,"-20.4710000\,-44.2270000",31,MG-Piedade dos Gerais,Minas Gerais
Esplanada,2910602,NORDESTE BAIANO,291060,Nordeste,BA,"-11.7960000\,-37.9450000",29,BA-Esplanada,Bahia
Chapada Gaúcha,3116159,NORTE DE MINAS,311615,Sudeste,MG,"-15.3060000\,-45.6180000",31,MG-Chapada Gaúcha,Minas Gerais
Entre Rios do Oeste,4107538,OESTE PARANAENSE,410753,Sul,PR,"-24.7040000\,-54.2340000",41,PR-Entre Rios do Oeste,Paraná
Nova Alvorada,4312757,NORDESTE RIO-GRANDENSE,431275,Sul,RS,"-28.6780000\,-52.1660000",43,RS-Nova Alvorada,Rio Grande do Sul
Rio Paranaíba,3155504,TRIANGULO MINEIRO/ALTO PARANAIBA,315550,Sudeste,MG,"-19.1940000\,-46.2470000",31,MG-Rio Paranaíba,Minas Gerais
Cuiabá,5103403,CENTRO-SUL MATO-GROSSENSE,510340,Centro-Oeste,MT,"-15.5960000\,-56.0970000",51,MT-Cuiabá,Mato Grosso
Barbalha,2301901,SUL CEARENSE,230190,Nordeste,CE,"-7.3050000\,-39.3020000",23,CE-Barbalha,Ceará
Riacho das Almas,2611705,AGRESTE PERNAMBUCANO,261170,Nordeste,PE,"-8.1340000\,-35.8560000",26,PE-Riacho das Almas,Pernambuco
Fênix,4107702,CENTRO OCIDENTAL PARANAENSE,410770,Sul,PR,"-23.9160000\,-51.9790000",41,PR-Fênix,Paraná
Santa Maria do Herval,4316956,METROPOLITANA DE PORTO ALEGRE,431695,Sul,RS,"-29.4980000\,-50.9930000",43,RS-Santa Maria do Herval,Rio Grande do Sul
Pentecoste,2310704,NORTE CEARENSE,231070,Nordeste,CE,"-3.7930000\,-39.2700000",23,CE-Pentecoste,Ceará
Vieirópolis,2517209,SERTAO PARAIBANO,251720,Nordeste,PB,"-6.5070000\,-38.2560000",25,PB-Vieirópolis,Paraíba
Santa Rita do Itueto,3159506,VALE DO RIO DOCE,315950,Sudeste,MG,"-19.3600000\,-41.3800000",31,MG-Santa Rita do Itueto,Minas Gerais
Mariluz,4115101,NOROESTE PARANAENSE,411510,Sul,PR,"-24.0020000\,-53.1460000",41,PR-Mariluz,Paraná
Pedro Avelino,2409704,CENTRAL POTIGUAR,240970,Nordeste,RN,"-5.5220000\,-36.3880000",24,RN-Pedro Avelino,Rio Grande do Norte
Barreiras,2903201,EXTREMO OESTE BAIANO,290320,Nordeste,BA,"-12.1530000\,-44.9900000",29,BA-Barreiras,Bahia
São José do Brejo do Cruz,2514651,SERTAO PARAIBANO,251465,Nordeste,PB,"-6.2130000\,-37.3520000",25,PB-São José do Brejo do Cruz,Paraíba
Senador José Bento,3165800,SUL/SUDOESTE DE MINAS,316580,Sudeste,MG,"-22.1640000\,-46.1790000",31,MG-Senador José Bento,Minas Gerais
Nova Olímpia,4117206,NOROESTE PARANAENSE,411720,Sul,PR,"-23.4720000\,-53.0890000",41,PR-Nova Olímpia,Paraná
Coivaras,2202737,CENTRO-NORTE PIAUIENSE,220273,Nordeste,PI,"-5.0940000\,-42.2070000",22,PI-Coivaras,Piauí
Nova Granada,3533007,SAO JOSE DO RIO PRETO,353300,Sudeste,SP,"-20.5340000\,-49.3140000",35,SP-Nova Granada,São Paulo
Japurá,4112405,NOROESTE PARANAENSE,411240,Sul,PR,"-23.4700000\,-52.5530000",41,PR-Japurá,Paraná
Floriano Peixoto,4308250,NOROESTE RIO-GRANDENSE,430825,Sul,RS,"-27.8610000\,-52.0840000",43,RS-Floriano Peixoto,Rio Grande do Sul
Ampére,4101002,SUDOESTE PARANAENSE,410100,Sul,PR,"-25.9150000\,-53.4730000",41,PR-Ampére,Paraná
Cafelândia,4103453,OESTE PARANAENSE,410345,Sul,PR,"-24.6180000\,-53.3200000",41,PR-Cafelândia,Paraná
Ipira,4207601,OESTE CATARINENSE,420760,Sul,SC,"-27.4040000\,-51.7730000",42,SC-Ipira,Santa Catarina
Siqueira Campos,4126603,NORTE PIONEIRO PARANAENSE,412660,Sul,PR,"-23.6890000\,-49.8340000",41,PR-Siqueira Campos,Paraná
Farol,4107553,CENTRO OCIDENTAL PARANAENSE,410755,Sul,PR,"-24.1000000\,-52.6230000",41,PR-Farol,Paraná
São Braz do Piauí,2209559,SUDOESTE PIAUIENSE,220955,Nordeste,PI,"-8.9620000\,-43.0040000",22,PI-São Braz do Piauí,Piauí
São Gonçalo do Amarante,2412005,LESTE POTIGUAR,241200,Nordeste,RN,"-5.7930000\,-35.3290000",24,RN-São Gonçalo do Amarante,Rio Grande do Norte
Rio Grande da Serra,3544103,METROPOLITANA DE SAO PAULO,354410,Sudeste,SP,"-23.7440000\,-46.3980000",35,SP-Rio Grande da Serra,São Paulo
Ubajara,2313609,NOROESTE CEARENSE,231360,Nordeste,CE,"-3.8540000\,-40.9210000",23,CE-Ubajara,Ceará
Iraquara,2914406,CENTRO NORTE BAIANO,291440,Nordeste,BA,"-12.2490000\,-41.6190000",29,BA-Iraquara,Bahia
Fortaleza dos Valos,4308458,NOROESTE RIO-GRANDENSE,430845,Sul,RS,"-28.7970000\,-53.2230000",43,RS-Fortaleza dos Valos,Rio Grande do Sul
Governador Luiz Rocha,2104628,CENTRO MARANHENSE,210462,Nordeste,MA,"-5.4690000\,-44.0740000",21,MA-Governador Luiz Rocha,Maranhão
Água Clara,5000203,LESTE DE MATO GROSSO DO SUL,500020,Centro-Oeste,MS,"-20.4480000\,-52.8780000",50,MS-Água Clara,Mato Grosso do Sul
Ponto Chique,3152131,NORTE DE MINAS,315213,Sudeste,MG,"-16.6310000\,-45.0660000",31,MG-Ponto Chique,Minas Gerais
Barbacena,3105608,CAMPO DAS VERTENTES,310560,Sudeste,MG,"-21.2260000\,-43.7740000",31,MG-Barbacena,Minas Gerais
Martins Soares,3140530,ZONA DA MATA,314053,Sudeste,MG,"-20.2570000\,-41.8770000",31,MG-Martins Soares,Minas Gerais
Igaratinga,3130200,OESTE DE MINAS,313020,Sudeste,MG,"-19.9550000\,-44.7090000",31,MG-Igaratinga,Minas Gerais
Xapuri,1200708,VALE DO ACRE,120070,Norte,AC,"-10.6520000\,-68.5040000",12,AC-Xapuri,Acre
Limeira,3526902,PIRACICABA,352690,Sudeste,SP,"-22.5650000\,-47.4020000",35,SP-Limeira,São Paulo
Coronel Fabriciano,3119401,VALE DO RIO DOCE,311940,Sudeste,MG,"-19.5190000\,-42.6290000",31,MG-Coronel Fabriciano,Minas Gerais
Guaribas,2204550,SUDOESTE PIAUIENSE,220455,Nordeste,PI,"-9.3980000\,-43.6870000",22,PI-Guaribas,Piauí
Tucumã,1508084,SUDESTE PARAENSE,150808,Norte,PA,"-6.7480000\,-51.1610000",15,PA-Tucumã,Pará
Tunas,4322152,NOROESTE RIO-GRANDENSE,432215,Sul,RS,"-29.1030000\,-52.9560000",43,RS-Tunas,Rio Grande do Sul
Nova Independência,3533205,ARACATUBA,353320,Sudeste,SP,"-21.1040000\,-51.4900000",35,SP-Nova Independência,São Paulo
Barão de Grajaú,2101509,LESTE MARANHENSE,210150,Nordeste,MA,"-6.7560000\,-43.0240000",21,MA-Barão de Grajaú,Maranhão
Ivaiporã,4111506,NORTE CENTRAL PARANAENSE,411150,Sul,PR,"-24.2480000\,-51.6850000",41,PR-Ivaiporã,Paraná
Serra Negra,3551603,CAMPINAS,355160,Sudeste,SP,"-22.6120000\,-46.7010000",35,SP-Serra Negra,São Paulo
Ninheira,3144656,NORTE DE MINAS,314465,Sudeste,MG,"-15.3210000\,-41.7540000",31,MG-Ninheira,Minas Gerais
Guanhães,3128006,VALE DO RIO DOCE,312800,Sudeste,MG,"-18.7750000\,-42.9330000",31,MG-Guanhães,Minas Gerais
Rinópolis,3543808,PRESIDENTE PRUDENTE,354380,Sudeste,SP,"-21.7260000\,-50.7220000",35,SP-Rinópolis,São Paulo
Moita Bonita,2804102,AGRESTE SERGIPANO,280410,Nordeste,SE,"-10.5780000\,-37.3430000",28,SE-Moita Bonita,Sergipe
Senador Pompeu,2312700,SERTOES CEARENSES,231270,Nordeste,CE,"-5.5880000\,-39.3720000",23,CE-Senador Pompeu,Ceará
Jacupiranga,3524600,LITORAL SUL PAULISTA,352460,Sudeste,SP,"-24.6930000\,-48.0020000",35,SP-Jacupiranga,São Paulo
Várzea Grande,5108402,CENTRO-SUL MATO-GROSSENSE,510840,Centro-Oeste,MT,"-15.6470000\,-56.1330000",51,MT-Várzea Grande,Mato Grosso
Apuiarés,2300903,NORTE CEARENSE,230090,Nordeste,CE,"-3.9490000\,-39.4320000",23,CE-Apuiarés,Ceará
João Pinheiro,3136306,NOROESTE DE MINAS,313630,Sudeste,MG,"-17.7430000\,-46.1730000",31,MG-João Pinheiro,Minas Gerais
Cachoeira do Piriá,1501956,NORDESTE PARAENSE,150195,Norte,PA,"-1.6710000\,-46.5290000",15,PA-Cachoeira do Piriá,Pará
Eldorado,5003751,SUDOESTE DE MATO GROSSO DO SUL,500375,Centro-Oeste,MS,"-23.7870000\,-54.2840000",50,MS-Eldorado,Mato Grosso do Sul
Novo Alegre,1715150,ORIENTAL DO TOCANTINS,171515,Norte,TO,"-12.9310000\,-46.5740000",17,TO-Novo Alegre,Tocantins
Tupanciretã,4322202,CENTRO OCIDENTAL RIO-GRANDENSE,432220,Sul,RS,"-29.0810000\,-53.8360000",43,RS-Tupanciretã,Rio Grande do Sul
Aiuruoca,3101201,SUL/SUDOESTE DE MINAS,310120,Sudeste,MG,"-21.9760000\,-44.6030000",31,MG-Aiuruoca,Minas Gerais
Paulo Frontin,4118709,SUDESTE PARANAENSE,411870,Sul,PR,"-26.0400000\,-50.8360000",41,PR-Paulo Frontin,Paraná
Colíder,5103205,NORTE MATO-GROSSENSE,510320,Centro-Oeste,MT,"-10.8130000\,-55.4550000",51,MT-Colíder,Mato Grosso
São Sebastião do Caí,4319505,METROPOLITANA DE PORTO ALEGRE,431950,Sul,RS,"-29.5870000\,-51.3760000",43,RS-São Sebastião do Caí,Rio Grande do Sul
Sítio do Mato,2930758,VALE SAO-FRANCISCANO DA BAHIA,293075,Nordeste,BA,"-13.0850000\,-43.4650000",29,BA-Sítio do Mato,Bahia
Baraúna,2501534,BORBOREMA,250153,Nordeste,PB,"-6.6430000\,-36.2540000",25,PB-Baraúna,Paraíba
Ouro,4211801,OESTE CATARINENSE,421180,Sul,SC,"-27.3410000\,-51.6180000",42,SC-Ouro,Santa Catarina
São Francisco de Assis do Piauí,2209658,SUDESTE PIAUIENSE,220965,Nordeste,PI,"-8.2380000\,-41.6860000",22,PI-São Francisco de Assis do Piauí,Piauí
Novo Oriente de Minas,3145356,VALE DO MUCURI,314535,Sudeste,MG,"-17.4150000\,-41.2150000",31,MG-Novo Oriente de Minas,Minas Gerais
Sanclerlândia,5219001,CENTRO GOIANO,521900,Centro-Oeste,GO,"-16.1980000\,-50.3140000",52,GO-Sanclerlândia,Goiás
Goianorte,1708304,OCIDENTAL DO TOCANTINS,170830,Norte,TO,"-8.7760000\,-48.9320000",17,TO-Goianorte,Tocantins
Coxilha,4305975,NOROESTE RIO-GRANDENSE,430597,Sul,RS,"-28.1270000\,-52.2960000",43,RS-Coxilha,Rio Grande do Sul
Ipiranga,4110508,SUDESTE PARANAENSE,411050,Sul,PR,"-25.0240000\,-50.5840000",41,PR-Ipiranga,Paraná
Analândia,3502002,ARARAQUARA,350200,Sudeste,SP,"-22.1260000\,-47.6630000",35,SP-Analândia,São Paulo
Mirador,4115903,NOROESTE PARANAENSE,411590,Sul,PR,"-23.2580000\,-52.7760000",41,PR-Mirador,Paraná
Alto Rio Doce,3102100,ZONA DA MATA,310210,Sudeste,MG,"-21.0260000\,-43.4110000",31,MG-Alto Rio Doce,Minas Gerais
Capim Branco,3112505,METROPOLITANA DE BELO HORIZONTE,311250,Sudeste,MG,"-19.5490000\,-44.1170000",31,MG-Capim Branco,Minas Gerais
Laranjeiras,2803609,LESTE SERGIPANO,280360,Nordeste,SE,"-10.8060000\,-37.1700000",28,SE-Laranjeiras,Sergipe
Alecrim,4300307,NOROESTE RIO-GRANDENSE,430030,Sul,RS,"-27.6550000\,-54.7640000",43,RS-Alecrim,Rio Grande do Sul
Itaguari,5210562,CENTRO GOIANO,521056,Centro-Oeste,GO,"-15.9190000\,-49.6040000",52,GO-Itaguari,Goiás
Honório Serpa,4109658,CENTRO-SUL PARANAENSE,410965,Sul,PR,"-26.1410000\,-52.3870000",41,PR-Honório Serpa,Paraná
Rubiataba,5218904,CENTRO GOIANO,521890,Centro-Oeste,GO,"-15.1640000\,-49.8030000",52,GO-Rubiataba,Goiás
Santa Teresa,3204609,CENTRAL ESPIRITO-SANTENSE,320460,Sudeste,ES,"-19.9360000\,-40.6000000",32,ES-Santa Teresa,Espírito Santo
Braúna,3507704,ARACATUBA,350770,Sudeste,SP,"-21.4990000\,-50.3160000",35,SP-Braúna,São Paulo
Taguaí,3553005,ASSIS,355300,Sudeste,SP,"-23.4520000\,-49.4090000",35,SP-Taguaí,São Paulo
Paverama,4314159,CENTRO ORIENTAL RIO-GRANDENSE,431415,Sul,RS,"-29.5520000\,-51.7330000",43,RS-Paverama,Rio Grande do Sul
Ingá,2506806,AGRESTE PARAIBANO,250680,Nordeste,PB,"-7.2680000\,-35.6130000",25,PB-Ingá,Paraíba
Lagoa da Prata,3137205,CENTRAL MINEIRA,313720,Sudeste,MG,"-20.0230000\,-45.5440000",31,MG-Lagoa da Prata,Minas Gerais
Carnaubais,2402501,OESTE POTIGUAR,240250,Nordeste,RN,"-5.3410000\,-36.8330000",24,RN-Carnaubais,Rio Grande do Norte
Mira Estrela,3530003,SAO JOSE DO RIO PRETO,353000,Sudeste,SP,"-19.9790000\,-50.1370000",35,SP-Mira Estrela,São Paulo
São José do Xingu,5107354,NORDESTE MATO-GROSSENSE,510735,Centro-Oeste,MT,"-10.8040000\,-52.7440000",51,MT-São José do Xingu,Mato Grosso
Aquidauana,5001102,PANTANAL SUL MATO-GROSSENSE,500110,Centro-Oeste,MS,"-20.4710000\,-55.7870000",50,MS-Aquidauana,Mato Grosso do Sul
União do Oeste,4218855,OESTE CATARINENSE,421885,Sul,SC,"-26.7610000\,-52.8550000",42,SC-União do Oeste,Santa Catarina
Paranapoema,4118303,NOROESTE PARANAENSE,411830,Sul,PR,"-22.6340000\,-52.0980000",41,PR-Paranapoema,Paraná
Campo Largo do Piauí,2202174,NORTE PIAUIENSE,220217,Nordeste,PI,"-3.8120000\,-42.6290000",22,PI-Campo Largo do Piauí,Piauí
Luzerna,4210035,OESTE CATARINENSE,421003,Sul,SC,"-27.1330000\,-51.4670000",42,SC-Luzerna,Santa Catarina
Rio Formoso,2611903,MATA PERNAMBUCANA,261190,Nordeste,PE,"-8.6640000\,-35.1590000",26,PE-Rio Formoso,Pernambuco
Cairu,2905404,SUL BAIANO,290540,Nordeste,BA,"-13.4870000\,-39.0440000",29,BA-Cairu,Bahia
Olindina,2923100,NORDESTE BAIANO,292310,Nordeste,BA,"-11.3670000\,-38.3330000",29,BA-Olindina,Bahia
Nova Santa Rita,2207959,SUDESTE PIAUIENSE,220795,Nordeste,PI,"-8.0870000\,-42.0520000",22,PI-Nova Santa Rita,Piauí
Ibitiara,2913002,CENTRO SUL BAIANO,291300,Nordeste,BA,"-12.6520000\,-42.2180000",29,BA-Ibitiara,Bahia
Corumbaíba,5205901,SUL GOIANO,520590,Centro-Oeste,GO,"-18.1420000\,-48.5620000",52,GO-Corumbaíba,Goiás
Silvânia,5220603,SUL GOIANO,522060,Centro-Oeste,GO,"-16.6590000\,-48.6080000",52,GO-Silvânia,Goiás
Divisa Alegre,3122355,NORTE DE MINAS,312235,Sudeste,MG,"-15.7260000\,-41.3450000",31,MG-Divisa Alegre,Minas Gerais
Itaguaru,5210604,CENTRO GOIANO,521060,Centro-Oeste,GO,"-15.7580000\,-49.6340000",52,GO-Itaguaru,Goiás
Feira Nova,2605400,AGRESTE PERNAMBUCANO,260540,Nordeste,PE,"-7.9510000\,-35.3890000",26,PE-Feira Nova,Pernambuco
Bom Jesus das Selvas,2102036,OESTE MARANHENSE,210203,Nordeste,MA,"-4.4200000\,-46.7650000",21,MA-Bom Jesus das Selvas,Maranhão
São José do Herval,4318465,NOROESTE RIO-GRANDENSE,431846,Sul,RS,"-29.0440000\,-52.2960000",43,RS-São José do Herval,Rio Grande do Sul
Lagoinha do Piauí,2205540,CENTRO-NORTE PIAUIENSE,220554,Nordeste,PI,"-5.8310000\,-42.6230000",22,PI-Lagoinha do Piauí,Piauí
Constantina,4305801,NOROESTE RIO-GRANDENSE,430580,Sul,RS,"-27.7350000\,-52.9920000",43,RS-Constantina,Rio Grande do Sul
Natividade da Serra,3532306,VALE DO PARAIBA PAULISTA,353230,Sudeste,SP,"-23.3760000\,-45.4420000",35,SP-Natividade da Serra,São Paulo
Minaçu,5213087,NORTE GOIANO,521308,Centro-Oeste,GO,"-13.5330000\,-48.2200000",52,GO-Minaçu,Goiás
Moju,1504703,NORDESTE PARAENSE,150470,Norte,PA,"-1.8840000\,-48.7690000",15,PA-Moju,Pará
Itaquaquecetuba,3523107,METROPOLITANA DE SAO PAULO,352310,Sudeste,SP,"-23.4860000\,-46.3480000",35,SP-Itaquaquecetuba,São Paulo
Taquaruçu do Sul,4321329,NOROESTE RIO-GRANDENSE,432132,Sul,RS,"-27.4000000\,-53.4670000",43,RS-Taquaruçu do Sul,Rio Grande do Sul
Palhano,2310001,JAGUARIBE,231000,Nordeste,CE,"-4.7450000\,-37.9590000",23,CE-Palhano,Ceará
Echaporã,3514700,MARILIA,351470,Sudeste,SP,"-22.4290000\,-50.2010000",35,SP-Echaporã,São Paulo
Caldeirão Grande,2905503,CENTRO NORTE BAIANO,290550,Nordeste,BA,"-11.0200000\,-40.3030000",29,BA-Caldeirão Grande,Bahia
Jati,2307205,SUL CEARENSE,230720,Nordeste,CE,"-7.6860000\,-39.0160000",23,CE-Jati,Ceará
Santa Maria do Suaçuí,3158201,VALE DO RIO DOCE,315820,Sudeste,MG,"-18.1900000\,-42.4140000",31,MG-Santa Maria do Suaçuí,Minas Gerais
Chaves,1502509,MARAJO,150250,Norte,PA,"-0.1600000\,-49.9880000",15,PA-Chaves,Pará
Lagoa Bonita do Sul,4311239,CENTRO ORIENTAL RIO-GRANDENSE,431123,Sul,RS,"-29.4890000\,-53.0130000",43,RS-Lagoa Bonita do Sul,Rio Grande do Sul
Palmópolis,3146750,JEQUITINHONHA,314675,Sudeste,MG,"-16.7350000\,-40.4200000",31,MG-Palmópolis,Minas Gerais
Laranja da Terra,3203163,CENTRAL ESPIRITO-SANTENSE,320316,Sudeste,ES,"-19.8990000\,-41.0570000",32,ES-Laranja da Terra,Espírito Santo
Campo Redondo,2402105,AGRESTE POTIGUAR,240210,Nordeste,RN,"-6.2430000\,-36.1830000",24,RN-Campo Redondo,Rio Grande do Norte
Munhoz,3143807,SUL/SUDOESTE DE MINAS,314380,Sudeste,MG,"-22.6130000\,-46.3610000",31,MG-Munhoz,Minas Gerais
Cantagalo,3112059,VALE DO RIO DOCE,311205,Sudeste,MG,"-18.5260000\,-42.6270000",31,MG-Cantagalo,Minas Gerais
Ipubi,2607307,SERTAO PERNAMBUCANO,260730,Nordeste,PE,"-7.6520000\,-40.1490000",26,PE-Ipubi,Pernambuco
Triunfo Potiguar,2414456,OESTE POTIGUAR,241445,Nordeste,RN,"-5.8670000\,-37.1890000",24,RN-Triunfo Potiguar,Rio Grande do Norte
Porto Feliz,3540606,MACRO METROPOLITANA PAULISTA,354060,Sudeste,SP,"-23.2150000\,-47.5240000",35,SP-Porto Feliz,São Paulo
Serra do Navio,1600055,SUL DO AMAPA,160005,Norte,AP,"0.8960000\,-52.0020000",16,AP-Serra do Navio,Amapá
Natércia,3144409,SUL/SUDOESTE DE MINAS,314440,Sudeste,MG,"-22.1200000\,-45.5120000",31,MG-Natércia,Minas Gerais
Lagoa dos Três Cantos,4311270,NOROESTE RIO-GRANDENSE,431127,Sul,RS,"-28.5710000\,-52.8580000",43,RS-Lagoa dos Três Cantos,Rio Grande do Sul
Reserva do Iguaçu,4121752,CENTRO-SUL PARANAENSE,412175,Sul,PR,"-25.8390000\,-52.0280000",41,PR-Reserva do Iguaçu,Paraná
Capim,2504033,MATA PARAIBANA,250403,Nordeste,PB,"-6.9160000\,-35.1720000",25,PB-Capim,Paraíba
Lajes,2406700,CENTRAL POTIGUAR,240670,Nordeste,RN,"-5.7000000\,-36.2450000",24,RN-Lajes,Rio Grande do Norte
Rio Quente,5218789,SUL GOIANO,521878,Centro-Oeste,GO,"-17.7740000\,-48.7730000",52,GO-Rio Quente,Goiás
Campos Verdes,5204953,NORTE GOIANO,520495,Centro-Oeste,GO,"-14.2580000\,-49.6580000",52,GO-Campos Verdes,Goiás
Itacuruba,2607406,SAO FRANCISCO PERNAMBUCANO,260740,Nordeste,PE,"-8.8340000\,-38.7040000",26,PE-Itacuruba,Pernambuco
Torrinha,3554706,PIRACICABA,355470,Sudeste,SP,"-22.4260000\,-48.1690000",35,SP-Torrinha,São Paulo
Tomé-Açu,1508001,NORDESTE PARAENSE,150800,Norte,PA,"-2.4190000\,-48.1520000",15,PA-Tomé-Açu,Pará
Iúna,3203007,SUL ESPIRITO-SANTENSE,320300,Sudeste,ES,"-20.3460000\,-41.5360000",32,ES-Iúna,Espírito Santo
Erval Velho,4205209,OESTE CATARINENSE,420520,Sul,SC,"-27.2760000\,-51.4420000",42,SC-Erval Velho,Santa Catarina
Ceará-Mirim,2402600,LESTE POTIGUAR,240260,Nordeste,RN,"-5.6340000\,-35.4260000",24,RN-Ceará-Mirim,Rio Grande do Norte
Serraria,2515906,AGRESTE PARAIBANO,251590,Nordeste,PB,"-6.8200000\,-35.6330000",25,PB-Serraria,Paraíba
São Bernardino,4215752,OESTE CATARINENSE,421575,Sul,SC,"-26.4750000\,-52.9640000",42,SC-São Bernardino,Santa Catarina
Campo do Tenente,4104105,METROPOLITANA DE CURITIBA,410410,Sul,PR,"-25.9780000\,-49.6830000",41,PR-Campo do Tenente,Paraná
Ribeirão Cascalheira,5107180,NORDESTE MATO-GROSSENSE,510718,Centro-Oeste,MT,"-12.9420000\,-51.8240000",51,MT-Ribeirão Cascalheira,Mato Grosso
Recursolândia,1718501,ORIENTAL DO TOCANTINS,171850,Norte,TO,"-8.7370000\,-47.2470000",17,TO-Recursolândia,Tocantins
Campanha,3110905,SUL/SUDOESTE DE MINAS,311090,Sudeste,MG,"-21.8360000\,-45.4010000",31,MG-Campanha,Minas Gerais
Barra de Santa Rosa,2501609,AGRESTE PARAIBANO,250160,Nordeste,PB,"-6.7200000\,-36.0610000",25,PB-Barra de Santa Rosa,Paraíba
Euclides da Cunha,2910701,NORDESTE BAIANO,291070,Nordeste,BA,"-10.5080000\,-39.0140000",29,BA-Euclides da Cunha,Bahia
Caputira,3112901,ZONA DA MATA,311290,Sudeste,MG,"-20.1720000\,-42.2710000",31,MG-Caputira,Minas Gerais
Cansanção,2906808,NORDESTE BAIANO,290680,Nordeste,BA,"-10.6710000\,-39.4980000",29,BA-Cansanção,Bahia
Caconde,3508702,CAMPINAS,350870,Sudeste,SP,"-21.5290000\,-46.6440000",35,SP-Caconde,São Paulo
Vicência,2616308,MATA PERNAMBUCANA,261630,Nordeste,PE,"-7.6570000\,-35.3270000",26,PE-Vicência,Pernambuco
Presidente Jânio Quadros,2925709,CENTRO SUL BAIANO,292570,Nordeste,BA,"-14.6890000\,-41.6780000",29,BA-Presidente Jânio Quadros,Bahia
Passos Maia,4212270,OESTE CATARINENSE,421227,Sul,SC,"-26.7800000\,-52.0590000",42,SC-Passos Maia,Santa Catarina
Capão Bonito,3510203,ITAPETININGA,351020,Sudeste,SP,"-24.0060000\,-48.3490000",35,SP-Capão Bonito,São Paulo
Camaragibe,2603454,METROPOLITANA DE RECIFE,260345,Nordeste,PE,"-8.0220000\,-34.9810000",26,PE-Camaragibe,Pernambuco
Saboeiro,2311900,SERTOES CEARENSES,231190,Nordeste,CE,"-6.5420000\,-39.9070000",23,CE-Saboeiro,Ceará
Paty do Alferes,3303856,METROPOLITANA DO RIO DE JANEIRO,330385,Sudeste,RJ,"-22.4290000\,-43.4190000",33,RJ-Paty do Alferes,Rio de Janeiro
Solidão,2614402,SERTAO PERNAMBUCANO,261440,Nordeste,PE,"-7.6000000\,-37.6520000",26,PE-Solidão,Pernambuco
Codajás,1301308,CENTRO AMAZONENSE,130130,Norte,AM,"-3.8370000\,-62.0570000",13,AM-Codajás,Amazonas
Guaraciaba,4206405,OESTE CATARINENSE,420640,Sul,SC,"-26.5990000\,-53.5180000",42,SC-Guaraciaba,Santa Catarina
Capitão Andrade,3112653,VALE DO RIO DOCE,311265,Sudeste,MG,"-19.0670000\,-41.8580000",31,MG-Capitão Andrade,Minas Gerais
Nova América da Colina,4116604,NORTE PIONEIRO PARANAENSE,411660,Sul,PR,"-23.3310000\,-50.7180000",41,PR-Nova América da Colina,Paraná
Pedro Laurentino,2207934,SUDESTE PIAUIENSE,220793,Nordeste,PI,"-8.0680000\,-42.2850000",22,PI-Pedro Laurentino,Piauí
Umari,2313708,CENTRO-SUL CEARENSE,231370,Nordeste,CE,"-6.6480000\,-38.7000000",23,CE-Umari,Ceará
Rio Crespo,1100262,LESTE RONDONIENSE,110026,Norte,RO,"-9.7050000\,-62.9000000",11,RO-Rio Crespo,Rondônia
Augusto Corrêa,1500909,NORDESTE PARAENSE,150090,Norte,PA,"-1.0220000\,-46.6450000",15,PA-Augusto Corrêa,Pará
Caibi,4203105,OESTE CATARINENSE,420310,Sul,SC,"-27.0720000\,-53.2480000",42,SC-Caibi,Santa Catarina
Iracema do Oeste,4110656,OESTE PARANAENSE,411065,Sul,PR,"-24.4280000\,-53.3550000",41,PR-Iracema do Oeste,Paraná
Saloá,2612307,AGRESTE PERNAMBUCANO,261230,Nordeste,PE,"-8.9760000\,-36.6880000",26,PE-Saloá,Pernambuco
Morro da Fumaça,4211207,SUL CATARINENSE,421120,Sul,SC,"-28.6510000\,-49.2100000",42,SC-Morro da Fumaça,Santa Catarina
Fazenda Rio Grande,4107652,METROPOLITANA DE CURITIBA,410765,Sul,PR,"-25.6580000\,-49.3080000",41,PR-Fazenda Rio Grande,Paraná
Alhandra,2500601,MATA PARAIBANA,250060,Nordeste,PB,"-7.4390000\,-34.9140000",25,PB-Alhandra,Paraíba
Porto do Mangue,2410256,OESTE POTIGUAR,241025,Nordeste,RN,"-5.0680000\,-36.7820000",24,RN-Porto do Mangue,Rio Grande do Norte
Pedro Velho,2409803,LESTE POTIGUAR,240980,Nordeste,RN,"-6.4390000\,-35.2210000",24,RN-Pedro Velho,Rio Grande do Norte
Brasilândia do Sul,4103370,NOROESTE PARANAENSE,410337,Sul,PR,"-24.1970000\,-53.5250000",41,PR-Brasilândia do Sul,Paraná
Piên,4119103,METROPOLITANA DE CURITIBA,411910,Sul,PR,"-26.0980000\,-49.4290000",41,PR-Piên,Paraná
Apicum-Açu,2100832,NORTE MARANHENSE,210083,Nordeste,MA,"-1.4610000\,-45.1030000",21,MA-Apicum-Açu,Maranhão
Venda Nova do Imigrante,3205069,CENTRAL ESPIRITO-SANTENSE,320506,Sudeste,ES,"-20.3400000\,-41.1350000",32,ES-Venda Nova do Imigrante,Espírito Santo
Catas Altas da Noruega,3115409,METROPOLITANA DE BELO HORIZONTE,311540,Sudeste,MG,"-20.6900000\,-43.4980000",31,MG-Catas Altas da Noruega,Minas Gerais
Santa Bárbara do Sul,4316709,NOROESTE RIO-GRANDENSE,431670,Sul,RS,"-28.3580000\,-53.2470000",43,RS-Santa Bárbara do Sul,Rio Grande do Sul
Caridade do Piauí,2202554,SUDESTE PIAUIENSE,220255,Nordeste,PI,"-7.7330000\,-40.9900000",22,PI-Caridade do Piauí,Piauí
Maratá,4311791,METROPOLITANA DE PORTO ALEGRE,431179,Sul,RS,"-29.5490000\,-51.5540000",43,RS-Maratá,Rio Grande do Sul
Nobres,5105903,NORTE MATO-GROSSENSE,510590,Centro-Oeste,MT,"-14.7200000\,-56.3280000",51,MT-Nobres,Mato Grosso
Esperantina,1707405,OCIDENTAL DO TOCANTINS,170740,Norte,TO,"-5.3430000\,-48.5110000",17,TO-Esperantina,Tocantins
Afuá,1500305,MARAJO,150030,Norte,PA,"-0.1570000\,-50.3870000",15,PA-Afuá,Pará
Cambira,4103800,NORTE CENTRAL PARANAENSE,410380,Sul,PR,"-23.5830000\,-51.5780000",41,PR-Cambira,Paraná
Bonito de Minas,3108255,NORTE DE MINAS,310825,Sudeste,MG,"-15.3230000\,-44.7540000",31,MG-Bonito de Minas,Minas Gerais
Chuvisca,4305447,METROPOLITANA DE PORTO ALEGRE,430544,Sul,RS,"-30.7580000\,-51.9780000",43,RS-Chuvisca,Rio Grande do Sul
Três Lagoas,5008305,LESTE DE MATO GROSSO DO SUL,500830,Centro-Oeste,MS,"-20.7510000\,-51.6780000",50,MS-Três Lagoas,Mato Grosso do Sul
Fama,3125200,SUL/SUDOESTE DE MINAS,312520,Sudeste,MG,"-21.4060000\,-45.8290000",31,MG-Fama,Minas Gerais
Bodocó,2602001,SERTAO PERNAMBUCANO,260200,Nordeste,PE,"-7.7780000\,-39.9410000",26,PE-Bodocó,Pernambuco
Brasilândia do Tocantins,1703602,OCIDENTAL DO TOCANTINS,170360,Norte,TO,"-8.3880000\,-48.4810000",17,TO-Brasilândia do Tocantins,Tocantins
Nova Alvorada do Sul,5006002,SUDOESTE DE MATO GROSSO DO SUL,500600,Centro-Oeste,MS,"-21.4660000\,-54.3840000",50,MS-Nova Alvorada do Sul,Mato Grosso do Sul
São João do Pacuí,3162658,NORTE DE MINAS,316265,Sudeste,MG,"-16.5420000\,-44.5160000",31,MG-São João do Pacuí,Minas Gerais
Caçapava do Sul,4302808,SUDESTE RIO-GRANDENSE,430280,Sul,RS,"-30.5120000\,-53.4910000",43,RS-Caçapava do Sul,Rio Grande do Sul
Renascença,4121604,SUDOESTE PARANAENSE,412160,Sul,PR,"-26.1580000\,-52.9690000",41,PR-Renascença,Paraná
Novo São Joaquim,5106281,NORDESTE MATO-GROSSENSE,510628,Centro-Oeste,MT,"-14.9060000\,-53.0180000",51,MT-Novo São Joaquim,Mato Grosso
Brejo da Madre de Deus,2602605,AGRESTE PERNAMBUCANO,260260,Nordeste,PE,"-8.1460000\,-36.3710000",26,PE-Brejo da Madre de Deus,Pernambuco
Águas Mornas,4200606,GRANDE FLORIANOPOLIS,420060,Sul,SC,"-27.6940000\,-48.8240000",42,SC-Águas Mornas,Santa Catarina
Francinópolis,2204006,CENTRO-NORTE PIAUIENSE,220400,Nordeste,PI,"-6.3960000\,-42.2620000",22,PI-Francinópolis,Piauí
Venturosa,2616001,AGRESTE PERNAMBUCANO,261600,Nordeste,PE,"-8.5750000\,-36.8740000",26,PE-Venturosa,Pernambuco
Iraceminha,4207759,OESTE CATARINENSE,420775,Sul,SC,"-26.8230000\,-53.2740000",42,SC-Iraceminha,Santa Catarina
Dirce Reis,3513850,SAO JOSE DO RIO PRETO,351385,Sudeste,SP,"-20.4660000\,-50.6060000",35,SP-Dirce Reis,São Paulo
Ibicoara,2912202,CENTRO SUL BAIANO,291220,Nordeste,BA,"-13.4110000\,-41.2850000",29,BA-Ibicoara,Bahia
Estrela Dalva,3124609,ZONA DA MATA,312460,Sudeste,MG,"-21.7420000\,-42.4610000",31,MG-Estrela Dalva,Minas Gerais
Bonito,2904050,CENTRO SUL BAIANO,290405,Nordeste,BA,"-11.9660000\,-41.2670000",29,BA-Bonito,Bahia
Santa Maria de Itabira,3158003,METROPOLITANA DE BELO HORIZONTE,315800,Sudeste,MG,"-19.4490000\,-43.1130000",31,MG-Santa Maria de Itabira,Minas Gerais
Diamante D'Oeste,4107157,OESTE PARANAENSE,410715,Sul,PR,"-24.9430000\,-54.1030000",41,PR-Diamante D'Oeste,Paraná
Itutinga,3134509,CAMPO DAS VERTENTES,313450,Sudeste,MG,"-21.2980000\,-44.6580000",31,MG-Itutinga,Minas Gerais
Nova Olinda,1714880,OCIDENTAL DO TOCANTINS,171488,Norte,TO,"-7.6320000\,-48.4230000",17,TO-Nova Olinda,Tocantins
Damião,2505352,AGRESTE PARAIBANO,250535,Nordeste,PB,"-6.6320000\,-35.9100000",25,PB-Damião,Paraíba
Grão Pará,4206108,SUL CATARINENSE,420610,Sul,SC,"-28.1850000\,-49.2150000",42,SC-Grão Pará,Santa Catarina
Felixlândia,3125705,CENTRAL MINEIRA,312570,Sudeste,MG,"-18.7580000\,-44.8990000",31,MG-Felixlândia,Minas Gerais
Sarzedo,3165537,METROPOLITANA DE BELO HORIZONTE,316553,Sudeste,MG,"-20.0350000\,-44.1450000",31,MG-Sarzedo,Minas Gerais
Itaporanga,2507002,SERTAO PARAIBANO,250700,Nordeste,PB,"-7.3040000\,-38.1500000",25,PB-Itaporanga,Paraíba
Sede Nova,4320230,NOROESTE RIO-GRANDENSE,432023,Sul,RS,"-27.6350000\,-53.9460000",43,RS-Sede Nova,Rio Grande do Sul
Putinga,4315206,NORDESTE RIO-GRANDENSE,431520,Sul,RS,"-29.0020000\,-52.1540000",43,RS-Putinga,Rio Grande do Sul
Lagoa do Tocantins,1711951,ORIENTAL DO TOCANTINS,171195,Norte,TO,"-10.3780000\,-47.5510000",17,TO-Lagoa do Tocantins,Tocantins
Doutor Pedrinho,4205159,VALE DO ITAJAI,420515,Sul,SC,"-26.7140000\,-49.4830000",42,SC-Doutor Pedrinho,Santa Catarina
Teixeiras,3168507,ZONA DA MATA,316850,Sudeste,MG,"-20.6510000\,-42.8570000",31,MG-Teixeiras,Minas Gerais
Nova Londrina,4117107,NOROESTE PARANAENSE,411710,Sul,PR,"-22.7660000\,-52.9850000",41,PR-Nova Londrina,Paraná
Águas de Chapecó,4200507,OESTE CATARINENSE,420050,Sul,SC,"-27.0700000\,-52.9870000",42,SC-Águas de Chapecó,Santa Catarina
Anchieta,4200804,OESTE CATARINENSE,420080,Sul,SC,"-26.5340000\,-53.3310000",42,SC-Anchieta,Santa Catarina
Conceição do Araguaia,1502707,SUDESTE PARAENSE,150270,Norte,PA,"-8.2580000\,-49.2650000",15,PA-Conceição do Araguaia,Pará
Coronel João Pessoa,2402907,OESTE POTIGUAR,240290,Nordeste,RN,"-6.2600000\,-38.4440000",24,RN-Coronel João Pessoa,Rio Grande do Norte
Cambuí,3110608,SUL/SUDOESTE DE MINAS,311060,Sudeste,MG,"-22.6120000\,-46.0580000",31,MG-Cambuí,Minas Gerais
Pouso Alto,3152600,SUL/SUDOESTE DE MINAS,315260,Sudeste,MG,"-22.1940000\,-44.9730000",31,MG-Pouso Alto,Minas Gerais
Almirante Tamandaré do Sul,4300471,NOROESTE RIO-GRANDENSE,430047,Sul,RS,"-28.1130000\,-52.9090000",43,RS-Almirante Tamandaré do Sul,Rio Grande do Sul
São Joaquim do Monte,2613305,AGRESTE PERNAMBUCANO,261330,Nordeste,PE,"-8.4320000\,-35.8040000",26,PE-São Joaquim do Monte,Pernambuco
Ruy Barbosa,2927200,CENTRO NORTE BAIANO,292720,Nordeste,BA,"-12.2840000\,-40.4940000",29,BA-Ruy Barbosa,Bahia
Adamantina,3500105,PRESIDENTE PRUDENTE,350010,Sudeste,SP,"-21.6850000\,-51.0730000",35,SP-Adamantina,São Paulo
São Francisco do Sul,4216206,NORTE CATARINENSE,421620,Sul,SC,"-26.2430000\,-48.6380000",42,SC-São Francisco do Sul,Santa Catarina
Porto Calvo,2707305,LESTE ALAGOANO,270730,Nordeste,AL,"-9.0450000\,-35.3980000",27,AL-Porto Calvo,Alagoas
Chapada,4305306,NOROESTE RIO-GRANDENSE,430530,Sul,RS,"-28.0550000\,-53.0680000",43,RS-Chapada,Rio Grande do Sul
Juscimeira,5105200,SUDESTE MATO-GROSSENSE,510520,Centro-Oeste,MT,"-16.0510000\,-54.8840000",51,MT-Juscimeira,Mato Grosso
David Canabarro,4306304,NOROESTE RIO-GRANDENSE,430630,Sul,RS,"-28.3880000\,-51.8480000",43,RS-David Canabarro,Rio Grande do Sul
Canavieira,2202251,SUDOESTE PIAUIENSE,220225,Nordeste,PI,"-7.6880000\,-43.7210000",22,PI-Canavieira,Piauí
Pojuca,2925204,METROPOLITANA DE SALVADOR,292520,Nordeste,BA,"-12.4310000\,-38.3280000",29,BA-Pojuca,Bahia
Ferreira Gomes,1600238,SUL DO AMAPA,160023,Norte,AP,"0.8580000\,-51.1800000",16,AP-Ferreira Gomes,Amapá
Sério,4320453,CENTRO ORIENTAL RIO-GRANDENSE,432045,Sul,RS,"-29.3830000\,-52.2690000",43,RS-Sério,Rio Grande do Sul
Várzea,2414704,AGRESTE POTIGUAR,241470,Nordeste,RN,"-6.3480000\,-35.3760000",24,RN-Várzea,Rio Grande do Norte
Castelo do Piauí,2202604,CENTRO-NORTE PIAUIENSE,220260,Nordeste,PI,"-5.3220000\,-41.5530000",22,PI-Castelo do Piauí,Piauí
Borrazópolis,4103305,NORTE CENTRAL PARANAENSE,410330,Sul,PR,"-23.9410000\,-51.5880000",41,PR-Borrazópolis,Paraná
Carmo da Cachoeira,3113909,SUL/SUDOESTE DE MINAS,311390,Sudeste,MG,"-21.4610000\,-45.2240000",31,MG-Carmo da Cachoeira,Minas Gerais
Brejo,2102101,LESTE MARANHENSE,210210,Nordeste,MA,"-3.6840000\,-42.7500000",21,MA-Brejo,Maranhão
Cristalândia,1706100,OCIDENTAL DO TOCANTINS,170610,Norte,TO,"-10.6000000\,-49.1930000",17,TO-Cristalândia,Tocantins
Beberibe,2302206,NORTE CEARENSE,230220,Nordeste,CE,"-4.1800000\,-38.1310000",23,CE-Beberibe,Ceará
Cubati,2505006,BORBOREMA,250500,Nordeste,PB,"-6.8680000\,-36.3510000",25,PB-Cubati,Paraíba
Oeiras,2207009,SUDESTE PIAUIENSE,220700,Nordeste,PI,"-7.0250000\,-42.1310000",22,PI-Oeiras,Piauí
Caraúbas do Piauí,2202539,NORTE PIAUIENSE,220253,Nordeste,PI,"-3.4760000\,-41.8430000",22,PI-Caraúbas do Piauí,Piauí
São João do Oeste,4216255,OESTE CATARINENSE,421625,Sul,SC,"-27.0980000\,-53.5940000",42,SC-São João do Oeste,Santa Catarina
São Caitano,2613107,AGRESTE PERNAMBUCANO,261310,Nordeste,PE,"-8.3260000\,-36.1430000",26,PE-São Caitano,Pernambuco
São João do Jaguaribe,2312502,JAGUARIBE,231250,Nordeste,CE,"-5.2710000\,-38.2740000",23,CE-São João do Jaguaribe,Ceará
Ouricuri,2609907,SERTAO PERNAMBUCANO,260990,Nordeste,PE,"-7.8830000\,-40.0820000",26,PE-Ouricuri,Pernambuco
Porto União,4213609,NORTE CATARINENSE,421360,Sul,SC,"-26.2380000\,-51.0780000",42,SC-Porto União,Santa Catarina
Francisco Santos,2204204,SUDESTE PIAUIENSE,220420,Nordeste,PI,"-6.9930000\,-41.1380000",22,PI-Francisco Santos,Piauí
Coração de Jesus,3118809,NORTE DE MINAS,311880,Sudeste,MG,"-16.6850000\,-44.3650000",31,MG-Coração de Jesus,Minas Gerais
Humaitá,4309704,NOROESTE RIO-GRANDENSE,430970,Sul,RS,"-27.5630000\,-53.9740000",43,RS-Humaitá,Rio Grande do Sul
Colina,3512001,RIBEIRAO PRETO,351200,Sudeste,SP,"-20.7130000\,-48.5410000",35,SP-Colina,São Paulo
Cruzeiro da Fortaleza,3120706,TRIANGULO MINEIRO/ALTO PARANAIBA,312070,Sudeste,MG,"-18.9460000\,-46.6740000",31,MG-Cruzeiro da Fortaleza,Minas Gerais
Queiroz,3541802,MARILIA,354180,Sudeste,SP,"-21.7990000\,-50.2400000",35,SP-Queiroz,São Paulo
São João do Ivaí,4125001,NORTE CENTRAL PARANAENSE,412500,Sul,PR,"-23.9800000\,-51.8180000",41,PR-São João do Ivaí,Paraná
Porto Ferreira,3540705,CAMPINAS,354070,Sudeste,SP,"-21.8540000\,-47.4790000",35,SP-Porto Ferreira,São Paulo
Itinga do Maranhão,2105427,OESTE MARANHENSE,210542,Nordeste,MA,"-4.4500000\,-47.5260000",21,MA-Itinga do Maranhão,Maranhão
Prata,3152808,TRIANGULO MINEIRO/ALTO PARANAIBA,315280,Sudeste,MG,"-19.3070000\,-48.9240000",31,MG-Prata,Minas Gerais
Pejuçara,4314308,NOROESTE RIO-GRANDENSE,431430,Sul,RS,"-28.4230000\,-53.6560000",43,RS-Pejuçara,Rio Grande do Sul
Nordestina,2922656,NORDESTE BAIANO,292265,Nordeste,BA,"-10.8230000\,-39.4280000",29,BA-Nordestina,Bahia
Alto do Rodrigues,2400703,OESTE POTIGUAR,240070,Nordeste,RN,"-5.2880000\,-36.7620000",24,RN-Alto do Rodrigues,Rio Grande do Norte
Vista Serrana,2505501,SERTAO PARAIBANO,250550,Nordeste,PB,"-6.7380000\,-37.5670000",25,PB-Vista Serrana,Paraíba
Capão Bonito do Sul,4304622,NORDESTE RIO-GRANDENSE,430462,Sul,RS,"-28.1280000\,-51.3950000",43,RS-Capão Bonito do Sul,Rio Grande do Sul
Agricolândia,2200103,CENTRO-NORTE PIAUIENSE,220010,Nordeste,PI,"-5.7990000\,-42.6690000",22,PI-Agricolândia,Piauí
Feijó,1200302,VALE DO JURUA,120030,Norte,AC,"-8.1640000\,-70.3540000",12,AC-Feijó,Acre
Condor,4305702,NOROESTE RIO-GRANDENSE,430570,Sul,RS,"-28.2080000\,-53.4870000",43,RS-Condor,Rio Grande do Sul
Encantado,4306809,CENTRO ORIENTAL RIO-GRANDENSE,430680,Sul,RS,"-29.2360000\,-51.8700000",43,RS-Encantado,Rio Grande do Sul
Apiacás,5100805,NORTE MATO-GROSSENSE,510080,Centro-Oeste,MT,"-9.5440000\,-57.4490000",51,MT-Apiacás,Mato Grosso
Brasilândia,5002308,LESTE DE MATO GROSSO DO SUL,500230,Centro-Oeste,MS,"-21.2560000\,-52.0370000",50,MS-Brasilândia,Mato Grosso do Sul
Anhanguera,5201207,SUL GOIANO,520120,Centro-Oeste,GO,"-18.3370000\,-48.2190000",52,GO-Anhanguera,Goiás
Gouveia,3127602,JEQUITINHONHA,312760,Sudeste,MG,"-18.4540000\,-43.7410000",31,MG-Gouveia,Minas Gerais
Guaraci,4109203,NORTE CENTRAL PARANAENSE,410920,Sul,PR,"-22.9730000\,-51.6500000",41,PR-Guaraci,Paraná
Passagem,2510709,SERTAO PARAIBANO,251070,Nordeste,PB,"-7.1380000\,-37.0490000",25,PB-Passagem,Paraíba
Doutor Camargo,4107306,NORTE CENTRAL PARANAENSE,410730,Sul,PR,"-23.5560000\,-52.2180000",41,PR-Doutor Camargo,Paraná
Ibiaí,3129608,NORTE DE MINAS,312960,Sudeste,MG,"-16.8610000\,-44.9140000",31,MG-Ibiaí,Minas Gerais
Piranga,3150802,ZONA DA MATA,315080,Sudeste,MG,"-20.6850000\,-43.3000000",31,MG-Piranga,Minas Gerais
Lassance,3138104,NORTE DE MINAS,313810,Sudeste,MG,"-17.8870000\,-44.5780000",31,MG-Lassance,Minas Gerais
Nova Tebas,4117271,NORTE CENTRAL PARANAENSE,411727,Sul,PR,"-24.4380000\,-51.9450000",41,PR-Nova Tebas,Paraná
Belo Campo,2903508,CENTRO SUL BAIANO,290350,Nordeste,BA,"-15.0380000\,-41.2600000",29,BA-Belo Campo,Bahia
Galinhos,2404101,CENTRAL POTIGUAR,240410,Nordeste,RN,"-5.0910000\,-36.2750000",24,RN-Galinhos,Rio Grande do Norte
Alto Feliz,4300570,METROPOLITANA DE PORTO ALEGRE,430057,Sul,RS,"-29.3920000\,-51.3120000",43,RS-Alto Feliz,Rio Grande do Sul
Novo Horizonte,2923035,CENTRO SUL BAIANO,292303,Nordeste,BA,"-12.8080000\,-42.1680000",29,BA-Novo Horizonte,Bahia
Engenheiro Paulo de Frontin,3301801,METROPOLITANA DO RIO DE JANEIRO,330180,Sudeste,RJ,"-22.5500000\,-43.6780000",33,RJ-Engenheiro Paulo de Frontin,Rio de Janeiro
Presidente Bernardes,3541208,PRESIDENTE PRUDENTE,354120,Sudeste,SP,"-22.0060000\,-51.5530000",35,SP-Presidente Bernardes,São Paulo
Capanema,4104501,SUDOESTE PARANAENSE,410450,Sul,PR,"-25.6720000\,-53.8090000",41,PR-Capanema,Paraná
Sítio Novo,2111805,CENTRO MARANHENSE,211180,Nordeste,MA,"-5.8780000\,-46.6990000",21,MA-Sítio Novo,Maranhão
Piripá,2924702,CENTRO SUL BAIANO,292470,Nordeste,BA,"-14.9400000\,-41.7200000",29,BA-Piripá,Bahia
São Félix,2929008,METROPOLITANA DE SALVADOR,292900,Nordeste,BA,"-12.6050000\,-38.9720000",29,BA-São Félix,Bahia
Pequeri,3149507,ZONA DA MATA,314950,Sudeste,MG,"-21.8340000\,-43.1210000",31,MG-Pequeri,Minas Gerais
Sigefredo Pacheco,2210656,CENTRO-NORTE PIAUIENSE,221065,Nordeste,PI,"-4.9180000\,-41.7320000",22,PI-Sigefredo Pacheco,Piauí
Apuarema,2901957,CENTRO SUL BAIANO,290195,Nordeste,BA,"-13.8560000\,-39.7440000",29,BA-Apuarema,Bahia
Bom Jesus do Oeste,4202578,OESTE CATARINENSE,420257,Sul,SC,"-26.6900000\,-53.0980000",42,SC-Bom Jesus do Oeste,Santa Catarina
Mirador,2106706,LESTE MARANHENSE,210670,Nordeste,MA,"-6.3710000\,-44.3630000",21,MA-Mirador,Maranhão
Salvador das Missões,4316477,NOROESTE RIO-GRANDENSE,431647,Sul,RS,"-28.1260000\,-54.8350000",43,RS-Salvador das Missões,Rio Grande do Sul
Santa Rita,2110203,NORTE MARANHENSE,211020,Nordeste,MA,"-3.1440000\,-44.3260000",21,MA-Santa Rita,Maranhão
Santa Rita de Ibitipoca,3159407,ZONA DA MATA,315940,Sudeste,MG,"-21.5630000\,-43.9150000",31,MG-Santa Rita de Ibitipoca,Minas Gerais
Riachão do Jacuípe,2926301,NORDESTE BAIANO,292630,Nordeste,BA,"-11.8100000\,-39.3820000",29,BA-Riachão do Jacuípe,Bahia
General Salgado,3516903,SAO JOSE DO RIO PRETO,351690,Sudeste,SP,"-20.6480000\,-50.3610000",35,SP-General Salgado,São Paulo
Ladário,5005202,PANTANAL SUL MATO-GROSSENSE,500520,Centro-Oeste,MS,"-19.0050000\,-57.6020000",50,MS-Ladário,Mato Grosso do Sul
Agronômica,4200309,VALE DO ITAJAI,420030,Sul,SC,"-27.2650000\,-49.7110000",42,SC-Agronômica,Santa Catarina
Passos,3147907,SUL/SUDOESTE DE MINAS,314790,Sudeste,MG,"-20.7190000\,-46.6100000",31,MG-Passos,Minas Gerais
Alegrete,4300406,SUDOESTE RIO-GRANDENSE,430040,Sul,RS,"-29.7830000\,-55.7920000",43,RS-Alegrete,Rio Grande do Sul
Itagibá,2915205,SUL BAIANO,291520,Nordeste,BA,"-14.2840000\,-39.8430000",29,BA-Itagibá,Bahia
Antônio Dias,3103009,VALE DO RIO DOCE,310300,Sudeste,MG,"-19.6530000\,-42.8720000",31,MG-Antônio Dias,Minas Gerais
São Gonçalo do Amarante,2312403,NORTE CEARENSE,231240,Nordeste,CE,"-3.6060000\,-38.9690000",23,CE-São Gonçalo do Amarante,Ceará
Ivaté,4111555,NOROESTE PARANAENSE,411155,Sul,PR,"-23.4090000\,-53.3690000",41,PR-Ivaté,Paraná
Amaturá,1300060,SUDOESTE AMAZONENSE,130006,Norte,AM,"-3.3640000\,-68.1980000",13,AM-Amaturá,Amazonas
José Raydan,3136553,VALE DO RIO DOCE,313655,Sudeste,MG,"-18.2190000\,-42.4990000",31,MG-José Raydan,Minas Gerais
Cariri do Tocantins,1703867,OCIDENTAL DO TOCANTINS,170386,Norte,TO,"-11.8910000\,-49.1610000",17,TO-Cariri do Tocantins,Tocantins
Piúma,3204203,CENTRAL ESPIRITO-SANTENSE,320420,Sudeste,ES,"-20.8350000\,-40.7290000",32,ES-Piúma,Espírito Santo
Pingo d'Água,3150539,VALE DO RIO DOCE,315053,Sudeste,MG,"-19.7270000\,-42.4080000",31,MG-Pingo d'Água,Minas Gerais
Brejo Grande do Araguaia,1501758,SUDESTE PARAENSE,150175,Norte,PA,"-5.6990000\,-48.4130000",15,PA-Brejo Grande do Araguaia,Pará
Timbaúba,2615300,MATA PERNAMBUCANA,261530,Nordeste,PE,"-7.5050000\,-35.3180000",26,PE-Timbaúba,Pernambuco
Jupi,2608305,AGRESTE PERNAMBUCANO,260830,Nordeste,PE,"-8.7120000\,-36.4150000",26,PE-Jupi,Pernambuco
Gurjão,2506509,BORBOREMA,250650,Nordeste,PB,"-7.2470000\,-36.4890000",25,PB-Gurjão,Paraíba
Campinas,3509502,CAMPINAS,350950,Sudeste,SP,"-22.9060000\,-47.0610000",35,SP-Campinas,São Paulo
Envira,1301506,SUDOESTE AMAZONENSE,130150,Norte,AM,"-7.4330000\,-70.0230000",13,AM-Envira,Amazonas
Nova Era,3144706,METROPOLITANA DE BELO HORIZONTE,314470,Sudeste,MG,"-19.7500000\,-43.0380000",31,MG-Nova Era,Minas Gerais
Araçoiaba,2601052,METROPOLITANA DE RECIFE,260105,Nordeste,PE,"-7.7900000\,-35.0910000",26,PE-Araçoiaba,Pernambuco
Santo Antônio do Aventureiro,3160009,ZONA DA MATA,316000,Sudeste,MG,"-21.7580000\,-42.8160000",31,MG-Santo Antônio do Aventureiro,Minas Gerais
Novorizonte,3145372,NORTE DE MINAS,314537,Sudeste,MG,"-16.0170000\,-42.4080000",31,MG-Novorizonte,Minas Gerais
Lajedão,2918902,SUL BAIANO,291890,Nordeste,BA,"-17.6140000\,-40.3450000",29,BA-Lajedão,Bahia
Guaraciama,3128253,NORTE DE MINAS,312825,Sudeste,MG,"-17.0140000\,-43.6730000",31,MG-Guaraciama,Minas Gerais
Monte Alegre de Minas,3142809,TRIANGULO MINEIRO/ALTO PARANAIBA,314280,Sudeste,MG,"-18.8710000\,-48.8810000",31,MG-Monte Alegre de Minas,Minas Gerais
Santa Inês,2927903,CENTRO SUL BAIANO,292790,Nordeste,BA,"-13.2920000\,-39.8190000",29,BA-Santa Inês,Bahia
Piritiba,2924801,CENTRO NORTE BAIANO,292480,Nordeste,BA,"-11.7300000\,-40.5550000",29,BA-Piritiba,Bahia
Belém de Maria,2601508,MATA PERNAMBUCANA,260150,Nordeste,PE,"-8.6140000\,-35.8090000",26,PE-Belém de Maria,Pernambuco
Salto Grande,3545407,ASSIS,354540,Sudeste,SP,"-22.8930000\,-49.9860000",35,SP-Salto Grande,São Paulo
Cruzeiro do Sul,1200203,VALE DO JURUA,120020,Norte,AC,"-7.6310000\,-72.6700000",12,AC-Cruzeiro do Sul,Acre
Ouro Fino,3146008,SUL/SUDOESTE DE MINAS,314600,Sudeste,MG,"-22.2830000\,-46.3690000",31,MG-Ouro Fino,Minas Gerais
Nova Crixás,5214838,NOROESTE GOIANO,521483,Centro-Oeste,GO,"-14.0990000\,-50.3270000",52,GO-Nova Crixás,Goiás
Ipu,2305803,NOROESTE CEARENSE,230580,Nordeste,CE,"-4.3220000\,-40.7110000",23,CE-Ipu,Ceará
Luís Gomes,2407005,OESTE POTIGUAR,240700,Nordeste,RN,"-6.4140000\,-38.3890000",24,RN-Luís Gomes,Rio Grande do Norte
Caçu,5204300,SUL GOIANO,520430,Centro-Oeste,GO,"-18.5570000\,-51.1310000",52,GO-Caçu,Goiás
Giruá,4309001,NOROESTE RIO-GRANDENSE,430900,Sul,RS,"-28.0280000\,-54.3500000",43,RS-Giruá,Rio Grande do Sul
Cabaceiras,2503100,BORBOREMA,250310,Nordeste,PB,"-7.4890000\,-36.2870000",25,PB-Cabaceiras,Paraíba
Ciríaco,4305504,NOROESTE RIO-GRANDENSE,430550,Sul,RS,"-28.3440000\,-51.8760000",43,RS-Ciríaco,Rio Grande do Sul
Serra Preta,2930402,CENTRO NORTE BAIANO,293040,Nordeste,BA,"-12.1600000\,-39.3320000",29,BA-Serra Preta,Bahia
São Roberto,2111672,CENTRO MARANHENSE,211167,Nordeste,MA,"-5.0210000\,-44.9910000",21,MA-São Roberto,Maranhão
Santo Antônio do Pinhal,3548203,VALE DO PARAIBA PAULISTA,354820,Sudeste,SP,"-22.8270000\,-45.6630000",35,SP-Santo Antônio do Pinhal,São Paulo
Feliz Natal,5103700,NORTE MATO-GROSSENSE,510370,Centro-Oeste,MT,"-12.3860000\,-54.9200000",51,MT-Feliz Natal,Mato Grosso
Ipuaçu,4207684,OESTE CATARINENSE,420768,Sul,SC,"-26.6310000\,-52.4550000",42,SC-Ipuaçu,Santa Catarina
Senhora do Porto,3166105,VALE DO RIO DOCE,316610,Sudeste,MG,"-18.8920000\,-43.0840000",31,MG-Senhora do Porto,Minas Gerais
Nossa Senhora das Graças,4116406,NORTE CENTRAL PARANAENSE,411640,Sul,PR,"-22.9140000\,-51.7940000",41,PR-Nossa Senhora das Graças,Paraná
Urandi,2932606,CENTRO SUL BAIANO,293260,Nordeste,BA,"-14.7710000\,-42.6550000",29,BA-Urandi,Bahia
Coxim,5003306,SUDOESTE DE MATO GROSSO DO SUL,500330,Centro-Oeste,MS,"-19.0090000\,-57.6530000",50,MS-Coxim,Mato Grosso do Sul
Estrela do Indaiá,3124708,CENTRAL MINEIRA,312470,Sudeste,MG,"-19.5220000\,-45.7880000",31,MG-Estrela do Indaiá,Minas Gerais
Reserva,4121703,CENTRO ORIENTAL PARANAENSE,412170,Sul,PR,"-24.6500000\,-50.8510000",41,PR-Reserva,Paraná
Lorena,3527207,VALE DO PARAIBA PAULISTA,352720,Sudeste,SP,"-22.7310000\,-45.1250000",35,SP-Lorena,São Paulo
Rio dos Bois,1718709,OCIDENTAL DO TOCANTINS,171870,Norte,TO,"-9.2930000\,-48.4660000",17,TO-Rio dos Bois,Tocantins
Alumínio,3501152,MACRO METROPOLITANA PAULISTA,350115,Sudeste,SP,"-23.5350000\,-47.2620000",35,SP-Alumínio,São Paulo
Fronteira dos Vales,3127057,VALE DO MUCURI,312705,Sudeste,MG,"-16.8910000\,-40.9250000",31,MG-Fronteira dos Vales,Minas Gerais
Matinhas,2509339,AGRESTE PARAIBANO,250933,Nordeste,PB,"-7.1250000\,-35.7670000",25,PB-Matinhas,Paraíba
Indiaporã,3520707,SAO JOSE DO RIO PRETO,352070,Sudeste,SP,"-19.9800000\,-50.2900000",35,SP-Indiaporã,São Paulo
Jacaraci,2917409,CENTRO SUL BAIANO,291740,Nordeste,BA,"-14.8500000\,-42.4330000",29,BA-Jacaraci,Bahia
Garça,3516705,MARILIA,351670,Sudeste,SP,"-22.2110000\,-49.6560000",35,SP-Garça,São Paulo
Bom Jesus,2502201,SERTAO PARAIBANO,250220,Nordeste,PB,"-6.8170000\,-38.6500000",25,PB-Bom Jesus,Paraíba
Limoeiro do Ajuru,1504000,NORDESTE PARAENSE,150400,Norte,PA,"-1.8950000\,-49.3810000",15,PA-Limoeiro do Ajuru,Pará
Nazaré Paulista,3532405,MACRO METROPOLITANA PAULISTA,353240,Sudeste,SP,"-23.1810000\,-46.3950000",35,SP-Nazaré Paulista,São Paulo
Floresta,4107900,NORTE CENTRAL PARANAENSE,410790,Sul,PR,"-23.5990000\,-52.0810000",41,PR-Floresta,Paraná
Passo Fundo,4314100,NOROESTE RIO-GRANDENSE,431410,Sul,RS,"-28.2630000\,-52.4070000",43,RS-Passo Fundo,Rio Grande do Sul
Dom Bosco,3122470,NOROESTE DE MINAS,312247,Sudeste,MG,"-16.6520000\,-46.2710000",31,MG-Dom Bosco,Minas Gerais
Santo Antônio do Caiuá,4124202,NOROESTE PARANAENSE,412420,Sul,PR,"-22.7350000\,-52.3420000",41,PR-Santo Antônio do Caiuá,Paraná
São João Batista,2111003,NORTE MARANHENSE,211100,Nordeste,MA,"-2.9550000\,-44.8070000",21,MA-São João Batista,Maranhão
Figueirão,5003900,CENTRO NORTE DE MATO GROSSO DO SUL,500390,Centro-Oeste,MS,"-18.6860000\,-53.6310000",50,MS-Figueirão,Mato Grosso do Sul
Ipiguá,3521150,SAO JOSE DO RIO PRETO,352115,Sudeste,SP,"-20.6570000\,-49.3870000",35,SP-Ipiguá,São Paulo
Itaguaçu da Bahia,2915353,VALE SAO-FRANCISCANO DA BAHIA,291535,Nordeste,BA,"-11.0120000\,-42.3990000",29,BA-Itaguaçu da Bahia,Bahia
Santo Cristo,4317905,NOROESTE RIO-GRANDENSE,431790,Sul,RS,"-27.8240000\,-54.6630000",43,RS-Santo Cristo,Rio Grande do Sul
Promissão,3541604,BAURU,354160,Sudeste,SP,"-21.5370000\,-49.8580000",35,SP-Promissão,São Paulo
Manaíra,2509008,SERTAO PARAIBANO,250900,Nordeste,PB,"-7.7060000\,-38.1540000",25,PB-Manaíra,Paraíba
Boninal,2904001,CENTRO SUL BAIANO,290400,Nordeste,BA,"-12.7020000\,-41.8280000",29,BA-Boninal,Bahia
Canarana,2906204,CENTRO NORTE BAIANO,290620,Nordeste,BA,"-11.6850000\,-41.7690000",29,BA-Canarana,Bahia
Piranhas,2707107,SERTAO ALAGOANO,270710,Nordeste,AL,"-9.6240000\,-37.7570000",27,AL-Piranhas,Alagoas
Bayeux,2501807,MATA PARAIBANA,250180,Nordeste,PB,"-7.1250000\,-34.9320000",25,PB-Bayeux,Paraíba
Itaoca,3522158,ITAPETININGA,352215,Sudeste,SP,"-24.6400000\,-48.8430000",35,SP-Itaoca,São Paulo
Nova Colinas,2107258,SUL MARANHENSE,210725,Nordeste,MA,"-7.1160000\,-46.2570000",21,MA-Nova Colinas,Maranhão
Jordânia,3136504,JEQUITINHONHA,313650,Sudeste,MG,"-15.9000000\,-40.1780000",31,MG-Jordânia,Minas Gerais
Belo Vale,3106408,METROPOLITANA DE BELO HORIZONTE,310640,Sudeste,MG,"-20.4080000\,-44.0240000",31,MG-Belo Vale,Minas Gerais
São João Batista,4216305,GRANDE FLORIANOPOLIS,421630,Sul,SC,"-27.2760000\,-48.8490000",42,SC-São João Batista,Santa Catarina
Tabira,2614600,SERTAO PERNAMBUCANO,261460,Nordeste,PE,"-7.5910000\,-37.5390000",26,PE-Tabira,Pernambuco
Piquerobi,3538303,PRESIDENTE PRUDENTE,353830,Sudeste,SP,"-21.8680000\,-51.7290000",35,SP-Piquerobi,São Paulo
Campos do Jordão,3509700,VALE DO PARAIBA PAULISTA,350970,Sudeste,SP,"-22.7390000\,-45.5910000",35,SP-Campos do Jordão,São Paulo
Santo Expedito,3548302,PRESIDENTE PRUDENTE,354830,Sudeste,SP,"-21.8510000\,-51.3920000",35,SP-Santo Expedito,São Paulo
Jandira,3525003,METROPOLITANA DE SAO PAULO,352500,Sudeste,SP,"-23.5280000\,-46.9030000",35,SP-Jandira,São Paulo
Palmas,1721000,ORIENTAL DO TOCANTINS,172100,Norte,TO,"-10.1670000\,-48.3330000",17,TO-Palmas,Tocantins
Pinheiro,2108603,NORTE MARANHENSE,210860,Nordeste,MA,"-2.5210000\,-45.0830000",21,MA-Pinheiro,Maranhão
Marilândia,3203353,NOROESTE ESPIRITO-SANTENSE,320335,Sudeste,ES,"-19.4130000\,-40.5420000",32,ES-Marilândia,Espírito Santo
Pinhal Grande,4314472,CENTRO OCIDENTAL RIO-GRANDENSE,431447,Sul,RS,"-29.3460000\,-53.3070000",43,RS-Pinhal Grande,Rio Grande do Sul
Marinópolis,3529104,SAO JOSE DO RIO PRETO,352910,Sudeste,SP,"-20.4410000\,-50.8230000",35,SP-Marinópolis,São Paulo
Capela,2801306,LESTE SERGIPANO,280130,Nordeste,SE,"-10.5030000\,-37.0530000",28,SE-Capela,Sergipe
Sobrado,2515971,MATA PARAIBANA,251597,Nordeste,PB,"-7.1440000\,-35.2390000",25,PB-Sobrado,Paraíba
Caém,2905107,CENTRO NORTE BAIANO,290510,Nordeste,BA,"-11.0910000\,-40.4350000",29,BA-Caém,Bahia
Schroeder,4217402,NORTE CATARINENSE,421740,Sul,SC,"-26.4130000\,-49.0730000",42,SC-Schroeder,Santa Catarina
Salto,3545209,MACRO METROPOLITANA PAULISTA,354520,Sudeste,SP,"-23.2010000\,-47.2870000",35,SP-Salto,São Paulo
Lençóis,2919306,CENTRO SUL BAIANO,291930,Nordeste,BA,"-12.5630000\,-41.3900000",29,BA-Lençóis,Bahia
Pindorama,3538105,SAO JOSE DO RIO PRETO,353810,Sudeste,SP,"-21.1860000\,-48.9070000",35,SP-Pindorama,São Paulo
Paquetá,2207553,SUDESTE PIAUIENSE,220755,Nordeste,PI,"-7.1040000\,-41.7040000",22,PI-Paquetá,Piauí
Piedade de Caratinga,3150158,VALE DO RIO DOCE,315015,Sudeste,MG,"-19.7590000\,-42.0760000",31,MG-Piedade de Caratinga,Minas Gerais
Coaraci,2908002,SUL BAIANO,290800,Nordeste,BA,"-14.6410000\,-39.5510000",29,BA-Coaraci,Bahia
Itatim,2916856,CENTRO NORTE BAIANO,291685,Nordeste,BA,"-12.7120000\,-39.6980000",29,BA-Itatim,Bahia
Junqueiro,2704005,LESTE ALAGOANO,270400,Nordeste,AL,"-9.9250000\,-36.4760000",27,AL-Junqueiro,Alagoas
Arandu,3503109,BAURU,350310,Sudeste,SP,"-23.1340000\,-49.0540000",35,SP-Arandu,São Paulo
Miracatu,3529906,LITORAL SUL PAULISTA,352990,Sudeste,SP,"-24.2810000\,-47.4600000",35,SP-Miracatu,São Paulo
Ubaí,3170008,NORTE DE MINAS,317000,Sudeste,MG,"-16.2850000\,-44.7780000",31,MG-Ubaí,Minas Gerais
Itainópolis,2205003,SUDESTE PIAUIENSE,220500,Nordeste,PI,"-7.4470000\,-41.4780000",22,PI-Itainópolis,Piauí
Baixa Grande,2902609,CENTRO NORTE BAIANO,290260,Nordeste,BA,"-11.9600000\,-40.1680000",29,BA-Baixa Grande,Bahia
São João do Cariri,2514008,BORBOREMA,251400,Nordeste,PB,"-7.3910000\,-36.5330000",25,PB-São João do Cariri,Paraíba
Senador Sá,2312809,NOROESTE CEARENSE,231280,Nordeste,CE,"-3.3510000\,-40.4630000",23,CE-Senador Sá,Ceará
Ouro Verde de Goiás,5215405,CENTRO GOIANO,521540,Centro-Oeste,GO,"-16.2200000\,-49.1930000",52,GO-Ouro Verde de Goiás,Goiás
Água Limpa,5200209,SUL GOIANO,520020,Centro-Oeste,GO,"-18.0740000\,-48.7620000",52,GO-Água Limpa,Goiás
Rio Branco,5107206,SUDOESTE MATO-GROSSENSE,510720,Centro-Oeste,MT,"-15.2410000\,-58.1160000",51,MT-Rio Branco,Mato Grosso
Lastro,2508406,SERTAO PARAIBANO,250840,Nordeste,PB,"-6.5160000\,-38.1800000",25,PB-Lastro,Paraíba
Bom Jardim,2102002,OESTE MARANHENSE,210200,Nordeste,MA,"-3.5650000\,-45.9940000",21,MA-Bom Jardim,Maranhão
Capitão Enéas,3112703,NORTE DE MINAS,311270,Sudeste,MG,"-16.3240000\,-43.7110000",31,MG-Capitão Enéas,Minas Gerais
Rondon,4122602,NOROESTE PARANAENSE,412260,Sul,PR,"-23.4110000\,-52.7610000",41,PR-Rondon,Paraná
Calçoene,1600204,NORTE DO AMAPA,160020,Norte,AP,"2.4980000\,-50.9490000",16,AP-Calçoene,Amapá
Pouso Novo,4315131,CENTRO ORIENTAL RIO-GRANDENSE,431513,Sul,RS,"-29.1710000\,-52.2080000",43,RS-Pouso Novo,Rio Grande do Sul
Igarapé do Meio,2105153,NORTE MARANHENSE,210515,Nordeste,MA,"-3.6610000\,-45.2270000",21,MA-Igarapé do Meio,Maranhão
Frei Inocêncio,3126901,VALE DO RIO DOCE,312690,Sudeste,MG,"-18.5450000\,-41.9220000",31,MG-Frei Inocêncio,Minas Gerais
Itamaraju,2915601,SUL BAIANO,291560,Nordeste,BA,"-17.0390000\,-39.5310000",29,BA-Itamaraju,Bahia
Nuporanga,3533601,RIBEIRAO PRETO,353360,Sudeste,SP,"-20.7300000\,-47.7490000",35,SP-Nuporanga,São Paulo
Fortuna de Minas,3126406,METROPOLITANA DE BELO HORIZONTE,312640,Sudeste,MG,"-19.5610000\,-44.4470000",31,MG-Fortuna de Minas,Minas Gerais
Guatapará,3518859,RIBEIRAO PRETO,351885,Sudeste,SP,"-21.4970000\,-48.0380000",35,SP-Guatapará,São Paulo
Colônia Leopoldina,2702108,LESTE ALAGOANO,270210,Nordeste,AL,"-8.9090000\,-35.7250000",27,AL-Colônia Leopoldina,Alagoas
Capela Nova,3112208,CAMPO DAS VERTENTES,311220,Sudeste,MG,"-20.9230000\,-43.6180000",31,MG-Capela Nova,Minas Gerais
Tartarugalzinho,1600709,NORTE DO AMAPA,160070,Norte,AP,"1.5060000\,-50.9120000",16,AP-Tartarugalzinho,Amapá
Marquinho,4115457,CENTRO-SUL PARANAENSE,411545,Sul,PR,"-25.1130000\,-52.2540000",41,PR-Marquinho,Paraná
Montividiu do Norte,5213772,NORTE GOIANO,521377,Centro-Oeste,GO,"-13.1130000\,-48.6070000",52,GO-Montividiu do Norte,Goiás
Janaúba,3135100,NORTE DE MINAS,313510,Sudeste,MG,"-15.8030000\,-43.3090000",31,MG-Janaúba,Minas Gerais
São Sebastião do Oeste,3164605,OESTE DE MINAS,316460,Sudeste,MG,"-20.2760000\,-45.0050000",31,MG-São Sebastião do Oeste,Minas Gerais
Itati,4310652,METROPOLITANA DE PORTO ALEGRE,431065,Sul,RS,"-29.4880000\,-50.1050000",43,RS-Itati,Rio Grande do Sul
Satuba,2708907,LESTE ALAGOANO,270890,Nordeste,AL,"-9.5630000\,-35.8240000",27,AL-Satuba,Alagoas
Mojuí dos Campos,1504752,BAIXO AMAZONAS,150475,Norte,PA,"-2.6845700\,-54.6404000",15,PA-Mojuí dos Campos,Pará
Tupanatinga,2615805,AGRESTE PERNAMBUCANO,261580,Nordeste,PE,"-8.7530000\,-37.3400000",26,PE-Tupanatinga,Pernambuco
Severiano Melo,2413607,OESTE POTIGUAR,241360,Nordeste,RN,"-5.7770000\,-37.9580000",24,RN-Severiano Melo,Rio Grande do Norte
São João do Soter,2111078,LESTE MARANHENSE,211107,Nordeste,MA,"-5.1140000\,-43.8100000",21,MA-São João do Soter,Maranhão
José da Penha,2406007,OESTE POTIGUAR,240600,Nordeste,RN,"-6.3170000\,-38.2810000",24,RN-José da Penha,Rio Grande do Norte
Ibema,4109757,OESTE PARANAENSE,410975,Sul,PR,"-25.1060000\,-53.0120000",41,PR-Ibema,Paraná
Alagoinhas,2900702,NORDESTE BAIANO,290070,Nordeste,BA,"-12.1360000\,-38.4190000",29,BA-Alagoinhas,Bahia
São Paulo de Olivença,1303908,SUDOESTE AMAZONENSE,130390,Norte,AM,"-3.3780000\,-68.8730000",13,AM-São Paulo de Olivença,Amazonas
Inhapim,3130903,VALE DO RIO DOCE,313090,Sudeste,MG,"-19.5490000\,-42.1200000",31,MG-Inhapim,Minas Gerais
Diamante,2505600,SERTAO PARAIBANO,250560,Nordeste,PB,"-7.4280000\,-38.2640000",25,PB-Diamante,Paraíba
Coimbra,3116704,ZONA DA MATA,311670,Sudeste,MG,"-20.8570000\,-42.8030000",31,MG-Coimbra,Minas Gerais
Bernardo do Mearim,2101939,CENTRO MARANHENSE,210193,Nordeste,MA,"-4.5840000\,-44.7640000",21,MA-Bernardo do Mearim,Maranhão
Cordislândia,3119005,SUL/SUDOESTE DE MINAS,311900,Sudeste,MG,"-21.7930000\,-45.7010000",31,MG-Cordislândia,Minas Gerais
Juiz de Fora,3136702,ZONA DA MATA,313670,Sudeste,MG,"-21.7640000\,-43.3500000",31,MG-Juiz de Fora,Minas Gerais
Rio Preto da Eva,1303569,CENTRO AMAZONENSE,130356,Norte,AM,"-2.6990000\,-59.7000000",13,AM-Rio Preto da Eva,Amazonas
Paranapanema,3535804,BAURU,353580,Sudeste,SP,"-23.3890000\,-48.7230000",35,SP-Paranapanema,São Paulo
Sertão Santana,4320552,METROPOLITANA DE PORTO ALEGRE,432055,Sul,RS,"-30.4600000\,-51.6030000",43,RS-Sertão Santana,Rio Grande do Sul
Cerro Branco,4305132,CENTRO ORIENTAL RIO-GRANDENSE,430513,Sul,RS,"-29.6540000\,-52.9340000",43,RS-Cerro Branco,Rio Grande do Sul
Arapoema,1702307,OCIDENTAL DO TOCANTINS,170230,Norte,TO,"-7.6580000\,-49.0640000",17,TO-Arapoema,Tocantins
Caetanópolis,3109907,METROPOLITANA DE BELO HORIZONTE,310990,Sudeste,MG,"-19.2950000\,-44.4190000",31,MG-Caetanópolis,Minas Gerais
Murici,2705507,LESTE ALAGOANO,270550,Nordeste,AL,"-9.3070000\,-35.9430000",27,AL-Murici,Alagoas
Piquete,3538501,VALE DO PARAIBA PAULISTA,353850,Sudeste,SP,"-22.6140000\,-45.1760000",35,SP-Piquete,São Paulo
Jaraguá do Sul,4208906,NORTE CATARINENSE,420890,Sul,SC,"-26.4860000\,-49.0670000",42,SC-Jaraguá do Sul,Santa Catarina
Rio do Antônio,2926806,CENTRO SUL BAIANO,292680,Nordeste,BA,"-14.4110000\,-42.0760000",29,BA-Rio do Antônio,Bahia
Barreiras do Piauí,2201309,SUDOESTE PIAUIENSE,220130,Nordeste,PI,"-9.9250000\,-45.4750000",22,PI-Barreiras do Piauí,Piauí
São Benedito do Rio Preto,2110401,LESTE MARANHENSE,211040,Nordeste,MA,"-3.3340000\,-43.5280000",21,MA-São Benedito do Rio Preto,Maranhão
Cortês,2604809,MATA PERNAMBUCANA,260480,Nordeste,PE,"-8.4700000\,-35.5410000",26,PE-Cortês,Pernambuco
Santa Rita do Trivelato,5107768,NORTE MATO-GROSSENSE,510776,Centro-Oeste,MT,"-13.8130000\,-55.2670000",51,MT-Santa Rita do Trivelato,Mato Grosso
Santa Tereza do Tocantins,1719004,ORIENTAL DO TOCANTINS,171900,Norte,TO,"-10.2820000\,-47.8080000",17,TO-Santa Tereza do Tocantins,Tocantins
Ponta Grossa,4119905,CENTRO ORIENTAL PARANAENSE,411990,Sul,PR,"-25.0950000\,-50.1620000",41,PR-Ponta Grossa,Paraná
Barbosa Ferraz,4102505,CENTRO OCIDENTAL PARANAENSE,410250,Sul,PR,"-24.0300000\,-52.0120000",41,PR-Barbosa Ferraz,Paraná
Aurelino Leal,2902401,SUL BAIANO,290240,Nordeste,BA,"-14.3170000\,-39.3270000",29,BA-Aurelino Leal,Bahia
Bom Lugar,2102077,CENTRO MARANHENSE,210207,Nordeste,MA,"-4.2200000\,-45.0390000",21,MA-Bom Lugar,Maranhão
Cachoeirinha,1703826,OCIDENTAL DO TOCANTINS,170382,Norte,TO,"-6.1220000\,-47.9220000",17,TO-Cachoeirinha,Tocantins
Ponte Alta do Norte,4213351,SERRANA,421335,Sul,SC,"-27.1580000\,-50.4640000",42,SC-Ponte Alta do Norte,Santa Catarina
Pão de Açúcar,2706406,SERTAO ALAGOANO,270640,Nordeste,AL,"-9.7480000\,-37.4370000",27,AL-Pão de Açúcar,Alagoas
Itaú,2404903,OESTE POTIGUAR,240490,Nordeste,RN,"-5.8400000\,-37.9930000",24,RN-Itaú,Rio Grande do Norte
Sidrolândia,5007901,CENTRO NORTE DE MATO GROSSO DO SUL,500790,Centro-Oeste,MS,"-20.9320000\,-54.9610000",50,MS-Sidrolândia,Mato Grosso do Sul
Panamá,5216007,SUL GOIANO,521600,Centro-Oeste,GO,"-18.1770000\,-49.3540000",52,GO-Panamá,Goiás
Barroquinha,2302057,NOROESTE CEARENSE,230205,Nordeste,CE,"-3.0190000\,-41.1370000",23,CE-Barroquinha,Ceará
Triunfo,2615706,SERTAO PERNAMBUCANO,261570,Nordeste,PE,"-7.8380000\,-38.1020000",26,PE-Triunfo,Pernambuco
Cândido Rodrigues,3510104,RIBEIRAO PRETO,351010,Sudeste,SP,"-21.3250000\,-48.6310000",35,SP-Cândido Rodrigues,São Paulo
Tejupá,3554201,ASSIS,355420,Sudeste,SP,"-23.3430000\,-49.3760000",35,SP-Tejupá,São Paulo
Pratápolis,3152907,SUL/SUDOESTE DE MINAS,315290,Sudeste,MG,"-20.7450000\,-46.8610000",31,MG-Pratápolis,Minas Gerais
Leme,3526704,PIRACICABA,352670,Sudeste,SP,"-22.1860000\,-47.3900000",35,SP-Leme,São Paulo
Marau,4311809,NOROESTE RIO-GRANDENSE,431180,Sul,RS,"-28.4490000\,-52.2000000",43,RS-Marau,Rio Grande do Sul
Bragança,1501709,NORDESTE PARAENSE,150170,Norte,PA,"-1.0630000\,-46.7730000",15,PA-Bragança,Pará
Praia Grande,4213807,SUL CATARINENSE,421380,Sul,SC,"-29.1970000\,-49.9500000",42,SC-Praia Grande,Santa Catarina
Porangaba,3540507,ITAPETININGA,354050,Sudeste,SP,"-23.1760000\,-48.1250000",35,SP-Porangaba,São Paulo
São Desidério,2928901,EXTREMO OESTE BAIANO,292890,Nordeste,BA,"-12.3630000\,-44.9730000",29,BA-São Desidério,Bahia
Gilbués,2204402,SUDOESTE PIAUIENSE,220440,Nordeste,PI,"-9.8320000\,-45.3440000",22,PI-Gilbués,Piauí
Jardim do Mulato,2205250,CENTRO-NORTE PIAUIENSE,220525,Nordeste,PI,"-6.0990000\,-42.6300000",22,PI-Jardim do Mulato,Piauí
Nova Pádua,4313086,NORDESTE RIO-GRANDENSE,431308,Sul,RS,"-29.0290000\,-51.3070000",43,RS-Nova Pádua,Rio Grande do Sul
Matutina,3141207,TRIANGULO MINEIRO/ALTO PARANAIBA,314120,Sudeste,MG,"-19.2230000\,-45.9690000",31,MG-Matutina,Minas Gerais
São José da Boa Vista,4125407,NORTE PIONEIRO PARANAENSE,412540,Sul,PR,"-23.9160000\,-49.6520000",41,PR-São José da Boa Vista,Paraná
Itapoá,4208450,NORTE CATARINENSE,420845,Sul,SC,"-26.1170000\,-48.6160000",42,SC-Itapoá,Santa Catarina
Santana do Manhuaçu,3158904,ZONA DA MATA,315890,Sudeste,MG,"-20.1080000\,-41.9250000",31,MG-Santana do Manhuaçu,Minas Gerais
Calumbi,2603405,SERTAO PERNAMBUCANO,260340,Nordeste,PE,"-7.9410000\,-38.1500000",26,PE-Calumbi,Pernambuco
Alfredo Chaves,3200300,CENTRAL ESPIRITO-SANTENSE,320030,Sudeste,ES,"-20.6350000\,-40.7500000",32,ES-Alfredo Chaves,Espírito Santo
Teutônia,4321451,CENTRO ORIENTAL RIO-GRANDENSE,432145,Sul,RS,"-29.4480000\,-51.8060000",43,RS-Teutônia,Rio Grande do Sul
Potirendaba,3540804,SAO JOSE DO RIO PRETO,354080,Sudeste,SP,"-21.0430000\,-49.3770000",35,SP-Potirendaba,São Paulo
Pedra Bela,3536802,CAMPINAS,353680,Sudeste,SP,"-22.7930000\,-46.4430000",35,SP-Pedra Bela,São Paulo
Guararema,3518305,METROPOLITANA DE SAO PAULO,351830,Sudeste,SP,"-23.4150000\,-46.0350000",35,SP-Guararema,São Paulo
São João das Missões,3162450,NORTE DE MINAS,316245,Sudeste,MG,"-14.8840000\,-44.0910000",31,MG-São João das Missões,Minas Gerais
Irará,2914505,CENTRO NORTE BAIANO,291450,Nordeste,BA,"-12.0500000\,-38.7670000",29,BA-Irará,Bahia
Água Doce,4200408,OESTE CATARINENSE,420040,Sul,SC,"-26.9980000\,-51.5560000",42,SC-Água Doce,Santa Catarina
Chopinzinho,4105409,SUDOESTE PARANAENSE,410540,Sul,PR,"-25.8560000\,-52.5230000",41,PR-Chopinzinho,Paraná
Parapuã,3536000,PRESIDENTE PRUDENTE,353600,Sudeste,SP,"-21.7830000\,-50.7930000",35,SP-Parapuã,São Paulo
Rio Bom,4122107,NORTE CENTRAL PARANAENSE,412210,Sul,PR,"-23.7620000\,-51.4110000",41,PR-Rio Bom,Paraná
Ponte Alta do Tocantins,1717909,ORIENTAL DO TOCANTINS,171790,Norte,TO,"-10.7440000\,-47.5360000",17,TO-Ponte Alta do Tocantins,Tocantins
Miraí,3142205,ZONA DA MATA,314220,Sudeste,MG,"-21.1950000\,-42.6140000",31,MG-Miraí,Minas Gerais
Senador Amaral,3165578,SUL/SUDOESTE DE MINAS,316557,Sudeste,MG,"-22.5870000\,-46.1770000",31,MG-Senador Amaral,Minas Gerais
Lençóis Paulista,3526803,BAURU,352680,Sudeste,SP,"-22.5990000\,-48.8000000",35,SP-Lençóis Paulista,São Paulo
Wall Ferraz,2211704,SUDESTE PIAUIENSE,221170,Nordeste,PI,"-7.2330000\,-41.9100000",22,PI-Wall Ferraz,Piauí
Paulista,2510907,SERTAO PARAIBANO,251090,Nordeste,PB,"-6.5940000\,-37.6240000",25,PB-Paulista,Paraíba
Iguatama,3130309,OESTE DE MINAS,313030,Sudeste,MG,"-20.1740000\,-45.7110000",31,MG-Iguatama,Minas Gerais
Vista Alegre,4323507,NOROESTE RIO-GRANDENSE,432350,Sul,RS,"-27.3670000\,-53.4900000",43,RS-Vista Alegre,Rio Grande do Sul
Mogi Mirim,3530805,CAMPINAS,353080,Sudeste,SP,"-22.4320000\,-46.9580000",35,SP-Mogi Mirim,São Paulo
Buritis,1100452,MADEIRA-GUAPORE,110045,Norte,RO,"-10.2120000\,-63.8290000",11,RO-Buritis,Rondônia
Campestre da Serra,4303673,NORDESTE RIO-GRANDENSE,430367,Sul,RS,"-28.7950000\,-51.0930000",43,RS-Campestre da Serra,Rio Grande do Sul
São Bento do Trairí,2411700,AGRESTE POTIGUAR,241170,Nordeste,RN,"-6.3420000\,-36.0870000",24,RN-São Bento do Trairí,Rio Grande do Norte
Assis,3504008,ASSIS,350400,Sudeste,SP,"-22.6620000\,-50.4120000",35,SP-Assis,São Paulo
Guaçuí,3202306,SUL ESPIRITO-SANTENSE,320230,Sudeste,ES,"-20.7760000\,-41.6790000",32,ES-Guaçuí,Espírito Santo
Botuverá,4202701,VALE DO ITAJAI,420270,Sul,SC,"-27.1990000\,-49.0750000",42,SC-Botuverá,Santa Catarina
Itaú de Minas,3133758,SUL/SUDOESTE DE MINAS,313375,Sudeste,MG,"-20.7390000\,-46.7520000",31,MG-Itaú de Minas,Minas Gerais
Santa Cruz da Baixa Verde,2612471,SERTAO PERNAMBUCANO,261247,Nordeste,PE,"-7.8210000\,-38.1530000",26,PE-Santa Cruz da Baixa Verde,Pernambuco
Canindé,2302800,NORTE CEARENSE,230280,Nordeste,CE,"-4.3590000\,-39.3120000",23,CE-Canindé,Ceará
Bonito de Santa Fé,2502409,SERTAO PARAIBANO,250240,Nordeste,PB,"-7.3130000\,-38.5150000",25,PB-Bonito de Santa Fé,Paraíba
Dona Inês,2505709,AGRESTE PARAIBANO,250570,Nordeste,PB,"-6.6180000\,-35.6320000",25,PB-Dona Inês,Paraíba
Paripueira,2706448,LESTE ALAGOANO,270644,Nordeste,AL,"-9.4650000\,-35.5520000",27,AL-Paripueira,Alagoas
Machadinho,4311700,NOROESTE RIO-GRANDENSE,431170,Sul,RS,"-27.5670000\,-51.6680000",43,RS-Machadinho,Rio Grande do Sul
Ibirubá,4310009,NOROESTE RIO-GRANDENSE,431000,Sul,RS,"-28.6280000\,-53.0900000",43,RS-Ibirubá,Rio Grande do Sul
Muaná,1504901,MARAJO,150490,Norte,PA,"-1.5280000\,-49.2170000",15,PA-Muaná,Pará
Campo Novo do Parecis,5102637,NORTE MATO-GROSSENSE,510263,Centro-Oeste,MT,"-13.6750000\,-57.8920000",51,MT-Campo Novo do Parecis,Mato Grosso
Pedrão,2924108,CENTRO NORTE BAIANO,292410,Nordeste,BA,"-12.1500000\,-38.6500000",29,BA-Pedrão,Bahia
Santo Anastácio,3547700,PRESIDENTE PRUDENTE,354770,Sudeste,SP,"-21.9770000\,-51.6520000",35,SP-Santo Anastácio,São Paulo
Santo Antônio do Retiro,3160454,NORTE DE MINAS,316045,Sudeste,MG,"-15.3390000\,-42.6240000",31,MG-Santo Antônio do Retiro,Minas Gerais
Água Boa,3100609,VALE DO RIO DOCE,310060,Sudeste,MG,"-17.9960000\,-42.3890000",31,MG-Água Boa,Minas Gerais
Fronteiras,2204303,SUDESTE PIAUIENSE,220430,Nordeste,PI,"-7.0880000\,-40.6160000",22,PI-Fronteiras,Piauí
São Felipe D'Oeste,1101484,LESTE RONDONIENSE,110148,Norte,RO,"-11.9030000\,-61.5020000",11,RO-São Felipe D'Oeste,Rondônia
Pinhal da Serra,4314464,NORDESTE RIO-GRANDENSE,431446,Sul,RS,"-27.8740000\,-51.1700000",43,RS-Pinhal da Serra,Rio Grande do Sul
São Miguel do Passa Quatro,5220264,SUL GOIANO,522026,Centro-Oeste,GO,"-17.0590000\,-48.6630000",52,GO-São Miguel do Passa Quatro,Goiás
Heitoraí,5209606,CENTRO GOIANO,520960,Centro-Oeste,GO,"-15.7190000\,-49.8290000",52,GO-Heitoraí,Goiás
Macieira,4210050,OESTE CATARINENSE,421005,Sul,SC,"-26.8560000\,-51.3780000",42,SC-Macieira,Santa Catarina
Paraty,3303807,SUL FLUMINENSE,330380,Sudeste,RJ,"-23.2180000\,-44.7130000",33,RJ-Paraty,Rio de Janeiro
Matos Costa,4210704,OESTE CATARINENSE,421070,Sul,SC,"-26.4730000\,-51.1480000",42,SC-Matos Costa,Santa Catarina
Coluna,3116803,VALE DO RIO DOCE,311680,Sudeste,MG,"-18.2340000\,-42.8400000",31,MG-Coluna,Minas Gerais
Belo Oriente,3106309,VALE DO RIO DOCE,310630,Sudeste,MG,"-19.2200000\,-42.4840000",31,MG-Belo Oriente,Minas Gerais
Cuparaque,3120839,VALE DO RIO DOCE,312083,Sudeste,MG,"-18.9690000\,-41.0990000",31,MG-Cuparaque,Minas Gerais
Santa Cecília,2513158,AGRESTE PARAIBANO,251315,Nordeste,PB,"-7.7390000\,-35.8790000",25,PB-Santa Cecília,Paraíba
São Sebastião do Rio Preto,3164803,METROPOLITANA DE BELO HORIZONTE,316480,Sudeste,MG,"-19.2920000\,-43.1740000",31,MG-São Sebastião do Rio Preto,Minas Gerais
Ipeúna,3521101,PIRACICABA,352110,Sudeste,SP,"-22.4360000\,-47.7190000",35,SP-Ipeúna,São Paulo
Américo Brasiliense,3501707,ARARAQUARA,350170,Sudeste,SP,"-21.7240000\,-48.1020000",35,SP-Américo Brasiliense,São Paulo
Felício dos Santos,3125408,JEQUITINHONHA,312540,Sudeste,MG,"-18.0770000\,-43.2470000",31,MG-Felício dos Santos,Minas Gerais
Amaralina,5200829,NORTE GOIANO,520082,Centro-Oeste,GO,"-13.9260000\,-49.2970000",52,GO-Amaralina,Goiás
Barão de Cotegipe,4301701,NOROESTE RIO-GRANDENSE,430170,Sul,RS,"-27.6210000\,-52.3800000",43,RS-Barão de Cotegipe,Rio Grande do Sul
Montauri,4312351,NORDESTE RIO-GRANDENSE,431235,Sul,RS,"-28.6520000\,-52.0700000",43,RS-Montauri,Rio Grande do Sul
Bertolínia,2201705,SUDOESTE PIAUIENSE,220170,Nordeste,PI,"-7.6410000\,-43.9510000",22,PI-Bertolínia,Piauí
Chalé,3116001,ZONA DA MATA,311600,Sudeste,MG,"-20.0440000\,-41.6880000",31,MG-Chalé,Minas Gerais
Sales Oliveira,3544905,RIBEIRAO PRETO,354490,Sudeste,SP,"-20.7720000\,-47.8380000",35,SP-Sales Oliveira,São Paulo
Cachoeira Alta,5204102,SUL GOIANO,520410,Centro-Oeste,GO,"-18.7630000\,-50.9420000",52,GO-Cachoeira Alta,Goiás
Girau do Ponciano,2702900,AGRESTE ALAGOANO,270290,Nordeste,AL,"-9.8840000\,-36.8290000",27,AL-Girau do Ponciano,Alagoas
Ribeirão do Largo,2926657,CENTRO SUL BAIANO,292665,Nordeste,BA,"-15.4590000\,-40.7390000",29,BA-Ribeirão do Largo,Bahia
Avelino Lopes,2201101,SUDOESTE PIAUIENSE,220110,Nordeste,PI,"-10.1370000\,-43.9490000",22,PI-Avelino Lopes,Piauí
São Pedro do Paraná,4125902,NOROESTE PARANAENSE,412590,Sul,PR,"-22.8240000\,-53.2200000",41,PR-São Pedro do Paraná,Paraná
São João del Rei,3162500,CAMPO DAS VERTENTES,316250,Sudeste,MG,"-21.1360000\,-44.2620000",31,MG-São João del Rei,Minas Gerais
Monte Mor,3531803,CAMPINAS,353180,Sudeste,SP,"-22.9470000\,-47.3160000",35,SP-Monte Mor,São Paulo
Aquidabã,2800209,AGRESTE SERGIPANO,280020,Nordeste,SE,"-10.2810000\,-37.0190000",28,SE-Aquidabã,Sergipe
Itabirinha,3131802,VALE DO RIO DOCE,313180,Sudeste,MG,"-18.5660000\,-41.2330000",31,MG-Itabirinha,Minas Gerais
Alcantil,2500536,BORBOREMA,250053,Nordeste,PB,"-7.7440000\,-36.0560000",25,PB-Alcantil,Paraíba
Nova Ibiá,2922755,SUL BAIANO,292275,Nordeste,BA,"-13.8100000\,-39.6260000",29,BA-Nova Ibiá,Bahia
Nova Olinda,2309201,SUL CEARENSE,230920,Nordeste,CE,"-7.0920000\,-39.6810000",23,CE-Nova Olinda,Ceará
Harmonia,4309555,METROPOLITANA DE PORTO ALEGRE,430955,Sul,RS,"-29.5480000\,-51.4260000",43,RS-Harmonia,Rio Grande do Sul
Bueno Brandão,3109105,SUL/SUDOESTE DE MINAS,310910,Sudeste,MG,"-22.4410000\,-46.3510000",31,MG-Bueno Brandão,Minas Gerais
Cristópolis,2909703,EXTREMO OESTE BAIANO,290970,Nordeste,BA,"-12.2340000\,-44.4210000",29,BA-Cristópolis,Bahia
Ressaquinha,3154408,CAMPO DAS VERTENTES,315440,Sudeste,MG,"-21.0630000\,-43.7630000",31,MG-Ressaquinha,Minas Gerais
Itapuí,3522901,BAURU,352290,Sudeste,SP,"-22.2330000\,-48.7190000",35,SP-Itapuí,São Paulo
Beneditinos,2201606,CENTRO-NORTE PIAUIENSE,220160,Nordeste,PI,"-5.4550000\,-42.3600000",22,PI-Beneditinos,Piauí
Oeiras do Pará,1505205,NORDESTE PARAENSE,150520,Norte,PA,"-2.0030000\,-49.8540000",15,PA-Oeiras do Pará,Pará
Irani,4207809,OESTE CATARINENSE,420780,Sul,SC,"-27.0250000\,-51.9020000",42,SC-Irani,Santa Catarina
Itarumã,5211305,SUL GOIANO,521130,Centro-Oeste,GO,"-18.7690000\,-51.3480000",52,GO-Itarumã,Goiás
Rondonópolis,5107602,SUDESTE MATO-GROSSENSE,510760,Centro-Oeste,MT,"-16.4710000\,-54.6360000",51,MT-Rondonópolis,Mato Grosso
Turvânia,5221502,CENTRO GOIANO,522150,Centro-Oeste,GO,"-16.6140000\,-50.1340000",52,GO-Turvânia,Goiás
Palmeira das Missões,4313706,NOROESTE RIO-GRANDENSE,431370,Sul,RS,"-27.8990000\,-53.3140000",43,RS-Palmeira das Missões,Rio Grande do Sul
Santo Antônio de Goiás,5219738,CENTRO GOIANO,521973,Centro-Oeste,GO,"-16.4840000\,-49.3110000",52,GO-Santo Antônio de Goiás,Goiás
Vila Nova dos Martírios,2112852,OESTE MARANHENSE,211285,Nordeste,MA,"-5.1880000\,-48.1360000",21,MA-Vila Nova dos Martírios,Maranhão
Artur Nogueira,3503802,CAMPINAS,350380,Sudeste,SP,"-22.5730000\,-47.1730000",35,SP-Artur Nogueira,São Paulo
Alto Longá,2200301,CENTRO-NORTE PIAUIENSE,220030,Nordeste,PI,"-5.2510000\,-42.2100000",22,PI-Alto Longá,Piauí
Santa Maria do Cambucá,2612703,AGRESTE PERNAMBUCANO,261270,Nordeste,PE,"-7.8400000\,-35.9020000",26,PE-Santa Maria do Cambucá,Pernambuco
Guaíra,3517406,RIBEIRAO PRETO,351740,Sudeste,SP,"-20.3180000\,-48.3110000",35,SP-Guaíra,São Paulo
Três Cachoeiras,4321667,METROPOLITANA DE PORTO ALEGRE,432166,Sul,RS,"-29.4560000\,-49.9240000",43,RS-Três Cachoeiras,Rio Grande do Sul
Confins,3117876,METROPOLITANA DE BELO HORIZONTE,311787,Sudeste,MG,"-19.6330000\,-43.9830000",31,MG-Confins,Minas Gerais
Nova Erechim,4211405,OESTE CATARINENSE,421140,Sul,SC,"-26.9030000\,-52.9060000",42,SC-Nova Erechim,Santa Catarina
Barra do Corda,2101608,CENTRO MARANHENSE,210160,Nordeste,MA,"-5.5060000\,-45.2430000",21,MA-Barra do Corda,Maranhão
Cosmorama,3512902,SAO JOSE DO RIO PRETO,351290,Sudeste,SP,"-20.4780000\,-49.7780000",35,SP-Cosmorama,São Paulo
Senador Cortes,3165602,ZONA DA MATA,316560,Sudeste,MG,"-21.8010000\,-42.9460000",31,MG-Senador Cortes,Minas Gerais
Porto Lucena,4315008,NOROESTE RIO-GRANDENSE,431500,Sul,RS,"-27.8560000\,-55.0160000",43,RS-Porto Lucena,Rio Grande do Sul
Catanduva,3511102,SAO JOSE DO RIO PRETO,351110,Sudeste,SP,"-21.1380000\,-48.9730000",35,SP-Catanduva,São Paulo
Butiá,4302709,METROPOLITANA DE PORTO ALEGRE,430270,Sul,RS,"-30.1200000\,-51.9620000",43,RS-Butiá,Rio Grande do Sul
Canas,3509957,VALE DO PARAIBA PAULISTA,350995,Sudeste,SP,"-22.7040000\,-45.0550000",35,SP-Canas,São Paulo
Comendador Levy Gasparian,3300951,CENTRO FLUMINENSE,330095,Sudeste,RJ,"-22.0290000\,-43.2050000",33,RJ-Comendador Levy Gasparian,Rio de Janeiro
Joca Claudino,2513653,SERTAO PARAIBANO,251365,Nordeste,PB,"-6.4900000\,-38.4760000",25,PB-Joca Claudino,Paraíba
Ipojuca,2607208,METROPOLITANA DE RECIFE,260720,Nordeste,PE,"-8.3990000\,-35.0640000",26,PE-Ipojuca,Pernambuco
Varjão de Minas,3170750,NOROESTE DE MINAS,317075,Sudeste,MG,"-18.3780000\,-46.0320000",31,MG-Varjão de Minas,Minas Gerais
Espírito Santo do Dourado,3124401,SUL/SUDOESTE DE MINAS,312440,Sudeste,MG,"-22.0460000\,-45.9510000",31,MG-Espírito Santo do Dourado,Minas Gerais
Maurilândia do Tocantins,1712801,OCIDENTAL DO TOCANTINS,171280,Norte,TO,"-5.9530000\,-47.5060000",17,TO-Maurilândia do Tocantins,Tocantins
Chã Preta,2701902,LESTE ALAGOANO,270190,Nordeste,AL,"-9.2550000\,-36.2960000",27,AL-Chã Preta,Alagoas
Mata de São João,2921005,METROPOLITANA DE SALVADOR,292100,Nordeste,BA,"-12.5300000\,-38.2990000",29,BA-Mata de São João,Bahia
Alexânia,5200308,LESTE GOIANO,520030,Centro-Oeste,GO,"-16.0820000\,-48.5070000",52,GO-Alexânia,Goiás
Junco do Maranhão,2105658,OESTE MARANHENSE,210565,Nordeste,MA,"-1.8440000\,-46.0920000",21,MA-Junco do Maranhão,Maranhão
Aveiro,1501006,SUDOESTE PARAENSE,150100,Norte,PA,"-3.6060000\,-55.3320000",15,PA-Aveiro,Pará
Coronel Vivida,4106506,SUDOESTE PARANAENSE,410650,Sul,PR,"-25.9800000\,-52.5680000",41,PR-Coronel Vivida,Paraná
Mirabela,3142007,NORTE DE MINAS,314200,Sudeste,MG,"-16.2630000\,-44.1640000",31,MG-Mirabela,Minas Gerais
Saltinho,4215356,OESTE CATARINENSE,421535,Sul,SC,"-26.6090000\,-53.0560000",42,SC-Saltinho,Santa Catarina
Tabocas do Brejo Velho,2930907,EXTREMO OESTE BAIANO,293090,Nordeste,BA,"-12.7060000\,-44.0070000",29,BA-Tabocas do Brejo Velho,Bahia
Cruz Machado,4106803,SUDESTE PARANAENSE,410680,Sul,PR,"-26.0170000\,-51.3470000",41,PR-Cruz Machado,Paraná
Ibipitanga,2912509,CENTRO SUL BAIANO,291250,Nordeste,BA,"-12.8820000\,-42.4860000",29,BA-Ibipitanga,Bahia
Aracitaba,3103306,ZONA DA MATA,310330,Sudeste,MG,"-21.3430000\,-43.3780000",31,MG-Aracitaba,Minas Gerais
Serrinha dos Pintos,2413557,OESTE POTIGUAR,241355,Nordeste,RN,"-6.1100000\,-37.9560000",24,RN-Serrinha dos Pintos,Rio Grande do Norte
Nova Xavantina,5106257,NORDESTE MATO-GROSSENSE,510625,Centro-Oeste,MT,"-14.6730000\,-52.3530000",51,MT-Nova Xavantina,Mato Grosso
Morrinhos,5213806,SUL GOIANO,521380,Centro-Oeste,GO,"-17.7320000\,-49.1010000",52,GO-Morrinhos,Goiás
Santa Maria do Salto,3158102,JEQUITINHONHA,315810,Sudeste,MG,"-16.2490000\,-40.1490000",31,MG-Santa Maria do Salto,Minas Gerais
Jaboticatubas,3134608,METROPOLITANA DE BELO HORIZONTE,313460,Sudeste,MG,"-19.5140000\,-43.7450000",31,MG-Jaboticatubas,Minas Gerais
Maripá,4115358,OESTE PARANAENSE,411535,Sul,PR,"-24.4180000\,-53.8300000",41,PR-Maripá,Paraná
Água Azul do Norte,1500347,SUDESTE PARAENSE,150034,Norte,PA,"-6.7910000\,-50.4670000",15,PA-Água Azul do Norte,Pará
Coruripe,2702306,LESTE ALAGOANO,270230,Nordeste,AL,"-10.1260000\,-36.1760000",27,AL-Coruripe,Alagoas
Engenheiro Navarro,3123809,NORTE DE MINAS,312380,Sudeste,MG,"-17.2800000\,-43.9500000",31,MG-Engenheiro Navarro,Minas Gerais
Paraná,2408607,OESTE POTIGUAR,240860,Nordeste,RN,"-6.4860000\,-38.3130000",24,RN-Paraná,Rio Grande do Norte
Cambuquira,3110707,SUL/SUDOESTE DE MINAS,311070,Sudeste,MG,"-21.8520000\,-45.2960000",31,MG-Cambuquira,Minas Gerais
Embu-Guaçu,3515103,METROPOLITANA DE SAO PAULO,351510,Sudeste,SP,"-23.8320000\,-46.8110000",35,SP-Embu-Guaçu,São Paulo
São João,2613206,AGRESTE PERNAMBUCANO,261320,Nordeste,PE,"-8.8760000\,-36.3670000",26,PE-São João,Pernambuco
Caldeirão Grande do Piauí,2202091,SUDESTE PIAUIENSE,220209,Nordeste,PI,"-7.3320000\,-40.6370000",22,PI-Caldeirão Grande do Piauí,Piauí
Santa Rosa de Lima,4215604,SUL CATARINENSE,421560,Sul,SC,"-28.0390000\,-49.1280000",42,SC-Santa Rosa de Lima,Santa Catarina
Castro Alves,2907301,METROPOLITANA DE SALVADOR,290730,Nordeste,BA,"-12.7660000\,-39.4280000",29,BA-Castro Alves,Bahia
São Sebastião do Rio Verde,3164902,SUL/SUDOESTE DE MINAS,316490,Sudeste,MG,"-22.2180000\,-44.9760000",31,MG-São Sebastião do Rio Verde,Minas Gerais
São Sebastião da Bela Vista,3164407,SUL/SUDOESTE DE MINAS,316440,Sudeste,MG,"-22.1590000\,-45.7540000",31,MG-São Sebastião da Bela Vista,Minas Gerais
Paraguaçu,3147204,SUL/SUDOESTE DE MINAS,314720,Sudeste,MG,"-21.5470000\,-45.7380000",31,MG-Paraguaçu,Minas Gerais
Sítio do Quinto,2930766,NORDESTE BAIANO,293076,Nordeste,BA,"-10.3500000\,-38.2170000",29,BA-Sítio do Quinto,Bahia
Barro,2302008,SUL CEARENSE,230200,Nordeste,CE,"-7.1770000\,-38.7820000",23,CE-Barro,Ceará
São Pedro da Água Branca,2111532,OESTE MARANHENSE,211153,Nordeste,MA,"-5.0850000\,-48.4290000",21,MA-São Pedro da Água Branca,Maranhão
Vicente Dutra,4323101,NOROESTE RIO-GRANDENSE,432310,Sul,RS,"-27.1620000\,-53.4050000",43,RS-Vicente Dutra,Rio Grande do Sul
São Miguel do Tocantins,1720200,OCIDENTAL DO TOCANTINS,172020,Norte,TO,"-5.5550000\,-47.5750000",17,TO-São Miguel do Tocantins,Tocantins
São Félix do Piauí,2209609,CENTRO-NORTE PIAUIENSE,220960,Nordeste,PI,"-5.9330000\,-42.1140000",22,PI-São Félix do Piauí,Piauí
Senador Alexandre Costa,2111748,CENTRO MARANHENSE,211174,Nordeste,MA,"-5.2560000\,-44.0560000",21,MA-Senador Alexandre Costa,Maranhão
Urupema,4218954,SERRANA,421895,Sul,SC,"-27.9530000\,-49.8730000",42,SC-Urupema,Santa Catarina
Autazes,1300300,CENTRO AMAZONENSE,130030,Norte,AM,"-3.5800000\,-59.1310000",13,AM-Autazes,Amazonas
Ituaçu,2917201,CENTRO SUL BAIANO,291720,Nordeste,BA,"-13.8130000\,-41.2970000",29,BA-Ituaçu,Bahia
Indaial,4207502,VALE DO ITAJAI,420750,Sul,SC,"-26.8980000\,-49.2320000",42,SC-Indaial,Santa Catarina
Magé,3302502,METROPOLITANA DO RIO DE JANEIRO,330250,Sudeste,RJ,"-22.6530000\,-43.0410000",33,RJ-Magé,Rio de Janeiro
Acreúna,5200134,SUL GOIANO,520013,Centro-Oeste,GO,"-17.3960000\,-50.3770000",52,GO-Acreúna,Goiás
Porto Belo,4213500,VALE DO ITAJAI,421350,Sul,SC,"-27.1580000\,-48.5530000",42,SC-Porto Belo,Santa Catarina
Santana do Riacho,3159001,METROPOLITANA DE BELO HORIZONTE,315900,Sudeste,MG,"-19.1690000\,-43.7140000",31,MG-Santana do Riacho,Minas Gerais
Boquim,2800670,LESTE SERGIPANO,280067,Nordeste,SE,"-11.1470000\,-37.6210000",28,SE-Boquim,Sergipe
São João da Canabrava,2209856,SUDESTE PIAUIENSE,220985,Nordeste,PI,"-6.8170000\,-41.3430000",22,PI-São João da Canabrava,Piauí
Magda,3528304,SAO JOSE DO RIO PRETO,352830,Sudeste,SP,"-20.6440000\,-50.2260000",35,SP-Magda,São Paulo
Governador Mangabeira,2911600,METROPOLITANA DE SALVADOR,291160,Nordeste,BA,"-12.6020000\,-39.0430000",29,BA-Governador Mangabeira,Bahia
Marcionílio Souza,2920809,CENTRO SUL BAIANO,292080,Nordeste,BA,"-13.0030000\,-40.5310000",29,BA-Marcionílio Souza,Bahia
Timbaúba dos Batistas,2414308,CENTRAL POTIGUAR,241430,Nordeste,RN,"-6.4650000\,-37.2740000",24,RN-Timbaúba dos Batistas,Rio Grande do Norte
Videira,4219309,OESTE CATARINENSE,421930,Sul,SC,"-27.0080000\,-51.1520000",42,SC-Videira,Santa Catarina
Aripuanã,5101407,NORTE MATO-GROSSENSE,510140,Centro-Oeste,MT,"-10.1670000\,-59.4590000",51,MT-Aripuanã,Mato Grosso
Bariri,3505203,BAURU,350520,Sudeste,SP,"-22.0740000\,-48.7400000",35,SP-Bariri,São Paulo
Matelândia,4115606,OESTE PARANAENSE,411560,Sul,PR,"-25.2410000\,-53.9960000",41,PR-Matelândia,Paraná
Santa Carmem,5107248,NORTE MATO-GROSSENSE,510724,Centro-Oeste,MT,"-11.9130000\,-55.2260000",51,MT-Santa Carmem,Mato Grosso
Belém do Piauí,2201572,SUDESTE PIAUIENSE,220157,Nordeste,PI,"-7.3760000\,-40.9720000",22,PI-Belém do Piauí,Piauí
Verê,4128609,SUDOESTE PARANAENSE,412860,Sul,PR,"-25.8810000\,-52.9080000",41,PR-Verê,Paraná
Messias,2705200,LESTE ALAGOANO,270520,Nordeste,AL,"-9.3830000\,-35.8420000",27,AL-Messias,Alagoas
Itaituba,1503606,SUDOESTE PARAENSE,150360,Norte,PA,"-4.2760000\,-55.9840000",15,PA-Itaituba,Pará
São José das Palmeiras,4125456,OESTE PARANAENSE,412545,Sul,PR,"-24.8380000\,-54.0640000",41,PR-São José das Palmeiras,Paraná
Inajá,2607000,SERTAO PERNAMBUCANO,260700,Nordeste,PE,"-8.9030000\,-37.8270000",26,PE-Inajá,Pernambuco
Taquaritinga,3553708,RIBEIRAO PRETO,355370,Sudeste,SP,"-21.4060000\,-48.5050000",35,SP-Taquaritinga,São Paulo
Maracanaú,2307650,METROPOLITANA DE FORTALEZA,230765,Nordeste,CE,"-3.8770000\,-38.6260000",23,CE-Maracanaú,Ceará
Taió,4217808,VALE DO ITAJAI,421780,Sul,SC,"-27.1160000\,-49.9980000",42,SC-Taió,Santa Catarina
Ibirataia,2912905,SUL BAIANO,291290,Nordeste,BA,"-14.0670000\,-39.6410000",29,BA-Ibirataia,Bahia
Caxambu do Sul,4204103,OESTE CATARINENSE,420410,Sul,SC,"-27.1610000\,-52.8790000",42,SC-Caxambu do Sul,Santa Catarina
Lambari D'Oeste,5105234,SUDOESTE MATO-GROSSENSE,510523,Centro-Oeste,MT,"-15.3230000\,-58.0040000",51,MT-Lambari D'Oeste,Mato Grosso
Nova Laranjeiras,4117057,CENTRO-SUL PARANAENSE,411705,Sul,PR,"-25.3070000\,-52.5410000",41,PR-Nova Laranjeiras,Paraná
Floresta do Piauí,2203859,SUDESTE PIAUIENSE,220385,Nordeste,PI,"-7.4690000\,-41.7940000",22,PI-Floresta do Piauí,Piauí
Aruanã,5202502,NOROESTE GOIANO,520250,Centro-Oeste,GO,"-14.9200000\,-51.0830000",52,GO-Aruanã,Goiás
Marmelópolis,3140407,SUL/SUDOESTE DE MINAS,314040,Sudeste,MG,"-22.4490000\,-45.1650000",31,MG-Marmelópolis,Minas Gerais
Afonso Cláudio,3200102,CENTRAL ESPIRITO-SANTENSE,320010,Sudeste,ES,"-20.0740000\,-41.1240000",32,ES-Afonso Cláudio,Espírito Santo
São Mateus,3204906,LITORAL NORTE ESPIRITO-SANTENSE,320490,Sudeste,ES,"-18.7160000\,-39.8590000",32,ES-São Mateus,Espírito Santo
Marques de Souza,4312054,CENTRO ORIENTAL RIO-GRANDENSE,431205,Sul,RS,"-29.3280000\,-52.0930000",43,RS-Marques de Souza,Rio Grande do Sul
Aratuípe,2902302,METROPOLITANA DE SALVADOR,290230,Nordeste,BA,"-13.0790000\,-39.0020000",29,BA-Aratuípe,Bahia
Inhangapi,1503408,METROPOLITANA DE BELEM,150340,Norte,PA,"-1.4300000\,-47.9170000",15,PA-Inhangapi,Pará
Aramari,2902203,NORDESTE BAIANO,290220,Nordeste,BA,"-12.0820000\,-38.4990000",29,BA-Aramari,Bahia
Telha,2807303,LESTE SERGIPANO,280730,Nordeste,SE,"-10.2080000\,-36.8840000",28,SE-Telha,Sergipe
Potengi,2311207,SUL CEARENSE,231120,Nordeste,CE,"-7.0910000\,-40.0270000",23,CE-Potengi,Ceará
Vila Flor,2415008,LESTE POTIGUAR,241500,Nordeste,RN,"-6.3140000\,-35.0770000",24,RN-Vila Flor,Rio Grande do Norte
Cravolândia,2909505,CENTRO SUL BAIANO,290950,Nordeste,BA,"-13.3590000\,-39.8150000",29,BA-Cravolândia,Bahia
São Jorge do Patrocínio,4125357,NOROESTE PARANAENSE,412535,Sul,PR,"-23.7410000\,-53.9270000",41,PR-São Jorge do Patrocínio,Paraná
Pinheiral,3303955,SUL FLUMINENSE,330395,Sudeste,RJ,"-22.5130000\,-44.0010000",33,RJ-Pinheiral,Rio de Janeiro
Glicério,3517109,ARACATUBA,351710,Sudeste,SP,"-21.3840000\,-50.2110000",35,SP-Glicério,São Paulo
Fortim,2304459,JAGUARIBE,230445,Nordeste,CE,"-4.4520000\,-37.7970000",23,CE-Fortim,Ceará
Balneário Piçarras,4212809,VALE DO ITAJAI,421280,Sul,SC,"-26.7640000\,-48.6720000",42,SC-Balneário Piçarras,Santa Catarina
Campo Alegre,4203303,NORTE CATARINENSE,420330,Sul,SC,"-26.1930000\,-49.2660000",42,SC-Campo Alegre,Santa Catarina
Mogi Guaçu,3530706,CAMPINAS,353070,Sudeste,SP,"-22.3720000\,-46.9420000",35,SP-Mogi Guaçu,São Paulo
Arvoredo,4201653,OESTE CATARINENSE,420165,Sul,SC,"-27.0740000\,-52.4560000",42,SC-Arvoredo,Santa Catarina
Monteiro,2509701,BORBOREMA,250970,Nordeste,PB,"-7.8890000\,-37.1200000",25,PB-Monteiro,Paraíba
Iracemápolis,3521408,PIRACICABA,352140,Sudeste,SP,"-22.5810000\,-47.5190000",35,SP-Iracemápolis,São Paulo
Cajamar,3509205,METROPOLITANA DE SAO PAULO,350920,Sudeste,SP,"-23.3560000\,-46.8770000",35,SP-Cajamar,São Paulo
Joaquim Távora,4112801,NORTE PIONEIRO PARANAENSE,411280,Sul,PR,"-23.4990000\,-49.9050000",41,PR-Joaquim Távora,Paraná
Santa Filomena do Maranhão,2109759,CENTRO MARANHENSE,210975,Nordeste,MA,"-5.5010000\,-44.5610000",21,MA-Santa Filomena do Maranhão,Maranhão
Aral Moreira,5001243,SUDOESTE DE MATO GROSSO DO SUL,500124,Centro-Oeste,MS,"-22.9340000\,-55.6350000",50,MS-Aral Moreira,Mato Grosso do Sul
Costa Rica,5003256,LESTE DE MATO GROSSO DO SUL,500325,Centro-Oeste,MS,"-18.5440000\,-53.1290000",50,MS-Costa Rica,Mato Grosso do Sul
Wanderlândia,1722081,OCIDENTAL DO TOCANTINS,172208,Norte,TO,"-6.8490000\,-47.9630000",17,TO-Wanderlândia,Tocantins
Inajá,4110300,NOROESTE PARANAENSE,411030,Sul,PR,"-22.7490000\,-52.1980000",41,PR-Inajá,Paraná
Motuca,3532058,ARARAQUARA,353205,Sudeste,SP,"-21.5080000\,-48.1510000",35,SP-Motuca,São Paulo
Macau,2407203,CENTRAL POTIGUAR,240720,Nordeste,RN,"-5.1150000\,-36.6340000",24,RN-Macau,Rio Grande do Norte
Rancharia,3542206,PRESIDENTE PRUDENTE,354220,Sudeste,SP,"-22.2290000\,-50.8930000",35,SP-Rancharia,São Paulo
Palotina,4117909,OESTE PARANAENSE,411790,Sul,PR,"-24.2840000\,-53.8400000",41,PR-Palotina,Paraná
Itabaianinha,2803005,LESTE SERGIPANO,280300,Nordeste,SE,"-11.2740000\,-37.7900000",28,SE-Itabaianinha,Sergipe
Milton Brandão,2206357,CENTRO-NORTE PIAUIENSE,220635,Nordeste,PI,"-4.6840000\,-41.4220000",22,PI-Milton Brandão,Piauí
Boa Ventura,2502102,SERTAO PARAIBANO,250210,Nordeste,PB,"-7.4140000\,-38.2160000",25,PB-Boa Ventura,Paraíba
Mâncio Lima,1200336,VALE DO JURUA,120033,Norte,AC,"-7.6140000\,-72.8960000",12,AC-Mâncio Lima,Acre
Botucatu,3507506,BAURU,350750,Sudeste,SP,"-22.8860000\,-48.4450000",35,SP-Botucatu,São Paulo
Campos Belos,5204904,NORTE GOIANO,520490,Centro-Oeste,GO,"-13.0370000\,-46.7720000",52,GO-Campos Belos,Goiás
Paulínia,3536505,CAMPINAS,353650,Sudeste,SP,"-22.7610000\,-47.1540000",35,SP-Paulínia,São Paulo
Junco do Seridó,2507804,BORBOREMA,250780,Nordeste,PB,"-6.9970000\,-36.7130000",25,PB-Junco do Seridó,Paraíba
Imbé de Minas,3130556,VALE DO RIO DOCE,313055,Sudeste,MG,"-19.5970000\,-41.9710000",31,MG-Imbé de Minas,Minas Gerais
Sales,3544806,SAO JOSE DO RIO PRETO,354480,Sudeste,SP,"-21.3410000\,-49.4850000",35,SP-Sales,São Paulo
Padre Paraíso,3146305,JEQUITINHONHA,314630,Sudeste,MG,"-17.0720000\,-41.5240000",31,MG-Padre Paraíso,Minas Gerais
Ocauçu,3533700,MARILIA,353370,Sudeste,SP,"-22.4390000\,-49.9230000",35,SP-Ocauçu,São Paulo
Aracruz,3200607,LITORAL NORTE ESPIRITO-SANTENSE,320060,Sudeste,ES,"-19.8200000\,-40.2730000",32,ES-Aracruz,Espírito Santo
Guamiranga,4108957,SUDESTE PARANAENSE,410895,Sul,PR,"-25.1910000\,-50.8050000",41,PR-Guamiranga,Paraná
Nova Aurora,5214804,SUL GOIANO,521480,Centro-Oeste,GO,"-18.0590000\,-48.2550000",52,GO-Nova Aurora,Goiás
Natalândia,3144375,NOROESTE DE MINAS,314437,Sudeste,MG,"-16.5040000\,-46.4930000",31,MG-Natalândia,Minas Gerais
Bom Jesus do Norte,3201100,SUL ESPIRITO-SANTENSE,320110,Sudeste,ES,"-21.1140000\,-41.6720000",32,ES-Bom Jesus do Norte,Espírito Santo
Itapiúna,2306504,NORTE CEARENSE,230650,Nordeste,CE,"-4.5640000\,-38.9220000",23,CE-Itapiúna,Ceará
Joaíma,3136009,JEQUITINHONHA,313600,Sudeste,MG,"-16.6540000\,-41.0310000",31,MG-Joaíma,Minas Gerais
São José das Missões,4318457,NOROESTE RIO-GRANDENSE,431845,Sul,RS,"-27.7800000\,-53.1220000",43,RS-São José das Missões,Rio Grande do Sul
Rubim,3156601,JEQUITINHONHA,315660,Sudeste,MG,"-16.3750000\,-40.5380000",31,MG-Rubim,Minas Gerais
Andaraí,2901304,CENTRO SUL BAIANO,290130,Nordeste,BA,"-12.8070000\,-41.3310000",29,BA-Andaraí,Bahia
Ibimirim,2606606,SERTAO PERNAMBUCANO,260660,Nordeste,PE,"-8.5410000\,-37.6900000",26,PE-Ibimirim,Pernambuco
São Pedro dos Crentes,2111573,SUL MARANHENSE,211157,Nordeste,MA,"-6.8260000\,-46.5320000",21,MA-São Pedro dos Crentes,Maranhão
Tanguá,3305752,METROPOLITANA DO RIO DE JANEIRO,330575,Sudeste,RJ,"-22.7300000\,-42.7140000",33,RJ-Tanguá,Rio de Janeiro
Doutor Severiano,2403202,OESTE POTIGUAR,240320,Nordeste,RN,"-6.0940000\,-38.3750000",24,RN-Doutor Severiano,Rio Grande do Norte
Enéas Marques,4107405,SUDOESTE PARANAENSE,410740,Sul,PR,"-25.9420000\,-53.1640000",41,PR-Enéas Marques,Paraná
Campo Alegre,2701407,LESTE ALAGOANO,270140,Nordeste,AL,"-9.7820000\,-36.3510000",27,AL-Campo Alegre,Alagoas
Abaré,2900207,VALE SAO-FRANCISCANO DA BAHIA,290020,Nordeste,BA,"-8.7210000\,-39.1150000",29,BA-Abaré,Bahia
Hidrolina,5209804,CENTRO GOIANO,520980,Centro-Oeste,GO,"-14.7240000\,-49.4650000",52,GO-Hidrolina,Goiás
Igarapé Grande,2105203,CENTRO MARANHENSE,210520,Nordeste,MA,"-4.5850000\,-44.8530000",21,MA-Igarapé Grande,Maranhão
Curral de Cima,2505279,MATA PARAIBANA,250527,Nordeste,PB,"-6.7170000\,-35.2690000",25,PB-Curral de Cima,Paraíba
Luz,3138807,CENTRAL MINEIRA,313880,Sudeste,MG,"-19.8010000\,-45.6860000",31,MG-Luz,Minas Gerais
Cana Verde,3111903,OESTE DE MINAS,311190,Sudeste,MG,"-21.0210000\,-45.1820000",31,MG-Cana Verde,Minas Gerais
Santa Fé de Goiás,5219258,NOROESTE GOIANO,521925,Centro-Oeste,GO,"-15.7690000\,-51.1060000",52,GO-Santa Fé de Goiás,Goiás
Juruti,1503903,BAIXO AMAZONAS,150390,Norte,PA,"-2.1520000\,-56.0920000",15,PA-Juruti,Pará
Pirangi,3539004,RIBEIRAO PRETO,353900,Sudeste,SP,"-21.0910000\,-48.6580000",35,SP-Pirangi,São Paulo
Pescador,3150000,VALE DO RIO DOCE,315000,Sudeste,MG,"-18.3570000\,-41.5980000",31,MG-Pescador,Minas Gerais
Mansidão,2920452,EXTREMO OESTE BAIANO,292045,Nordeste,BA,"-10.7160000\,-44.0340000",29,BA-Mansidão,Bahia
Mariano Moro,4312005,NOROESTE RIO-GRANDENSE,431200,Sul,RS,"-27.3540000\,-52.1470000",43,RS-Mariano Moro,Rio Grande do Sul
Teolândia,2931608,SUL BAIANO,293160,Nordeste,BA,"-13.6020000\,-39.4910000",29,BA-Teolândia,Bahia
Oliveira dos Brejinhos,2923209,CENTRO SUL BAIANO,292320,Nordeste,BA,"-12.3170000\,-42.8960000",29,BA-Oliveira dos Brejinhos,Bahia
Ibirá,3519402,SAO JOSE DO RIO PRETO,351940,Sudeste,SP,"-21.0800000\,-49.2410000",35,SP-Ibirá,São Paulo
Divino de São Lourenço,3201803,SUL ESPIRITO-SANTENSE,320180,Sudeste,ES,"-20.6200000\,-41.6860000",32,ES-Divino de São Lourenço,Espírito Santo
Bocaina,3506805,BAURU,350680,Sudeste,SP,"-22.1360000\,-48.5180000",35,SP-Bocaina,São Paulo
Arauá,2800407,LESTE SERGIPANO,280040,Nordeste,SE,"-11.2620000\,-37.6200000",28,SE-Arauá,Sergipe
Limoeiro de Anadia,2704203,AGRESTE ALAGOANO,270420,Nordeste,AL,"-9.7410000\,-36.5030000",27,AL-Limoeiro de Anadia,Alagoas
Ribeirão Claro,4121802,NORTE PIONEIRO PARANAENSE,412180,Sul,PR,"-23.1940000\,-49.7580000",41,PR-Ribeirão Claro,Paraná
Camboriú,4203204,VALE DO ITAJAI,420320,Sul,SC,"-27.0250000\,-48.6540000",42,SC-Camboriú,Santa Catarina
Perobal,4118857,NOROESTE PARANAENSE,411885,Sul,PR,"-23.8960000\,-53.4100000",41,PR-Perobal,Paraná
Pau D'Arco do Piauí,2207793,CENTRO-NORTE PIAUIENSE,220779,Nordeste,PI,"-5.2610000\,-42.3940000",22,PI-Pau D'Arco do Piauí,Piauí
Assaré,2301604,SUL CEARENSE,230160,Nordeste,CE,"-6.8740000\,-39.8750000",23,CE-Assaré,Ceará
São José da Varginha,3163102,METROPOLITANA DE BELO HORIZONTE,316310,Sudeste,MG,"-19.7100000\,-44.5570000",31,MG-São José da Varginha,Minas Gerais
Afonso Cunha,2100105,LESTE MARANHENSE,210010,Nordeste,MA,"-4.1330000\,-43.3240000",21,MA-Afonso Cunha,Maranhão
Pedras Grandes,4212403,SUL CATARINENSE,421240,Sul,SC,"-28.4360000\,-49.1850000",42,SC-Pedras Grandes,Santa Catarina
Lagoa da Confusão,1711902,OCIDENTAL DO TOCANTINS,171190,Norte,TO,"-10.7940000\,-49.6240000",17,TO-Lagoa da Confusão,Tocantins
Sananduva,4316600,NOROESTE RIO-GRANDENSE,431660,Sul,RS,"-27.9500000\,-51.8070000",43,RS-Sananduva,Rio Grande do Sul
Luís Domingues,2106201,OESTE MARANHENSE,210620,Nordeste,MA,"-1.2680000\,-45.8730000",21,MA-Luís Domingues,Maranhão
Encruzilhada,2910404,CENTRO SUL BAIANO,291040,Nordeste,BA,"-15.5310000\,-40.9090000",29,BA-Encruzilhada,Bahia
Nova Brasilândia,5106208,NORTE MATO-GROSSENSE,510620,Centro-Oeste,MT,"-14.9570000\,-54.9660000",51,MT-Nova Brasilândia,Mato Grosso
Pitangueiras,4119657,NORTE CENTRAL PARANAENSE,411965,Sul,PR,"-23.2310000\,-51.5860000",41,PR-Pitangueiras,Paraná
Nova Andradina,5006200,LESTE DE MATO GROSSO DO SUL,500620,Centro-Oeste,MS,"-22.2330000\,-53.3430000",50,MS-Nova Andradina,Mato Grosso do Sul
Quartel Geral,3153707,CENTRAL MINEIRA,315370,Sudeste,MG,"-19.2740000\,-45.5570000",31,MG-Quartel Geral,Minas Gerais
Maxaranguape,2407500,LESTE POTIGUAR,240750,Nordeste,RN,"-5.5160000\,-35.2620000",24,RN-Maxaranguape,Rio Grande do Norte
Curimatá,2203206,SUDOESTE PIAUIENSE,220320,Nordeste,PI,"-10.0360000\,-44.3060000",22,PI-Curimatá,Piauí
Almas,1700400,ORIENTAL DO TOCANTINS,170040,Norte,TO,"-11.5740000\,-47.1700000",17,TO-Almas,Tocantins
Miracema,3303005,NOROESTE FLUMINENSE,330300,Sudeste,RJ,"-21.4120000\,-42.1970000",33,RJ-Miracema,Rio de Janeiro
Anitápolis,4201109,GRANDE FLORIANOPOLIS,420110,Sul,SC,"-27.9020000\,-49.1290000",42,SC-Anitápolis,Santa Catarina
Ituverava,3524105,RIBEIRAO PRETO,352410,Sudeste,SP,"-20.3390000\,-47.7810000",35,SP-Ituverava,São Paulo
Saudade do Iguaçu,4126272,SUDOESTE PARANAENSE,412627,Sul,PR,"-25.6940000\,-52.6190000",41,PR-Saudade do Iguaçu,Paraná
São Pedro do Butiá,4319372,NOROESTE RIO-GRANDENSE,431937,Sul,RS,"-28.1240000\,-54.8870000",43,RS-São Pedro do Butiá,Rio Grande do Sul
Abadiânia,5200100,LESTE GOIANO,520010,Centro-Oeste,GO,"-16.2040000\,-48.7070000",52,GO-Abadiânia,Goiás
Nossa Senhora de Lourdes,2804706,LESTE SERGIPANO,280470,Nordeste,SE,"-10.0790000\,-37.0580000",28,SE-Nossa Senhora de Lourdes,Sergipe
Ilha das Flores,2802700,LESTE SERGIPANO,280270,Nordeste,SE,"-10.4360000\,-36.5400000",28,SE-Ilha das Flores,Sergipe
Cachoeiro de Itapemirim,3201209,SUL ESPIRITO-SANTENSE,320120,Sudeste,ES,"-20.8490000\,-41.1130000",32,ES-Cachoeiro de Itapemirim,Espírito Santo
Palestina de Goiás,5215652,SUL GOIANO,521565,Centro-Oeste,GO,"-16.7330000\,-51.5330000",52,GO-Palestina de Goiás,Goiás
Sinimbu,4320677,CENTRO ORIENTAL RIO-GRANDENSE,432067,Sul,RS,"-29.5390000\,-52.5220000",43,RS-Sinimbu,Rio Grande do Sul
Senador José Porfírio,1507805,SUDOESTE PARAENSE,150780,Norte,PA,"-2.5910000\,-51.9540000",15,PA-Senador José Porfírio,Pará
Selbach,4320305,NOROESTE RIO-GRANDENSE,432030,Sul,RS,"-28.6290000\,-52.9530000",43,RS-Selbach,Rio Grande do Sul
Itaitinga,2306256,METROPOLITANA DE FORTALEZA,230625,Nordeste,CE,"-3.9690000\,-38.5280000",23,CE-Itaitinga,Ceará
Ruy Barbosa,2411106,AGRESTE POTIGUAR,241110,Nordeste,RN,"-5.8810000\,-35.9350000",24,RN-Ruy Barbosa,Rio Grande do Norte
Irapuã,3521507,SAO JOSE DO RIO PRETO,352150,Sudeste,SP,"-21.2790000\,-49.4090000",35,SP-Irapuã,São Paulo
Itaocara,3302106,NOROESTE FLUMINENSE,330210,Sudeste,RJ,"-21.6790000\,-42.0820000",33,RJ-Itaocara,Rio de Janeiro
Porto de Pedras,2707404,LESTE ALAGOANO,270740,Nordeste,AL,"-9.1580000\,-35.2950000",27,AL-Porto de Pedras,Alagoas
Conceição de Macabu,3301405,NORTE FLUMINENSE,330140,Sudeste,RJ,"-22.0850000\,-41.8680000",33,RJ-Conceição de Macabu,Rio de Janeiro
Querência do Norte,4121000,NOROESTE PARANAENSE,412100,Sul,PR,"-23.0840000\,-53.4840000",41,PR-Querência do Norte,Paraná
Nova Bassano,4312906,NORDESTE RIO-GRANDENSE,431290,Sul,RS,"-28.7240000\,-51.7050000",43,RS-Nova Bassano,Rio Grande do Sul
São Domingos das Dores,3160959,VALE DO RIO DOCE,316095,Sudeste,MG,"-19.5270000\,-42.0110000",31,MG-São Domingos das Dores,Minas Gerais
Rorainópolis,1400472,SUL DE RORAIMA,140047,Norte,RR,"0.9460000\,-60.4180000",14,RR-Rorainópolis,Roraima
Palmas de Monte Alto,2923407,CENTRO SUL BAIANO,292340,Nordeste,BA,"-14.2670000\,-43.1620000",29,BA-Palmas de Monte Alto,Bahia
Iaçu,2911907,CENTRO NORTE BAIANO,291190,Nordeste,BA,"-12.7670000\,-40.2120000",29,BA-Iaçu,Bahia
Turvelândia,5221551,SUL GOIANO,522155,Centro-Oeste,GO,"-17.8530000\,-50.3020000",52,GO-Turvelândia,Goiás
Salmourão,3545100,PRESIDENTE PRUDENTE,354510,Sudeste,SP,"-21.6240000\,-50.8610000",35,SP-Salmourão,São Paulo
Armação dos Búzios,3300233,BAIXADAS,330023,Sudeste,RJ,"-22.7470000\,-41.8820000",33,RJ-Armação dos Búzios,Rio de Janeiro
Belo Monte,2700904,SERTAO ALAGOANO,270090,Nordeste,AL,"-9.8280000\,-37.2800000",27,AL-Belo Monte,Alagoas
Santa Luzia do Norte,2707909,LESTE ALAGOANO,270790,Nordeste,AL,"-9.6030000\,-35.8220000",27,AL-Santa Luzia do Norte,Alagoas
Lebon Régis,4209706,OESTE CATARINENSE,420970,Sul,SC,"-26.9290000\,-50.6950000",42,SC-Lebon Régis,Santa Catarina
Três Rios,3306008,CENTRO FLUMINENSE,330600,Sudeste,RJ,"-22.1170000\,-43.2090000",33,RJ-Três Rios,Rio de Janeiro
Rio Negrinho,4215000,NORTE CATARINENSE,421500,Sul,SC,"-26.2540000\,-49.5180000",42,SC-Rio Negrinho,Santa Catarina
Itaguaçu,3202702,CENTRAL ESPIRITO-SANTENSE,320270,Sudeste,ES,"-19.8020000\,-40.8560000",32,ES-Itaguaçu,Espírito Santo
Brejo dos Santos,2502904,SERTAO PARAIBANO,250290,Nordeste,PB,"-6.3770000\,-37.8250000",25,PB-Brejo dos Santos,Paraíba
Ribeirão Branco,3543006,ITAPETININGA,354300,Sudeste,SP,"-24.2210000\,-48.7660000",35,SP-Ribeirão Branco,São Paulo
Itapevi,3522505,METROPOLITANA DE SAO PAULO,352250,Sudeste,SP,"-23.5490000\,-46.9340000",35,SP-Itapevi,São Paulo
Quatro Barras,4120804,METROPOLITANA DE CURITIBA,412080,Sul,PR,"-25.3660000\,-49.0770000",41,PR-Quatro Barras,Paraná
Descalvado,3513702,ARARAQUARA,351370,Sudeste,SP,"-21.9040000\,-47.6190000",35,SP-Descalvado,São Paulo
Central,2907608,CENTRO NORTE BAIANO,290760,Nordeste,BA,"-11.1360000\,-42.1130000",29,BA-Central,Bahia
Conselheiro Pena,3118403,VALE DO RIO DOCE,311840,Sudeste,MG,"-19.1720000\,-41.4720000",31,MG-Conselheiro Pena,Minas Gerais
Ponto Belo,3204252,LITORAL NORTE ESPIRITO-SANTENSE,320425,Sudeste,ES,"-18.1240000\,-40.5410000",32,ES-Ponto Belo,Espírito Santo
Placas,1505650,BAIXO AMAZONAS,150565,Norte,PA,"-3.8680000\,-54.2200000",15,PA-Placas,Pará
General Sampaio,2304608,NORTE CEARENSE,230460,Nordeste,CE,"-4.0530000\,-39.4540000",23,CE-General Sampaio,Ceará
Dom Joaquim,3122603,METROPOLITANA DE BELO HORIZONTE,312260,Sudeste,MG,"-18.9670000\,-43.2560000",31,MG-Dom Joaquim,Minas Gerais
Piraí do Norte,2924678,SUL BAIANO,292467,Nordeste,BA,"-13.7620000\,-39.3790000",29,BA-Piraí do Norte,Bahia
Conceição do Canindé,2202802,SUDESTE PIAUIENSE,220280,Nordeste,PI,"-7.8780000\,-41.5970000",22,PI-Conceição do Canindé,Piauí
Boa Hora,2201770,NORTE PIAUIENSE,220177,Nordeste,PI,"-4.4110000\,-42.0860000",22,PI-Boa Hora,Piauí
Santa Isabel,5219357,CENTRO GOIANO,521935,Centro-Oeste,GO,"-15.2980000\,-49.4270000",52,GO-Santa Isabel,Goiás
Braço do Trombudo,4202859,VALE DO ITAJAI,420285,Sul,SC,"-27.3580000\,-49.8860000",42,SC-Braço do Trombudo,Santa Catarina
Curralinhos,2203255,CENTRO-NORTE PIAUIENSE,220325,Nordeste,PI,"-5.5830000\,-42.7780000",22,PI-Curralinhos,Piauí
São Nicolau,4319208,NOROESTE RIO-GRANDENSE,431920,Sul,RS,"-28.1830000\,-55.2670000",43,RS-São Nicolau,Rio Grande do Sul
Ivoti,4310801,METROPOLITANA DE PORTO ALEGRE,431080,Sul,RS,"-29.5910000\,-51.1610000",43,RS-Ivoti,Rio Grande do Sul
Barra do Quaraí,4301875,SUDOESTE RIO-GRANDENSE,430187,Sul,RS,"-30.2070000\,-57.5550000",43,RS-Barra do Quaraí,Rio Grande do Sul
Quilombo,4214201,OESTE CATARINENSE,421420,Sul,SC,"-26.7260000\,-52.7210000",42,SC-Quilombo,Santa Catarina
Montadas,2509503,AGRESTE PARAIBANO,250950,Nordeste,PB,"-7.0880000\,-35.9590000",25,PB-Montadas,Paraíba
Batalha,2201507,NORTE PIAUIENSE,220150,Nordeste,PI,"-4.0240000\,-42.0780000",22,PI-Batalha,Piauí
Morrinhos do Sul,4312443,METROPOLITANA DE PORTO ALEGRE,431244,Sul,RS,"-29.3650000\,-49.9350000",43,RS-Morrinhos do Sul,Rio Grande do Sul
Araçariguama,3502754,MACRO METROPOLITANA PAULISTA,350275,Sudeste,SP,"-23.4390000\,-47.0610000",35,SP-Araçariguama,São Paulo
Antônio Gonçalves,2901809,CENTRO NORTE BAIANO,290180,Nordeste,BA,"-10.5730000\,-40.2740000",29,BA-Antônio Gonçalves,Bahia
Alagoinha,2500502,AGRESTE PARAIBANO,250050,Nordeste,PB,"-6.9500000\,-35.5450000",25,PB-Alagoinha,Paraíba
Ourolândia,2923357,CENTRO NORTE BAIANO,292335,Nordeste,BA,"-10.9700000\,-41.0830000",29,BA-Ourolândia,Bahia
Catuti,3115474,NORTE DE MINAS,311547,Sudeste,MG,"-15.3580000\,-42.9630000",31,MG-Catuti,Minas Gerais
Alpercata,3101805,VALE DO RIO DOCE,310180,Sudeste,MG,"-18.9740000\,-41.9700000",31,MG-Alpercata,Minas Gerais
Governador Newton Bello,2104651,OESTE MARANHENSE,210465,Nordeste,MA,"-3.4260000\,-45.6760000",21,MA-Governador Newton Bello,Maranhão
Muqui,3203809,SUL ESPIRITO-SANTENSE,320380,Sudeste,ES,"-20.9520000\,-41.3460000",32,ES-Muqui,Espírito Santo
Urucurituba,1304401,CENTRO AMAZONENSE,130440,Norte,AM,"-3.1310000\,-58.1550000",13,AM-Urucurituba,Amazonas
Alto Boa Vista,5100359,NORDESTE MATO-GROSSENSE,510035,Centro-Oeste,MT,"-11.6740000\,-51.3880000",51,MT-Alto Boa Vista,Mato Grosso
Indaiabira,3130655,NORTE DE MINAS,313065,Sudeste,MG,"-15.4920000\,-42.1970000",31,MG-Indaiabira,Minas Gerais
Ocara,2309458,NORTE CEARENSE,230945,Nordeste,CE,"-4.4910000\,-38.5970000",23,CE-Ocara,Ceará
Ramilândia,4121257,OESTE PARANAENSE,412125,Sul,PR,"-25.1200000\,-54.0250000",41,PR-Ramilândia,Paraná
Pavussu,2207850,SUDOESTE PIAUIENSE,220785,Nordeste,PI,"-7.9660000\,-43.2230000",22,PI-Pavussu,Piauí
São João da Paraúna,5220058,SUL GOIANO,522005,Centro-Oeste,GO,"-16.8150000\,-50.4100000",52,GO-São João da Paraúna,Goiás
Santa Rosa de Lima,2806503,LESTE SERGIPANO,280650,Nordeste,SE,"-10.6460000\,-37.1940000",28,SE-Santa Rosa de Lima,Sergipe
Chácara,3115904,ZONA DA MATA,311590,Sudeste,MG,"-21.6720000\,-43.2220000",31,MG-Chácara,Minas Gerais
Nova Cantu,4116802,CENTRO OCIDENTAL PARANAENSE,411680,Sul,PR,"-24.6730000\,-52.5690000",41,PR-Nova Cantu,Paraná
Itapema,4208302,VALE DO ITAJAI,420830,Sul,SC,"-27.0900000\,-48.6110000",42,SC-Itapema,Santa Catarina
Extrema,3125101,SUL/SUDOESTE DE MINAS,312510,Sudeste,MG,"-22.8550000\,-46.3180000",31,MG-Extrema,Minas Gerais
Caracaraí,1400209,SUL DE RORAIMA,140020,Norte,RR,"1.8160000\,-61.1280000",14,RR-Caracaraí,Roraima
Nova Veneza,5215009,CENTRO GOIANO,521500,Centro-Oeste,GO,"-16.3710000\,-49.3230000",52,GO-Nova Veneza,Goiás
São Domingos do Norte,3204658,NOROESTE ESPIRITO-SANTENSE,320465,Sudeste,ES,"-19.1440000\,-40.6240000",32,ES-São Domingos do Norte,Espírito Santo
Santa Terezinha de Itaipu,4124053,OESTE PARANAENSE,412405,Sul,PR,"-25.4470000\,-54.4010000",41,PR-Santa Terezinha de Itaipu,Paraná
Guamaré,2404507,CENTRAL POTIGUAR,240450,Nordeste,RN,"-5.1080000\,-36.3200000",24,RN-Guamaré,Rio Grande do Norte
Santa Rita de Caldas,3159209,SUL/SUDOESTE DE MINAS,315920,Sudeste,MG,"-22.0290000\,-46.3370000",31,MG-Santa Rita de Caldas,Minas Gerais
Macururé,2919900,VALE SAO-FRANCISCANO DA BAHIA,291990,Nordeste,BA,"-9.1680000\,-39.0580000",29,BA-Macururé,Bahia
Brotas,3507902,PIRACICABA,350790,Sudeste,SP,"-22.2840000\,-48.1270000",35,SP-Brotas,São Paulo
Morro Cabeça no Tempo,2206654,SUDOESTE PIAUIENSE,220665,Nordeste,PI,"-9.7250000\,-43.9010000",22,PI-Morro Cabeça no Tempo,Piauí
Itajaí,4208203,VALE DO ITAJAI,420820,Sul,SC,"-26.9080000\,-48.6620000",42,SC-Itajaí,Santa Catarina
Lourdes,3527256,ARACATUBA,352725,Sudeste,SP,"-20.9670000\,-50.2240000",35,SP-Lourdes,São Paulo
Palminópolis,5215900,SUL GOIANO,521590,Centro-Oeste,GO,"-16.7960000\,-50.1650000",52,GO-Palminópolis,Goiás
Rio Branco,1200401,VALE DO ACRE,120040,Norte,AC,"-9.9750000\,-67.8100000",12,AC-Rio Branco,Acre
Mamanguape,2508901,MATA PARAIBANA,250890,Nordeste,PB,"-6.8390000\,-35.1260000",25,PB-Mamanguape,Paraíba
Araguapaz,5202155,NOROESTE GOIANO,520215,Centro-Oeste,GO,"-15.0910000\,-50.6320000",52,GO-Araguapaz,Goiás
Potiraguá,2925402,CENTRO SUL BAIANO,292540,Nordeste,BA,"-15.5950000\,-39.8770000",29,BA-Potiraguá,Bahia
Itirapina,3523602,PIRACICABA,352360,Sudeste,SP,"-22.2530000\,-47.8230000",35,SP-Itirapina,São Paulo
Chã de Alegria,2604403,MATA PERNAMBUCANA,260440,Nordeste,PE,"-8.0010000\,-35.2130000",26,PE-Chã de Alegria,Pernambuco
João Ramalho,3525607,PRESIDENTE PRUDENTE,352560,Sudeste,SP,"-22.2500000\,-50.7680000",35,SP-João Ramalho,São Paulo
Mantenópolis,3203304,NOROESTE ESPIRITO-SANTENSE,320330,Sudeste,ES,"-18.8630000\,-41.1230000",32,ES-Mantenópolis,Espírito Santo
Barrocas,2903276,NORDESTE BAIANO,290327,Nordeste,BA,"-11.5290000\,-39.0780000",29,BA-Barrocas,Bahia
Ipiranga do Sul,4310462,NOROESTE RIO-GRANDENSE,431046,Sul,RS,"-27.9370000\,-52.4260000",43,RS-Ipiranga do Sul,Rio Grande do Sul
Santo Antônio da Barra,5219712,SUL GOIANO,521971,Centro-Oeste,GO,"-17.5610000\,-50.6340000",52,GO-Santo Antônio da Barra,Goiás
Barra do Ouro,1703073,ORIENTAL DO TOCANTINS,170307,Norte,TO,"-7.6890000\,-47.6830000",17,TO-Barra do Ouro,Tocantins
Ananindeua,1500800,METROPOLITANA DE BELEM,150080,Norte,PA,"-1.3660000\,-48.3720000",15,PA-Ananindeua,Pará
Manicoré,1302702,SUL AMAZONENSE,130270,Norte,AM,"-5.8090000\,-61.3000000",13,AM-Manicoré,Amazonas
Água Branca,2200202,CENTRO-NORTE PIAUIENSE,220020,Nordeste,PI,"-5.8900000\,-42.6380000",22,PI-Água Branca,Piauí
Três Marias,3169356,CENTRAL MINEIRA,316935,Sudeste,MG,"-18.2060000\,-45.2420000",31,MG-Três Marias,Minas Gerais
Curuçá,1502905,NORDESTE PARAENSE,150290,Norte,PA,"-0.7340000\,-47.8550000",15,PA-Curuçá,Pará
Tremedal,2931806,CENTRO SUL BAIANO,293180,Nordeste,BA,"-14.9760000\,-41.4110000",29,BA-Tremedal,Bahia
Mercedes,4115853,OESTE PARANAENSE,411585,Sul,PR,"-24.4540000\,-54.1620000",41,PR-Mercedes,Paraná
Comercinho,3117009,JEQUITINHONHA,311700,Sudeste,MG,"-16.2960000\,-41.7930000",31,MG-Comercinho,Minas Gerais
Antônio Olinto,4101309,SUDESTE PARANAENSE,410130,Sul,PR,"-25.9860000\,-50.1970000",41,PR-Antônio Olinto,Paraná
Urucuia,3170529,NORTE DE MINAS,317052,Sudeste,MG,"-16.1330000\,-45.7420000",31,MG-Urucuia,Minas Gerais
Foz do Iguaçu,4108304,OESTE PARANAENSE,410830,Sul,PR,"-25.5480000\,-54.5880000",41,PR-Foz do Iguaçu,Paraná
Brejo Grande,2800704,LESTE SERGIPANO,280070,Nordeste,SE,"-10.4290000\,-36.4660000",28,SE-Brejo Grande,Sergipe
São Geraldo do Baixio,3161650,VALE DO RIO DOCE,316165,Sudeste,MG,"-18.9000000\,-41.3600000",31,MG-São Geraldo do Baixio,Minas Gerais
Ariquemes,1100023,LESTE RONDONIENSE,110002,Norte,RO,"-9.9130000\,-63.0410000",11,RO-Ariquemes,Rondônia
Arroio do Tigre,4301206,CENTRO ORIENTAL RIO-GRANDENSE,430120,Sul,RS,"-29.3330000\,-53.0930000",43,RS-Arroio do Tigre,Rio Grande do Sul
Itatiaia,3302254,SUL FLUMINENSE,330225,Sudeste,RJ,"-22.4960000\,-44.5630000",33,RJ-Itatiaia,Rio de Janeiro
Bady Bassitt,3504602,SAO JOSE DO RIO PRETO,350460,Sudeste,SP,"-20.9180000\,-49.4450000",35,SP-Bady Bassitt,São Paulo
Santo Antônio do Amparo,3159902,OESTE DE MINAS,315990,Sudeste,MG,"-20.9460000\,-44.9190000",31,MG-Santo Antônio do Amparo,Minas Gerais
Paraúna,5216403,SUL GOIANO,521640,Centro-Oeste,GO,"-16.9480000\,-50.4490000",52,GO-Paraúna,Goiás
Terenos,5008008,CENTRO NORTE DE MATO GROSSO DO SUL,500800,Centro-Oeste,MS,"-20.4420000\,-54.8600000",50,MS-Terenos,Mato Grosso do Sul
Guapimirim,3301850,METROPOLITANA DO RIO DE JANEIRO,330185,Sudeste,RJ,"-22.5370000\,-42.9820000",33,RJ-Guapimirim,Rio de Janeiro
Palmeirândia,2107605,NORTE MARANHENSE,210760,Nordeste,MA,"-2.6450000\,-44.8950000",21,MA-Palmeirândia,Maranhão
Vale Verde,4322525,METROPOLITANA DE PORTO ALEGRE,432252,Sul,RS,"-29.7870000\,-52.1840000",43,RS-Vale Verde,Rio Grande do Sul
Mimoso do Sul,3203403,SUL ESPIRITO-SANTENSE,320340,Sudeste,ES,"-21.0640000\,-41.3660000",32,ES-Mimoso do Sul,Espírito Santo
Saúde,2929800,CENTRO NORTE BAIANO,292980,Nordeste,BA,"-10.9410000\,-40.4180000",29,BA-Saúde,Bahia
Pedras de Maria da Cruz,3149150,NORTE DE MINAS,314915,Sudeste,MG,"-15.6070000\,-44.3910000",31,MG-Pedras de Maria da Cruz,Minas Gerais
Salete,4215307,VALE DO ITAJAI,421530,Sul,SC,"-26.9800000\,-50.0000000",42,SC-Salete,Santa Catarina
Mariápolis,3528908,PRESIDENTE PRUDENTE,352890,Sudeste,SP,"-21.7990000\,-51.1810000",35,SP-Mariápolis,São Paulo
Soure,1507904,MARAJO,150790,Norte,PA,"-0.7170000\,-48.5230000",15,PA-Soure,Pará
São Mamede,2514909,BORBOREMA,251490,Nordeste,PB,"-6.9270000\,-37.0960000",25,PB-São Mamede,Paraíba
Caeté,3110004,METROPOLITANA DE BELO HORIZONTE,311000,Sudeste,MG,"-19.8800000\,-43.6700000",31,MG-Caeté,Minas Gerais
Portelândia,5218102,SUL GOIANO,521810,Centro-Oeste,GO,"-17.3540000\,-52.6790000",52,GO-Portelândia,Goiás
Bocaiúva,3107307,NORTE DE MINAS,310730,Sudeste,MG,"-17.1080000\,-43.8150000",31,MG-Bocaiúva,Minas Gerais
Itaberaba,2914703,CENTRO NORTE BAIANO,291470,Nordeste,BA,"-12.5280000\,-40.3070000",29,BA-Itaberaba,Bahia
Monsenhor Hipólito,2206506,SUDESTE PIAUIENSE,220650,Nordeste,PI,"-6.9960000\,-41.0300000",22,PI-Monsenhor Hipólito,Piauí
João Neiva,3203130,LITORAL NORTE ESPIRITO-SANTENSE,320313,Sudeste,ES,"-19.7580000\,-40.3860000",32,ES-João Neiva,Espírito Santo
Pinto Bandeira,4314548,NORDESTE RIO-GRANDENSE,431454,Sul,RS,"-29.0974000\,-51.4503000",43,RS-Pinto Bandeira,Rio Grande do Sul
Nipoã,3532702,SAO JOSE DO RIO PRETO,353270,Sudeste,SP,"-20.9130000\,-49.7780000",35,SP-Nipoã,São Paulo
Ipirá,2914000,CENTRO NORTE BAIANO,291400,Nordeste,BA,"-12.1580000\,-39.7370000",29,BA-Ipirá,Bahia
São Geraldo do Araguaia,1507458,SUDESTE PARAENSE,150745,Norte,PA,"-6.4010000\,-48.5550000",15,PA-São Geraldo do Araguaia,Pará
Deodápolis,5003454,SUDOESTE DE MATO GROSSO DO SUL,500345,Centro-Oeste,MS,"-22.2760000\,-54.1650000",50,MS-Deodápolis,Mato Grosso do Sul
Nova Prata,4313300,NORDESTE RIO-GRANDENSE,431330,Sul,RS,"-28.7840000\,-51.6100000",43,RS-Nova Prata,Rio Grande do Sul
Getulina,3517000,BAURU,351700,Sudeste,SP,"-21.7990000\,-49.9290000",35,SP-Getulina,São Paulo
São José de Espinharas,2514404,SERTAO PARAIBANO,251440,Nordeste,PB,"-6.8470000\,-37.3260000",25,PB-São José de Espinharas,Paraíba
Monte Santo de Minas,3143203,SUL/SUDOESTE DE MINAS,314320,Sudeste,MG,"-21.1900000\,-46.9800000",31,MG-Monte Santo de Minas,Minas Gerais
Alvorada do Gurguéia,2200459,SUDOESTE PIAUIENSE,220045,Nordeste,PI,"-8.4240000\,-43.7770000",22,PI-Alvorada do Gurguéia,Piauí
Águas Frias,4200556,OESTE CATARINENSE,420055,Sul,SC,"-26.8800000\,-52.8590000",42,SC-Águas Frias,Santa Catarina
Grandes Rios,4108700,NORTE CENTRAL PARANAENSE,410870,Sul,PR,"-24.1460000\,-51.5060000",41,PR-Grandes Rios,Paraná
Ipaporanga,2305654,SERTOES CEARENSES,230565,Nordeste,CE,"-4.9000000\,-40.7590000",23,CE-Ipaporanga,Ceará
Rio do Fogo,2408953,LESTE POTIGUAR,240895,Nordeste,RN,"-5.2730000\,-35.3830000",24,RN-Rio do Fogo,Rio Grande do Norte
Canarana,5102702,NORDESTE MATO-GROSSENSE,510270,Centro-Oeste,MT,"-13.5500000\,-52.1660000",51,MT-Canarana,Mato Grosso
Beruri,1300631,CENTRO AMAZONENSE,130063,Norte,AM,"-3.8980000\,-61.3730000",13,AM-Beruri,Amazonas
Dona Eusébia,3122900,ZONA DA MATA,312290,Sudeste,MG,"-21.3160000\,-42.8110000",31,MG-Dona Eusébia,Minas Gerais
Xaxim,4219705,OESTE CATARINENSE,421970,Sul,SC,"-26.9620000\,-52.5350000",42,SC-Xaxim,Santa Catarina
Duque de Caxias,3301702,METROPOLITANA DO RIO DE JANEIRO,330170,Sudeste,RJ,"-22.7860000\,-43.3120000",33,RJ-Duque de Caxias,Rio de Janeiro
Jesuítas,4112751,OESTE PARANAENSE,411275,Sul,PR,"-24.3850000\,-53.3880000",41,PR-Jesuítas,Paraná
Ipaumirim,2305704,CENTRO-SUL CEARENSE,230570,Nordeste,CE,"-6.7900000\,-38.7190000",23,CE-Ipaumirim,Ceará
Dolcinópolis,3514205,SAO JOSE DO RIO PRETO,351420,Sudeste,SP,"-20.1230000\,-50.5130000",35,SP-Dolcinópolis,São Paulo
Vilhena,1100304,LESTE RONDONIENSE,110030,Norte,RO,"-12.7410000\,-60.1460000",11,RO-Vilhena,Rondônia
Ibirama,4206900,VALE DO ITAJAI,420690,Sul,SC,"-27.0570000\,-49.5180000",42,SC-Ibirama,Santa Catarina
Dumont,3514601,RIBEIRAO PRETO,351460,Sudeste,SP,"-21.2360000\,-47.9730000",35,SP-Dumont,São Paulo
Correntina,2909307,EXTREMO OESTE BAIANO,290930,Nordeste,BA,"-13.3430000\,-44.6370000",29,BA-Correntina,Bahia
Capão da Canoa,4304630,METROPOLITANA DE PORTO ALEGRE,430463,Sul,RS,"-29.7610000\,-50.0300000",43,RS-Capão da Canoa,Rio Grande do Sul
Santana do Araguaia,1506708,SUDESTE PARAENSE,150670,Norte,PA,"-9.5050000\,-50.6250000",15,PA-Santana do Araguaia,Pará
Ouro Verde,4211850,OESTE CATARINENSE,421185,Sul,SC,"-26.6940000\,-52.3120000",42,SC-Ouro Verde,Santa Catarina
Garibaldi,4308607,NORDESTE RIO-GRANDENSE,430860,Sul,RS,"-29.2560000\,-51.5340000",43,RS-Garibaldi,Rio Grande do Sul
Sertãozinho,3551702,RIBEIRAO PRETO,355170,Sudeste,SP,"-21.1380000\,-47.9900000",35,SP-Sertãozinho,São Paulo
Silveiras,3552007,VALE DO PARAIBA PAULISTA,355200,Sudeste,SP,"-22.6640000\,-44.8530000",35,SP-Silveiras,São Paulo
Marialva,4114807,NORTE CENTRAL PARANAENSE,411480,Sul,PR,"-23.4850000\,-51.7920000",41,PR-Marialva,Paraná
Florestal,3126000,METROPOLITANA DE BELO HORIZONTE,312600,Sudeste,MG,"-19.8890000\,-44.4330000",31,MG-Florestal,Minas Gerais
Ituporanga,4208500,VALE DO ITAJAI,420850,Sul,SC,"-27.4140000\,-49.6010000",42,SC-Ituporanga,Santa Catarina
Ibateguara,2703007,LESTE ALAGOANO,270300,Nordeste,AL,"-8.9730000\,-35.9390000",27,AL-Ibateguara,Alagoas
Loreto,2106102,SUL MARANHENSE,210610,Nordeste,MA,"-7.0840000\,-45.1410000",21,MA-Loreto,Maranhão
Aperibé,3300159,NOROESTE FLUMINENSE,330015,Sudeste,RJ,"-21.6210000\,-42.1030000",33,RJ-Aperibé,Rio de Janeiro
Nova Santa Helena,5106190,NORTE MATO-GROSSENSE,510619,Centro-Oeste,MT,"-10.8520000\,-55.1770000",51,MT-Nova Santa Helena,Mato Grosso
Palmitinho,4313805,NOROESTE RIO-GRANDENSE,431380,Sul,RS,"-27.3550000\,-53.5550000",43,RS-Palmitinho,Rio Grande do Sul
Espera Feliz,3124203,ZONA DA MATA,312420,Sudeste,MG,"-20.6500000\,-41.9070000",31,MG-Espera Feliz,Minas Gerais
Frei Lagonegro,3126950,VALE DO RIO DOCE,312695,Sudeste,MG,"-18.1680000\,-42.7660000",31,MG-Frei Lagonegro,Minas Gerais
Mendes Pimentel,3141504,VALE DO RIO DOCE,314150,Sudeste,MG,"-18.6610000\,-41.4050000",31,MG-Mendes Pimentel,Minas Gerais
Santa Cruz,2612455,SERTAO PERNAMBUCANO,261245,Nordeste,PE,"-8.2400000\,-40.3360000",26,PE-Santa Cruz,Pernambuco
Torre de Pedra,3554656,ITAPETININGA,355465,Sudeste,SP,"-23.2440000\,-48.1950000",35,SP-Torre de Pedra,São Paulo
Bezerros,2601904,AGRESTE PERNAMBUCANO,260190,Nordeste,PE,"-8.2330000\,-35.7970000",26,PE-Bezerros,Pernambuco
Ingazeira,2607109,SERTAO PERNAMBUCANO,260710,Nordeste,PE,"-7.6760000\,-37.4600000",26,PE-Ingazeira,Pernambuco
Florínea,3516101,ASSIS,351610,Sudeste,SP,"-22.9030000\,-50.7380000",35,SP-Florínea,São Paulo
São Francisco,2806909,LESTE SERGIPANO,280690,Nordeste,SE,"-10.3330000\,-36.8880000",28,SE-São Francisco,Sergipe
Alto Parnaíba,2100501,SUL MARANHENSE,210050,Nordeste,MA,"-9.1110000\,-45.9300000",21,MA-Alto Parnaíba,Maranhão
Campo Novo de Rondônia,1100700,MADEIRA-GUAPORE,110070,Norte,RO,"-10.5710000\,-63.6270000",11,RO-Campo Novo de Rondônia,Rondônia
Elisiário,3514924,SAO JOSE DO RIO PRETO,351492,Sudeste,SP,"-21.1660000\,-49.1120000",35,SP-Elisiário,São Paulo
Itaperuçu,4111258,METROPOLITANA DE CURITIBA,411125,Sul,PR,"-25.2200000\,-49.3480000",41,PR-Itaperuçu,Paraná
José de Freitas,2205508,CENTRO-NORTE PIAUIENSE,220550,Nordeste,PI,"-4.7560000\,-42.5760000",22,PI-José de Freitas,Piauí
São Luiz,1400605,SUL DE RORAIMA,140060,Norte,RR,"1.0050000\,-60.1590000",14,RR-São Luiz,Roraima
Serra Azul de Minas,3166501,METROPOLITANA DE BELO HORIZONTE,316650,Sudeste,MG,"-18.3620000\,-43.1700000",31,MG-Serra Azul de Minas,Minas Gerais
Pintópolis,3150570,NORTE DE MINAS,315057,Sudeste,MG,"-16.0590000\,-45.1560000",31,MG-Pintópolis,Minas Gerais
Novo Santo Antônio,2206951,CENTRO-NORTE PIAUIENSE,220695,Nordeste,PI,"-5.2880000\,-41.9330000",22,PI-Novo Santo Antônio,Piauí
Cacequi,4302907,CENTRO OCIDENTAL RIO-GRANDENSE,430290,Sul,RS,"-29.8840000\,-54.8250000",43,RS-Cacequi,Rio Grande do Sul
Esperança do Sul,4307450,NOROESTE RIO-GRANDENSE,430745,Sul,RS,"-27.3550000\,-53.9920000",43,RS-Esperança do Sul,Rio Grande do Sul
Pranchita,4120358,SUDOESTE PARANAENSE,412035,Sul,PR,"-26.0200000\,-53.7400000",41,PR-Pranchita,Paraná
Lontras,4209904,VALE DO ITAJAI,420990,Sul,SC,"-27.1660000\,-49.5420000",42,SC-Lontras,Santa Catarina
Quatipuru,1506112,NORDESTE PARAENSE,150611,Norte,PA,"-0.9010000\,-47.0060000",15,PA-Quatipuru,Pará
Pariconha,2706422,SERTAO ALAGOANO,270642,Nordeste,AL,"-9.2540000\,-38.0060000",27,AL-Pariconha,Alagoas
Cabaceiras do Paraguaçu,2904852,METROPOLITANA DE SALVADOR,290485,Nordeste,BA,"-12.5360000\,-39.1910000",29,BA-Cabaceiras do Paraguaçu,Bahia
Redentora,4315404,NOROESTE RIO-GRANDENSE,431540,Sul,RS,"-27.6640000\,-53.6380000",43,RS-Redentora,Rio Grande do Sul
Bandeirantes,5001508,CENTRO NORTE DE MATO GROSSO DO SUL,500150,Centro-Oeste,MS,"-19.9180000\,-54.3640000",50,MS-Bandeirantes,Mato Grosso do Sul
Coqueiral,3118700,SUL/SUDOESTE DE MINAS,311870,Sudeste,MG,"-21.1890000\,-45.4410000",31,MG-Coqueiral,Minas Gerais
Paraibano,2107704,LESTE MARANHENSE,210770,Nordeste,MA,"-6.4330000\,-43.9840000",21,MA-Paraibano,Maranhão
Sangão,4215455,SUL CATARINENSE,421545,Sul,SC,"-28.6380000\,-49.1290000",42,SC-Sangão,Santa Catarina
Jumirim,3525854,PIRACICABA,352585,Sudeste,SP,"-23.0870000\,-47.7840000",35,SP-Jumirim,São Paulo
Dona Emma,4205100,VALE DO ITAJAI,420510,Sul,SC,"-26.9850000\,-49.7260000",42,SC-Dona Emma,Santa Catarina
Martins,2407401,OESTE POTIGUAR,240740,Nordeste,RN,"-6.0880000\,-37.9110000",24,RN-Martins,Rio Grande do Norte
Águas Formosas,3100906,VALE DO MUCURI,310090,Sudeste,MG,"-17.0820000\,-40.9360000",31,MG-Águas Formosas,Minas Gerais
Itiruçu,2916906,CENTRO SUL BAIANO,291690,Nordeste,BA,"-13.5320000\,-40.1500000",29,BA-Itiruçu,Bahia
Pedro Alexandre,2924207,NORDESTE BAIANO,292420,Nordeste,BA,"-10.0140000\,-37.8940000",29,BA-Pedro Alexandre,Bahia
Melgaço,1504505,MARAJO,150450,Norte,PA,"-1.8040000\,-50.7120000",15,PA-Melgaço,Pará
Palestina do Pará,1505494,SUDESTE PARAENSE,150549,Norte,PA,"-5.7420000\,-48.3170000",15,PA-Palestina do Pará,Pará
Água Comprida,3100708,TRIANGULO MINEIRO/ALTO PARANAIBA,310070,Sudeste,MG,"-20.0560000\,-48.1090000",31,MG-Água Comprida,Minas Gerais
Jari,4311130,CENTRO OCIDENTAL RIO-GRANDENSE,431113,Sul,RS,"-29.2910000\,-54.2240000",43,RS-Jari,Rio Grande do Sul
Barracão,4102604,SUDOESTE PARANAENSE,410260,Sul,PR,"-26.2540000\,-53.6330000",41,PR-Barracão,Paraná
Mãe do Rio,1504059,NORDESTE PARAENSE,150405,Norte,PA,"-2.0600000\,-47.5530000",15,PA-Mãe do Rio,Pará
Aracaju,2800308,LESTE SERGIPANO,280030,Nordeste,SE,"-10.9110000\,-37.0720000",28,SE-Aracaju,Sergipe
Palmeira do Piauí,2207405,SUDOESTE PIAUIENSE,220740,Nordeste,PI,"-8.7270000\,-44.2360000",22,PI-Palmeira do Piauí,Piauí
Catunda,2303659,NOROESTE CEARENSE,230365,Nordeste,CE,"-4.6480000\,-40.2010000",23,CE-Catunda,Ceará
Itaueira,2205102,SUDOESTE PIAUIENSE,220510,Nordeste,PI,"-7.6030000\,-43.0260000",22,PI-Itaueira,Piauí
Balneário Rincão,4220000,SUL CATARINENSE,422000,Sul,SC,"-28.8336000\,-49.2502000",42,SC-Balneário Rincão,Santa Catarina
Virmond,4128658,CENTRO-SUL PARANAENSE,412865,Sul,PR,"-25.3810000\,-52.1990000",41,PR-Virmond,Paraná
Jucuruçu,2918456,SUL BAIANO,291845,Nordeste,BA,"-16.8430000\,-40.1590000",29,BA-Jucuruçu,Bahia
Várzea Alegre,2314003,CENTRO-SUL CEARENSE,231400,Nordeste,CE,"-6.7890000\,-39.2960000",23,CE-Várzea Alegre,Ceará
Rio Vermelho,3156007,METROPOLITANA DE BELO HORIZONTE,315600,Sudeste,MG,"-18.2940000\,-43.0090000",31,MG-Rio Vermelho,Minas Gerais
Porto Alegre do Norte,5106778,NORDESTE MATO-GROSSENSE,510677,Centro-Oeste,MT,"-10.8780000\,-51.6330000",51,MT-Porto Alegre do Norte,Mato Grosso
Reduto,3154150,ZONA DA MATA,315415,Sudeste,MG,"-20.2400000\,-41.9830000",31,MG-Reduto,Minas Gerais
Braganey,4103354,OESTE PARANAENSE,410335,Sul,PR,"-24.8160000\,-53.1220000",41,PR-Braganey,Paraná
São Francisco,2513984,SERTAO PARAIBANO,251398,Nordeste,PB,"-6.6190000\,-38.0940000",25,PB-São Francisco,Paraíba
Sete Barras,3551801,LITORAL SUL PAULISTA,355180,Sudeste,SP,"-24.3880000\,-47.9260000",35,SP-Sete Barras,São Paulo
Salinas,3157005,NORTE DE MINAS,315700,Sudeste,MG,"-16.1700000\,-42.2900000",31,MG-Salinas,Minas Gerais
Araçu,5201603,CENTRO GOIANO,520160,Centro-Oeste,GO,"-16.3580000\,-49.6810000",52,GO-Araçu,Goiás
Eugênio de Castro,4307831,NOROESTE RIO-GRANDENSE,430783,Sul,RS,"-28.5250000\,-54.1490000",43,RS-Eugênio de Castro,Rio Grande do Sul
Loanda,4113502,NOROESTE PARANAENSE,411350,Sul,PR,"-22.9230000\,-53.1370000",41,PR-Loanda,Paraná
São João Batista do Glória,3162203,SUL/SUDOESTE DE MINAS,316220,Sudeste,MG,"-20.6410000\,-46.5060000",31,MG-São João Batista do Glória,Minas Gerais
Barra do Turvo,3505401,LITORAL SUL PAULISTA,350540,Sudeste,SP,"-24.7560000\,-48.5050000",35,SP-Barra do Turvo,São Paulo
Monte Sião,3143401,SUL/SUDOESTE DE MINAS,314340,Sudeste,MG,"-22.4330000\,-46.5730000",31,MG-Monte Sião,Minas Gerais
Rio Rufino,4215059,SERRANA,421505,Sul,SC,"-27.8610000\,-49.7790000",42,SC-Rio Rufino,Santa Catarina
Mirinzal,2106805,NORTE MARANHENSE,210680,Nordeste,MA,"-2.0650000\,-44.7840000",21,MA-Mirinzal,Maranhão
São José de Piranhas,2514503,SERTAO PARAIBANO,251450,Nordeste,PB,"-7.1210000\,-38.5020000",25,PB-São José de Piranhas,Paraíba
Serra Azul,3551405,RIBEIRAO PRETO,355140,Sudeste,SP,"-21.3110000\,-47.5660000",35,SP-Serra Azul,São Paulo
Nova Guarita,5108808,NORTE MATO-GROSSENSE,510880,Centro-Oeste,MT,"-10.3160000\,-55.4100000",51,MT-Nova Guarita,Mato Grosso
Pocinhos,2512002,AGRESTE PARAIBANO,251200,Nordeste,PB,"-7.0770000\,-36.0610000",25,PB-Pocinhos,Paraíba
Nova Floresta,2510105,AGRESTE PARAIBANO,251010,Nordeste,PB,"-6.4550000\,-36.2030000",25,PB-Nova Floresta,Paraíba
Nova Porteirinha,3145059,NORTE DE MINAS,314505,Sudeste,MG,"-15.8030000\,-43.3010000",31,MG-Nova Porteirinha,Minas Gerais
Conceição do Almeida,2908309,METROPOLITANA DE SALVADOR,290830,Nordeste,BA,"-12.8090000\,-39.1640000",29,BA-Conceição do Almeida,Bahia
Floreal,3515905,SAO JOSE DO RIO PRETO,351590,Sudeste,SP,"-20.6770000\,-50.1450000",35,SP-Floreal,São Paulo
Carapebus,3300936,NORTE FLUMINENSE,330093,Sudeste,RJ,"-22.1870000\,-41.6610000",33,RJ-Carapebus,Rio de Janeiro
Vila Nova do Piauí,2211605,SUDESTE PIAUIENSE,221160,Nordeste,PI,"-7.1360000\,-40.9400000",22,PI-Vila Nova do Piauí,Piauí
Santa Bárbara do Pará,1506351,METROPOLITANA DE BELEM,150635,Norte,PA,"-1.2240000\,-48.2940000",15,PA-Santa Bárbara do Pará,Pará
Inconfidentes,3130606,SUL/SUDOESTE DE MINAS,313060,Sudeste,MG,"-22.3170000\,-46.3280000",31,MG-Inconfidentes,Minas Gerais
Santa Inês,2109908,OESTE MARANHENSE,210990,Nordeste,MA,"-3.6670000\,-45.3800000",21,MA-Santa Inês,Maranhão
Ipuiúna,3131505,SUL/SUDOESTE DE MINAS,313150,Sudeste,MG,"-22.0990000\,-46.1900000",31,MG-Ipuiúna,Minas Gerais
Paraíso do Sul,4314027,CENTRO ORIENTAL RIO-GRANDENSE,431402,Sul,RS,"-29.6690000\,-53.1490000",43,RS-Paraíso do Sul,Rio Grande do Sul
Muriaé,3143906,ZONA DA MATA,314390,Sudeste,MG,"-21.1310000\,-42.3660000",31,MG-Muriaé,Minas Gerais
Mundo Novo,5005681,SUDOESTE DE MATO GROSSO DO SUL,500568,Centro-Oeste,MS,"-23.9380000\,-54.2710000",50,MS-Mundo Novo,Mato Grosso do Sul
Água Boa,5100201,NORDESTE MATO-GROSSENSE,510020,Centro-Oeste,MT,"-14.0500000\,-52.1590000",51,MT-Água Boa,Mato Grosso
Tobias Barreto,2807402,AGRESTE SERGIPANO,280740,Nordeste,SE,"-11.1840000\,-37.9980000",28,SE-Tobias Barreto,Sergipe
Diamantina,3121605,JEQUITINHONHA,312160,Sudeste,MG,"-18.2490000\,-43.6000000",31,MG-Diamantina,Minas Gerais
Trombas,5221452,NORTE GOIANO,522145,Centro-Oeste,GO,"-13.5090000\,-48.7400000",52,GO-Trombas,Goiás
Chuí,4305439,SUDESTE RIO-GRANDENSE,430543,Sul,RS,"-33.6910000\,-53.4570000",43,RS-Chuí,Rio Grande do Sul
Dracena,3514403,PRESIDENTE PRUDENTE,351440,Sudeste,SP,"-21.4830000\,-51.5330000",35,SP-Dracena,São Paulo
Francisco Beltrão,4108403,SUDOESTE PARANAENSE,410840,Sul,PR,"-26.0810000\,-53.0550000",41,PR-Francisco Beltrão,Paraná
Terra Roxa,3554409,RIBEIRAO PRETO,355440,Sudeste,SP,"-20.7890000\,-48.3300000",35,SP-Terra Roxa,São Paulo
São Roque de Minas,3164308,OESTE DE MINAS,316430,Sudeste,MG,"-20.2450000\,-46.3660000",31,MG-São Roque de Minas,Minas Gerais
Lagoa d'Anta,2406205,AGRESTE POTIGUAR,240620,Nordeste,RN,"-6.3910000\,-35.5980000",24,RN-Lagoa d'Anta,Rio Grande do Norte
Eldorado do Carajás,1502954,SUDESTE PARAENSE,150295,Norte,PA,"-6.1040000\,-49.3550000",15,PA-Eldorado do Carajás,Pará
Santana de Pirapama,3158508,METROPOLITANA DE BELO HORIZONTE,315850,Sudeste,MG,"-19.0060000\,-44.0430000",31,MG-Santana de Pirapama,Minas Gerais
Pilar do Sul,3537909,MACRO METROPOLITANA PAULISTA,353790,Sudeste,SP,"-23.8130000\,-47.7160000",35,SP-Pilar do Sul,São Paulo
Rifaina,3543600,RIBEIRAO PRETO,354360,Sudeste,SP,"-20.0810000\,-47.4210000",35,SP-Rifaina,São Paulo
Monsenhor Gil,2206407,CENTRO-NORTE PIAUIENSE,220640,Nordeste,PI,"-5.5640000\,-42.6080000",22,PI-Monsenhor Gil,Piauí
Itacaré,2914901,SUL BAIANO,291490,Nordeste,BA,"-14.2780000\,-38.9970000",29,BA-Itacaré,Bahia
Pontal,3540200,RIBEIRAO PRETO,354020,Sudeste,SP,"-21.0230000\,-48.0370000",35,SP-Pontal,São Paulo
Jucati,2608255,AGRESTE PERNAMBUCANO,260825,Nordeste,PE,"-8.7060000\,-36.4890000",26,PE-Jucati,Pernambuco
Sarandi,4320107,NOROESTE RIO-GRANDENSE,432010,Sul,RS,"-27.9440000\,-52.9230000",43,RS-Sarandi,Rio Grande do Sul
Parintins,1303403,CENTRO AMAZONENSE,130340,Norte,AM,"-2.6280000\,-56.7360000",13,AM-Parintins,Amazonas
Aiuaba,2300408,SERTOES CEARENSES,230040,Nordeste,CE,"-6.5740000\,-40.1240000",23,CE-Aiuaba,Ceará
Ribeirão das Neves,3154606,METROPOLITANA DE BELO HORIZONTE,315460,Sudeste,MG,"-19.7670000\,-44.0870000",31,MG-Ribeirão das Neves,Minas Gerais
Guaporé,4309407,NORDESTE RIO-GRANDENSE,430940,Sul,RS,"-28.8460000\,-51.8900000",43,RS-Guaporé,Rio Grande do Sul
Baixio,2301802,CENTRO-SUL CEARENSE,230180,Nordeste,CE,"-6.7300000\,-38.7170000",23,CE-Baixio,Ceará
Jatobá do Piauí,2205276,CENTRO-NORTE PIAUIENSE,220527,Nordeste,PI,"-4.7710000\,-41.8180000",22,PI-Jatobá do Piauí,Piauí
Jequitinhonha,3135803,JEQUITINHONHA,313580,Sudeste,MG,"-16.4340000\,-41.0030000",31,MG-Jequitinhonha,Minas Gerais
Itaipé,3132305,VALE DO MUCURI,313230,Sudeste,MG,"-17.4020000\,-41.6690000",31,MG-Itaipé,Minas Gerais
Coqueiro Seco,2702207,LESTE ALAGOANO,270220,Nordeste,AL,"-9.6380000\,-35.8030000",27,AL-Coqueiro Seco,Alagoas
Divinópolis,3122306,OESTE DE MINAS,312230,Sudeste,MG,"-20.1390000\,-44.8840000",31,MG-Divinópolis,Minas Gerais
Eirunepé,1301407,SUDOESTE AMAZONENSE,130140,Norte,AM,"-6.6600000\,-69.8740000",13,AM-Eirunepé,Amazonas
Chapadão do Céu,5205471,SUL GOIANO,520547,Centro-Oeste,GO,"-18.4080000\,-52.5490000",52,GO-Chapadão do Céu,Goiás
Janduís,2405207,OESTE POTIGUAR,240520,Nordeste,RN,"-6.0160000\,-37.4090000",24,RN-Janduís,Rio Grande do Norte
Onça de Pitangui,3145802,METROPOLITANA DE BELO HORIZONTE,314580,Sudeste,MG,"-19.7300000\,-44.8070000",31,MG-Onça de Pitangui,Minas Gerais
Camutanga,2603603,MATA PERNAMBUCANA,260360,Nordeste,PE,"-7.4070000\,-35.2740000",26,PE-Camutanga,Pernambuco
União do Sul,5108303,NORTE MATO-GROSSENSE,510830,Centro-Oeste,MT,"-11.5330000\,-54.3530000",51,MT-União do Sul,Mato Grosso
Barra do Choça,2902906,CENTRO SUL BAIANO,290290,Nordeste,BA,"-14.8810000\,-40.5790000",29,BA-Barra do Choça,Bahia
Malacacheta,3139201,VALE DO MUCURI,313920,Sudeste,MG,"-17.8420000\,-42.0770000",31,MG-Malacacheta,Minas Gerais
Sombrio,4217709,SUL CATARINENSE,421770,Sul,SC,"-29.1040000\,-49.6290000",42,SC-Sombrio,Santa Catarina
Rochedo de Minas,3156205,ZONA DA MATA,315620,Sudeste,MG,"-21.6300000\,-43.0200000",31,MG-Rochedo de Minas,Minas Gerais
Quedas do Iguaçu,4120903,CENTRO-SUL PARANAENSE,412090,Sul,PR,"-25.4500000\,-52.9080000",41,PR-Quedas do Iguaçu,Paraná
Cuitegi,2505204,AGRESTE PARAIBANO,250520,Nordeste,PB,"-6.8930000\,-35.5230000",25,PB-Cuitegi,Paraíba
Axixá do Tocantins,1702901,OCIDENTAL DO TOCANTINS,170290,Norte,TO,"-5.6170000\,-47.7690000",17,TO-Axixá do Tocantins,Tocantins
Palestina,3535002,SAO JOSE DO RIO PRETO,353500,Sudeste,SP,"-20.3900000\,-49.4330000",35,SP-Palestina,São Paulo
São Domingos do Azeitão,2110658,SUL MARANHENSE,211065,Nordeste,MA,"-6.8100000\,-44.6450000",21,MA-São Domingos do Azeitão,Maranhão
Simão Pereira,3167509,ZONA DA MATA,316750,Sudeste,MG,"-21.9640000\,-43.3120000",31,MG-Simão Pereira,Minas Gerais
Buri,3508009,ITAPETININGA,350800,Sudeste,SP,"-23.7980000\,-48.5930000",35,SP-Buri,São Paulo
São José do Piauí,2210201,SUDESTE PIAUIENSE,221020,Nordeste,PI,"-6.8720000\,-41.4750000",22,PI-São José do Piauí,Piauí
Fernandes Tourinho,3125804,VALE DO RIO DOCE,312580,Sudeste,MG,"-19.1540000\,-42.0820000",31,MG-Fernandes Tourinho,Minas Gerais
Santa Mercedes,3547106,PRESIDENTE PRUDENTE,354710,Sudeste,SP,"-21.3510000\,-51.7550000",35,SP-Santa Mercedes,São Paulo
Entre Folhas,3123858,VALE DO RIO DOCE,312385,Sudeste,MG,"-19.6250000\,-42.2310000",31,MG-Entre Folhas,Minas Gerais
São Sebastião do Umbuzeiro,2515203,BORBOREMA,251520,Nordeste,PB,"-8.1520000\,-37.0100000",25,PB-São Sebastião do Umbuzeiro,Paraíba
Mairipotaba,5212600,SUL GOIANO,521260,Centro-Oeste,GO,"-17.2990000\,-49.4910000",52,GO-Mairipotaba,Goiás
Tapera,4321006,NOROESTE RIO-GRANDENSE,432100,Sul,RS,"-28.6260000\,-52.8700000",43,RS-Tapera,Rio Grande do Sul
Lagoa Formosa,3137502,TRIANGULO MINEIRO/ALTO PARANAIBA,313750,Sudeste,MG,"-18.7790000\,-46.4080000",31,MG-Lagoa Formosa,Minas Gerais
Erval Seco,4307302,NOROESTE RIO-GRANDENSE,430730,Sul,RS,"-27.5490000\,-53.5040000",43,RS-Erval Seco,Rio Grande do Sul
Jaguaré,3203056,LITORAL NORTE ESPIRITO-SANTENSE,320305,Sudeste,ES,"-18.9060000\,-40.0760000",32,ES-Jaguaré,Espírito Santo
Amontada,2300754,NORTE CEARENSE,230075,Nordeste,CE,"-3.3610000\,-39.8310000",23,CE-Amontada,Ceará
Vitorino,4128708,SUDOESTE PARANAENSE,412870,Sul,PR,"-26.2770000\,-52.7840000",41,PR-Vitorino,Paraná
Flores de Goiás,5207907,LESTE GOIANO,520790,Centro-Oeste,GO,"-14.4490000\,-47.0500000",52,GO-Flores de Goiás,Goiás
Indaiatuba,3520509,CAMPINAS,352050,Sudeste,SP,"-23.0900000\,-47.2180000",35,SP-Indaiatuba,São Paulo
Narandiba,3532207,PRESIDENTE PRUDENTE,353220,Sudeste,SP,"-22.4070000\,-51.5240000",35,SP-Narandiba,São Paulo
Aramina,3503000,RIBEIRAO PRETO,350300,Sudeste,SP,"-20.0900000\,-47.7860000",35,SP-Aramina,São Paulo
Porangatu,5218003,NORTE GOIANO,521800,Centro-Oeste,GO,"-13.4410000\,-49.1490000",52,GO-Porangatu,Goiás
Tamboril,2313203,SERTOES CEARENSES,231320,Nordeste,CE,"-4.8320000\,-40.3210000",23,CE-Tamboril,Ceará
Tapes,4321105,METROPOLITANA DE PORTO ALEGRE,432110,Sul,RS,"-30.6730000\,-51.3960000",43,RS-Tapes,Rio Grande do Sul
Juazeirinho,2507705,BORBOREMA,250770,Nordeste,PB,"-7.0680000\,-36.5780000",25,PB-Juazeirinho,Paraíba
Novo Lino,2705606,LESTE ALAGOANO,270560,Nordeste,AL,"-8.9150000\,-35.6470000",27,AL-Novo Lino,Alagoas
Pedra Branca,2310506,SERTOES CEARENSES,231050,Nordeste,CE,"-5.4540000\,-39.7170000",23,CE-Pedra Branca,Ceará
Irauçuba,2306108,NOROESTE CEARENSE,230610,Nordeste,CE,"-3.7460000\,-39.7830000",23,CE-Irauçuba,Ceará
Itaberá,3521705,ITAPETININGA,352170,Sudeste,SP,"-23.8620000\,-49.1370000",35,SP-Itaberá,São Paulo
Datas,3121001,JEQUITINHONHA,312100,Sudeste,MG,"-18.4460000\,-43.6560000",31,MG-Datas,Minas Gerais
Taiobeiras,3168002,NORTE DE MINAS,316800,Sudeste,MG,"-15.8080000\,-42.2330000",31,MG-Taiobeiras,Minas Gerais
Jaraguari,5004908,CENTRO NORTE DE MATO GROSSO DO SUL,500490,Centro-Oeste,MS,"-20.1420000\,-54.3990000",50,MS-Jaraguari,Mato Grosso do Sul
Sairé,2612000,AGRESTE PERNAMBUCANO,261200,Nordeste,PE,"-8.3280000\,-35.7060000",26,PE-Sairé,Pernambuco
Cristinápolis,2801702,LESTE SERGIPANO,280170,Nordeste,SE,"-11.4760000\,-37.7550000",28,SE-Cristinápolis,Sergipe
Candeal,2906402,NORDESTE BAIANO,290640,Nordeste,BA,"-11.8080000\,-39.1190000",29,BA-Candeal,Bahia
Lábrea,1302405,SUL AMAZONENSE,130240,Norte,AM,"-7.2590000\,-64.7980000",13,AM-Lábrea,Amazonas
Ubatã,2932309,SUL BAIANO,293230,Nordeste,BA,"-14.2140000\,-39.5230000",29,BA-Ubatã,Bahia
Brejo de Areia,2102150,OESTE MARANHENSE,210215,Nordeste,MA,"-4.3340000\,-45.5810000",21,MA-Brejo de Areia,Maranhão
Itapecerica,3133501,OESTE DE MINAS,313350,Sudeste,MG,"-20.4730000\,-45.1260000",31,MG-Itapecerica,Minas Gerais
Ibiúna,3519709,MACRO METROPOLITANA PAULISTA,351970,Sudeste,SP,"-23.6560000\,-47.2230000",35,SP-Ibiúna,São Paulo
Benjamin Constant,1300607,SUDOESTE AMAZONENSE,130060,Norte,AM,"-4.3830000\,-70.0310000",13,AM-Benjamin Constant,Amazonas
Lagoinha,3526308,VALE DO PARAIBA PAULISTA,352630,Sudeste,SP,"-23.0910000\,-45.1900000",35,SP-Lagoinha,São Paulo
Penedo,2706703,LESTE ALAGOANO,270670,Nordeste,AL,"-10.2900000\,-36.5860000",27,AL-Penedo,Alagoas
São Fidélis,3304805,NORTE FLUMINENSE,330480,Sudeste,RJ,"-21.6460000\,-41.7470000",33,RJ-São Fidélis,Rio de Janeiro
Concórdia do Pará,1502756,NORDESTE PARAENSE,150275,Norte,PA,"-1.9910000\,-47.9490000",15,PA-Concórdia do Pará,Pará
Miradouro,3142106,ZONA DA MATA,314210,Sudeste,MG,"-20.8910000\,-42.3430000",31,MG-Miradouro,Minas Gerais
Pajeú do Piauí,2207355,SUDOESTE PIAUIENSE,220735,Nordeste,PI,"-7.8560000\,-42.8220000",22,PI-Pajeú do Piauí,Piauí
São Luís,2111300,NORTE MARANHENSE,211130,Nordeste,MA,"-2.5300000\,-44.3030000",21,MA-São Luís,Maranhão
São Bento Abade,3160801,SUL/SUDOESTE DE MINAS,316080,Sudeste,MG,"-21.5820000\,-45.0760000",31,MG-São Bento Abade,Minas Gerais
Lajes Pintadas,2406809,AGRESTE POTIGUAR,240680,Nordeste,RN,"-6.1500000\,-36.1170000",24,RN-Lajes Pintadas,Rio Grande do Norte
Laurentino,4209508,VALE DO ITAJAI,420950,Sul,SC,"-27.2170000\,-49.7330000",42,SC-Laurentino,Santa Catarina
Cordeiro,3301504,CENTRO FLUMINENSE,330150,Sudeste,RJ,"-22.0290000\,-42.3610000",33,RJ-Cordeiro,Rio de Janeiro
Mascote,2920908,SUL BAIANO,292090,Nordeste,BA,"-15.5630000\,-39.3030000",29,BA-Mascote,Bahia
Rio Branco do Ivaí,4122172,NORTE CENTRAL PARANAENSE,412217,Sul,PR,"-24.3240000\,-51.3130000",41,PR-Rio Branco do Ivaí,Paraná
Inácio Martins,4110201,CENTRO-SUL PARANAENSE,411020,Sul,PR,"-25.5710000\,-51.0790000",41,PR-Inácio Martins,Paraná
Ipiaú,2913903,SUL BAIANO,291390,Nordeste,BA,"-14.1370000\,-39.7340000",29,BA-Ipiaú,Bahia
São José do Peixe,2210102,SUDOESTE PIAUIENSE,221010,Nordeste,PI,"-7.4940000\,-42.5640000",22,PI-São José do Peixe,Piauí
Bocaiúva do Sul,4103107,METROPOLITANA DE CURITIBA,410310,Sul,PR,"-25.2060000\,-49.1150000",41,PR-Bocaiúva do Sul,Paraná
Monte Aprazível,3531407,SAO JOSE DO RIO PRETO,353140,Sudeste,SP,"-20.7730000\,-49.7140000",35,SP-Monte Aprazível,São Paulo
Tenente Portela,4321402,NOROESTE RIO-GRANDENSE,432140,Sul,RS,"-27.3710000\,-53.7580000",43,RS-Tenente Portela,Rio Grande do Sul
Bela Vista da Caroba,4102752,SUDOESTE PARANAENSE,410275,Sul,PR,"-25.8810000\,-53.6650000",41,PR-Bela Vista da Caroba,Paraná
Quixadá,2311306,SERTOES CEARENSES,231130,Nordeste,CE,"-4.9710000\,-39.0150000",23,CE-Quixadá,Ceará
Farroupilha,4307906,NORDESTE RIO-GRANDENSE,430790,Sul,RS,"-29.2250000\,-51.3480000",43,RS-Farroupilha,Rio Grande do Sul
Lins,3527108,BAURU,352710,Sudeste,SP,"-21.6790000\,-49.7430000",35,SP-Lins,São Paulo
Santa Vitória do Palmar,4317301,SUDESTE RIO-GRANDENSE,431730,Sul,RS,"-33.5190000\,-53.3680000",43,RS-Santa Vitória do Palmar,Rio Grande do Sul
Carmo do Paranaíba,3114303,TRIANGULO MINEIRO/ALTO PARANAIBA,311430,Sudeste,MG,"-19.0010000\,-46.3160000",31,MG-Carmo do Paranaíba,Minas Gerais
Santa Clara do Sul,4316758,CENTRO ORIENTAL RIO-GRANDENSE,431675,Sul,RS,"-29.4690000\,-52.0880000",43,RS-Santa Clara do Sul,Rio Grande do Sul
Apodi,2401008,OESTE POTIGUAR,240100,Nordeste,RN,"-5.6640000\,-37.7990000",24,RN-Apodi,Rio Grande do Norte
Peritiba,4212601,OESTE CATARINENSE,421260,Sul,SC,"-27.3730000\,-51.9040000",42,SC-Peritiba,Santa Catarina
Cerro Largo,4305207,NOROESTE RIO-GRANDENSE,430520,Sul,RS,"-28.1490000\,-54.7380000",43,RS-Cerro Largo,Rio Grande do Sul
Nova Candelária,4313011,NOROESTE RIO-GRANDENSE,431301,Sul,RS,"-27.6070000\,-54.1070000",43,RS-Nova Candelária,Rio Grande do Sul
Campo Grande,2701506,AGRESTE ALAGOANO,270150,Nordeste,AL,"-9.9580000\,-36.7920000",27,AL-Campo Grande,Alagoas
Pedro de Toledo,3537206,LITORAL SUL PAULISTA,353720,Sudeste,SP,"-24.2750000\,-47.2330000",35,SP-Pedro de Toledo,São Paulo
Alvorada,4300604,METROPOLITANA DE PORTO ALEGRE,430060,Sul,RS,"-29.9900000\,-51.0840000",43,RS-Alvorada,Rio Grande do Sul
Ibiraci,3129707,SUL/SUDOESTE DE MINAS,312970,Sudeste,MG,"-20.4620000\,-47.1220000",31,MG-Ibiraci,Minas Gerais
Presidente Vargas,2109304,NORTE MARANHENSE,210930,Nordeste,MA,"-3.4070000\,-44.0240000",21,MA-Presidente Vargas,Maranhão
Campo Grande,5002704,CENTRO NORTE DE MATO GROSSO DO SUL,500270,Centro-Oeste,MS,"-20.4430000\,-54.6460000",50,MS-Campo Grande,Mato Grosso do Sul
Ipatinga,3131307,VALE DO RIO DOCE,313130,Sudeste,MG,"-19.4680000\,-42.5370000",31,MG-Ipatinga,Minas Gerais
São Gabriel,2929255,CENTRO NORTE BAIANO,292925,Nordeste,BA,"-11.2290000\,-41.9120000",29,BA-São Gabriel,Bahia
Jussara,2918506,CENTRO NORTE BAIANO,291850,Nordeste,BA,"-11.0470000\,-41.9690000",29,BA-Jussara,Bahia
Contenda,4106209,METROPOLITANA DE CURITIBA,410620,Sul,PR,"-25.6760000\,-49.5350000",41,PR-Contenda,Paraná
Conceição do Lago-Açu,2103554,NORTE MARANHENSE,210355,Nordeste,MA,"-3.8340000\,-44.8930000",21,MA-Conceição do Lago-Açu,Maranhão
Bom Jardim de Goiás,5203401,NOROESTE GOIANO,520340,Centro-Oeste,GO,"-16.2100000\,-52.1720000",52,GO-Bom Jardim de Goiás,Goiás
São Caetano de Odivelas,1507102,NORDESTE PARAENSE,150710,Norte,PA,"-0.7500000\,-48.0200000",15,PA-São Caetano de Odivelas,Pará
Barra de Santo Antônio,2700508,LESTE ALAGOANO,270050,Nordeste,AL,"-9.4050000\,-35.5070000",27,AL-Barra de Santo Antônio,Alagoas
Januária,3135209,NORTE DE MINAS,313520,Sudeste,MG,"-15.4880000\,-44.3620000",31,MG-Januária,Minas Gerais
Lontra,3138658,NORTE DE MINAS,313865,Sudeste,MG,"-15.9030000\,-44.3050000",31,MG-Lontra,Minas Gerais
Nova Olinda do Maranhão,2107357,OESTE MARANHENSE,210735,Nordeste,MA,"-2.8470000\,-45.6950000",21,MA-Nova Olinda do Maranhão,Maranhão
Itapuã do Oeste,1101104,MADEIRA-GUAPORE,110110,Norte,RO,"-9.2050000\,-63.1800000",11,RO-Itapuã do Oeste,Rondônia
Propriá,2805703,LESTE SERGIPANO,280570,Nordeste,SE,"-10.2110000\,-36.8400000",28,SE-Propriá,Sergipe
Curral Velho,2505303,SERTAO PARAIBANO,250530,Nordeste,PB,"-7.5810000\,-38.1980000",25,PB-Curral Velho,Paraíba
Madeiro,2205854,NORTE PIAUIENSE,220585,Nordeste,PI,"-3.4830000\,-42.5040000",22,PI-Madeiro,Piauí
Vargem,3556354,MACRO METROPOLITANA PAULISTA,355635,Sudeste,SP,"-22.8890000\,-46.4140000",35,SP-Vargem,São Paulo
Afrânio,2600203,SAO FRANCISCO PERNAMBUCANO,260020,Nordeste,PE,"-8.5150000\,-41.0050000",26,PE-Afrânio,Pernambuco
Irajuba,2914208,CENTRO SUL BAIANO,291420,Nordeste,BA,"-13.2510000\,-40.0840000",29,BA-Irajuba,Bahia
Rolador,4315958,NOROESTE RIO-GRANDENSE,431595,Sul,RS,"-28.2580000\,-54.8170000",43,RS-Rolador,Rio Grande do Sul
Varzedo,2933174,METROPOLITANA DE SALVADOR,293317,Nordeste,BA,"-12.9710000\,-39.3940000",29,BA-Varzedo,Bahia
Balbinos,3504701,BAURU,350470,Sudeste,SP,"-21.9000000\,-49.3570000",35,SP-Balbinos,São Paulo
Santa Bárbara,2927507,CENTRO NORTE BAIANO,292750,Nordeste,BA,"-11.9580000\,-38.9750000",29,BA-Santa Bárbara,Bahia
Alto Garças,5100409,SUDESTE MATO-GROSSENSE,510040,Centro-Oeste,MT,"-16.9440000\,-53.5280000",51,MT-Alto Garças,Mato Grosso
Carira,2801405,SERTAO SERGIPANO,280140,Nordeste,SE,"-10.3610000\,-37.7010000",28,SE-Carira,Sergipe
Pirajuí,3538907,BAURU,353890,Sudeste,SP,"-21.9990000\,-49.4570000",35,SP-Pirajuí,São Paulo
Carmo da Mata,3114006,OESTE DE MINAS,311400,Sudeste,MG,"-20.5580000\,-44.8710000",31,MG-Carmo da Mata,Minas Gerais
Leoberto Leal,4209805,GRANDE FLORIANOPOLIS,420980,Sul,SC,"-27.5070000\,-49.2870000",42,SC-Leoberto Leal,Santa Catarina
Coelho Neto,2103406,LESTE MARANHENSE,210340,Nordeste,MA,"-4.2570000\,-43.0130000",21,MA-Coelho Neto,Maranhão
Panelas,2610202,AGRESTE PERNAMBUCANO,261020,Nordeste,PE,"-8.6640000\,-36.0060000",26,PE-Panelas,Pernambuco
Salto do Itararé,4122909,NORTE PIONEIRO PARANAENSE,412290,Sul,PR,"-23.6010000\,-49.6260000",41,PR-Salto do Itararé,Paraná
Silvianópolis,3167400,SUL/SUDOESTE DE MINAS,316740,Sudeste,MG,"-22.0290000\,-45.8350000",31,MG-Silvianópolis,Minas Gerais
Coronel Bicaco,4305900,NOROESTE RIO-GRANDENSE,430590,Sul,RS,"-27.7160000\,-53.7010000",43,RS-Coronel Bicaco,Rio Grande do Sul
Itagi,2915106,CENTRO SUL BAIANO,291510,Nordeste,BA,"-14.1630000\,-40.0060000",29,BA-Itagi,Bahia
Capivari de Baixo,4203956,SUL CATARINENSE,420395,Sul,SC,"-28.4450000\,-48.9580000",42,SC-Capivari de Baixo,Santa Catarina
José Bonifácio,3525706,SAO JOSE DO RIO PRETO,352570,Sudeste,SP,"-21.0530000\,-49.6880000",35,SP-José Bonifácio,São Paulo
Curitibanos,4204806,SERRANA,420480,Sul,SC,"-27.2830000\,-50.5840000",42,SC-Curitibanos,Santa Catarina
Descoberto,3121308,ZONA DA MATA,312130,Sudeste,MG,"-21.4600000\,-42.9680000",31,MG-Descoberto,Minas Gerais
São José do Inhacorá,4318499,NOROESTE RIO-GRANDENSE,431849,Sul,RS,"-27.7250000\,-54.1290000",43,RS-São José do Inhacorá,Rio Grande do Sul
Ibicaraí,2912103,SUL BAIANO,291210,Nordeste,BA,"-14.8650000\,-39.5880000",29,BA-Ibicaraí,Bahia
Tapejara,4126801,NOROESTE PARANAENSE,412680,Sul,PR,"-23.7330000\,-52.8730000",41,PR-Tapejara,Paraná
Juarina,1711803,OCIDENTAL DO TOCANTINS,171180,Norte,TO,"-8.1190000\,-49.0650000",17,TO-Juarina,Tocantins
Angico,1701051,OCIDENTAL DO TOCANTINS,170105,Norte,TO,"-6.3900000\,-47.8650000",17,TO-Angico,Tocantins
Catarina,2303600,SERTOES CEARENSES,230360,Nordeste,CE,"-6.1310000\,-39.8780000",23,CE-Catarina,Ceará
Getúlio Vargas,4308904,NOROESTE RIO-GRANDENSE,430890,Sul,RS,"-27.8900000\,-52.2280000",43,RS-Getúlio Vargas,Rio Grande do Sul
Paulistas,3148400,VALE DO RIO DOCE,314840,Sudeste,MG,"-18.4270000\,-42.8680000",31,MG-Paulistas,Minas Gerais
Sobrália,3167707,VALE DO RIO DOCE,316770,Sudeste,MG,"-19.2350000\,-42.0980000",31,MG-Sobrália,Minas Gerais
Pinheiro Machado,4314506,SUDESTE RIO-GRANDENSE,431450,Sul,RS,"-31.5780000\,-53.3810000",43,RS-Pinheiro Machado,Rio Grande do Sul
São José do Norte,4318507,SUDESTE RIO-GRANDENSE,431850,Sul,RS,"-32.0150000\,-52.0420000",43,RS-São José do Norte,Rio Grande do Sul
Murici dos Portelas,2206696,NORTE PIAUIENSE,220669,Nordeste,PI,"-3.3190000\,-42.0940000",22,PI-Murici dos Portelas,Piauí
Capitão Poço,1502301,NORDESTE PARAENSE,150230,Norte,PA,"-1.7450000\,-47.0650000",15,PA-Capitão Poço,Pará
Lauro Müller,4209607,SUL CATARINENSE,420960,Sul,SC,"-28.3930000\,-49.3970000",42,SC-Lauro Müller,Santa Catarina
São João dos Patos,2111102,LESTE MARANHENSE,211110,Nordeste,MA,"-6.4950000\,-43.7020000",21,MA-São João dos Patos,Maranhão
Monsenhor Tabosa,2308609,SERTOES CEARENSES,230860,Nordeste,CE,"-4.7890000\,-40.0630000",23,CE-Monsenhor Tabosa,Ceará
Lagoa do Piauí,2205581,CENTRO-NORTE PIAUIENSE,220558,Nordeste,PI,"-5.4150000\,-42.6430000",22,PI-Lagoa do Piauí,Piauí
Santa Rosa,4317202,NOROESTE RIO-GRANDENSE,431720,Sul,RS,"-27.8710000\,-54.4810000",43,RS-Santa Rosa,Rio Grande do Sul
Tabaporã,5107941,NORTE MATO-GROSSENSE,510794,Centro-Oeste,MT,"-10.8070000\,-56.6200000",51,MT-Tabaporã,Mato Grosso
Batayporã,5002001,LESTE DE MATO GROSSO DO SUL,500200,Centro-Oeste,MS,"-22.2950000\,-53.2710000",50,MS-Batayporã,Mato Grosso do Sul
Cordilheira Alta,4204350,OESTE CATARINENSE,420435,Sul,SC,"-26.9840000\,-52.6070000",42,SC-Cordilheira Alta,Santa Catarina
Santa Luzia,2928059,SUL BAIANO,292805,Nordeste,BA,"-15.4290000\,-39.3340000",29,BA-Santa Luzia,Bahia
Floresta do Araguaia,1503044,SUDESTE PARAENSE,150304,Norte,PA,"-7.5540000\,-49.7130000",15,PA-Floresta do Araguaia,Pará
Caturité,2504355,BORBOREMA,250435,Nordeste,PB,"-7.4200000\,-36.0270000",25,PB-Caturité,Paraíba
